item_name,shop_name,city,address,price,rating,category,lat,lon
"Bánh mì sandwich, Kem đánh răng, Nước tăng lực, Khoai tây chiên, Nước suối, Kẹo cao su, Mì gói, Bút bi, Túi nylon, Muỗng nhựa, Pin sạc, Bánh quy, Bánh snack, Khăn ướt",G7 Mart,Quang Tri Province,"Đường Lý Thường Kiệt, Phường Đồng Hới",15,4.3,convenience,17.4798055,106.6199774
"Muối, Bàn chải, Sữa tươi, Giấy vệ sinh, Sữa chua, Trứng gà, Thịt heo, Sữa tắm, Trứng gà, Snack, Nước tương, Rau củ quả, Sữa chua, Dầu gội, Kem cạo râu, Bông tẩy trang, Đĩa sứ, Muỗng nĩa",Mường Thanh Quảng Trị Mart,Quang Tri Province,"Nguyễn Trãi, Phường Đông Hà",70,3.7,supermarket,16.8187141,107.1049202
"Cá hộp, Sốt cà chua, Giấy bọc thực phẩm, Nước tương, Thịt heo, Nước hoa mini, Bột ngọt, Bơ thực vật, Dầu ăn, Bột ngọt, Khẩu trang y tế, Sữa tắm",Bom Baby Shop,Quang Tri Province,"6, Đường 18 tháng 8, Phường Đồng Hới",200,3.7,supermarket,17.471,106.6199635
"Đường, Sữa tươi, Bông tẩy trang, Kem dưỡng da, Sốt cà chua, Ly thủy tinh, Bột giặt, Bông tẩy trang, Nước hoa mini, Thớt, Chảo chống dính, Cá hộp",CHỢ QUÂN ĐÀN,Quang Tri Province,Đường tỉnh 564,95,4.2,supermarket,17.1388538,106.8079438
"Ngũ cốc ăn sáng, Kem cạo râu, Cà phê hòa tan, Nước tương, Khăn giấy, Trứng gà, Sữa chua, Nước trái cây, Rau củ quả, Bột mì, Chảo chống dính, Nước mắm, Bột giặt, Trà túi lọc, Thớt, Kem dưỡng da, Bông tẩy trang, Sữa tắm, Trà túi lọc",WinMart,Quang Tri Province,"Đường Quách Xuân Kỳ, Phường Đồng Hới",45,3.8,supermarket,17.4655783,106.6262329
"Chảo chống dính, Bông tẩy trang, Kem cạo râu, Dầu ăn, Mì gói, Bột mì, Sữa tươi, Chảo chống dính, Snack, Ly thủy tinh",Chợ xã Hải Ninh,Quang Tri Province,Đường tỉnh 569,85,3.8,supermarket,17.3548455,106.7397595
"Trà túi lọc, Túi đựng rác, Rau củ quả, Khay nhựa, Túi đựng rác, Bột giặt, Sữa chua, Bột giặt, Snack, Gạo, Chảo chống dính, Giấy vệ sinh, Son dưỡng môi, Dầu ăn, Túi đựng rác",Hải Ninh mini,Quang Tri Province,Đường tỉnh 569,190,4.1,supermarket,17.3703747,106.726374
"Bút bi, Khăn giấy, Bóng đèn LED mini, Kem đánh răng, Bút bi, Găng tay nilon, Mì ly, Lăn khử mùi, Khoai tây chiên, Bàn chải đánh răng, Bóng đèn LED mini, Dầu gội, Nước tăng lực, Chai nước, Nước tăng lực, Cà phê lon, Lăn khử mùi, Bánh bao mini",WinMart+,Quang Tri Province,"Lê Duẩn, Tân Hợp",10,3.7,convenience,16.6309215,106.7404966
"Giấy bọc thực phẩm, Bơ thực vật, Nước rửa chén, Bông tẩy trang, Bàn chải, Sữa tắm, Cà phê hòa tan, Sữa tươi, Bột mì, Dao bếp, Bàn chải, Giấy vệ sinh",Chợ Diên Sanh,Quang Tri Province,"Đường tỉnh 582, thôn 1",135,3.6,supermarket,16.7070961,107.266555
"Chai nước, Nước suối, Găng tay nilon, Bút bi, Pin sạc, Kem đánh răng, Nước tăng lực, Sổ tay nhỏ, Mì gói, Dao cạo râu, Túi nylon, Thịt hộp, Mì ly, Bánh mì sandwich",Mini mart,Quang Tri Province,Quốc lộ 9G,10,3.6,convenience,17.6089718,106.3135886
"Kẹo, Nước suối, Trà đóng chai, Thịt hộp, Khăn ướt, Lăn khử mùi, Chai nước, Xà phòng tắm, Bánh quy, Khoai tây chiên, Trà đóng chai, Chai nước, Trà đóng chai, Bánh mì sandwich, Lăn khử mùi, Nước tăng lực, Dây sạc điện thoại, Chai nước",Mini mart,Quang Tri Province,Quốc lộ 9G,10,4.1,convenience,17.6095326,106.3129021
"Giấy vệ sinh, Dầu gội, Chảo chống dính, Dầu gội, Cá hộp, Túi đựng rác, Sữa tươi, Cá hộp, Khăn giấy, Trứng gà, Sốt cà chua, Bột ngọt, Khăn giấy",Kon Plong,Quang Ngai Province,Đường Lê Hồng Phong,75,3.9,supermarket,14.6014269,108.2896396
"Khăn lụa, Tượng nhỏ, Thiệp chúc mừng, Cốc đôi, Khung ảnh LED, Đèn trang trí nhỏ, Khung ảnh, Gối in hình, Tranh mini, Khăn lụa",Dabhkla,Quang Ngai Province,"Nguyễn Huệ, Quyết Thắng, Kon Tum",260,4.7,gift,14.34647,108.0008959
"Giấy bọc thực phẩm, Bàn chải, Giấy bọc thực phẩm, Khăn giấy, Trà túi lọc, Mì gói, Nước lau sàn, Nước mắm, Nước tương, Giấy vệ sinh, Nước lau sàn, Khẩu trang y tế, Giấy bọc thực phẩm, Sốt cà chua",Hoàng Vũ Măng Đen,Quang Ngai Province,Quốc lộ 24,145,4.2,supermarket,14.5771705,108.2774587
"Sữa tươi, Nước lau sàn, Sữa tắm, Nước xả vải, Nước ngọt, Nước ngọt, Muối, Dầu gội, Thực phẩm đóng hộp, Gạo, Sữa chua, Sữa bột, Kem đánh răng, Bột nêm, Sữa tươi, Bánh ăn dặm, Sữa chua",shop hải đường 2,Quang Ngai Province,"111, Hẻm 111 Đại Lộ Hùng Vương, Trần Hưng Đạo, Quảng Ngãi",15,4.1,department_store,15.1226963,108.7987792
"Sữa tươi, Khăn giấy, Bình sữa, Sữa tươi, Khăn ướt, Tã em bé, Sữa tắm, Nước ngọt, Trà, Bánh kẹo, Giấy vệ sinh",Chợ Kon Tum,Quang Ngai Province,"Trần Hưng Đạo, Quyết Thắng, Kon Tum",15,3.8,department_store,14.3497412,108.0030392
"Cá hộp, Đĩa sứ, Dầu gội, Thịt heo, Bột mì, Cá hộp, Sữa tắm, Gạo, Sữa tươi, Muỗng nĩa, Nước rửa chén, Bột mì",Chợ Phổ Phong,Quang Ngai Province,"Quốc lộ 24, Tân Phong",55,3.6,supermarket,14.8753375,108.8958559
"Thớt, Thịt heo, Nước rửa chén, Nước rửa chén, Khẩu trang y tế, Nước lau sàn, Bơ thực vật, Thớt, Cá hộp, Kem cạo râu",Chợ Cây Da,Quang Ngai Province,Quốc lộ 1,165,4.3,supermarket,14.8701523,108.92964
"Rau củ quả, Đường, Nước hoa mini, Trứng gà, Giấy bọc thực phẩm, Nước lau sàn, Trà túi lọc, Nước trái cây, Dầu ăn, Nước hoa mini",Lò Ấp Vịt Thuận Nương,Quang Ngai Province,Quốc lộ 1,80,3.5,supermarket,14.8398523,108.9432773
"Trứng gà, Gạo, Đường, Nước mắm, Nước hoa mini, Đĩa sứ, Ngũ cốc ăn sáng, Bàn chải, Sữa tươi, Nước lau sàn, Nước mắm, Sốt cà chua, Bột ngọt, Khăn giấy, Túi đựng rác, Kem cạo râu",Siêu thị Điện máy Xanh,Quang Ngai Province,Đường Nguyễn Nghiêm,120,4.1,supermarket,14.8156454,108.9539859
"Dao bếp, Mì gói, Gạo, Túi đựng rác, Thịt heo, Dầu ăn, Gạo, Bột giặt, Khăn giấy, Chảo chống dính, Đường, Đĩa sứ, Rau củ quả, Bột giặt, Dao bếp, Túi đựng rác, Trà túi lọc",Chợ Văn Hà,Quang Ngai Province,Đường Bồ Đề – Mỹ Á,140,4.4,supermarket,14.9291874,108.9234718
"Thịt heo, Trứng gà, Nước hoa mini, Rau củ quả, Mì gói, Trà túi lọc, Dao bếp, Khay nhựa, Bột giặt, Sốt cà chua, Sữa chua",Little village with small supermarket,Quang Ngai Province,"Quốc lộ 24, Pờ Ê",195,3.6,supermarket,14.7374293,108.4996492
"Quần short, Dầu dưỡng tóc, Kính mát, Laptop mini, Giày cao gót, Nước hoa, Áo thun, Sách, Vali kéo, Ba lô thời trang, Đồng hồ thông minh, Đồng hồ thông minh, Mỹ phẩm trang điểm, Sách, Ba lô thời trang, Giày cao gót, Kính mát",Vincom Plaza Kon Tum,Quang Ngai Province,"Đường Phan Đình Phùng, Quyết Thắng, Kon Tum",400,4.3,mall,14.3485175,108.0006851
"Nước xả vải, Sốt cà chua, Thớt, Bột ngọt, Ngũ cốc ăn sáng, Nước tương, Nước lau sàn, Sữa chua, Sữa tắm, Sữa tươi, Ngũ cốc ăn sáng, Bột mì, Giấy vệ sinh, Chảo chống dính, Bàn chải, Sữa tươi, Muỗng nĩa, Nước lau sàn, Sốt cà chua",Minimart,Quang Ngai Province,Quốc lộ 40,100,4,supermarket,14.7042875,107.5629739
"Dầu gội, Kẹo cao su, Bàn chải đánh răng, Khẩu trang y tế, Dây sạc điện thoại, Mì ly, Cốc nhựa, Bánh snack, Lăn khử mùi, Pin AA, Kẹo, Bánh bao mini, Sữa hộp, Kẹo, Bóng đèn LED mini, Bánh mì sandwich, Găng tay nilon, Bánh mì sandwich",Tạp hóa Khánh Toàn,Quang Ngai Province,"Trần Văn Hai, Trường Chinh, Kon Tum",10,4.3,convenience,14.3596293,108.0218046
"Sữa chua uống, Khăn ướt, Sổ tay nhỏ, Mì ly, Sữa hộp, Nước tăng lực, Túi nylon, Mì ly, Bánh snack, Bật lửa, Bóng đèn LED mini, Nước suối, Khoai tây chiên, Xà phòng tắm, Sổ tay nhỏ, Chai nước, Nước tăng lực, Nước suối",Tạp hóa Hai Tịnh,Quang Ngai Province,"Đào Duy Từ, Thắng Lợi, Kon Tum",15,4.4,convenience,14.35597,108.022999
"Kẹo, Bật lửa, Túi nylon, Khăn ướt, Khoai tây chiên, Bóng đèn LED mini, Nước ngọt, Túi nylon, Pin sạc, Cốc nhựa",Tap Hoa Thuy nghiem,Quang Ngai Province,Nguyễn Huệ,10,3.8,convenience,15.091281,108.8227697
"Bột nêm, Bánh ăn dặm, Đường, Bột nêm, Nước ngọt, Mì gói, Bánh kẹo, Nước ngọt, Sữa tươi, Dầu gội, Khăn giấy, Bánh ăn dặm, Trà, Khăn ướt",SHOP HẢI ĐƯỜNG 111 HÙNG VƯƠNG,Quang Ngai Province,"111, Hẻm 111 Đại Lộ Hùng Vương, Trần Hưng Đạo, Quảng Ngãi",20,3.5,department_store,15.12269413,108.79877
"Sữa tươi, Nước mắm, Đường, Sốt cà chua, Mì gói, Túi đựng rác, Khẩu trang y tế, Bột giặt, Bàn chải, Ly thủy tinh, Kem dưỡng da, Mì gói",Hoàng Vũ Măng Đen,Quang Ngai Province,Đường Phạm Văn Đồng,170,4.4,supermarket,14.58480983,108.28328
"Ốp điện thoại, Lược điện, Son môi, Tai nghe Bluetooth, Thắt lưng, Mascara, Ví da, Laptop mini, Đồng hồ thông minh, Đồ chơi trẻ em, Đầm công sở, Bông tai, Dép sandal, Lược điện, Túi tote",Trung tâm Thương mại Kon Plông,Quang Ngai Province,Đường Phạm Văn Đồng,300,3.8,mall,14.5847372,108.2831405
"Laptop mini, Ví da, Laptop mini, Máy sấy tóc, Son môi, Áo sơ mi, Đồng hồ thông minh, Đầm công sở, Kính mát, Mascara, Giày cao gót, Áo khoác da",Vincom Shophouse Quảng Ngãi,Quang Ngai Province,"Lê Thánh Tôn, Chánh Lộ, Quảng Ngãi",150,4.4,mall,15.11336775,108.8105201
"Sốt cà chua, Đĩa sứ, Kem dưỡng da, Sốt cà chua, Nước lau sàn, Bàn chải, Thịt heo, Trà túi lọc, Gạo, Gạo, Đường, Chảo chống dính, Dầu ăn",Chợ Trà Câu,Quang Ngai Province,"Quốc lộ 1, Vùng Tu",115,3.9,supermarket,14.85099831,108.9382113
"Thịt heo, Muối, Bột ngọt, Sốt cà chua, Nước mắm, Sữa tắm, Muỗng nĩa, Bàn chải, Trà túi lọc, Sốt cà chua, Nước trái cây, Muối, Dầu ăn",Co.opmart Đức Phổ,Quang Ngai Province,Trần Hưng Đạo,105,3.5,supermarket,14.81929177,108.9530381
"Vali kéo, Lược điện, Ốp điện thoại, Dầu dưỡng tóc, Giày cao gót, Laptop mini, Kính mát, Lược điện, Áo sơ mi, Máy sấy tóc, Dầu dưỡng tóc, Phấn má, Kính mát, Vali kéo",Vincom Plaza Kon Tum,Quang Ngai Province,"Đường Phan Đình Phùng, Quyết Thắng, Kon Tum",150,3.9,mall,14.34857421,108.0006703
"Túi đựng rác, Kem cạo râu, Kem cạo râu, Khăn giấy, Kem cạo râu, Gạo, Bông tẩy trang, Rau củ quả, Dầu ăn, Muỗng nĩa",Chợ Huyện,Quang Ngai Province,"Đường Cơ Động, Tây An Hải",115,4,supermarket,15.37368821,109.1115013
"Bông tẩy trang, Bột giặt, Nước trái cây, Cà phê hòa tan, Khăn giấy, Son dưỡng môi, Thớt, Túi đựng rác, Chảo chống dính, Đĩa sứ",Co.opmart Kon Tum,Quang Ngai Province,"Đoàn Thị Điểm, Quang Trung, Kon Tum",40,4.2,supermarket,14.35459608,108.0021318
"Quần jean, Bông tai, Phấn má, Dép sandal, Váy dạ hội, Ba lô thời trang, Ốp điện thoại, Son môi, Nước hoa, Vali kéo, Son môi, Giày cao gót, Son môi, Kính mát, Đầm công sở, Lược điện",GO! Quảng Ngãi,Quang Ngai Province,"Quốc lộ 1, Nghĩa Chánh, Quảng Ngãi",100,4.5,mall,15.09941644,108.817935
"Khăn lụa, Móc khóa, Túi đựng quà, Chậu cây mini, Tranh mini, Bưu thiếp, Gấu bông mini, Túi đựng quà, Túi đựng quà, Tranh mini",Viet Handicraft Village,Quang Nam Province,"Phan Châu Trinh, Minh An, Phường Hội An",60,4.2,gift,15.8782533,108.3250454
"Bút bi, Bàn chải đánh răng, Thịt hộp, Sữa hộp, Bánh snack, Nước tăng lực, Sữa chua uống, Khăn giấy, Sữa chua uống, Bánh quy, Dầu gội, Túi nylon, Nước suối, Khoai tây chiên",Mini Mart 4-U,Quang Nam Province,"Bà Triệu, Cẩm Phô, Phường Hội An",20,3.7,convenience,15.8804044,108.3262614
"Lọ mây, Gối handmade, Khung tre, Giá sách nhỏ, Rổ tre, Lọ mây, Thêu tay, Túi đan tay, Đồ trang trí vintage, Đĩa mây, Lồng đèn mây, Đồ trang trí mây tre, Túi đan tay, Thêu tay",Hoi An Art Craft Manufacturing Workshop,Quang Nam Province,"Nguyễn Thái Học, Minh An, Phường Hội An",250,4.7,craft,15.8766982,108.3307777
"Kem cạo râu, Kem cạo râu, Đĩa sứ, Son dưỡng môi, Trà túi lọc, Bột giặt, Sữa tắm, Cá hộp, Gạo, Sữa chua, Bàn chải, Sốt cà chua, Nước rửa chén, Bột mì, Son dưỡng môi, Giấy vệ sinh, Bột mì",Chợ Hà Châu,Quang Nam Province,Đường tỉnh 612,175,4.2,supermarket,15.6452124,108.3309446
"Khăn giấy, Mì gói, Túi đựng rác, Đường, Khăn giấy, Bột giặt, Snack, Giấy vệ sinh, Thịt heo, Dầu gội",Gạo lứt Cẩm Thanh,Quang Nam Province,"Đường Rừng Dừa Bảy Mẫu, Cửa Đại, Cẩm Thanh",85,4.4,supermarket,15.8895165,108.3618095
"Dầu gội, Sữa tắm, Dầu gội, Chảo chống dính, Khăn giấy, Nước xả vải, Ly thủy tinh, Bông tẩy trang, Bột mì, Khay nhựa, Cà phê hòa tan, Nước rửa chén, Nước mắm, Sữa tươi, Nước hoa mini, Giấy vệ sinh",Market,Quang Nam Province,"Hùng Vương, Cẩm Phô, Phường Hội An",115,3.6,supermarket,15.8794462,108.3206161
"Hộp quà tặng, Gối in hình, Thiệp chúc mừng, Tranh mini, Bình giữ nhiệt, Bưu thiếp, Chậu cây mini, Đồ thủ công, Bình giữ nhiệt, Khung ảnh, Túi đựng quà, Bình hoa nhỏ, Đồ thủ công",Friendly 2 leather bag,Quang Nam Province,"Phan Bội Châu, Minh An, Phường Hội An",60,4.5,gift,15.8769562,108.3338522
"Chậu cây mini, Móc khóa đôi, Chậu cây mini, Tượng nhỏ, Khung ảnh, Bánh handmade, Gấu bông mini, Đồ thủ công, Khăn lụa, Tranh mini, Bình giữ nhiệt, Nến thơm, Túi đựng quà, Quà lưu niệm, Bình hoa nhỏ, Hộp quà tặng, Hộp quà tặng, Đèn trang trí nhỏ, Tượng nhỏ, Đèn trang trí nhỏ",Lantern Workplace and Workshops,Quang Nam Province,"Cửa Đại, Cẩm Châu, Phường Hội An",220,4.9,gift,15.8806139,108.3384782
"Túi nylon, Sổ tay nhỏ, Dao cạo râu, Sữa hộp, Lăn khử mùi, Kẹo, Kem đánh răng, Muỗng nhựa, Pin AA, Sữa chua uống",Tap Hoa Minh Van,Quang Nam Province,"Đường Nguyễn Phan Vinh, Phường Hội An Tây",10,3.9,convenience,15.9129043,108.3391936
"Lăn khử mùi, Sữa chua uống, Pin sạc, Gối cổ du lịch, Dao cạo râu, Khăn ướt, Muỗng nhựa, Bút bi, Bút bi, Bàn chải đánh răng, Bánh snack, Ô dù gấp, Cốc nhựa",Amart,Quang Nam Province,"681, Hai Bà Trưng, Cẩm Phô, Phường Hội An",20,3.8,convenience,15.8777563,108.3268351
"Nước ngọt, Dầu gội, Khẩu trang y tế, Kẹo cao su, Găng tay nilon, Bánh snack, Nước tăng lực, Kẹo cao su, Kẹo, Ô dù gấp, Kẹo cao su, Kẹo, Nước tăng lực, Ô dù gấp, Nước suối, Muỗng nhựa, Nước suối, Thịt hộp, Bánh quy",A mart,Quang Nam Province,"Cửa Đại, Phường Hội An Đông",15,3.8,convenience,15.8962194,108.3642051
"Thiệp chúc mừng, Khăn lụa, Bưu thiếp, Đồ thủ công, Đồ thủ công, Gối in hình, Bình giữ nhiệt, Bưu thiếp, Tranh mini, Tranh mini, Bình giữ nhiệt, Đồng hồ để bàn, Hộp quà tặng, Móc khóa đôi, Đồ thủ công",Long Vy,Quang Nam Province,"Phan Châu Trinh, Minh An, Phường Hội An",90,4.7,gift,15.8784892,108.3313798
"Khoai tây chiên, Khăn giấy, Túi nylon, Nước ngọt, Bóng đèn LED mini, Dao cạo râu, Bóng đèn LED mini, Găng tay nilon, Kẹo, Bút bi, Sổ tay nhỏ, Cốc nhựa, Sổ tay nhỏ, Bao rác",Michael Mini Mart,Quang Nam Province,"36, Thái Phiên, Sơn Phong, Phường Hội An",15,3.9,convenience,15.881793,108.3280884
"Tượng đất nung, Tượng đất nung, Tranh nghệ thuật dân gian, Tranh sơn mài, Tranh màu nước, Tranh canvas, Tượng nhân vật cổ điển, Tranh ký họa, Tranh thêu tay, Tranh giấy cuộn, Tranh sơn dầu, Mô hình nghệ thuật, Tranh sơn mài, Tượng đá cẩm thạch, Tranh sơn dầu, Tượng nhân vật cổ điển, Tượng gỗ, Tranh acrylic, Mô hình nghệ thuật, Tượng điêu khắc","Motobike repair, rent and sale",Quang Nam Province,"270, Cửa Đại, Cẩm Châu, Phường Hội An Đông",190,4.6,car_parts,15.8883274,108.3526168
"Tranh, Tranh nghệ thuật dân gian, Tranh thư pháp, Tranh giấy cuộn, Tranh chân dung, Tượng nhân vật cổ điển, Tượng nhỏ, Tranh thêu tay, Tượng đá cẩm thạch, Tượng điêu khắc, Tranh chân dung, Tranh sơn dầu, Tranh nghệ thuật hiện đại, Tượng kim loại, Tượng gỗ, Mô hình nghệ thuật",Art Gallery Studio,Quang Nam Province,"Phan Bội Châu, Sơn Phong, Phường Hội An",190,4.3,art,15.8775959,108.3359664
"Cà phê lon, Bánh snack, Bật lửa, Kẹo, Bàn chải đánh răng, Kẹo cao su, Bật lửa, Muỗng nhựa, Mì ly, Sữa chua uống, Bao rác, Lăn khử mùi, Bánh bao mini",TH QUANG KIEU,Quang Nam Province,"234, Hai Bà Trưng, Cẩm Châu, Phường Hội An Tây",20,4,convenience,15.8911322,108.3294479
"Pin sạc, Nước suối, Khẩu trang y tế, Sữa chua uống, Nước ngọt, Bánh quy, Thịt hộp, Bàn chải đánh răng, Thịt hộp, Bánh quy, Túi nylon, Cà phê lon, Bánh snack, Sữa hộp",restaurant thằng bờm,Quang Nam Province,"632, Hai Bà Trưng, Cẩm Phô, Phường Hội An",10,4.3,convenience,15.8807302,108.3268449
"Cà phê lon, Khăn giấy, Nước ngọt, Bánh bao mini, Sữa hộp, Bánh snack, Bật lửa, Cà phê lon, Chai nước, Bánh quy, Bánh bao mini, Cà phê lon, Găng tay nilon, Mì ly, Khoai tây chiên, Pin AA",mini mart minh huyen,Quang Nam Province,"401, Cửa Đại, Cẩm Châu, Phường Hội An Đông",15,4.4,convenience,15.880411,108.341347
"Mì ly, Sữa chua uống, Ô dù gấp, Bánh quy, Cốc nhựa, Pin AA, Pin AA, Mì gói, Ô dù gấp, Cốc nhựa, Khăn giấy, Cốc nhựa",mini mart Hong,Quang Nam Province,"to 2, Cửa Đại, Phường Hội An Đông",15,3.6,convenience,15.8914454,108.3751054
"Muỗng nhựa, Bánh bao mini, Nước tăng lực, Pin sạc, Túi nylon, Kẹo cao su, Gối cổ du lịch, Bút bi, Pin AA, Khẩu trang y tế, Nước ngọt, Bánh quy, Bánh quy, Bàn chải đánh răng, Trà đóng chai",Minimart Nhân Nguyễn,Quang Nam Province,"Hai Bà Trưng, Cẩm Châu, Phường Hội An Tây",20,3.7,convenience,15.890266,108.3290135
"Bánh mì sandwich, Gối cổ du lịch, Xà phòng tắm, Trà đóng chai, Lăn khử mùi, Mì ly, Nước suối, Kẹo, Bàn chải đánh răng, Mì ly, Mì gói, Nước ngọt, Kẹo, Cà phê lon, Dầu gội",Mini Mart Bích Cẩm,Quang Nam Province,"319, Cửa Đại, Cẩm Châu, Phường Hội An Đông",10,4.2,convenience,15.8820387,108.3456024
"Kẹo, Thịt hộp, Muỗng nhựa, Găng tay nilon, Khăn ướt, Bao rác, Cốc nhựa, Khăn ướt, Mì ly, Bánh quy, Pin AA, Nước ngọt, Bánh bao mini, Gối cổ du lịch, Mì ly, Mì gói",Thanh Tam,Quang Nam Province,"47, Nguyễn Hiền, Tân An, Phường Hội An Tây",10,3.6,convenience,15.8872926,108.3293964
"Khẩu trang y tế, Pin sạc, Cốc nhựa, Pin sạc, Khăn ướt, Cà phê lon, Kẹo cao su, Khẩu trang y tế, Chai nước, Ô dù gấp, Kem đánh răng, Kẹo cao su, Bóng đèn LED mini",T.Mart,Quang Nam Province,"Nguyễn Hiền, Tân An, Phường Hội An Tây",15,4.1,convenience,15.8872581,108.3293728
"Muỗng nĩa, Bơ thực vật, Sữa tươi, Ngũ cốc ăn sáng, Muỗng nĩa, Kem cạo râu, Nước trái cây, Đĩa sứ, Bông tẩy trang, Sữa chua, Khay nhựa, Giấy bọc thực phẩm, Trà túi lọc, Nước lau sàn, Son dưỡng môi, Sữa tắm, Bơ thực vật, Giấy bọc thực phẩm",MT market,Quang Nam Province,"Đường 24 Tháng 3, Phường Tam Kỳ",120,3.8,supermarket,15.5624731,108.4865477
"Sữa tươi, Nước hoa mini, Sữa chua, Mì gói, Ly thủy tinh, Dao bếp, Bột giặt, Kem cạo râu, Nước xả vải, Bột giặt",K-market Hoi An,Quang Nam Province,"Cao Hồng Lãnh, Cẩm Phô, Phường Hội An",185,4.3,supermarket,15.8753186,108.3236002
"Thịt heo, Nước xả vải, Khay nhựa, Nước trái cây, Nước tương, Sữa tắm, Sữa tươi, Bột mì, Kem cạo râu, Sữa chua",Siêu Thị Coopmart,Quang Nam Province,"Đường Lê Duẩn, Phường Bàn Thạch",40,3.6,supermarket,15.5734335,108.4844616
"Tranh sơn dầu, Tranh màu nước, Tượng đất nung, Tranh canvas, Tranh nghệ thuật dân gian, Tượng đất nung, Tranh nghệ thuật hiện đại, Tranh, Tượng gỗ, Tranh nghệ thuật dân gian, Tranh thêu tay, Tượng đất nung, Tượng kim loại",Hoi An Handicraft Workshop,Quang Nam Province,"Nguyễn Thái Học, Minh An, Phường Hội An",230,4.9,art,15.8767136,108.3308734
"Nước suối, Trà, Thực phẩm đóng hộp, Khăn ướt, Muối, Mì gói, Nước rửa chén, Khăn giấy, Khăn ướt, Dầu gội, Đường, Sữa tắm, Nước rửa chén, Nước lau sàn",Le Le Cloth Shop,Quang Nam Province,"87A, Trần Hưng Đạo, Cẩm Phô, Phường Hội An",20,4,department_store,15.8799838,108.3270879
"Nước rửa chén, Bánh ăn dặm, Nước lau sàn, Sữa tươi, Trà, Tã em bé, Trà, Tã em bé, Nước ngọt, Ngũ cốc, Sữa bột trẻ em, Ngũ cốc",Eli ClothShop & Tailor,Quang Nam Province,"89, Trần Hưng Đạo, Cẩm Phô, Phường Hội An",10,3.7,department_store,15.8799835,108.3270926
"Gạo, Dầu gội, Sữa tắm, Mì gói, Nước xả vải, Muối, Gạo, Nước lau sàn, Nước ngọt, Nước rửa chén, Thực phẩm đóng hộp, Khăn ướt, Giấy vệ sinh, Bánh kẹo, Bánh ăn dặm, Sữa bột, Sữa tắm, Sữa bột trẻ em, Giấy vệ sinh",Shoping Mall,Quang Nam Province,"89, Trần Hưng Đạo, Cẩm Phô, Phường Hội An",15,3.7,department_store,15.8799817,108.327131
"Lăn khử mùi, Bàn chải đánh răng, Khăn ướt, Khăn giấy, Bóng đèn LED mini, Cà phê lon, Dầu gội, Nước ngọt, Khoai tây chiên, Pin sạc, Pin AA, Bàn chải đánh răng, Bút bi, Dầu gội, Nước ngọt, Túi nylon, Bút bi",Cloth Shop Kim Nhung,Quang Nam Province,"109, Trần Hưng Đạo, Cẩm Phô, Phường Hội An",15,4.2,convenience,15.8799524,108.3263714
"Dầu gội, Dây sạc điện thoại, Kẹo cao su, Muỗng nhựa, Bút bi, Bánh quy, Mì gói, Bánh bao mini, Mì gói, Pin AA, Túi nylon, Khẩu trang y tế, Thịt hộp",Nuni Cloth Shop And Tailor,Quang Nam Province,"115, Trần Hưng Đạo, Cẩm Phô, Phường Hội An",20,4.2,convenience,15.879954,108.326118
"Mì ly, Kẹo cao su, Pin sạc, Túi nylon, Bật lửa, Nước suối, Bánh quy, Kẹo, Sổ tay nhỏ, Pin sạc, Túi nylon, Mì gói, Thịt hộp",Wild Orchid Hoi An;Nuni Cloth Shop And Tailor,Quang Nam Province,"123;119, Trần Hưng Đạo, Cẩm Phô, Phường Hội An",10,4.2,convenience,15.8800145,108.3258375
"Nước ngọt, Bình sữa, Trà, Trà, Bột giặt, Sữa tươi, Nước mắm, Sữa chua, Kem đánh răng, Khăn ướt, Khăn ướt, Khăn ướt, Sữa tươi, Sữa chua, Khăn giấy",BILL BEN TAILOR,Quang Nam Province,"73, Trần Hưng Đạo, Cẩm Phô, Phường Hội An",15,4.4,department_store,15.8797702,108.3277121
"Nước ngọt, Giấy vệ sinh, Nước mắm, Bình sữa, Dầu gội, Sữa bột trẻ em, Bột giặt, Thực phẩm đóng hộp, Nước rửa chén, Đường, Sữa chua, Trà, Muối, Sữa tươi, Bột nêm, Sữa bột trẻ em, Khăn giấy, Khăn giấy",Bi Bo Design,Quang Nam Province,"42, Trần Hưng Đạo, Cẩm Phô, Phường Hội An",15,3.7,department_store,15.8799402,108.3276881
"Gạo, Tã em bé, Sữa tươi, Trà, Sữa bột, Sữa tắm, Nước mắm, Trà, Muối, Trà, Bột nêm, Nước xả vải, Sữa bột trẻ em, Cà phê, Sữa chua, Bột giặt, Thực phẩm đóng hộp, Gạo",Blue Ms. Tam Tam,Quang Nam Province,"56, Trần Hưng Đạo, Cẩm Phô, Phường Hội An",10,4.4,department_store,15.8799424,108.3276506
"Sữa tắm, Đường, Nước suối, Nước xả vải, Sữa tắm, Gạo, Ngũ cốc, Nước suối, Muối, Trà, Bánh ăn dặm, Nước rửa chén, Sữa tươi, Nước ngọt, Sữa chua, Bột giặt, Gạo, Sữa bột trẻ em",Cloth Shop Faifoo,Quang Nam Province,"54, Trần Hưng Đạo, Cẩm Phô, Phường Hội An",10,4,department_store,15.8799453,108.3276016
"Khăn ướt, Gạo, Sữa chua, Bột giặt, Cà phê, Sữa bột, Nước ngọt, Bột giặt, Ngũ cốc, Nước rửa chén, Nước ngọt, Gạo, Tã em bé, Nước ngọt",Ha Na Tailor,Quang Nam Province,"85, Trần Hưng Đạo, Cẩm Phô, Phường Hội An",20,4,department_store,15.8799818,108.32739
"Bánh handmade, Hộp quà tặng, Cốc đôi, Quà lưu niệm, Sổ tay dễ thương, Nến thơm, Sổ tay dễ thương, Móc khóa, Cốc đôi, Cốc đôi, Tranh mini, Tượng nhỏ",Lấp lánh,Quang Nam Province,"39, Lê Lợi, Minh An, Phường Hội An",60,4.6,gift,15.8774468,108.3286844
"Móc khóa, Nến thơm, Đồng hồ để bàn, Móc khóa đôi, Hộp quà tặng, Quà lưu niệm, Sổ tay dễ thương, Bút ký cao cấp, Chậu cây mini, Móc khóa, Hộp quà tặng, Khung ảnh LED, Bút ký cao cấp, Bút ký cao cấp, Bình hoa nhỏ, Móc khóa, Bình giữ nhiệt, Chậu cây mini, Móc khóa",Ngọc đức,Quang Nam Province,"147, Trần Phú, Minh An, Phường Hội An",80,4.3,gift,15.8770215,108.3266907
"Ly in hình, Móc khóa, Đồ thủ công, Gấu bông mini, Gối in hình, Chậu cây mini, Nến thơm, Gối in hình, Móc khóa đôi, Đèn trang trí nhỏ, Tranh mini",Logo,Quang Nam Province,"Hai Bà Trưng, Cẩm Phô, Phường Hội An",90,4.3,gift,15.877118,108.3267862
"Bưu thiếp, Bình hoa nhỏ, Hộp quà tặng, Cốc đôi, Cốc đôi, Ly in hình, Đồng hồ để bàn, Tượng nhỏ, Gấu bông mini, Hộp quà tặng, Bút ký cao cấp, Nến thơm, Hộp quà tặng, Chậu cây mini","681, phan chu trinh",Quang Nam Province,"683, Hai Bà Trưng, Cẩm Phô, Phường Hội An",150,4.8,gift,15.8776644,108.3268363
"Đồng hồ để bàn, Khung ảnh, Khung ảnh, Gấu bông mini, Nến thơm, Khăn lụa, Khung ảnh LED, Khung ảnh LED, Đồng hồ để bàn, Gối in hình, Bình hoa nhỏ, Bánh handmade, Sổ tay dễ thương, Nến thơm, Đồ thủ công, Đồ thủ công",Tình cờ,Quang Nam Province,"123, Trần Phú, Minh An, Phường Hội An",160,4.8,gift,15.8771581,108.3274159
"Túi đựng quà, Nến thơm, Bình hoa nhỏ, Đồng hồ để bàn, Tượng nhỏ, Bình giữ nhiệt, Chậu cây mini, Bưu thiếp, Bình hoa nhỏ, Đồng hồ để bàn, Đồng hồ để bàn, Quà lưu niệm, Bánh handmade",Loan tân,Quang Nam Province,"Trần Phú, Minh An, Phường Hội An",130,4.2,gift,15.8770691,108.3277937
"Nước ngọt, Bánh snack, Trà đóng chai, Lăn khử mùi, Xà phòng tắm, Khăn giấy, Thịt hộp, Ô dù gấp, Bóng đèn LED mini, Dây sạc điện thoại, Dây sạc điện thoại, Muỗng nhựa, Bàn chải đánh răng, Kem đánh răng, Bánh quy, Bóng đèn LED mini, Găng tay nilon, Bàn chải đánh răng, Nước ngọt, Bàn chải đánh răng",Amart,Quang Nam Province,"676, Hai Bà Trưng, Cẩm Phô, Phường Hội An",10,3.8,convenience,15.881445,108.3259167
"Khung ảnh, Móc khóa đôi, Túi đựng quà, Chậu cây mini, Ly in hình, Gối in hình, Móc khóa, Khung ảnh LED, Túi đựng quà, Khung ảnh LED",Hiệu vải Thống Phi,Quang Nam Province,"28, Lê Lợi, Minh An, Phường Hội An",290,4.7,gift,15.8786837,108.3285403
"Rau củ quả, Gạo, Dầu ăn, Đường, Nước xả vải, Khay nhựa, Nước xả vải, Giấy bọc thực phẩm, Dầu gội, Khăn giấy, Sữa tắm, Khăn giấy, Đĩa sứ",Điểm dừng chân,Quang Nam Province,"22, Lê Lợi, Minh An, Phường Hội An",95,3.8,supermarket,15.8791857,108.3285775
"Bình giữ nhiệt, Tranh mini, Hộp quà tặng, Đèn trang trí nhỏ, Bình giữ nhiệt, Túi đựng quà, Túi đựng quà, Tranh mini, Nến thơm, Nến thơm, Đồng hồ để bàn, Sổ tay dễ thương, Khung ảnh, Khung ảnh, Đèn trang trí nhỏ",Ha Ha Art in Everything,Quang Nam Province,"155, Trần Phú, Minh An, Phường Hội An",60,4.8,gift,15.8770382,108.3263072
"Nước suối, Khăn giấy, Chai nước, Dây sạc điện thoại, Mì gói, Bánh quy, Khoai tây chiên, Bánh bao mini, Khăn giấy, Gối cổ du lịch, Kẹo, Bật lửa, Khăn ướt, Dây sạc điện thoại, Sữa hộp, Bánh bao mini, Dầu gội, Kẹo, Sổ tay nhỏ",Tiến Anh,Quang Nam Province,Quốc lộ 14,20,4.4,convenience,15.9278386,107.53452
"Tranh đương đại, Tranh nghệ thuật 3D, Tượng nhân vật cổ điển, Tượng nhỏ, Tranh nghệ thuật hiện đại, Tranh, Tranh nghệ thuật hiện đại, Tranh thư pháp, Tượng nhỏ, Tranh nghệ thuật dân gian, Tranh nghệ thuật hiện đại, Tranh đương đại, Mô hình nghệ thuật",Phố Hội Lantern workshop,Quang Nam Province,"310, Nguyễn Duy Hiệu, Minh An, Phường Hội An",250,4.4,art,15.8782127,108.3369602
"Mô hình nghệ thuật, Tranh chân dung, Tranh, Tranh canvas, Tượng kim loại, Tượng gỗ, Tượng đá cẩm thạch, Tượng đá cẩm thạch, Tranh sơn mài, Tượng đất nung, Tranh acrylic, Tượng điêu khắc, Tranh thêu tay, Tranh canvas, Tượng đá cẩm thạch, Tượng điêu khắc",Sô.Va Art Hand Embroidery,Quang Nam Province,"111, Trần Phú, Minh An, Phường Hội An",200,4.7,art,15.8770649,108.3279435
"Kẹo, Bóng đèn LED mini, Bàn chải đánh răng, Bật lửa, Ô dù gấp, Pin sạc, Nước ngọt, Sữa chua uống, Dầu gội, Trà đóng chai, Ô dù gấp, Gối cổ du lịch, Pin sạc, Mì gói, Kẹo cao su",Tạp hóa Cô Thoắt,Quang Nam Province,Đường tỉnh 606,10,3.5,convenience,15.8316676,107.3096694
"Tượng nhân vật cổ điển, Tượng đồng nhỏ, Tượng đất nung, Tranh sơn dầu, Tượng nhân vật cổ điển, Tượng gỗ, Tranh sơn mài, Tranh giấy cuộn, Mô hình nghệ thuật, Tranh acrylic, Tranh giấy cuộn, Mô hình nghệ thuật, Tranh tường, Tượng điêu khắc, Tranh nghệ thuật dân gian, Tượng điêu khắc, Tranh sơn mài, Tượng kim loại, Tranh",Réhahn Gallery,Quang Nam Province,"7, Nguyễn Huệ, Minh An, Phường Hội An",210,4.4,art,15.8779774,108.3313287
"Bột mì, Đường, Son dưỡng môi, Bơ thực vật, Sữa tươi, Bột mì, Nước hoa mini, Nước trái cây, Đường, Đường",An An Mart,Quang Nam Province,"193, Lý Thường Kiệt, Sơn Phong, Phường Hội An",120,4,supermarket,15.8837218,108.3267504
"Giấy bọc thực phẩm, Nước hoa mini, Giấy bọc thực phẩm, Bột ngọt, Sữa chua, Sốt cà chua, Giấy bọc thực phẩm, Kem cạo râu, Gạo, Ly thủy tinh, Cá hộp, Ly thủy tinh, Nước lau sàn, Ngũ cốc ăn sáng",Supermarché,Quang Nam Province,"Nguyễn Tất Thành, Tân An, Phường Hội An Tây",35,4.1,supermarket,15.8915126,108.3131361
"Ly thủy tinh, Trứng gà, Dao bếp, Bàn chải, Nước lau sàn, Sữa tươi, Nước hoa mini, Snack, Nước trái cây, Muỗng nĩa, Trà túi lọc, Đường, Nước mắm, Dao bếp, Giấy vệ sinh, Thớt, Bàn chải, Nước trái cây",WinMart+,Quang Nam Province,"17, Hoàng Diệu, Minh An, Phường Hội An",115,4.4,supermarket,15.8736324,108.3330591
"Khăn ướt, Bánh quy, Nước ngọt, Thịt hộp, Bật lửa, Bánh bao mini, Khoai tây chiên, Bánh snack, Kẹo, Bóng đèn LED mini, Bánh snack, Khoai tây chiên, Muỗng nhựa, Bàn chải đánh răng",VinMart+,Quang Nam Province,"53, Đinh Tiên Hoàng, Tân An, Phường Hội An Tây",10,3.9,convenience,15.8853922,108.3290244
"Mì ly, Khăn giấy, Muỗng nhựa, Bánh snack, Dầu gội, Khăn ướt, Túi nylon, Cà phê lon, Kẹo, Pin AA, Kẹo cao su, Muỗng nhựa, Bóng đèn LED mini, Dao cạo râu, Dao cạo râu, Nước suối",Tap Hoa Long Minimart,Quang Nam Province,"Đường Nguyễn Phan Vinh, Phường Hội An Tây",10,3.9,convenience,15.9139078,108.336476
"Bóng đèn LED mini, Kẹo, Muỗng nhựa, Mì ly, Bàn chải đánh răng, Cà phê lon, Mì ly, Cốc nhựa, Kem đánh răng, Sữa hộp, Dầu gội, Chai nước, Mì gói, Bao rác, Chai nước, Gối cổ du lịch, Dao cạo râu",Mini Mart,Quang Nam Province,"Trần Hưng Đạo, Cẩm Phô, Phường Hội An",10,4.4,convenience,15.8799123,108.3246024
"Dầu gội, Pin AA, Pin AA, Bánh bao mini, Bật lửa, Sữa chua uống, Dầu gội, Cà phê lon, Mì gói, Muỗng nhựa, Khoai tây chiên, Bánh quy, Bật lửa",VinMart+,Quang Nam Province,"121, Trần Hưng Đạo, Cẩm Phô, Phường Hội An",20,4.4,convenience,15.8799168,108.3257484
"Kem cạo râu, Kem dưỡng da, Giấy bọc thực phẩm, Khay nhựa, Son dưỡng môi, Túi đựng rác, Gạo, Dầu ăn, Cá hộp, Túi đựng rác, Gạo, Son dưỡng môi, Nước lau sàn, Bột mì, Bơ thực vật",Moon Milk supermarket,Quang Nam Province,"Bà Triệu, Cẩm Phô, Phường Hội An",185,3.9,supermarket,15.880361,108.3266325
"Tượng nhỏ, Nến thơm, Móc khóa đôi, Hộp quà tặng, Tượng nhỏ, Bánh handmade, Móc khóa, Đồng hồ để bàn, Đèn trang trí nhỏ, Sổ tay dễ thương",Ceramics and lanterns,Quang Nam Province,"Hoàng Diệu, Minh An, Phường Hội An",160,4.8,gift,15.8766001,108.3325382
"Mô hình nghệ thuật, Tranh nghệ thuật 3D, Tượng gỗ, Mô hình nghệ thuật, Tranh tường, Tượng kim loại, Tượng gỗ, Tranh tường, Tượng đá cẩm thạch, Tranh chân dung, Tượng điêu khắc, Tranh màu nước, Tranh phong cảnh, Tượng gỗ, Tranh canvas, Tranh acrylic, Tượng nhỏ, Tranh trừu tượng, Tượng nhân vật cổ điển, Tranh thư pháp",The Lantern Lady,Quang Nam Province,"Huyền Trân Công Chúa, Minh An, Phường Hội An",230,4.2,art,15.8768911,108.3354847
"Bánh bao mini, Lăn khử mùi, Chai nước, Bóng đèn LED mini, Thịt hộp, Gối cổ du lịch, Khăn giấy, Kẹo, Dây sạc điện thoại, Khoai tây chiên, Bánh bao mini, Sổ tay nhỏ",WinMart+,Quang Nam Province,"Lê Hồng Phong, Tân An, Phường Hội An Tây",20,4.1,convenience,15.8885105,108.3226657
"Nước trái cây, Thịt heo, Dao bếp, Khăn giấy, Kem cạo râu, Dầu ăn, Son dưỡng môi, Nước rửa chén, Ly thủy tinh, Giấy bọc thực phẩm, Snack, Bột mì",Fishmarket Dit Hai,Quang Nam Province,"Âu Cơ, Cửa Đại, Phường Hội An Đông",75,3.5,supermarket,15.86667,108.3871895
"Gạo, Giấy vệ sinh, Dao bếp, Sữa tươi, Sữa tươi, Muối, Dao bếp, Bột ngọt, Sốt cà chua, Thịt heo, Đĩa sứ",Điện Nước Bốn Phương,Quang Nam Province,"40, Đường Hùng Vương",55,3.6,supermarket,15.840198,108.2823184
"Sữa tươi, Cá hộp, Nước xả vải, Khẩu trang y tế, Thớt, Dầu gội, Dầu gội, Khay nhựa, Mì gói, Muối, Trà túi lọc, Túi đựng rác, Muối, Bơ thực vật, Đĩa sứ, Nước mắm, Đường, Ngũ cốc ăn sáng, Bột giặt",Thế Giới Sữa 2,Quang Nam Province,Quốc lộ 14H,145,3.6,supermarket,15.8249018,108.2311258
"Giấy bọc thực phẩm, Thịt heo, Sốt cà chua, Túi đựng rác, Bột mì, Mì gói, Bột mì, Cà phê hòa tan, Chảo chống dính, Nước tương, Sốt cà chua, Son dưỡng môi",CO SAU,Quang Nam Province,Đường tỉnh 614,170,4.4,supermarket,15.6172811,108.2216463
"Đĩa sứ, Nước trái cây, Muỗng nĩa, Rau củ quả, Thịt heo, Bông tẩy trang, Nước lau sàn, Khay nhựa, Rau củ quả, Trà túi lọc, Khay nhựa",Tạp hoá Hoàng Tồn,Quang Nam Province,Đường tỉnh 614,110,4.2,supermarket,15.6004562,108.2346228
"Son dưỡng môi, Kem dưỡng da, Bột giặt, Snack, Thớt, Snack, Trứng gà, Bột giặt, Trà túi lọc, Dao bếp, Nước tương, Bơ thực vật, Bơ thực vật, Giấy bọc thực phẩm, Giấy vệ sinh, Giấy vệ sinh, Sốt cà chua, Nước tương, Son dưỡng môi, Sữa chua",Winmart,Quang Nam Province,"Đường Trần Thủ Độ, Phường Điện Bàn Đông",30,3.8,supermarket,15.9323352,108.2546513
"Đồ thủ công, Hộp quà tặng, Móc khóa đôi, Móc khóa, Bình hoa nhỏ, Bút ký cao cấp, Khung ảnh LED, Cốc đôi, Gấu bông mini, Ly in hình",Sunday in Hoi An,Quang Nam Province,"Trần Phú, Minh An, Phường Hội An",120,5,gift,15.8771753,108.3262871
"Dây sạc điện thoại, Cà phê lon, Chai nước, Thịt hộp, Cốc nhựa, Bật lửa, Xà phòng tắm, Nước ngọt, Cốc nhựa, Bút bi, Bút bi",VinMart+,Quang Nam Province,"Nguyễn Duy Hiệu, Cẩm Châu, Phường Hội An Đông",20,4,convenience,15.881719,108.3489589
"Khung ảnh LED, Tượng nhỏ, Bánh handmade, Bình giữ nhiệt, Bánh handmade, Bút ký cao cấp, Ly in hình, Bình hoa nhỏ, Nến thơm, Bình giữ nhiệt, Nến thơm, Bánh handmade",Hart,Quang Nam Province,"Nguyễn Thái Học, Minh An, Phường Hội An",150,4.6,gift,15.8765176,108.3297751
"Quà lưu niệm, Khung ảnh, Ly in hình, Chậu cây mini, Móc khóa, Bình hoa nhỏ, Đồ thủ công, Túi đựng quà, Chậu cây mini, Khăn lụa, Chậu cây mini, Đồ thủ công",722 Hai Bà Trưng,Quang Nam Province,"722, Hai Bà Trưng, Cẩm Phô, Phường Hội An",80,4.4,gift,15.8782134,108.3266893
"Tranh, Tranh thêu tay, Tranh nghệ thuật dân gian, Tranh canvas, Tranh màu nước, Tranh màu nước, Tranh canvas, Tranh ký họa, Tranh đương đại, Tượng điêu khắc, Tượng kim loại, Tượng gỗ, Tranh acrylic, Tranh giấy cuộn, Tranh phong cảnh",Old propaganda posters,Quang Nam Province,"Nguyễn Thị Minh Khai, Cẩm Phô, Phường Hội An",250,4.7,art,15.8773577,108.3250026
"Bút bi, Bàn chải đánh răng, Chai nước, Cốc nhựa, Kẹo cao su, Bánh bao mini, Nước suối, Bút bi, Chai nước, Kẹo cao su, Bút bi, Thịt hộp, Sữa hộp",Cửa Hàng Tạp Hóa Xuân Lê,Quang Nam Province,"Lê Thánh Tông, Cẩm Châu, Phường Hội An Đông",20,3.5,convenience,15.8831584,108.3504526
"Đèn trang trí nhỏ, Bình giữ nhiệt, Hộp quà tặng, Bình giữ nhiệt, Khung ảnh, Khăn lụa, Khung ảnh, Nến thơm, Sổ tay dễ thương, Đồng hồ để bàn",Tam Kim,Quang Nam Province,"Trần Quý Cáp, Minh An, Phường Hội An",90,4.2,gift,15.8766099,108.3311631
"Đồng hồ để bàn, Khăn lụa, Gấu bông mini, Bình giữ nhiệt, Sổ tay dễ thương, Nến thơm, Đồ thủ công, Tượng nhỏ, Gối in hình, Đồng hồ để bàn, Bình hoa nhỏ, Chậu cây mini, Móc khóa, Khăn lụa, Túi đựng quà",The Coffee Souvenir Shop,Quang Nam Province,"Hai Bà Trưng, Cẩm Phô, Phường Hội An",210,4.9,gift,15.8782195,108.3268152
"Kem đánh răng, Kẹo, Nước tăng lực, Sổ tay nhỏ, Túi nylon, Trà đóng chai, Sổ tay nhỏ, Túi nylon, Kẹo cao su, Nước ngọt",Anh Thư - Mini Mart,Quang Nam Province,"Lê Hồng Phong, Tân An, Phường Hội An Tây",20,3.9,convenience,15.8882438,108.3224903
"Nước lau sàn, Nước xả vải, Bột ngọt, Muỗng nĩa, Đường, Bột giặt, Cá hộp, Bột mì, Muối, Trà túi lọc, Khay nhựa, Nước lau sàn, Bột giặt, Bột ngọt",WinMart+,Quang Nam Province,"Nguyễn Tất Thành, Tân An, Phường Hội An Tây",160,3.5,supermarket,15.8912714,108.3137122
"Dao cạo râu, Cà phê lon, Khẩu trang y tế, Gối cổ du lịch, Nước ngọt, Sữa chua uống, Dây sạc điện thoại, Gối cổ du lịch, Bóng đèn LED mini, Khoai tây chiên",Hữu Nghị Mart,Quang Nam Province,"01, Nguyễn Thị Minh Khai, Cẩm Phô, Phường Hội An",10,3.9,convenience,15.8770688,108.325918
"Tranh chân dung, Tranh đương đại, Tranh sơn dầu, Tranh tường, Tranh phong cảnh, Tranh sơn mài, Tranh trừu tượng, Tranh màu nước, Tranh, Tranh nghệ thuật 3D, Tranh thư pháp, Tượng đá cẩm thạch, Tranh tường",Thy Ly Art Gallery,Quang Nam Province,"03, Nguyễn Thị Minh Khai, Cẩm Phô, Phường Hội An",210,4,art,15.8770646,108.3258465
"Bánh quy, Pin AA, Bánh mì sandwich, Pin sạc, Bao rác, Pin AA, Mì gói, Mì ly, Dây sạc điện thoại, Mì ly, Sữa hộp, Kẹo cao su, Cốc nhựa, Mì gói, Kẹo, Sữa hộp, Khẩu trang y tế, Khoai tây chiên, Găng tay nilon",Minimart,Quang Nam Province,"Đường Nguyễn Phan Vinh, Phường Hội An Tây",15,3.7,convenience,15.913633,108.3391832
"Muối, Đĩa sứ, Bột ngọt, Sữa tắm, Bơ thực vật, Nước hoa mini, Dầu ăn, Giấy vệ sinh, Dao bếp, Sữa tươi, Sữa chua, Sữa tươi, Khay nhựa, Khẩu trang y tế, Dầu ăn, Rau củ quả, Bông tẩy trang, Cá hộp, Bơ thực vật",Mr. Thông,Quang Nam Province,"Huyen Tran Cong Chua, Cẩm Châu, Phường Hội An Đông",105,3.9,supermarket,15.8756047,108.3448514
"Trứng gà, Dầu gội, Giấy vệ sinh, Khăn giấy, Thớt, Ngũ cốc ăn sáng, Khay nhựa, Giấy bọc thực phẩm, Gạo, Nước lau sàn, Túi đựng rác, Mì gói, Giấy bọc thực phẩm",Xanh Xanh,Quang Nam Province,"Cửa Đại, Cẩm Châu, Phường Hội An",30,3.8,supermarket,15.8794167,108.3357998
"Trà túi lọc, Son dưỡng môi, Đĩa sứ, Ly thủy tinh, Sốt cà chua, Mì gói, Khăn giấy, Nước trái cây, Bột mì, Ngũ cốc ăn sáng, Đường, Sữa chua, Bông tẩy trang",Moonmilk,Quang Nam Province,"241, Cửa Đại, Cẩm Châu, Phường Hội An Đông",55,4.5,supermarket,15.8852558,108.3500009
"Tượng nhân vật cổ điển, Tranh nghệ thuật 3D, Tranh thêu tay, Tượng nhỏ, Tranh phong cảnh, Tượng nhỏ, Mô hình nghệ thuật, Tượng gỗ, Tranh, Tranh giấy cuộn, Tượng đá cẩm thạch, Tranh nghệ thuật 3D, Tranh nghệ thuật hiện đại, Tranh ký họa, Tranh màu nước, Tranh nghệ thuật hiện đại, Tranh phong cảnh, Tranh ký họa",Магазин запчастей для мотоциклов,Quang Nam Province,"Đường Đồng Giá, Cẩm Châu, Phường Hội An Đông",170,4.4,car_parts,15.8798479,108.3518011
"Tượng kim loại, Tranh đương đại, Tranh nghệ thuật 3D, Tượng đồng nhỏ, Tranh acrylic, Tranh canvas, Tranh canvas, Tranh acrylic, Tượng điêu khắc, Tượng kim loại, Tranh chân dung, Tranh màu nước",Магазин запчастей для мотоциклов,Quang Nam Province,"Hùng Vương, Cẩm Phô, Phường Hội An",90,4.1,car_parts,15.8792551,108.3214226
"Pin sạc, Bật lửa, Lăn khử mùi, Xà phòng tắm, Xà phòng tắm, Bánh bao mini, Ô dù gấp, Kẹo cao su, Kẹo cao su, Trà đóng chai, Sữa hộp, Lăn khử mùi, Sổ tay nhỏ, Túi nylon, Lăn khử mùi, Sổ tay nhỏ, Khăn giấy, Cà phê lon",Hanh Nga Mart,Quang Nam Province,"Nguyễn Đình Chiểu, Tân An, Phường Hội An Tây",20,3.6,convenience,15.8848154,108.3300808
"Xà phòng tắm, Bật lửa, Kẹo cao su, Pin AA, Khăn giấy, Bút bi, Chai nước, Pin sạc, Cà phê lon, Chai nước, Lăn khử mùi",Hiu Mart and Nu's Home baking,Quang Nam Province,"Trần Hưng Đạo, Cẩm Phô, Phường Hội An",15,4.2,convenience,15.8799361,108.3259413
"Cốc nhựa, Kẹo cao su, Cốc nhựa, Pin AA, Muỗng nhựa, Sổ tay nhỏ, Dầu gội, Pin sạc, Kem đánh răng, Khẩu trang y tế, Pin AA, Cốc nhựa, Bánh quy, Bánh mì sandwich, Kẹo, Bánh snack, Sổ tay nhỏ, Mì gói",WinMart+,Quang Nam Province,"134A-B, Trần Nhân Tông, Cẩm Châu, Phường Hội An Đông",20,4,convenience,15.8781517,108.344791
"Nước suối, Bánh mì sandwich, Ô dù gấp, Khoai tây chiên, Bao rác, Bánh mì sandwich, Bánh mì sandwich, Pin AA, Bánh quy, Lăn khử mùi, Pin sạc, Xà phòng tắm, Khẩu trang y tế, Gối cổ du lịch, Bật lửa, Sữa hộp, Ô dù gấp, Bánh quy",WinMart+,Quang Nam Province,"44/1, Quốc lộ 14E",10,4.4,convenience,15.7452051,108.3741653
"Nước ngọt, Sữa chua uống, Gối cổ du lịch, Bánh mì sandwich, Bánh quy, Muỗng nhựa, Gối cổ du lịch, Nước tăng lực, Dầu gội, Pin AA, Nước ngọt, Sữa chua uống",Mini Mart,Quang Nam Province,"Lạc Long Quân, Phường Hội An Tây",15,3.6,convenience,15.8986237,108.3617435
"Thiệp chúc mừng, Tranh mini, Túi đựng quà, Đồ thủ công, Nến thơm, Tượng nhỏ, Tranh mini, Gối in hình, Sổ tay dễ thương, Bút ký cao cấp, Cốc đôi, Gối in hình, Đồng hồ để bàn, Đồng hồ để bàn",Smile House Handicraft,Quang Nam Province,"126, Trần Hưng Đạo, Cẩm Phô, Phường Hội An",290,4.1,gift,15.88010453,108.3227342
"Cà phê hòa tan, Bông tẩy trang, Dầu gội, Bột ngọt, Thớt, Kem dưỡng da, Snack, Ngũ cốc ăn sáng, Kem dưỡng da, Bột mì, Khăn giấy",Tiger Markets,Quang Nam Province,"Đinh Tiên Hoàng, Tân An, Phường Hội An Tây",160,4.2,supermarket,15.88474135,108.3298205
"Bột nêm, Bánh kẹo, Nước mắm, Bình sữa, Sữa bột trẻ em, Nước xả vải, Bánh ăn dặm, Bánh kẹo, Bột giặt, Ngũ cốc, Giấy vệ sinh, Bánh ăn dặm, Thực phẩm đóng hộp, Gạo, Sữa chua",Shopko,Quang Nam Province,"Thái Phiên, Sơn Phong, Phường Hội An",15,4.2,department_store,15.88121029,108.3311975
"Khẩu trang y tế, Găng tay nilon, Ô dù gấp, Sữa hộp, Pin sạc, Bàn chải đánh răng, Thịt hộp, Sữa hộp, Kẹo, Chai nước, Bánh quy, Kem đánh răng, Bánh quy, Dây sạc điện thoại, Bút bi, Dao cạo râu",Mini Mart,Quang Nam Province,"130, Nguyễn Duy Hiệu, Cẩm Châu, Phường Hội An Đông",20,4.2,convenience,15.88135905,108.3478878
"Đồng hồ, Áo thun, Váy dạ hội, Vòng tay, Thắt lưng, Sách, Sách, Áo khoác da, Dép sandal, Phấn má, Giày cao gót, Giày cao gót, Sách, Áo khoác, Đồng hồ thông minh, Dầu dưỡng tóc, Nước hoa, Laptop mini, Túi tote",Trường Tiền Plaza,Thua Thien-Hue,"6, Trần Hưng Đạo, Phường Phú Xuân",200,4.6,mall,16.4709106,107.5877621
"Sữa tươi, Đĩa sứ, Kem cạo râu, Dao bếp, Cà phê hòa tan, Thịt heo, Dầu ăn, Snack, Kem dưỡng da, Kem cạo râu, Cá hộp, Đường",Go! Supermarket,Thua Thien-Hue,"Phong Châu, Phường Thuận Hóa",145,3.8,supermarket,16.46045307,107.5992054
"Quần jean, Váy dạ hội, Tai nghe Bluetooth, Áo khoác, Kính mát, Kem nền, Đồng hồ, Phấn má, Quần short, Lược điện, Vòng tay, Khăn choàng, Đầm công sở, Son môi, Vali kéo, Quần jean, Vòng tay, Phấn má",Trung Tâm Thương Mại Điền Môn,Thua Thien-Hue,"Nguyễn Thanh Côn, Phường Phong Phú",300,4.2,mall,16.68563587,107.4097417
"Snack, Nước xả vải, Muối, Gạo, Sữa tắm, Nước hoa mini, Kem cạo râu, Kem dưỡng da, Bột giặt, Snack, Nước hoa mini, Sốt cà chua",Chợ Phú Bình,Thua Thien-Hue,"Đào Duy Anh, Phường Phú Xuân",125,4,supermarket,16.48802773,107.5781942
"Đầm công sở, Khăn choàng, Dép sandal, Đồ chơi trẻ em, Đồ chơi trẻ em, Túi xách, Lược điện, Đồ chơi trẻ em, Sách, Túi tote, Đầm công sở, Sách, Đồng hồ thông minh, Đồng hồ, Ốp điện thoại",Vincom Plaza Huế,Thua Thien-Hue,"50A, Hùng Vương, Phường Thuận Hóa",100,4.6,mall,16.46300822,107.5942384
"Túi đựng rác, Bột ngọt, Bột mì, Bàn chải, Sữa tươi, Giấy vệ sinh, Gạo, Cà phê hòa tan, Snack, Dao bếp, Giấy bọc thực phẩm, Bột mì, Nước hoa mini, Snack, Ly thủy tinh, Giấy vệ sinh, Nước tương, Nước trái cây, Bột ngọt",WinMart,Thua Thien-Hue,"Trường Chinh, Phường Vỹ Dạ",150,4.5,supermarket,16.46125961,107.603691
"Sữa chua uống, Kẹo cao su, Kẹo cao su, Chai nước, Sữa hộp, Kẹo cao su, Bật lửa, Nước suối, Thịt hộp, Bánh mì sandwich",WinMart+,Da Nang City,"Đường Nguyễn Lương Bằng, Phường Liên Chiểu",15,3.7,convenience,16.0746199,108.1493819
"Hộp quà tặng, Tượng nhỏ, Quà lưu niệm, Cốc đôi, Túi đựng quà, Cốc đôi, Thiệp chúc mừng, Quà lưu niệm, Hộp quà tặng, Đèn trang trí nhỏ, Quà lưu niệm, Bình hoa nhỏ, Túi đựng quà",Viet Handicraft Village,Da Nang City,"Phan Châu Trinh, Minh An, Phường Hội An",230,4.3,gift,15.8782533,108.3250454
"Bánh bao mini, Khoai tây chiên, Ô dù gấp, Găng tay nilon, Cà phê lon, Khoai tây chiên, Trà đóng chai, Lăn khử mùi, Ô dù gấp, Cốc nhựa, Túi nylon, Bút bi, Pin AA, Bánh quy",Mini Mart 4-U,Da Nang City,"Bà Triệu, Cẩm Phô, Phường Hội An",10,4.5,convenience,15.8804044,108.3262614
"Tranh treo tường thủ công, Bàn tre mini, Gối handmade, Thảm cói, Túi tote vải bố, Đĩa mây, Giá sách nhỏ, Khung ảnh tre, Giá sách nhỏ, Khung ảnh tre",Hoi An Art Craft Manufacturing Workshop,Da Nang City,"Nguyễn Thái Học, Minh An, Phường Hội An",120,4.6,craft,15.8766982,108.3307777
"Trà túi lọc, Rau củ quả, Bơ thực vật, Dầu gội, Nước xả vải, Sốt cà chua, Muỗng nĩa, Trà túi lọc, Chảo chống dính, Khay nhựa, Snack, Giấy vệ sinh, Nước trái cây, Snack",Go! Hypermarket,Da Nang City,"Đường Hùng Vương, Phường Thanh Khê",125,4.5,supermarket,16.0667419,108.2134262
"Nước rửa chén, Son dưỡng môi, Dao bếp, Khay nhựa, Túi đựng rác, Nước trái cây, Chảo chống dính, Nước xả vải, Khẩu trang y tế, Thớt, Giấy vệ sinh, Nước xả vải, Nước lau sàn",Chợ Hà Châu,Da Nang City,Đường tỉnh 612,120,3.7,supermarket,15.6452124,108.3309446
"Kem dưỡng da, Giấy bọc thực phẩm, Kem cạo râu, Muỗng nĩa, Bơ thực vật, Giấy vệ sinh, Khăn giấy, Bột mì, Snack, Bàn chải, Bột mì, Bàn chải, Sữa tắm, Thớt, Ngũ cốc ăn sáng, Son dưỡng môi",Gạo lứt Cẩm Thanh,Da Nang City,"Đường Rừng Dừa Bảy Mẫu, Cửa Đại, Cẩm Thanh",60,3.8,supermarket,15.8895165,108.3618095
"Nước xả vải, Nước trái cây, Muối, Túi đựng rác, Chảo chống dính, Cá hộp, Giấy vệ sinh, Bàn chải, Nước mắm, Sốt cà chua, Nước lau sàn, Muối, Bông tẩy trang",Shopi,Da Nang City,"65, Đường Sơn Thủy 8, Phường Ngũ Hành Sơn",120,3.6,supermarket,16.0101859,108.2535593
"Snack, Muối, Bàn chải, Bàn chải, Giấy vệ sinh, Kem dưỡng da, Dao bếp, Dầu ăn, Khẩu trang y tế, Kem cạo râu, Son dưỡng môi, Bàn chải, Gạo, Bột giặt, Dầu ăn, Sữa tươi, Nước mắm, Trứng gà, Kem cạo râu",Market,Da Nang City,"Hùng Vương, Cẩm Phô, Phường Hội An",190,4.2,supermarket,15.8794462,108.3206161
"Trà túi lọc, Ngũ cốc ăn sáng, Thớt, Bàn chải, Khẩu trang y tế, Chảo chống dính, Cá hộp, Ly thủy tinh, Bột ngọt, Mì gói",Siêu thị Điện máy Nguyễn Kim,Da Nang City,"Đường Hải Phòng, Phường Thanh Khê",100,4.2,supermarket,16.0665428,108.2052297
"Nến thơm, Cốc đôi, Túi đựng quà, Ly in hình, Gối in hình, Tranh mini, Đèn trang trí nhỏ, Bưu thiếp, Quà lưu niệm, Đèn trang trí nhỏ, Thiệp chúc mừng, Quà lưu niệm, Bưu thiếp, Bánh handmade, Quà lưu niệm, Đồng hồ để bàn, Túi đựng quà, Gối in hình, Gối in hình",Friendly 2 leather bag,Da Nang City,"Phan Bội Châu, Minh An, Phường Hội An",270,4.1,gift,15.8769562,108.3338522
"Cốc đôi, Đồng hồ để bàn, Ly in hình, Cốc đôi, Tranh mini, Thiệp chúc mừng, Hộp quà tặng, Cốc đôi, Bánh handmade, Ly in hình, Sổ tay dễ thương, Thiệp chúc mừng, Túi đựng quà, Bánh handmade",Lantern Workplace and Workshops,Da Nang City,"Cửa Đại, Cẩm Châu, Phường Hội An",60,4.6,gift,15.8806139,108.3384782
"Nước suối, Gối cổ du lịch, Khoai tây chiên, Mì gói, Khoai tây chiên, Lăn khử mùi, Bánh quy, Nước suối, Sổ tay nhỏ, Nước tăng lực",Tap Hoa Minh Van,Da Nang City,"Đường Nguyễn Phan Vinh, Phường Hội An Tây",20,3.9,convenience,15.9129043,108.3391936
"Đường, Mì gói, Bột giặt, Thực phẩm đóng hộp, Dầu ăn, Sữa bột trẻ em, Sữa chua, Sữa chua, Sữa tươi, Khăn giấy, Nước ngọt, Sữa bột trẻ em, Nước ngọt, Kem đánh răng, Bình sữa",tattoo bon,Da Nang City,"Đường Lê Độ, Phường Thanh Khê",10,3.8,department_store,16.067829,108.2015993
"Xà phòng tắm, Dao cạo râu, Muỗng nhựa, Lăn khử mùi, Bánh bao mini, Sữa hộp, Bánh bao mini, Bánh mì sandwich, Pin sạc, Bao rác, Dây sạc điện thoại, Bóng đèn LED mini, Kẹo cao su, Khăn ướt, Ô dù gấp, Pin AA",Amart,Da Nang City,"681, Hai Bà Trưng, Cẩm Phô, Phường Hội An",10,3.9,convenience,15.8777563,108.3268351
"Bánh snack, Găng tay nilon, Kẹo cao su, Bàn chải đánh răng, Mì gói, Nước tăng lực, Túi nylon, Trà đóng chai, Khăn ướt, Pin AA, Nước suối, Dây sạc điện thoại, Khăn giấy",A mart,Da Nang City,"Cửa Đại, Phường Hội An Đông",20,4.3,convenience,15.8962194,108.3642051
"Pin AA, Túi nylon, Bàn chải đánh răng, Trà đóng chai, Trà đóng chai, Xà phòng tắm, Kem đánh răng, Kẹo, Pin sạc, Chai nước, Xà phòng tắm, Mì ly, Thịt hộp, Lăn khử mùi, Khăn giấy, Bánh quy, Bánh quy, Bật lửa, Khăn giấy, Sổ tay nhỏ",Tạp hóa Cô Mười,Da Nang City,"925/3, Đường Ngô Quyền, Phường An Hải",10,3.9,convenience,16.064398,108.23381
"Bưu thiếp, Đồng hồ để bàn, Khung ảnh LED, Móc khóa, Đồ thủ công, Cốc đôi, Đèn trang trí nhỏ, Chậu cây mini, Sổ tay dễ thương, Tượng nhỏ",Lêvi Gallery,Da Nang City,"09, Đường Lê Hồng Phong, Phường Hải Châu",150,4.4,gift,16.0638091,108.2229512
"Cốc đôi, Bình giữ nhiệt, Chậu cây mini, Tượng nhỏ, Bình giữ nhiệt, Móc khóa đôi, Nến thơm, Bình hoa nhỏ, Bình giữ nhiệt, Chậu cây mini, Bình hoa nhỏ, Bưu thiếp, Bình giữ nhiệt, Thiệp chúc mừng, Đồng hồ để bàn, Bình hoa nhỏ, Bánh handmade",Long Vy,Da Nang City,"Phan Châu Trinh, Minh An, Phường Hội An",210,4.3,gift,15.8784892,108.3313798
"Chai nước, Ô dù gấp, Bóng đèn LED mini, Nước suối, Bánh bao mini, Thịt hộp, Trà đóng chai, Gối cổ du lịch, Bao rác, Trà đóng chai, Dầu gội, Bánh snack",Michael Mini Mart,Da Nang City,"36, Thái Phiên, Sơn Phong, Phường Hội An",10,4.3,convenience,15.881793,108.3280884
"Tượng điêu khắc, Tranh phong cảnh, Tranh trừu tượng, Tranh màu nước, Tranh nghệ thuật hiện đại, Tranh thư pháp, Tượng nhỏ, Tranh ký họa, Tượng gỗ, Mô hình nghệ thuật, Tượng gỗ","Motobike repair, rent and sale",Da Nang City,"270, Cửa Đại, Cẩm Châu, Phường Hội An Đông",70,4.7,car_parts,15.8883274,108.3526168
"Tranh thư pháp, Tranh, Tranh trừu tượng, Tranh nghệ thuật hiện đại, Tranh nghệ thuật dân gian, Tượng kim loại, Tranh ký họa, Tranh màu nước, Tượng đất nung, Tượng đá cẩm thạch, Tranh chân dung, Tượng nhỏ, Tranh sơn mài, Tranh màu nước",Art Gallery Studio,Da Nang City,"Phan Bội Châu, Sơn Phong, Phường Hội An",170,4.7,art,15.8775959,108.3359664
"Mì ly, Pin AA, Nước ngọt, Xà phòng tắm, Cà phê lon, Bật lửa, Bàn chải đánh răng, Mì gói, Sữa chua uống, Khoai tây chiên, Bánh mì sandwich, Mì gói, Khoai tây chiên, Khăn ướt, Bật lửa, Sổ tay nhỏ",TH QUANG KIEU,Da Nang City,"234, Hai Bà Trưng, Cẩm Châu, Phường Hội An Tây",15,4.3,convenience,15.8911322,108.3294479
"Dầu gội, Bóng đèn LED mini, Nước tăng lực, Xà phòng tắm, Bật lửa, Kẹo, Bàn chải đánh răng, Nước suối, Mì ly, Khăn giấy, Bàn chải đánh răng, Nước suối, Khăn ướt, Túi nylon, Dầu gội, Khăn giấy, Khăn giấy, Trà đóng chai, Kẹo, Trà đóng chai",restaurant thằng bờm,Da Nang City,"632, Hai Bà Trưng, Cẩm Phô, Phường Hội An",10,3.6,convenience,15.8807302,108.3268449
"Khẩu trang y tế, Cốc nhựa, Khẩu trang y tế, Bánh bao mini, Muỗng nhựa, Ô dù gấp, Mì ly, Bánh snack, Cốc nhựa, Khoai tây chiên, Ô dù gấp, Nước suối, Kẹo, Bánh mì sandwich, Bánh bao mini, Mì ly, Sữa chua uống",mini mart minh huyen,Da Nang City,"401, Cửa Đại, Cẩm Châu, Phường Hội An Đông",20,3.5,convenience,15.880411,108.341347
"Thịt hộp, Bàn chải đánh răng, Khăn ướt, Kẹo cao su, Kem đánh răng, Thịt hộp, Gối cổ du lịch, Ô dù gấp, Bàn chải đánh răng, Kẹo, Bàn chải đánh răng, Chai nước, Gối cổ du lịch",mini mart Hong,Da Nang City,"to 2, Cửa Đại, Phường Hội An Đông",20,4.3,convenience,15.8914454,108.3751054
"Mì ly, Bút bi, Bao rác, Sữa hộp, Muỗng nhựa, Muỗng nhựa, Trà đóng chai, Sổ tay nhỏ, Khăn giấy, Khăn giấy",Minimart Nhân Nguyễn,Da Nang City,"Hai Bà Trưng, Cẩm Châu, Phường Hội An Tây",20,4.1,convenience,15.890266,108.3290135
"Mì ly, Bút bi, Bánh bao mini, Bánh quy, Chai nước, Bánh quy, Bóng đèn LED mini, Chai nước, Ô dù gấp, Túi nylon, Nước tăng lực, Thịt hộp, Nước ngọt, Bánh quy, Nước suối",Mini Mart Bích Cẩm,Da Nang City,"319, Cửa Đại, Cẩm Châu, Phường Hội An Đông",15,3.9,convenience,15.8820387,108.3456024
"Nước lau sàn, Kem đánh răng, Khăn ướt, Dầu gội, Sữa bột, Bình sữa, Bình sữa, Đường, Dầu ăn, Bột giặt, Tã em bé, Nước rửa chén",minimart kidoshop,Da Nang City,"64, Đường Hà Bổng, Phường An Hải",10,4.5,department_store,16.0662104,108.2446508
"Nước ngọt, Pin AA, Khoai tây chiên, Lăn khử mùi, Trà đóng chai, Dao cạo râu, Cà phê lon, Kẹo cao su, Sữa hộp, Bàn chải đánh răng, Kem đánh răng",Thanh Tam,Da Nang City,"47, Nguyễn Hiền, Tân An, Phường Hội An Tây",10,4.2,convenience,15.8872926,108.3293964
"Bánh bao mini, Khoai tây chiên, Dây sạc điện thoại, Găng tay nilon, Dao cạo râu, Bao rác, Găng tay nilon, Bánh snack, Xà phòng tắm, Khăn giấy",T.Mart,Da Nang City,"Nguyễn Hiền, Tân An, Phường Hội An Tây",20,3.7,convenience,15.8872581,108.3293728
"Bút bi, Sữa chua uống, Gối cổ du lịch, Bánh quy, Khoai tây chiên, Bánh quy, Dầu gội, Khăn giấy, Chai nước, Bánh mì sandwich, Muỗng nhựa, Kẹo cao su, Pin AA, Chai nước, Cốc nhựa, Dây sạc điện thoại, Dầu gội, Bút bi",Dac San Mien Trung,Da Nang City,"Đường Hà Bổng, Phường An Hải",10,4.2,convenience,16.0684316,108.2442824
"Nước mắm, Đường, Kem cạo râu, Bột mì, Nước trái cây, Khay nhựa, Cà phê hòa tan, Thớt, Khay nhựa, Thịt heo, Nước xả vải, Bột mì, Kem cạo râu, Đường, Bột ngọt, Mì gói, Bột mì, Bột mì, Trà túi lọc, Mì gói",WinMart,Da Nang City,"496, Đường Ngô Quyền, Phường An Hải",75,3.7,supermarket,16.0716248,108.2303226
"Trà túi lọc, Ly thủy tinh, Cá hộp, Sữa tắm, Sữa chua, Trứng gà, Dầu ăn, Nước hoa mini, Dầu gội, Muối, Đường, Nước lau sàn, Bột giặt, Khăn giấy, Đường, Nước tương, Bông tẩy trang",MT market,Da Nang City,"Đường 24 Tháng 3, Phường Tam Kỳ",185,4.4,supermarket,15.5624731,108.4865477
"Đường, Sữa tươi, Bông tẩy trang, Thớt, Sữa tươi, Nước rửa chén, Bột ngọt, Gạo, Bột ngọt, Mì gói, Bông tẩy trang",K-market Hoi An,Da Nang City,"Cao Hồng Lãnh, Cẩm Phô, Phường Hội An",140,4.3,supermarket,15.8753186,108.3236002
"Đĩa sứ, Sữa tươi, Trà túi lọc, Đường, Sữa tắm, Thịt heo, Bột ngọt, Thịt heo, Cá hộp, Bàn chải, Sữa chua, Sữa tươi",Siêu Thị Coopmart,Da Nang City,"Đường Lê Duẩn, Phường Bàn Thạch",150,4,supermarket,15.5734335,108.4844616
"Tranh ký họa, Tranh sơn mài, Tranh phong cảnh, Tranh tường, Tranh thư pháp, Tượng điêu khắc, Tượng đất nung, Tranh, Tượng đồng nhỏ, Tranh phong cảnh, Tượng đá cẩm thạch, Tranh tường, Tranh",Hoi An Handicraft Workshop,Da Nang City,"Nguyễn Thái Học, Minh An, Phường Hội An",70,4.6,art,15.8767136,108.3308734
"Nước ngọt, Dầu gội, Bánh kẹo, Ngũ cốc, Bột nêm, Mì gói, Dầu ăn, Giấy vệ sinh, Trà, Sữa chua, Sữa chua, Nước lau sàn, Trà, Nước ngọt, Ngũ cốc, Thực phẩm đóng hộp, Bánh kẹo",Le Le Cloth Shop,Da Nang City,"87A, Trần Hưng Đạo, Cẩm Phô, Phường Hội An",10,3.6,department_store,15.8799838,108.3270879
"Dầu ăn, Bình sữa, Sữa tắm, Sữa bột, Kem đánh răng, Sữa tắm, Kem đánh răng, Đường, Đường, Sữa bột, Gạo, Giấy vệ sinh, Nước mắm, Cà phê, Nước ngọt",Eli ClothShop & Tailor,Da Nang City,"89, Trần Hưng Đạo, Cẩm Phô, Phường Hội An",10,3.6,department_store,15.8799835,108.3270926
"Giấy vệ sinh, Nước suối, Thực phẩm đóng hộp, Tã em bé, Dầu ăn, Nước suối, Muối, Gạo, Sữa bột trẻ em, Bánh ăn dặm, Bột nêm, Khăn giấy, Nước xả vải, Sữa tươi, Bột nêm, Bình sữa, Sữa tươi, Bánh kẹo, Nước rửa chén, Mì gói",Shoping Mall,Da Nang City,"89, Trần Hưng Đạo, Cẩm Phô, Phường Hội An",10,4.1,department_store,15.8799817,108.327131
"Bàn chải đánh răng, Bánh mì sandwich, Sữa hộp, Bánh mì sandwich, Khoai tây chiên, Dao cạo râu, Chai nước, Bao rác, Gối cổ du lịch, Sữa chua uống, Khẩu trang y tế, Bánh snack, Túi nylon, Thịt hộp, Khẩu trang y tế",Cloth Shop Kim Nhung,Da Nang City,"109, Trần Hưng Đạo, Cẩm Phô, Phường Hội An",20,4.2,convenience,15.8799524,108.3263714
"Nước suối, Chai nước, Chai nước, Muỗng nhựa, Dầu gội, Nước suối, Dao cạo râu, Ô dù gấp, Nước suối, Gối cổ du lịch, Khăn ướt, Sổ tay nhỏ, Xà phòng tắm, Bút bi, Gối cổ du lịch",Nuni Cloth Shop And Tailor,Da Nang City,"115, Trần Hưng Đạo, Cẩm Phô, Phường Hội An",15,4.3,convenience,15.879954,108.326118
"Bánh bao mini, Bánh bao mini, Bút bi, Dây sạc điện thoại, Nước suối, Dao cạo râu, Bàn chải đánh răng, Cốc nhựa, Pin sạc, Pin sạc, Găng tay nilon",Wild Orchid Hoi An;Nuni Cloth Shop And Tailor,Da Nang City,"123;119, Trần Hưng Đạo, Cẩm Phô, Phường Hội An",10,4,convenience,15.8800145,108.3258375
"Trà, Nước rửa chén, Giấy vệ sinh, Nước rửa chén, Khăn giấy, Bình sữa, Ngũ cốc, Tã em bé, Nước xả vải, Ngũ cốc, Bánh ăn dặm",BILL BEN TAILOR,Da Nang City,"73, Trần Hưng Đạo, Cẩm Phô, Phường Hội An",15,4.1,department_store,15.8797702,108.3277121
"Cà phê, Muối, Bột giặt, Bột nêm, Đường, Giấy vệ sinh, Mì gói, Kem đánh răng, Bột nêm, Nước xả vải, Bột nêm, Nước lau sàn, Dầu ăn, Dầu gội",Bi Bo Design,Da Nang City,"42, Trần Hưng Đạo, Cẩm Phô, Phường Hội An",15,4.4,department_store,15.8799402,108.3276881
"Nước rửa chén, Sữa bột, Bánh ăn dặm, Kem đánh răng, Trà, Cà phê, Sữa bột trẻ em, Nước mắm, Ngũ cốc, Ngũ cốc, Sữa tắm, Khăn ướt, Giấy vệ sinh",Blue Ms. Tam Tam,Da Nang City,"56, Trần Hưng Đạo, Cẩm Phô, Phường Hội An",15,3.8,department_store,15.8799424,108.3276506
"Cà phê, Dầu ăn, Sữa bột, Bánh ăn dặm, Dầu ăn, Khăn giấy, Bột nêm, Nước xả vải, Mì gói, Ngũ cốc, Muối, Nước ngọt, Gạo",Cloth Shop Faifoo,Da Nang City,"54, Trần Hưng Đạo, Cẩm Phô, Phường Hội An",20,3.8,department_store,15.8799453,108.3276016
"Sữa bột trẻ em, Khăn ướt, Bột nêm, Bột giặt, Nước rửa chén, Sữa bột, Muối, Bánh kẹo, Bánh kẹo, Bình sữa, Đường, Muối, Khăn giấy, Nước ngọt, Sữa bột, Nước xả vải, Sữa bột",Ha Na Tailor,Da Nang City,"85, Trần Hưng Đạo, Cẩm Phô, Phường Hội An",10,4.4,department_store,15.8799818,108.32739
"Gạo, Thịt heo, Bột ngọt, Mì gói, Nước lau sàn, Muối, Muối, Bột giặt, Ly thủy tinh, Kem cạo râu, Kem cạo râu, Khay nhựa, Bơ thực vật",siêu thị Yến Nhi thái lan,Da Nang City,"25, Đường Thái Thị Bôi, Phường Thanh Khê",190,3.8,supermarket,16.0683727,108.2008178
"Gối cổ du lịch, Dao cạo râu, Sữa hộp, Bánh snack, Găng tay nilon, Bánh bao mini, Bánh quy, Kẹo, Bánh snack, Gối cổ du lịch, Thịt hộp, Bật lửa, Cốc nhựa, Bóng đèn LED mini",WinMart+,Da Nang City,"45, Đường Văn Cận, Phường Cẩm Lệ",20,3.8,convenience,16.0359348,108.2113715
"Nước tăng lực, Khăn giấy, Sữa hộp, Bánh mì sandwich, Bánh snack, Pin AA, Cốc nhựa, Bánh snack, Sữa chua uống, Thịt hộp, Mì ly, Mì gói, Bật lửa, Nước tăng lực, Bật lửa, Bánh snack",WinMart+,Da Nang City,"485, Đường Trần Cao Vân, Phường Thanh Khê",10,4.2,convenience,16.0711179,108.1934343
"Khăn ướt, Bánh quy, Bút bi, Túi nylon, Thịt hộp, Pin sạc, Gối cổ du lịch, Khăn giấy, Muỗng nhựa, Bao rác, Pin sạc, Găng tay nilon, Bánh quy, Bánh bao mini, Sổ tay nhỏ, Chai nước, Bóng đèn LED mini, Túi nylon",WinMart+,Da Nang City,"197, Đường Đống Đa, Phường Hải Châu",10,3.9,convenience,16.0765484,108.215938
"Pin AA, Bàn chải đánh răng, Dầu gội, Nước tăng lực, Khoai tây chiên, Bàn chải đánh răng, Cà phê lon, Bánh quy, Mì ly, Bánh quy, Dây sạc điện thoại, Bật lửa, Lăn khử mùi, Khăn giấy, Kem đánh răng, Khẩu trang y tế, Mì ly",WinMart+,Da Nang City,"488, Đường Tôn Đức Thắng, Phường Hòa Khánh",15,4.3,convenience,16.0638186,108.1573317
"Dây sạc điện thoại, Mì gói, Trà đóng chai, Kẹo cao su, Khoai tây chiên, Bàn chải đánh răng, Pin AA, Khăn ướt, Túi nylon, Muỗng nhựa, Dầu gội, Nước suối, Kẹo, Bàn chải đánh răng, Chai nước, Pin sạc, Sữa chua uống, Cà phê lon",VinMart+,Da Nang City,"4, Đường Hà Chương, Phường An Hải",20,3.7,convenience,16.0653342,108.2445035
"Cốc nhựa, Pin AA, Chai nước, Bao rác, Bánh quy, Bóng đèn LED mini, Bánh quy, Cà phê lon, Bật lửa, Nước tăng lực, Nước ngọt, Bánh mì sandwich, Nước tăng lực, Nước tăng lực, Nước tăng lực, Nước ngọt",WinMart+,Da Nang City,"71, Đường Lê Hồng Phong, Phường Hải Châu",10,4.2,convenience,16.0641601,108.2193994
"Kẹo, Lăn khử mùi, Bật lửa, Gối cổ du lịch, Bao rác, Nước tăng lực, Cà phê lon, Khoai tây chiên, Dao cạo râu, Lăn khử mùi, Thịt hộp, Kem đánh răng, Bánh snack, Bánh mì sandwich, Kẹo cao su",WinMart+,Da Nang City,"744, Đường An Bắc 2, Phường Ngũ Hành Sơn",10,4.1,convenience,16.0179707,108.2530991
"Mì gói, Khăn giấy, Bóng đèn LED mini, Chai nước, Cà phê lon, Khăn ướt, Kẹo, Lăn khử mùi, Chai nước, Dầu gội, Khoai tây chiên, Bánh mì sandwich, Dầu gội, Khẩu trang y tế, Gối cổ du lịch, Pin sạc, Bánh quy, Pin sạc, Túi nylon, Bánh quy",WinMart+,Da Nang City,"88, Đường Hà Huy Tập, Phường Thanh Khê",10,3.6,convenience,16.0676492,108.1918724
"Kem đánh răng, Bánh quy, Lăn khử mùi, Mì ly, Khăn giấy, Bánh mì sandwich, Kẹo, Trà đóng chai, Khăn giấy, Pin sạc, Găng tay nilon, Sổ tay nhỏ",WinMart+,Da Nang City,"73, Đường Nguyễn Lương Bằng, Phường Liên Chiểu",20,3.9,convenience,16.0738602,108.1498215
"Nước tăng lực, Nước tăng lực, Kem đánh răng, Dao cạo râu, Bao rác, Thịt hộp, Khăn ướt, Xà phòng tắm, Cốc nhựa, Nước tăng lực, Bật lửa",WinMart+,Da Nang City,"278C, Đường Trưng Nữ Vương, Phường Hòa Cường",20,3.6,convenience,16.0535909,108.2187436
"Bóng đèn LED mini, Dầu gội, Nước ngọt, Dao cạo râu, Gối cổ du lịch, Khăn ướt, Trà đóng chai, Bật lửa, Cà phê lon, Xà phòng tắm, Bánh bao mini, Sữa chua uống, Sổ tay nhỏ, Khẩu trang y tế, Bóng đèn LED mini, Bàn chải đánh răng",WinMart+,Da Nang City,"5, Đường Trương Chí Cương, Phường Hòa Cường",20,4.3,convenience,16.0311129,108.2241777
"Mì gói, Ô dù gấp, Bật lửa, Khăn giấy, Bánh mì sandwich, Lăn khử mùi, Bàn chải đánh răng, Bánh quy, Nước ngọt, Trà đóng chai",VinMart+,Da Nang City,"47, Đường Lý Thường Kiệt, Phường Hải Châu",20,4,convenience,16.0800368,108.2197427
"Bóng đèn LED mini, Gối cổ du lịch, Dầu gội, Cà phê lon, Găng tay nilon, Dây sạc điện thoại, Khăn giấy, Muỗng nhựa, Sữa chua uống, Bánh bao mini, Mì ly, Bao rác, Khăn giấy",WinMart+,Da Nang City,"605, Đường Tôn Đức Thắng, Phường Hòa Khánh",10,3.9,convenience,16.0644372,108.1567631
"Cốc nhựa, Khăn ướt, Găng tay nilon, Kẹo cao su, Nước tăng lực, Xà phòng tắm, Thịt hộp, Lăn khử mùi, Bật lửa, Sổ tay nhỏ, Kẹo, Cốc nhựa, Bánh mì sandwich, Cà phê lon, Bao rác, Chai nước",WinMart+,Da Nang City,"154-156, Đường Phan Thanh, Phường Thanh Khê",15,4.1,convenience,16.0598802,108.2092808
"Xà phòng tắm, Khăn ướt, Túi nylon, Nước suối, Bóng đèn LED mini, Sổ tay nhỏ, Mì gói, Pin AA, Trà đóng chai, Dầu gội, Bánh snack, Kem đánh răng, Dầu gội, Mì ly, Dao cạo râu, Khẩu trang y tế, Pin sạc, Cà phê lon, Khoai tây chiên, Nước suối",WinMart+,Da Nang City,"55, Đường Cao Thắng, Phường Hải Châu",15,3.6,convenience,16.0766541,108.2136152
"Khăn ướt, Khoai tây chiên, Pin sạc, Khẩu trang y tế, Lăn khử mùi, Thịt hộp, Bao rác, Pin sạc, Muỗng nhựa, Túi nylon",VinMart+,Da Nang City,"76, Đường Lê Thanh Nghị, Phường Hòa Cường",15,4,convenience,16.0393723,108.2180248
"Nước ngọt, Sổ tay nhỏ, Gối cổ du lịch, Kẹo, Bánh bao mini, Sữa hộp, Mì gói, Dầu gội, Nước suối, Chai nước, Khẩu trang y tế, Pin sạc",WinMart+,Da Nang City,"108, Đường Lê Độ, Phường Thanh Khê",15,4.3,convenience,16.0678137,108.2014293
"Dao cạo râu, Nước ngọt, Sữa chua uống, Bánh snack, Bánh mì sandwich, Bánh bao mini, Mì gói, Túi nylon, Cốc nhựa, Mì ly, Pin sạc, Bánh quy, Bóng đèn LED mini, Nước suối",VinMart+,Da Nang City,"59, Đường Dũng Sĩ Thanh Khê, Phường Thanh Khê",20,4.5,convenience,16.0725664,108.1783227
"Khung ảnh LED, Gấu bông mini, Túi đựng quà, Móc khóa đôi, Bình hoa nhỏ, Quà lưu niệm, Móc khóa đôi, Bánh handmade, Khung ảnh, Sổ tay dễ thương, Đồ thủ công, Khung ảnh, Bưu thiếp, Gối in hình, Bút ký cao cấp",Lấp lánh,Da Nang City,Không rõ,220,4,gift,15.8774468,108.3286844
"Tượng nhỏ, Khăn lụa, Khăn lụa, Cốc đôi, Hộp quà tặng, Bình hoa nhỏ, Tượng nhỏ, Đồng hồ để bàn, Sổ tay dễ thương, Tranh mini, Chậu cây mini, Bút ký cao cấp, Ly in hình, Bút ký cao cấp, Đồng hồ để bàn, Khăn lụa",Ngọc đức,Da Nang City,"147, Trần Phú, Minh An, Phường Hội An",130,4.1,gift,15.8770215,108.3266907
"Đồng hồ để bàn, Tranh mini, Quà lưu niệm, Tranh mini, Thiệp chúc mừng, Quà lưu niệm, Nến thơm, Tranh mini, Túi đựng quà, Đèn trang trí nhỏ, Móc khóa đôi, Đèn trang trí nhỏ, Quà lưu niệm, Bình hoa nhỏ, Quà lưu niệm, Chậu cây mini, Khăn lụa, Tranh mini",Logo,Da Nang City,"Hai Bà Trưng, Cẩm Phô, Phường Hội An",90,4.9,gift,15.877118,108.3267862
"Sổ tay dễ thương, Quà lưu niệm, Nến thơm, Bình hoa nhỏ, Khung ảnh, Bánh handmade, Tượng nhỏ, Khung ảnh, Khung ảnh LED, Bánh handmade, Túi đựng quà, Thiệp chúc mừng, Móc khóa, Khăn lụa, Tượng nhỏ, Gối in hình, Bình giữ nhiệt","681, phan chu trinh",Da Nang City,"683, Hai Bà Trưng, Cẩm Phô, Phường Hội An",210,4.6,gift,15.8776644,108.3268363
"Thiệp chúc mừng, Khung ảnh, Đèn trang trí nhỏ, Khung ảnh, Thiệp chúc mừng, Tranh mini, Ly in hình, Nến thơm, Tượng nhỏ, Gối in hình, Khăn lụa, Đồ thủ công, Cốc đôi, Chậu cây mini, Gấu bông mini",Tình cờ,Da Nang City,Không rõ,80,4.7,gift,15.8771581,108.3274159
"Gấu bông mini, Bút ký cao cấp, Khung ảnh, Nến thơm, Gối in hình, Thiệp chúc mừng, Tranh mini, Hộp quà tặng, Gối in hình, Nến thơm, Quà lưu niệm, Tượng nhỏ, Móc khóa đôi, Bình giữ nhiệt, Sổ tay dễ thương, Bánh handmade, Quà lưu niệm, Quà lưu niệm, Móc khóa đôi",Loan tân,Da Nang City,"Trần Phú, Minh An, Phường Hội An",110,4.2,gift,15.8770691,108.3277937
"Nước suối, Ô dù gấp, Dao cạo râu, Bánh quy, Dao cạo râu, Bao rác, Mì ly, Sữa chua uống, Khẩu trang y tế, Bánh mì sandwich, Khoai tây chiên, Ô dù gấp, Khoai tây chiên, Ô dù gấp, Túi nylon, Ô dù gấp, Nước ngọt, Xà phòng tắm, Xà phòng tắm",Amart,Da Nang City,"676, Hai Bà Trưng, Cẩm Phô, Phường Hội An",15,4.5,convenience,15.881445,108.3259167
"Bút ký cao cấp, Thiệp chúc mừng, Bưu thiếp, Bình giữ nhiệt, Sổ tay dễ thương, Tượng nhỏ, Khung ảnh, Bình hoa nhỏ, Ly in hình, Hộp quà tặng, Bình giữ nhiệt, Bình hoa nhỏ, Đèn trang trí nhỏ",Hiệu vải Thống Phi,Da Nang City,"28, Lê Lợi, Minh An, Phường Hội An",100,4.2,gift,15.8786837,108.3285403
"Kem cạo râu, Kem dưỡng da, Cá hộp, Bột ngọt, Kem cạo râu, Nước lau sàn, Mì gói, Bột mì, Thớt, Trứng gà, Nước mắm",Điểm dừng chân,Da Nang City,"22, Lê Lợi, Minh An, Phường Hội An",70,3.5,supermarket,15.8791857,108.3285775
"Kem đánh răng, Túi nylon, Dao cạo râu, Bàn chải đánh răng, Pin sạc, Kẹo, Khẩu trang y tế, Bàn chải đánh răng, Sữa chua uống, Bánh quy, Kem đánh răng, Cà phê lon, Găng tay nilon, Bàn chải đánh răng",phương linh,Da Nang City,"168, Đường Đống Đa, Phường Hải Châu",20,4.2,convenience,16.0792912,108.2177174
"Kẹo cao su, Bật lửa, Khăn giấy, Khăn ướt, Bánh bao mini, Bánh bao mini, Găng tay nilon, Kem đánh răng, Kẹo, Mì ly, Bánh snack, Sữa hộp, Bàn chải đánh răng, Khoai tây chiên, Sữa hộp, Bánh bao mini, Bật lửa, Bánh snack, Khoai tây chiên",hương,Da Nang City,"38/2, Đường 3 Tháng 2, Phường Hải Châu",20,4,convenience,16.0845757,108.2211755
"Mì ly, Dao cạo râu, Sữa hộp, Xà phòng tắm, Dầu gội, Bao rác, Muỗng nhựa, Mì gói, Pin sạc, Dây sạc điện thoại, Mì ly",lộc,Da Nang City,"112, Đường Lê Đình Dương, Phường Hải Châu",15,3.7,convenience,16.061974,108.2183804
"Xà phòng tắm, Sổ tay nhỏ, Cốc nhựa, Mì gói, Muỗng nhựa, Xà phòng tắm, Mì gói, Dây sạc điện thoại, Bút bi, Dao cạo râu, Lăn khử mùi, Mì gói",như vũ,Da Nang City,"43, Đường Lưu Hữu Phước, Phường An Hải",20,4.4,convenience,16.0804144,108.2319895
"Bánh mì sandwich, Bàn chải đánh răng, Găng tay nilon, Muỗng nhựa, Khoai tây chiên, Găng tay nilon, Mì gói, Nước tăng lực, Bánh snack, Găng tay nilon, Sổ tay nhỏ, Dây sạc điện thoại, Bánh quy, Bánh snack, Sổ tay nhỏ",nam mart,Da Nang City,"109A, Đường Dương Đình Nghệ, Phường An Hải",10,3.7,convenience,16.0686715,108.238898
"Kẹo cao su, Bánh bao mini, Bánh bao mini, Bánh quy, Pin AA, Thịt hộp, Khăn giấy, Bóng đèn LED mini, Xà phòng tắm, Thịt hộp, Găng tay nilon, Khăn ướt, Nước suối",nga,Da Nang City,"51, Đường Lê Hữu Trác, Phường An Hải",15,3.7,convenience,16.0580247,108.2389508
"Bút bi, Bàn chải đánh răng, Khoai tây chiên, Dầu gội, Túi nylon, Ô dù gấp, Kẹo cao su, Bóng đèn LED mini, Bàn chải đánh răng, Mì ly, Khăn ướt, Xà phòng tắm, Khoai tây chiên, Túi nylon, Cốc nhựa, Muỗng nhựa, Kem đánh răng, Pin sạc",minimart,Da Nang City,"125, Đường Hà Bổng, Phường An Hải",20,4.3,convenience,16.0658892,108.2444591
"Xà phòng tắm, Bao rác, Mì gói, Khăn giấy, Khăn ướt, Bao rác, Kẹo, Túi nylon, Bóng đèn LED mini, Khăn giấy, Cà phê lon, Cốc nhựa, Ô dù gấp",cô bé,Da Nang City,"115, Đường Hà Bổng, Phường An Hải",15,4.1,convenience,16.0664733,108.244448
"Cốc nhựa, Kẹo cao su, Bóng đèn LED mini, Bánh snack, Dầu gội, Bánh quy, Sổ tay nhỏ, Chai nước, Nước suối, Mì gói, Dầu gội, Bánh quy",ngọc,Da Nang City,"21, Đường Trương Chí Cương, Phường Hòa Cường",20,4,convenience,16.031093,108.2250758
"Trà đóng chai, Bánh mì sandwich, Khăn giấy, Dây sạc điện thoại, Kẹo, Pin sạc, Găng tay nilon, Kẹo cao su, Kẹo, Mì ly, Pin sạc, Lăn khử mùi, Bánh bao mini, Khẩu trang y tế, Dầu gội, Bánh snack",tâm,Da Nang City,"23, Đường Trần Huy Liệu, Phường Cẩm Lệ",15,4.1,convenience,16.0181578,108.2055057
"Bật lửa, Ô dù gấp, Bàn chải đánh răng, Ô dù gấp, Thịt hộp, Chai nước, Túi nylon, Bánh quy, Bóng đèn LED mini, Nước tăng lực, Muỗng nhựa, Nước suối, Pin AA, Bàn chải đánh răng",Phương Tùng,Da Nang City,"72b, Đường Phạm Cự Lượng, Phường An Hải",10,4.1,convenience,16.0639334,108.2351214
"Xà phòng tắm, Cà phê lon, Dao cạo râu, Kem đánh răng, Bao rác, Sữa hộp, Bút bi, Bánh snack, Sữa hộp, Bánh bao mini, Thịt hộp, Bóng đèn LED mini, Sữa hộp, Dầu gội, Dầu gội, Nước tăng lực, Mì ly, Dao cạo râu, Nước tăng lực",tạp hoá,Da Nang City,"09, Đường Tôn Đản, Phường An Khê",15,4,convenience,16.0598397,108.1768712
"Chai nước, Dầu gội, Mì ly, Sữa hộp, Cà phê lon, Gối cổ du lịch, Nước ngọt, Khoai tây chiên, Sổ tay nhỏ, Ô dù gấp, Bánh snack, Gối cổ du lịch, Cốc nhựa, Bật lửa, Mì ly, Bánh quy",đức thơ,Da Nang City,"231, Tôn Đản, Phường An Khê",15,4.5,convenience,16.0518847,108.1798461
"Bút bi, Gối cổ du lịch, Bóng đèn LED mini, Khăn ướt, Muỗng nhựa, Sữa chua uống, Túi nylon, Bóng đèn LED mini, Dao cạo râu, Bút bi, Bàn chải đánh răng, Găng tay nilon, Sổ tay nhỏ, Nước tăng lực, Bao rác, Bật lửa, Kẹo cao su, Bánh mì sandwich",vườn tôi,Da Nang City,"321, Tôn Đản, Phường An Khê",15,4.1,convenience,16.0486009,108.1812898
"Ô dù gấp, Bút bi, Dao cạo râu, Nước tăng lực, Bao rác, Pin sạc, Muỗng nhựa, Bóng đèn LED mini, Khăn giấy, Mì gói, Kem đánh răng, Sổ tay nhỏ, Dao cạo râu, Khoai tây chiên, Nước tăng lực, Cà phê lon, Sữa hộp, Mì ly, Khoai tây chiên",hiền,Da Nang City,"122, Đường Nguyễn Văn Bổng, Phường Cẩm Lệ",20,3.7,convenience,16.0162359,108.2077982
"Dây sạc điện thoại, Bánh bao mini, Túi nylon, Bao rác, Sữa chua uống, Nước ngọt, Khẩu trang y tế, Muỗng nhựa, Chai nước, Găng tay nilon, Kẹo, Pin sạc, Xà phòng tắm",thái lan,Da Nang City,"lô 15-d5, Đường Bùi Dương Lịch, Phường Sơn Trà",20,4.1,convenience,16.0897795,108.2346074
"Bàn chải đánh răng, Ô dù gấp, Gối cổ du lịch, Thịt hộp, Chai nước, Khoai tây chiên, Nước suối, Khăn ướt, Mì ly, Bàn chải đánh răng, Dây sạc điện thoại, Kem đánh răng, Gối cổ du lịch, Trà đóng chai, Sữa chua uống, Dao cạo râu",hậu,Da Nang City,"98, Đường Trần Thánh Tông, Phường Sơn Trà",10,4.1,convenience,16.0891757,108.2328203
"Thịt hộp, Cốc nhựa, Muỗng nhựa, Khẩu trang y tế, Sữa chua uống, Nước ngọt, Bánh snack, Khăn ướt, Cà phê lon, Bao rác, Túi nylon, Sữa hộp, Khăn ướt, Dầu gội, Sữa hộp, Xà phòng tắm, Kẹo, Khoai tây chiên, Pin AA, Bánh mì sandwich",mai phụ,Da Nang City,"892, Ngô Quyền, Phường An Hải",15,3.9,convenience,16.0756342,108.2307093
"Sữa chua uống, Sữa hộp, Sữa chua uống, Khăn giấy, Sổ tay nhỏ, Dây sạc điện thoại, Sữa hộp, Bóng đèn LED mini, Sữa chua uống, Bật lửa, Sổ tay nhỏ, Muỗng nhựa, Pin AA, Chai nước, Khăn ướt, Mì gói, Pin AA",Circle K,Da Nang City,"Đường Dương Đình Nghệ, Phường An Hải",15,3.9,convenience,16.0693895,108.2364242
"Kem đánh răng, Khẩu trang y tế, Kẹo, Bánh quy, Găng tay nilon, Bánh mì sandwich, Kem đánh răng, Dao cạo râu, Kẹo, Nước ngọt, Nước ngọt, Nước suối, Khăn giấy",hương,Da Nang City,"100, Đường Lê Văn Hiến, Phường Ngũ Hành Sơn",20,3.8,convenience,16.0344008,108.2448776
"Bánh mì sandwich, Nước tăng lực, Dao cạo râu, Nước suối, Nước ngọt, Kẹo, Khăn giấy, Dây sạc điện thoại, Sữa hộp, Mì gói, Sữa chua uống, Nước suối, Gối cổ du lịch, Lăn khử mùi, Khoai tây chiên, Muỗng nhựa",trang,Da Nang City,"01, Đường Hồ Đắc Di, Phường Cẩm Lệ",10,4.2,convenience,16.0130595,108.2075574
"Bóng đèn LED mini, Sổ tay nhỏ, Pin sạc, Khăn ướt, Kẹo cao su, Chai nước, Lăn khử mùi, Lăn khử mùi, Pin AA, Kẹo, Chai nước, Muỗng nhựa, Sổ tay nhỏ, Lăn khử mùi, Dao cạo râu, Sữa hộp, Bánh snack",tạp hoá,Da Nang City,"283, Đường Cách Mạng Tháng Tám, Phường Cẩm Lệ",10,4.5,convenience,16.0170045,108.2052182
"Nước suối, Kem đánh răng, Bánh snack, Khăn giấy, Bàn chải đánh răng, Trà đóng chai, Bánh bao mini, Muỗng nhựa, Chai nước, Cà phê lon, Bánh quy, Nước ngọt, Dây sạc điện thoại, Mì ly",hoà sa,Da Nang City,"128, Đường Bắc Sơn, Phường An Khê",15,4.2,convenience,16.0525503,108.1775066
"Bóng đèn LED mini, Nước ngọt, Kem đánh răng, Muỗng nhựa, Mì gói, Dây sạc điện thoại, Kẹo, Túi nylon, Kẹo cao su, Bánh quy, Kẹo, Pin sạc, Cốc nhựa, Khẩu trang y tế, Bút bi, Sữa hộp, Muỗng nhựa",tường vy,Da Nang City,"58, Đường Cao Sơn Pháo, Phường An Khê",20,4.4,convenience,16.0574734,108.1748233
"Pin sạc, Khăn giấy, Bánh quy, Bánh bao mini, Nước suối, Pin AA, Muỗng nhựa, Bao rác, Chai nước, Khăn ướt",kim châu,Da Nang City,"61A, Đường Nguyễn Đình Tứ, Phường An Khê",15,3.5,convenience,16.0501205,108.17727
"Bàn chải đánh răng, Chai nước, Bánh mì sandwich, Nước suối, Dầu gội, Khăn giấy, Bút bi, Kẹo, Bánh quy, Dầu gội",thiết hồng,Da Nang City,"121, Tiểu La, Phường Hòa Cường",20,3.7,convenience,16.0453945,108.2180514
"Bánh bao mini, Dây sạc điện thoại, Bao rác, Bánh snack, Bút bi, Trà đóng chai, Nước suối, Nước tăng lực, Mì ly, Khăn ướt, Xà phòng tắm, Dây sạc điện thoại, Lăn khử mùi, Khoai tây chiên, Khẩu trang y tế, Sữa chua uống, Chai nước, Túi nylon, Khoai tây chiên, Sữa hộp",bảo,Da Nang City,"173, Đường Huỳnh Ngọc Huệ, Phường An Khê",15,4.1,convenience,16.0581966,108.18627
"Lăn khử mùi, Kẹo cao su, Bánh quy, Thịt hộp, Nước tăng lực, Ô dù gấp, Dầu gội, Xà phòng tắm, Bánh bao mini, Găng tay nilon, Pin sạc, Mì ly, Nước tăng lực, Cà phê lon, Khăn ướt, Túi nylon",an nhàn,Da Nang City,"43A, Đường Hải Hồ, Phường Hải Châu",15,4.3,convenience,16.0795699,108.2151861
"Khẩu trang y tế, Sữa hộp, Kẹo cao su, Trà đóng chai, Nước tăng lực, Kẹo cao su, Ô dù gấp, Bàn chải đánh răng, Bật lửa, Ô dù gấp, Kem đánh răng, Bánh quy, Bánh quy, Bao rác, Kẹo cao su",160 đống đa,Da Nang City,"160, Đường Đống Đa, Phường Hải Châu",10,3.6,convenience,16.0796244,108.2179897
"Sổ tay nhỏ, Sữa hộp, Khăn ướt, Kẹo cao su, Pin AA, Nước suối, Kẹo cao su, Mì gói, Cốc nhựa, Muỗng nhựa",giải khát,Da Nang City,"05, Đường Đức Lợi 1, Phường Hải Châu",10,4,convenience,16.0863695,108.2210566
"Cốc nhựa, Dầu gội, Khẩu trang y tế, Ô dù gấp, Bánh quy, Túi nylon, Bánh quy, Pin sạc, Bút bi, Muỗng nhựa",cô bảy,Da Nang City,"85, Đường Lê Đình Dương, Phường Hải Châu",15,4.5,convenience,16.0617262,108.219456
"Cốc nhựa, Kẹo, Kem đánh răng, Trà đóng chai, Bóng đèn LED mini, Túi nylon, Dây sạc điện thoại, Bút bi, Bánh mì sandwich, Khẩu trang y tế, Trà đóng chai, Gối cổ du lịch",Hương,Da Nang City,"188, Đường Tô Hiến Thành, Phường An Hải",20,3.6,convenience,16.0583043,108.2436461
"Nước ngọt, Bao rác, Chai nước, Bánh mì sandwich, Ô dù gấp, Bánh quy, Pin AA, Muỗng nhựa, Bàn chải đánh răng, Nước ngọt, Bóng đèn LED mini, Gối cổ du lịch, Mì ly, Sữa hộp, Kẹo cao su, Bánh mì sandwich, Bàn chải đánh răng",Q mart,Da Nang City,"188, Đường Nguyễn Văn Thoại, Phường Ngũ Hành Sơn",20,3.9,convenience,16.0559014,108.2456155
"Khăn giấy, Gối cổ du lịch, Nước tăng lực, Dây sạc điện thoại, Kem đánh răng, Bóng đèn LED mini, Khăn giấy, Pin AA, Bóng đèn LED mini, Sổ tay nhỏ, Bật lửa, Dao cạo râu, Dây sạc điện thoại, Sữa hộp, Nước suối, Sữa chua uống, Mì ly, Kẹo cao su, Trà đóng chai",phương thuỷ,Da Nang City,"107, Đường Nguyễn Văn Thoại, Phường An Hải",10,3.6,convenience,16.05442,108.2395062
"Nước tăng lực, Kẹo cao su, Lăn khử mùi, Ô dù gấp, Dầu gội, Găng tay nilon, Chai nước, Dao cạo râu, Pin sạc, Ô dù gấp, Túi nylon, Thịt hộp",liễu,Da Nang City,"190, Đường Cách Mạng Tháng Tám, Phường Cẩm Lệ",15,3.9,convenience,16.0192368,108.2090547
"Cốc nhựa, Pin sạc, Lăn khử mùi, Găng tay nilon, Trà đóng chai, Gối cổ du lịch, Kẹo cao su, Mì gói, Bóng đèn LED mini, Trà đóng chai, Kẹo, Dây sạc điện thoại, Bật lửa, Bao rác, Bánh mì sandwich, Cốc nhựa, Mì ly, Túi nylon, Ô dù gấp",nga,Da Nang City,"43, Đường Trần Huy Liệu, Phường Cẩm Lệ",20,4.3,convenience,16.0190953,108.2052961
"Bàn chải đánh răng, Găng tay nilon, Ô dù gấp, Sữa hộp, Dây sạc điện thoại, Xà phòng tắm, Thịt hộp, Cà phê lon, Ô dù gấp, Găng tay nilon, Bật lửa, Thịt hộp, Nước ngọt, Xà phòng tắm, Bút bi, Dao cạo râu, Kem đánh răng, Sữa hộp",ngô thanh tâm,Da Nang City,"03, Đường Nguyễn Bá Lân, Phường Ngũ Hành Sơn",15,3.8,convenience,16.0419185,108.2419663
"Kem đánh răng, Bánh mì sandwich, Thịt hộp, Gối cổ du lịch, Sữa chua uống, Bánh mì sandwich, Bật lửa, Bánh quy, Kẹo cao su, Sữa chua uống, Nước suối, Dây sạc điện thoại, Bật lửa, Lăn khử mùi, Sổ tay nhỏ, Khoai tây chiên, Khoai tây chiên",tâm,Da Nang City,"205, Đường Châu Thị Vĩnh Tế, Phường Ngũ Hành Sơn",15,4.4,convenience,16.0458949,108.241801
"Nước suối, Dây sạc điện thoại, Dao cạo râu, Găng tay nilon, Nước ngọt, Sữa hộp, Nước suối, Pin AA, Kẹo cao su, Pin AA, Mì gói, Pin sạc, Nước suối, Bàn chải đánh răng, Pin sạc",hồng anh,Da Nang City,"51, Tôn Đản, Phường An Khê",20,4,convenience,16.0585532,108.1773541
"Bánh bao mini, Nước ngọt, Sổ tay nhỏ, Kem đánh răng, Bàn chải đánh răng, Trà đóng chai, Bánh mì sandwich, Bóng đèn LED mini, Túi nylon, Găng tay nilon",hồng,Da Nang City,"100, Đường Trần Văn Dư, Phường Ngũ Hành Sơn",10,4,convenience,16.0424797,108.2471774
"Khăn ướt, Lăn khử mùi, Bóng đèn LED mini, Bút bi, Thịt hộp, Gối cổ du lịch, Mì ly, Pin AA, Nước ngọt, Dây sạc điện thoại, Cốc nhựa, Bánh snack, Mì gói, Sữa hộp",nhật hải,Da Nang City,"60, Đường Lê Văn Hiến, Phường Ngũ Hành Sơn",10,3.5,convenience,16.0359703,108.2440862
"Bánh snack, Thịt hộp, Bóng đèn LED mini, Xà phòng tắm, Bánh snack, Bàn chải đánh răng, Mì gói, Nước suối, Găng tay nilon, Mì gói, Chai nước, Khăn ướt, Ô dù gấp, Xà phòng tắm",thanh ba,Da Nang City,"92, Đường Ông Ích Đường, Phường Cẩm Lệ",20,4.2,convenience,16.0151477,108.2053154
"Khẩu trang y tế, Sổ tay nhỏ, Nước tăng lực, Dầu gội, Pin sạc, Dao cạo râu, Nước tăng lực, Kem đánh răng, Nước suối, Dầu gội, Khẩu trang y tế, Bánh quy, Bánh bao mini, Sữa hộp, Thịt hộp, Nước suối, Khăn ướt, Pin sạc",ánh tuyết,Da Nang City,"116, Đường Ông Ích Đường, Phường Cẩm Lệ",15,4,convenience,16.0143677,108.2055336
"Pin AA, Mì ly, Bánh snack, Găng tay nilon, Cốc nhựa, Túi nylon, Muỗng nhựa, Nước tăng lực, Kẹo, Muỗng nhựa, Dây sạc điện thoại, Khoai tây chiên, Sổ tay nhỏ, Nước ngọt, Dầu gội, Nước tăng lực, Dầu gội, Sữa chua uống",win win,Da Nang City,"104, Đường Phạm Hùng, Phường Hòa Xuân",15,4.4,convenience,16.0014795,108.2072228
"Bánh snack, Dây sạc điện thoại, Pin sạc, Kem đánh răng, Trà đóng chai, Lăn khử mùi, Gối cổ du lịch, Bánh bao mini, Khẩu trang y tế, Găng tay nilon, Pin AA",anh đào,Da Nang City,"76, Đường Nguyễn Đình Tứ, Phường An Khê",10,3.6,convenience,16.0501236,108.1772269
"Ô dù gấp, Lăn khử mùi, Gối cổ du lịch, Sữa hộp, Nước tăng lực, Chai nước, Dây sạc điện thoại, Bánh quy, Bật lửa, Nước suối, Nước ngọt, Bàn chải đánh răng, Khăn giấy, Thịt hộp, Túi nylon, Bánh quy, Bánh mì sandwich, Dây sạc điện thoại, Chai nước",tạp hoá,Da Nang City,"154, Đường Nguyễn Đình Tứ, Phường An Khê",10,3.9,convenience,16.048859,108.1726161
"Bánh bao mini, Xà phòng tắm, Kẹo cao su, Pin AA, Xà phòng tắm, Mì gói, Khẩu trang y tế, Khẩu trang y tế, Bàn chải đánh răng, Mì ly, Nước suối, Bánh mì sandwich, Bật lửa, Thịt hộp, Pin sạc",minh phong,Da Nang City,"57, Đường Tú Mỡ, Phường An Khê",20,4.1,convenience,16.0524445,108.1713527
"Nước suối, Bút bi, Nước ngọt, Khoai tây chiên, Chai nước, Muỗng nhựa, Khẩu trang y tế, Khoai tây chiên, Kem đánh răng, Nước ngọt",hoa mậu,Da Nang City,"46, Tiểu La, Phường Hòa Cường",20,4.1,convenience,16.0462471,108.2174569
"Dầu gội, Bật lửa, Bánh mì sandwich, Bật lửa, Dầu gội, Nước ngọt, Pin AA, Bút bi, Khẩu trang y tế, Thịt hộp, Kẹo cao su, Trà đóng chai, Bóng đèn LED mini, Bánh mì sandwich, Bật lửa",hoà phượng,Da Nang City,"56, Đường Lê Hồng Phong, Phường Hải Châu",20,3.5,convenience,16.0641116,108.2204951
"Chai nước, Lăn khử mùi, Túi nylon, Muỗng nhựa, Bao rác, Mì gói, Kẹo, Xà phòng tắm, Thịt hộp, Kem đánh răng, Bóng đèn LED mini, Bánh quy, Lăn khử mùi, Pin sạc, Mì gói, Bánh bao mini, Cà phê lon, Sữa chua uống, Sữa chua uống",seoul mart,Da Nang City,"81, Đường Dương Đình Nghệ, Phường An Hải",10,4.1,convenience,16.0690149,108.2376349
"Khăn giấy, Bật lửa, Kẹo, Bao rác, Lăn khử mùi, Lăn khử mùi, Lăn khử mùi, Bàn chải đánh răng, Cà phê lon, Lăn khử mùi, Túi nylon, Nước suối, Kẹo, Bút bi",cô Bi,Da Nang City,"80, Đường Lê Hữu Trác, Phường An Hải",20,3.9,convenience,16.0582356,108.2396018
"Bóng đèn LED mini, Bánh bao mini, Ô dù gấp, Cốc nhựa, Túi nylon, Bánh mì sandwich, Khăn giấy, Kem đánh răng, Sữa chua uống, Bánh snack, Nước tăng lực, Muỗng nhựa, Bánh bao mini, Trà đóng chai, Bánh snack, Sổ tay nhỏ, Bánh snack, Bánh bao mini",cô Luyện,Da Nang City,"26, Đường Hà Bổng, Phường An Hải",10,4.5,convenience,16.0674671,108.2442923
"Nước ngọt, Dầu gội, Bánh bao mini, Bút bi, Kẹo, Ô dù gấp, Dao cạo râu, Sữa hộp, Khăn giấy, Sữa chua uống, Mì ly, Nước tăng lực, Mì ly, Bóng đèn LED mini, Bánh bao mini, Kẹo cao su, Sữa hộp, Bàn chải đánh răng, Bóng đèn LED mini",tạp hoá,Da Nang City,"145, Đường Nguyễn Công Trứ, Phường An Hải",20,3.7,convenience,16.0669682,108.2353583
"Muỗng nhựa, Nước suối, Lăn khử mùi, Kẹo, Khẩu trang y tế, Mì ly, Nước suối, Thịt hộp, Cà phê lon, Kem đánh răng, Sữa chua uống, Găng tay nilon, Lăn khử mùi, Dao cạo râu",châu đức,Da Nang City,"03, Đường An Trung 9, Phường An Hải",20,3.6,convenience,16.0528144,108.2359045
"Sữa hộp, Bánh quy, Dao cạo râu, Thịt hộp, Sổ tay nhỏ, Găng tay nilon, Túi nylon, Sữa hộp, Bút bi, Mì ly, Muỗng nhựa, Bóng đèn LED mini, Kẹo, Bóng đèn LED mini, Nước tăng lực, Dây sạc điện thoại",chung thuỷ,Da Nang City,"12, Đường Bùi Thị Xuân, Phường An Hải",20,4.2,convenience,16.0542396,108.2353283
"Túi nylon, Ô dù gấp, Bút bi, Nước tăng lực, Lăn khử mùi, Găng tay nilon, Mì ly, Ô dù gấp, Khẩu trang y tế, Dao cạo râu, Bàn chải đánh răng, Túi nylon, Cà phê lon",hồng,Da Nang City,"38, Đường Bắc Sơn, Phường An Khê",15,3.7,convenience,16.0579196,108.1756746
"Muỗng nhựa, Muỗng nhựa, Nước tăng lực, Khẩu trang y tế, Bao rác, Sữa chua uống, Bút bi, Cốc nhựa, Pin AA, Kẹo cao su, Mì ly, Sữa hộp, Bánh snack, Muỗng nhựa, Chai nước, Bút bi, Dây sạc điện thoại, Cốc nhựa",wall,Da Nang City,"173, Đường Huỳnh Ngọc Huệ, Phường Thanh Khê",10,3.8,convenience,16.0589022,108.1861484
"Muỗng nhựa, Bánh bao mini, Dầu gội, Mì ly, Ô dù gấp, Thịt hộp, Kem đánh răng, Khăn giấy, Muỗng nhựa, Nước tăng lực, Bánh snack, Khẩu trang y tế, Dầu gội, Cà phê lon, Dây sạc điện thoại, Bóng đèn LED mini, Thịt hộp, Khăn ướt, Khẩu trang y tế, Bàn chải đánh răng",yến nhi,Da Nang City,"05, Đường Nguyễn Thị Định, Phường An Hải",15,3.6,convenience,16.083377,108.2335149
"Khăn giấy, Nước suối, Nước ngọt, Túi nylon, Túi nylon, Dầu gội, Bàn chải đánh răng, Cà phê lon, Bánh quy, Dây sạc điện thoại, Bao rác, Pin AA, Sữa hộp",long hương,Da Nang City,"182, Đường Trần Nhân Tông, Phường An Hải",10,4.5,convenience,16.0874048,108.237351
"Dây sạc điện thoại, Sữa hộp, Pin sạc, Pin AA, Bút bi, Sổ tay nhỏ, Bánh quy, Bao rác, Nước suối, Trà đóng chai, Bánh mì sandwich, Chai nước, Găng tay nilon, Bánh mì sandwich, Mì gói, Cốc nhựa, Pin AA",đặc sản miền trung,Da Nang City,"116, Đường Phạm Văn Đồng, Phường An Hải",10,4.2,convenience,16.0711202,108.2352742
"Trà đóng chai, Dây sạc điện thoại, Mì ly, Túi nylon, Thịt hộp, Kẹo cao su, Dây sạc điện thoại, Nước ngọt, Gối cổ du lịch, Khoai tây chiên, Bóng đèn LED mini, Nước ngọt, Bánh quy",bách hoá mart,Da Nang City,"Đường Hồ Nghinh, Phường An Hải",20,4.2,convenience,16.0761593,108.2428977
"Sổ tay nhỏ, Khăn giấy, Pin AA, Cà phê lon, Nước suối, Kẹo cao su, Khăn giấy, Sổ tay nhỏ, Thịt hộp, Bút bi",mini mart,Da Nang City,"17, Đường An Cư 7, Phường An Hải",15,3.7,convenience,16.0765001,108.2414903
"Pin sạc, Nước tăng lực, Bút bi, Xà phòng tắm, Khăn ướt, Ô dù gấp, Cà phê lon, Thịt hộp, Sữa hộp, Dao cạo râu, Bao rác, Mì gói, Lăn khử mùi, Bàn chải đánh răng, Bao rác, Thịt hộp, Kem đánh răng, Bánh quy",đà nẵng mart,Da Nang City,"11, Đông Kinh Nghĩa Thục, Phường An Hải",10,4.4,convenience,16.0754639,108.2417494
"Dao cạo râu, Túi nylon, Bánh snack, Khăn giấy, Sữa hộp, Trà đóng chai, Mì gói, Trà đóng chai, Lăn khử mùi, Bóng đèn LED mini, Pin sạc, Sữa hộp, Dao cạo râu, Cà phê lon, Nước tăng lực, Sổ tay nhỏ, Khoai tây chiên, Khăn ướt, Dao cạo râu, Muỗng nhựa",bách hương quả,Da Nang City,"287, Đường Hồ Nghinh, Phường An Hải",10,4.3,convenience,16.0656479,108.243258
"Bàn chải đánh răng, Mì ly, Bóng đèn LED mini, Chai nước, Sữa chua uống, Khẩu trang y tế, Nước ngọt, Mì gói, Bánh mì sandwich, Bàn chải đánh răng, Muỗng nhựa, Nước tăng lực, Sữa chua uống, Bánh bao mini, Bao rác, Ô dù gấp, Muỗng nhựa",thanh nhàn,Da Nang City,"39, Đường Nguyễn Văn Thoại, Phường An Hải",15,4.3,convenience,16.0538175,108.2375496
"Dao cạo râu, Muỗng nhựa, Kem đánh răng, Găng tay nilon, Dầu gội, Khẩu trang y tế, Kem đánh răng, Lăn khử mùi, Mì gói, Mì ly, Lăn khử mùi, Khăn ướt, Mì gói",duyên,Da Nang City,"38, Đường Cách Mạng Tháng Tám, Phường Cẩm Lệ",20,3.8,convenience,16.0230284,108.2150482
"Bánh mì sandwich, Mì gói, Kẹo cao su, Bút bi, Lăn khử mùi, Dây sạc điện thoại, Dao cạo râu, Dầu gội, Khăn giấy, Sữa chua uống, Dây sạc điện thoại, Khẩu trang y tế, Sổ tay nhỏ, Mì gói, Lăn khử mùi, Găng tay nilon, Bánh snack, Lăn khử mùi",đặc sản đà nẵng Lộc Hường,Da Nang City,"46, Phước Trường 15, Phường An Hải",10,3.9,convenience,16.0754673,108.2419988
"Dầu gội, Sổ tay nhỏ, Kem đánh răng, Muỗng nhựa, Dao cạo râu, Kẹo cao su, Trà đóng chai, Muỗng nhựa, Nước tăng lực, Ô dù gấp, Bánh bao mini, Bao rác, Xà phòng tắm, Túi nylon",tạp hoá,Da Nang City,"311, Tôn Đản, Phường An Khê",10,4.5,convenience,16.0518297,108.1798461
"Dao cạo râu, Túi nylon, Túi nylon, Bút bi, Sữa chua uống, Khẩu trang y tế, Trà đóng chai, Sổ tay nhỏ, Sữa chua uống, Bút bi, Khăn giấy, Sữa chua uống",tạp hoá,Da Nang City,"311, Tôn Đản, Phường An Khê",20,3.6,convenience,16.0490279,108.1810828
"Găng tay nilon, Bóng đèn LED mini, Bánh bao mini, Dầu gội, Kem đánh răng, Dây sạc điện thoại, Nước ngọt, Bút bi, Cà phê lon, Muỗng nhựa, Sổ tay nhỏ, Khăn ướt, Khoai tây chiên, Mì ly, Lăn khử mùi, Pin AA, Kem đánh răng",thanh xuân,Da Nang City,"01, Đường Phạm Cự Lượng, Phường An Hải",20,3.7,convenience,16.0650137,108.2350762
"Dây sạc điện thoại, Ô dù gấp, Bánh mì sandwich, Cốc nhựa, Nước suối, Nước suối, Pin AA, Sữa hộp, Nước suối, Sổ tay nhỏ, Gối cổ du lịch, Mì ly, Nước ngọt, Sữa hộp, Chai nước, Sổ tay nhỏ, Bao rác",tạp hoá,Da Nang City,"145, Đường Nguyễn Trung Trực, Phường An Hải",20,3.6,convenience,16.0791063,108.2323166
"Khẩu trang y tế, Khăn ướt, Găng tay nilon, Kem đánh răng, Lăn khử mùi, Bật lửa, Bánh quy, Dây sạc điện thoại, Cà phê lon, Khoai tây chiên, Khoai tây chiên, Pin AA, Bánh mì sandwich, Khăn ướt",uyên,Da Nang City,Không rõ,15,4.4,convenience,16.0126118,108.2055146
"Bút bi, Kẹo cao su, Kem đánh răng, Sữa hộp, Mì ly, Dao cạo râu, Bật lửa, Bánh mì sandwich, Kem đánh răng, Bàn chải đánh răng, Kem đánh răng, Mì ly, Nước ngọt",tạp hoá,Da Nang City,"32, Đường Tú Mỡ, Phường An Khê",15,4.3,convenience,16.0525397,108.1715639
"Kem đánh răng, Khăn ướt, Bánh snack, Lăn khử mùi, Dao cạo râu, Trà đóng chai, Dầu gội, Muỗng nhựa, Thịt hộp, Bút bi, Pin sạc, Bút bi, Ô dù gấp, Găng tay nilon, Kem đánh răng, Túi nylon",thanh dung,Da Nang City,"25, Đường Nguyễn Xuân Hữu, Phường Cẩm Lệ",15,4.5,convenience,16.010569,108.2020093
"Bao rác, Nước ngọt, Xà phòng tắm, Khăn ướt, Kem đánh răng, Bàn chải đánh răng, Kẹo cao su, Kem đánh răng, Khăn giấy, Thịt hộp, Bút bi, Cốc nhựa, Khẩu trang y tế, Bánh bao mini, Cà phê lon, Cốc nhựa, Túi nylon, Nước ngọt, Nước suối",hoa mậu,Da Nang City,"46, Tiểu La, Phường Hòa Cường",15,4.2,convenience,16.0446232,108.2180916
"Bút bi, Bánh bao mini, Nước tăng lực, Nước tăng lực, Lăn khử mùi, Muỗng nhựa, Bóng đèn LED mini, Kẹo, Bóng đèn LED mini, Khẩu trang y tế, Nước ngọt, Kẹo cao su",thảo trâm,Da Nang City,"212, Đường Thanh Long, Phường Hải Châu",15,3.8,convenience,16.0853762,108.2151141
"Găng tay nilon, Gối cổ du lịch, Dầu gội, Bút bi, Bàn chải đánh răng, Bút bi, Gối cổ du lịch, Muỗng nhựa, Dầu gội, Dây sạc điện thoại",kim quy,Da Nang City,"106, Đường Đống Đa, Phường Hải Châu",20,3.8,convenience,16.0808777,108.2188088
"Nước suối, Muỗng nhựa, Khẩu trang y tế, Kẹo cao su, Kẹo cao su, Chai nước, Kẹo, Pin AA, Pin AA, Pin AA, Gối cổ du lịch, Bánh mì sandwich, Kem đánh răng, Thịt hộp, Kẹo",nguyên hường,Da Nang City,"03, Đường Phạm Văn Nghị, Phường Thanh Khê",15,4,convenience,16.0591065,108.2095449
"Sữa chua uống, Bánh bao mini, Găng tay nilon, Pin AA, Cà phê lon, Sổ tay nhỏ, Khăn ướt, Kẹo cao su, Bánh bao mini, Túi nylon, Ô dù gấp",hồng,Da Nang City,"226, Đường Trần Nhân Tông, Phường An Hải",15,4.2,convenience,16.0850038,108.2350527
"Dao cạo râu, Ô dù gấp, Nước ngọt, Bánh snack, Lăn khử mùi, Lăn khử mùi, Kẹo, Nước suối, Nước ngọt, Gối cổ du lịch, Dầu gội, Dầu gội",cô Trang,Da Nang City,"51, Đường Dương Khuê, Phường Ngũ Hành Sơn",10,3.9,convenience,16.0488558,108.2363859
"Găng tay nilon, Sữa hộp, Bút bi, Dầu gội, Bóng đèn LED mini, Kẹo cao su, Bao rác, Xà phòng tắm, Pin sạc, Bao rác, Sổ tay nhỏ, Kẹo, Sữa chua uống, Sữa hộp, Bánh mì sandwich, Bao rác, Dây sạc điện thoại, Pin sạc, Dao cạo râu",an hoà,Da Nang City,"417, Đường Tôn Đản, Phường An Khê",10,3.8,convenience,16.0444241,108.1826068
"Bánh bao mini, Cốc nhựa, Kẹo, Mì gói, Kẹo cao su, Bút bi, Kem đánh răng, Dây sạc điện thoại, Dao cạo râu, Pin sạc",cô thêm,Da Nang City,"89, Đường Thành Thái, Phường Cẩm Lệ",20,3.7,convenience,16.0205442,108.2076974
"Mì gói, Sữa hộp, Chai nước, Mì gói, Muỗng nhựa, Thịt hộp, Bàn chải đánh răng, Sữa chua uống, Sữa hộp, Kẹo",Thắm,Da Nang City,"223, Đường Nguyễn Công Trứ, Phường An Hải",15,4.2,convenience,16.0659426,108.2390439
"Nước ngọt, Bánh quy, Pin sạc, Kem đánh răng, Dây sạc điện thoại, Khăn ướt, Nước suối, Mì ly, Nước ngọt, Xà phòng tắm, Bút bi, Khẩu trang y tế, Muỗng nhựa, Bật lửa, Khoai tây chiên, Xà phòng tắm",phú cường,Da Nang City,"174, Đường Huỳnh Ngọc Huệ, Phường Thanh Khê",15,3.9,convenience,16.0586502,108.1862532
"Chai nước, Dầu gội, Dao cạo râu, Bánh bao mini, Bật lửa, Găng tay nilon, Trà đóng chai, Mì gói, Thịt hộp, Bật lửa, Muỗng nhựa, Túi nylon, Bật lửa, Nước tăng lực, Bật lửa, Sổ tay nhỏ, Kẹo",cô Thanh,Da Nang City,"lô 1-b1, Đường Trần Quý Cáp, Phường Hải Châu",20,3.6,convenience,16.081093,108.2193899
"Bánh quy, Nước ngọt, Dây sạc điện thoại, Bàn chải đánh răng, Dao cạo râu, Nước ngọt, Pin sạc, Mì ly, Bánh bao mini, Bánh snack, Bánh quy, Bánh quy, Gối cổ du lịch, Pin AA, Bánh quy, Nước suối, Kẹo, Cốc nhựa",khánh dung,Da Nang City,"363, Đường Trần Nhân Tông, Phường Sơn Trà",20,3.7,convenience,16.0897236,108.2396749
"Bánh mì sandwich, Pin sạc, Dao cạo râu, Sổ tay nhỏ, Lăn khử mùi, Bánh snack, Khoai tây chiên, Muỗng nhựa, Nước suối, Khẩu trang y tế, Nước tăng lực",thư,Da Nang City,"lô 173, Đường Hà Kỳ Ngộ, Phường Sơn Trà",20,4.4,convenience,16.0839685,108.2456286
"Nước ngọt, Dây sạc điện thoại, Sữa hộp, Bao rác, Trà đóng chai, Bánh bao mini, Pin sạc, Muỗng nhựa, Mì ly, Pin sạc, Bút bi, Khẩu trang y tế, Cà phê lon",thiên phú,Da Nang City,"198, Đường Hồ Nghinh, Phường An Hải",15,3.8,convenience,16.0672611,108.2433895
"Bật lửa, Bàn chải đánh răng, Khẩu trang y tế, Nước suối, Nước ngọt, Khăn ướt, Chai nước, Kẹo, Mì ly, Kem đánh răng, Trà đóng chai, Kẹo, Bánh mì sandwich, Nước suối, Ô dù gấp, Cốc nhựa, Găng tay nilon, Thịt hộp, Gối cổ du lịch",Yến,Da Nang City,"26, Đường Nguyễn Tử Giản, Phường Ngũ Hành Sơn",15,4.3,convenience,16.0493284,108.2343277
"Pin AA, Bóng đèn LED mini, Kẹo cao su, Mì gói, Bật lửa, Bánh snack, Sổ tay nhỏ, Khẩu trang y tế, Bóng đèn LED mini, Sữa chua uống, Dây sạc điện thoại, Cà phê lon, Bánh mì sandwich, Kẹo cao su, Kẹo",bích hoa,Da Nang City,"112, Đường Lê Văn Hiến, Phường Ngũ Hành Sơn",20,3.7,convenience,16.0339286,108.245004
"Bàn chải đánh răng, Bật lửa, Mì gói, Bánh mì sandwich, Gối cổ du lịch, Bàn chải đánh răng, Sổ tay nhỏ, Khẩu trang y tế, Bóng đèn LED mini, Dây sạc điện thoại, Bánh mì sandwich, Gối cổ du lịch, Mì gói, Sữa chua uống, Dây sạc điện thoại, Găng tay nilon, Kem đánh răng, Xà phòng tắm, Ô dù gấp, Cà phê lon",minh diệu,Da Nang City,"110, Đường Thanh Thủy, Phường Hải Châu",10,4.2,convenience,16.0821941,108.2137517
"Pin AA, Bút bi, Dầu gội, Khăn ướt, Gối cổ du lịch, Găng tay nilon, Bao rác, Cà phê lon, Nước suối, Trà đóng chai, Khoai tây chiên, Sữa hộp, Khoai tây chiên, Nước tăng lực, Gối cổ du lịch, Dây sạc điện thoại, Túi nylon, Khăn ướt",thu hà,Da Nang City,"26, Đường Xuân Diệu, Phường Hải Châu",15,3.9,convenience,16.0861562,108.2199209
"Găng tay nilon, Thịt hộp, Khoai tây chiên, Kẹo, Xà phòng tắm, Muỗng nhựa, Khẩu trang y tế, Kem đánh răng, Dây sạc điện thoại, Gối cổ du lịch, Bóng đèn LED mini, Cốc nhựa, Khăn ướt, Bánh bao mini, Bánh bao mini, Pin sạc, Bàn chải đánh răng, Muỗng nhựa",trinh,Da Nang City,"11, Đường Đống Đa, Phường Hải Châu",20,4.1,convenience,16.0823176,108.2205411
"Ô dù gấp, Khẩu trang y tế, Dây sạc điện thoại, Mì gói, Trà đóng chai, Sữa chua uống, Ô dù gấp, Trà đóng chai, Ô dù gấp, Bánh snack, Lăn khử mùi, Nước suối, Sữa chua uống, Bánh bao mini, Xà phòng tắm",bích thuỷ,Da Nang City,"63, Đường Hồ Nghinh, Phường An Hải",20,4.5,convenience,16.0763387,108.2428854
"Bánh quy, Kẹo, Cà phê lon, Muỗng nhựa, Lăn khử mùi, Bánh mì sandwich, Trà đóng chai, Khăn ướt, Bánh quy, Túi nylon, Bút bi, Gối cổ du lịch, Kẹo cao su, Bóng đèn LED mini, Xà phòng tắm, Dầu gội, Bánh bao mini, Sữa hộp",hường,Da Nang City,"52, Đường Đặng Vũ Hỷ, Phường An Hải",10,4.2,convenience,16.0596352,108.2399763
"Bánh quy, Khăn ướt, Kẹo cao su, Bóng đèn LED mini, Cà phê lon, Gối cổ du lịch, Kẹo, Bánh snack, Túi nylon, Trà đóng chai",kim chiến,Da Nang City,"238, Ngũ Hành Sơn, Phường Ngũ Hành Sơn",15,3.8,convenience,16.0455446,108.2392377
"Mì gói, Sổ tay nhỏ, Khăn ướt, Sổ tay nhỏ, Sữa hộp, Khăn ướt, Sổ tay nhỏ, Túi nylon, Xà phòng tắm, Bánh quy, Kem đánh răng, Trà đóng chai, Sữa hộp, Bật lửa, Nước suối, Nước ngọt, Nước tăng lực, Sữa chua uống, Trà đóng chai",252,Da Nang City,"252, Đường Hồ Nghinh, Phường An Hải",10,4.3,convenience,16.0658495,108.2432123
"Thịt hộp, Khẩu trang y tế, Bánh quy, Kẹo, Bánh snack, Sữa chua uống, Pin sạc, Găng tay nilon, Bánh quy, Túi nylon",you,Da Nang City,"82, Đường Lê Văn Hưu, Phường Ngũ Hành Sơn",10,4.2,convenience,16.0408515,108.2386457
"Dầu gội, Pin AA, Kẹo, Cốc nhựa, Sổ tay nhỏ, Ô dù gấp, Pin sạc, Trà đóng chai, Bật lửa, Thịt hộp, Mì gói, Nước tăng lực, Trà đóng chai",tạp hoá,Da Nang City,"99, Đường Lê Ngân, Phường Cẩm Lệ",20,4.3,convenience,16.0287242,108.2096454
"Bánh mì sandwich, Cà phê lon, Khẩu trang y tế, Găng tay nilon, Thịt hộp, Trà đóng chai, Bánh quy, Pin AA, Bao rác, Khẩu trang y tế, Cốc nhựa, Khẩu trang y tế, Trà đóng chai, Pin AA, Pin sạc, Sữa chua uống, Gối cổ du lịch, Bánh snack, Dây sạc điện thoại",hương thảo,Da Nang City,"135, Đường Đặng Văn Ngữ, Phường Cẩm Lệ",20,4.4,convenience,16.0152007,108.20621
"Gối cổ du lịch, Khăn giấy, Sổ tay nhỏ, Pin AA, Bàn chải đánh răng, Bánh bao mini, Khẩu trang y tế, Khẩu trang y tế, Mì ly, Pin sạc",linh hà,Da Nang City,"182, Đường Phạm Tứ, Phường Cẩm Lệ",15,4.3,convenience,16.0151756,108.2060405
"Nước suối, Cà phê lon, Bóng đèn LED mini, Mì gói, Mì ly, Dao cạo râu, Bóng đèn LED mini, Khăn giấy, Thịt hộp, Găng tay nilon, Pin AA",tạp hoá,Da Nang City,"16, Đường Lý Văn Tố, Phường An Hải",10,3.5,convenience,16.0677708,108.2413406
"Túi nylon, Bánh snack, Cốc nhựa, Pin AA, Dầu gội, Cà phê lon, Sữa hộp, Bao rác, Kem đánh răng, Kem đánh răng, Thịt hộp, Nước ngọt, Kẹo, Bàn chải đánh răng, Chai nước, Bật lửa, Dao cạo râu, Sữa hộp, Khẩu trang y tế",bích thuận,Da Nang City,"94, Đường Lê Văn Hiến, Phường Ngũ Hành Sơn",10,3.9,convenience,16.0345912,108.2448004
"Pin AA, Gối cổ du lịch, Pin AA, Bút bi, Trà đóng chai, Bút bi, Túi nylon, Bàn chải đánh răng, Bánh mì sandwich, Túi nylon",hoàng gia,Da Nang City,"54, Đường Hoàng Xuân Hãn, Phường Cẩm Lệ",15,4.1,convenience,16.0143095,108.2073126
"Cốc nhựa, Chai nước, Sữa hộp, Nước tăng lực, Thịt hộp, Khăn ướt, Pin sạc, Xà phòng tắm, Gối cổ du lịch, Bánh quy, Bánh mì sandwich, Xà phòng tắm, Bút bi, Pin sạc, Kẹo, Chai nước, Pin AA, Khẩu trang y tế",mỹ hạnh,Da Nang City,"161, Đường Hồ Nghinh, Phường An Hải",10,3.6,convenience,16.0682243,108.2433622
"Bánh snack, Bánh mì sandwich, Bánh quy, Nước suối, Khoai tây chiên, Găng tay nilon, Lăn khử mùi, Dầu gội, Dao cạo râu, Mì ly, Cà phê lon, Nước suối, Pin AA, Dầu gội",tuyết,Da Nang City,"31, Đường Nguyễn Thiếp, Phường An Hải",20,4.3,convenience,16.0535275,108.2344488
"Khoai tây chiên, Sữa chua uống, Pin sạc, Khẩu trang y tế, Sữa chua uống, Pin AA, Dầu gội, Sữa chua uống, Xà phòng tắm, Kẹo cao su, Khăn ướt",vi,Da Nang City,"21, Đường Bùi Thị Xuân, Phường An Hải",15,3.6,convenience,16.053931,108.2354785
"Kẹo, Ô dù gấp, Pin AA, Kẹo cao su, Bánh snack, Ô dù gấp, Sữa chua uống, Pin AA, Cốc nhựa, Sổ tay nhỏ, Nước tăng lực, Dao cạo râu, Dây sạc điện thoại, Kẹo, Kẹo, Sữa hộp, Sữa hộp",phương thanh,Da Nang City,"07, Đường Nguyễn Bá Lân, Phường Ngũ Hành Sơn",20,4.1,convenience,16.0420177,108.2419086
"Sổ tay nhỏ, Kem đánh răng, Cà phê lon, Nước tăng lực, Pin sạc, Bánh bao mini, Bánh bao mini, Bánh bao mini, Dao cạo râu, Cà phê lon, Cốc nhựa, Kẹo cao su, Kẹo cao su, Khăn ướt, Bánh quy, Nước suối, Bóng đèn LED mini",cô mười,Da Nang City,"111, Đường Ngô Trí Hòa, Phường Sơn Trà",15,3.6,convenience,16.090792,108.2338987
"Bánh quy, Sữa chua uống, Bánh bao mini, Nước ngọt, Gối cổ du lịch, Lăn khử mùi, Khẩu trang y tế, Túi nylon, Kem đánh răng, Khẩu trang y tế, Nước suối",tạp hoá,Da Nang City,"168, Đường Nguyễn Công Trứ, Phường An Hải",15,3.6,convenience,16.0674,108.2335284
"Pin sạc, Pin AA, Khoai tây chiên, Bánh mì sandwich, Kẹo cao su, Bàn chải đánh răng, Ô dù gấp, Khăn ướt, Thịt hộp, Sổ tay nhỏ, Trà đóng chai, Nước suối, Sữa chua uống",thanh thuý,Da Nang City,"130, Đường Ông Ích Đường, Phường Cẩm Lệ",10,4.3,convenience,16.0137173,108.2057967
"Khăn giấy, Bật lửa, Khẩu trang y tế, Bánh snack, Bàn chải đánh răng, Nước suối, Khẩu trang y tế, Muỗng nhựa, Trà đóng chai, Gối cổ du lịch",đông trình,Da Nang City,"25, Đường Phó Đức Chính, Phường An Hải",10,4,convenience,16.0860032,108.2405305
"Khăn ướt, Thịt hộp, Bàn chải đánh răng, Khăn giấy, Sữa chua uống, Bút bi, Sữa chua uống, Nước suối, Kem đánh răng, Kẹo, Khăn ướt, Sữa chua uống, Kẹo cao su, Khẩu trang y tế, Khẩu trang y tế, Bật lửa, Lăn khử mùi, Găng tay nilon, Pin AA",xuân hương,Da Nang City,"09, Đường Phó Đức Chính, Phường Sơn Trà",15,3.5,convenience,16.0864407,108.2408319
"Nước suối, Thịt hộp, Dầu gội, Bật lửa, Nước ngọt, Kẹo, Cà phê lon, Gối cổ du lịch, Khăn ướt, Sổ tay nhỏ, Khoai tây chiên",anh quân,Da Nang City,"331, Ngô Quyền, Phường Sơn Trà",20,3.7,convenience,16.0869208,108.2410722
"Găng tay nilon, Bút bi, Bánh snack, Túi nylon, Pin AA, Cốc nhựa, Bật lửa, Lăn khử mùi, Bánh snack, Bàn chải đánh răng, Dao cạo râu, Pin AA",hùng anh,Da Nang City,"321, Ngô Quyền, Phường Sơn Trà",15,4.4,convenience,16.0873555,108.2413454
"Bút bi, Khẩu trang y tế, Pin AA, Cà phê lon, Khăn giấy, Mì ly, Bánh snack, Bánh bao mini, Găng tay nilon, Dao cạo râu, Bàn chải đánh răng, Bánh mì sandwich",cô hồng,Da Nang City,"233, Ngô Quyền, Phường Sơn Trà",10,4.2,convenience,16.0904807,108.2427225
"Ô dù gấp, Túi nylon, Sữa chua uống, Bóng đèn LED mini, Nước tăng lực, Bánh mì sandwich, Nước suối, Lăn khử mùi, Gối cổ du lịch, Bánh mì sandwich, Bao rác, Sổ tay nhỏ, Nước tăng lực, Sữa chua uống",hoàng khánh,Da Nang City,"23, Đường Nguyễn Phan Vinh, Phường Sơn Trà",15,3.5,convenience,16.1008456,108.2504663
"Bánh bao mini, Bàn chải đánh răng, Kem đánh răng, Sữa chua uống, Mì ly, Lăn khử mùi, Kẹo cao su, Dây sạc điện thoại, Bàn chải đánh răng, Sữa hộp, Nước suối, Xà phòng tắm, Mì gói, Túi nylon",tiến,Da Nang City,"27, Đường Nguyễn Phan Vinh, Phường Sơn Trà",20,4.5,convenience,16.1007609,108.2505449
"Khăn ướt, Bánh bao mini, Dao cạo râu, Pin sạc, Pin sạc, Khăn ướt, Khẩu trang y tế, Pin sạc, Bánh quy, Găng tay nilon, Nước ngọt, Cà phê lon, Nước suối, Nước tăng lực, Dao cạo râu, Khoai tây chiên, Mì gói, Nước ngọt",Kim Anh,Da Nang City,"290, Đường Nguyễn Công Trứ, Phường An Hải",20,4.2,convenience,16.0651308,108.2410035
"Nước tăng lực, Sữa hộp, Sổ tay nhỏ, Xà phòng tắm, Lăn khử mùi, Pin sạc, Thịt hộp, Pin AA, Mì ly, Sữa hộp, Ô dù gấp, Gối cổ du lịch, Bánh bao mini, Sữa hộp, Kẹo cao su, Bút bi, Ô dù gấp, Nước suối, Ô dù gấp, Ô dù gấp",tuyết nga,Da Nang City,"296, Đường Nguyễn Công Trứ, Phường An Hải",15,3.8,convenience,16.0650773,108.2414372
"Kem đánh răng, Túi nylon, Thịt hộp, Bánh bao mini, Cà phê lon, Bút bi, Sữa chua uống, Xà phòng tắm, Xà phòng tắm, Trà đóng chai, Dao cạo râu, Khoai tây chiên",tự chọn,Da Nang City,"100, Đường Nguyễn Duy Hiệu, Phường An Hải",20,4.2,convenience,16.055776,108.2393193
"Bóng đèn LED mini, Khăn ướt, Bánh mì sandwich, Dây sạc điện thoại, Pin sạc, Bật lửa, Bao rác, Nước tăng lực, Bóng đèn LED mini, Muỗng nhựa, Khẩu trang y tế, Mì ly, Sữa hộp, Kẹo, Mì ly, Dao cạo râu, Nước ngọt",ý nhi hạnh,Da Nang City,"84, Đường Nguyễn Duy Hiệu, Phường An Hải",15,4.5,convenience,16.0556527,108.2387969
"Găng tay nilon, Bao rác, Lăn khử mùi, Mì ly, Gối cổ du lịch, Bàn chải đánh răng, Nước suối, Pin AA, Chai nước, Nước ngọt, Bánh snack, Bóng đèn LED mini, Cốc nhựa, Bật lửa, Găng tay nilon",G Mart,Da Nang City,"33, Đường Nguyễn Duy Hiệu, Phường An Hải",20,3.7,convenience,16.0555198,108.2385026
"Kẹo, Bánh bao mini, Ô dù gấp, Bật lửa, Pin sạc, Khăn giấy, Dao cạo râu, Dao cạo râu, Khoai tây chiên, Nước ngọt",vũ,Da Nang City,"26, Đường Hoàng Văn Hòe, Phường Ngũ Hành Sơn",15,4.2,convenience,16.0307499,108.2452409
"Cà phê lon, Bàn chải đánh răng, Khẩu trang y tế, Túi nylon, Kẹo cao su, Nước tăng lực, Khoai tây chiên, Dao cạo râu, Dây sạc điện thoại, Khẩu trang y tế, Nước ngọt, Khoai tây chiên, Khăn ướt",thảo,Da Nang City,"lô 53, Đường Hoàng Văn Hòe, Phường Ngũ Hành Sơn",15,3.7,convenience,16.0309904,108.2448932
"Xà phòng tắm, Sữa chua uống, Bao rác, Mì gói, Túi nylon, Pin sạc, Xà phòng tắm, Khẩu trang y tế, Khoai tây chiên, Ô dù gấp, Khăn giấy, Túi nylon, Bánh quy, Sữa hộp, Kem đánh răng, Muỗng nhựa, Bánh mì sandwich, Xà phòng tắm, Lăn khử mùi",phú quý,Da Nang City,"lô 27, Đường Bùi Tá Hán, Phường Ngũ Hành Sơn",10,4.1,convenience,16.0310248,108.2445925
"Bút bi, Kem đánh răng, Túi nylon, Bao rác, Mì gói, Chai nước, Thịt hộp, Nước ngọt, Dây sạc điện thoại, Xà phòng tắm, Bật lửa, Lăn khử mùi, Dây sạc điện thoại, Chai nước, Bật lửa, Dây sạc điện thoại, Mì ly, Trà đóng chai, Sổ tay nhỏ, Găng tay nilon",tạp hoá,Da Nang City,"57, Đường Nguyễn Đình Chiểu, Phường Ngũ Hành Sơn",10,4,convenience,16.022568,108.2464478
"Bàn chải đánh răng, Bánh quy, Lăn khử mùi, Bánh bao mini, Khoai tây chiên, Nước tăng lực, Mì gói, Bao rác, Bóng đèn LED mini, Nước suối, Pin AA, Khoai tây chiên, Bánh mì sandwich, Bánh bao mini, Sữa chua uống",quý khởi,Da Nang City,"53, Đường Nguyễn Đình Chiểu, Phường Ngũ Hành Sơn",20,4.3,convenience,16.0225422,108.2464478
"Cà phê lon, Mì ly, Bóng đèn LED mini, Dây sạc điện thoại, Khăn giấy, Bánh snack, Dao cạo râu, Bật lửa, Nước tăng lực, Chai nước, Kẹo cao su, Kẹo cao su, Bóng đèn LED mini, Nước tăng lực, Găng tay nilon",quý khởi,Da Nang City,"53, Kiệt 20 Lê Văn Hiến, Phường Ngũ Hành Sơn",15,4.4,convenience,16.0231135,108.2472759
"Thịt hộp, Sữa hộp, Bút bi, Gối cổ du lịch, Lăn khử mùi, Xà phòng tắm, Bóng đèn LED mini, Khoai tây chiên, Trà đóng chai, Khẩu trang y tế",tạp hoá,Da Nang City,"458, Đường Lê Văn Hiến, Phường Ngũ Hành Sơn",15,3.8,convenience,16.018755,108.2527055
"Bánh snack, Kẹo cao su, Sổ tay nhỏ, Pin AA, Khăn ướt, Sữa chua uống, Sổ tay nhỏ, Trà đóng chai, Muỗng nhựa, Cốc nhựa, Túi nylon, Dây sạc điện thoại, Mì gói, Khẩu trang y tế, Bàn chải đánh răng, Bật lửa, Nước ngọt",cô năm,Da Nang City,"628, Lê Văn Hiến, Phường Ngũ Hành Sơn",15,3.7,convenience,16.0065814,108.2587609
"Mì ly, Cốc nhựa, Kem đánh răng, Mì ly, Cốc nhựa, Bánh bao mini, Dây sạc điện thoại, Khoai tây chiên, Mì ly, Xà phòng tắm, Cà phê lon",phú dung,Da Nang City,"Trần Đại Nghĩa, Phường Ngũ Hành Sơn",20,3.9,convenience,15.9796171,108.2550884
"Bàn chải đánh răng, Khoai tây chiên, Gối cổ du lịch, Lăn khử mùi, Trà đóng chai, Chai nước, Bật lửa, Cà phê lon, Khoai tây chiên, Khăn giấy, Muỗng nhựa, Cốc nhựa, Chai nước, Sổ tay nhỏ",visan,Da Nang City,"65, Đường Nguyễn Văn Thoại, Phường An Hải",15,4,convenience,16.0537837,108.2382527
"Pin AA, Găng tay nilon, Cốc nhựa, Gối cổ du lịch, Bao rác, Xà phòng tắm, Pin AA, Bóng đèn LED mini, Găng tay nilon, Sữa chua uống, Găng tay nilon, Kẹo, Cà phê lon, Chai nước, Muỗng nhựa, Bóng đèn LED mini",Kim Sương,Da Nang City,"147, Đường Nguyễn Văn Thoại, Phường An Hải",10,3.8,convenience,16.0548827,108.2410433
"Trà đóng chai, Bật lửa, Kẹo cao su, Bánh quy, Thịt hộp, Xà phòng tắm, Dầu gội, Kem đánh răng, Xà phòng tắm, Dầu gội, Cốc nhựa, Bánh bao mini, Dầu gội, Khăn ướt, Kẹo, Bánh mì sandwich, Ô dù gấp, Bút bi, Thịt hộp",cô tâm,Da Nang City,"156, Đường Huyền Trân Công Chúa, Phường Ngũ Hành Sơn",15,4.3,convenience,16.0025268,108.2619085
"Túi nylon, Pin AA, Khăn giấy, Mì ly, Sổ tay nhỏ, Nước suối, Thịt hộp, Pin sạc, Thịt hộp, Cốc nhựa, Khăn giấy, Pin AA, Sổ tay nhỏ, Mì gói, Nước suối, Dây sạc điện thoại, Sổ tay nhỏ, Pin AA, Muỗng nhựa",thiện tâm,Da Nang City,"75, Đường Huyền Trân Công Chúa, Phường Ngũ Hành Sơn",10,3.9,convenience,16.0024463,108.2624058
"Ô dù gấp, Bánh bao mini, Khẩu trang y tế, Sữa hộp, Trà đóng chai, Bánh bao mini, Bút bi, Cà phê lon, Kẹo, Khăn ướt, Bánh snack, Bánh snack",long phụng,Da Nang City,"91, Đường Huyền Trân Công Chúa, Phường Ngũ Hành Sơn",15,3.7,convenience,16.002401,108.2626452
"Xà phòng tắm, Trà đóng chai, Bánh quy, Cốc nhựa, Pin sạc, Nước suối, Khăn ướt, Gối cổ du lịch, Kẹo, Sữa chua uống, Bút bi, Sữa hộp, Mì gói, Cà phê lon",hạnh,Da Nang City,"239, Lê Văn Hiến, Phường Ngũ Hành Sơn",15,3.6,convenience,16.0142433,108.2554103
"Nước tăng lực, Dây sạc điện thoại, Pin sạc, Cà phê lon, Găng tay nilon, Dầu gội, Túi nylon, Sổ tay nhỏ, Bàn chải đánh răng, Nước tăng lực, Ô dù gấp, Ô dù gấp, Bánh bao mini, Khoai tây chiên, Sữa hộp, Pin AA",thu hằng,Da Nang City,"115, Đường Lê Văn Hiến, Phường Ngũ Hành Sơn",15,4.5,convenience,16.0232321,108.2508347
"Găng tay nilon, Sổ tay nhỏ, Mì gói, Túi nylon, Mì gói, Găng tay nilon, Khăn giấy, Khẩu trang y tế, Khăn giấy, Dây sạc điện thoại, Nước ngọt, Ô dù gấp, Sổ tay nhỏ, Dầu gội, Bao rác, Dầu gội",phương thuý,Da Nang City,"117, Đường Lê Văn Hiến, Phường Ngũ Hành Sơn",10,4.3,convenience,16.0230638,108.2509421
"Xà phòng tắm, Bánh snack, Chai nước, Túi nylon, Bóng đèn LED mini, Mì gói, Nước suối, Sổ tay nhỏ, Nước tăng lực, Nước tăng lực, Dây sạc điện thoại, Kẹo cao su, Lăn khử mùi, Ô dù gấp, Kẹo, Bật lửa, Khẩu trang y tế, Bánh quy, Khoai tây chiên, Gối cổ du lịch",kiên phương,Da Nang City,"75, Đường Lê Văn Hiến, Phường Ngũ Hành Sơn",10,3.9,convenience,16.0238119,108.2505316
"Gối cổ du lịch, Sữa hộp, Kẹo, Nước suối, Cốc nhựa, Khẩu trang y tế, Bánh bao mini, Gối cổ du lịch, Chai nước, Thịt hộp, Bao rác, Mì gói",Tạp Hoá Cô Đào,Da Nang City,"31, Đường Lương Thúc Kỳ, Phường Ngũ Hành Sơn",20,3.7,convenience,16.0122882,108.2542205
"Bánh snack, Bánh snack, Dây sạc điện thoại, Cốc nhựa, Pin AA, Khăn ướt, Trà đóng chai, Lăn khử mùi, Bút bi, Pin sạc, Chai nước, Găng tay nilon, Bánh snack, Bánh quy",hello mart,Da Nang City,"93, Nguyễn Duy Trinh, Phường Ngũ Hành Sơn",10,4.1,convenience,15.9981066,108.2620479
"Khoai tây chiên, Nước tăng lực, Bao rác, Bánh bao mini, Mì ly, Găng tay nilon, Sữa hộp, Kẹo cao su, Bút bi, Mì gói, Bóng đèn LED mini, Thịt hộp",lý,Da Nang City,"313, Lê Văn Hiến, Phường Ngũ Hành Sơn",20,3.6,convenience,16.0098118,108.2571724
"Muỗng nhựa, Bánh mì sandwich, Túi nylon, Kẹo, Bánh quy, Kem đánh răng, Bóng đèn LED mini, Bánh snack, Bật lửa, Bánh snack, Khăn ướt, Bánh bao mini, Cốc nhựa, Mì gói, Dây sạc điện thoại, Kem đánh răng, Nước ngọt, Muỗng nhựa, Thịt hộp, Mì gói",cô Lóng,Da Nang City,"139, Nguyễn Duy Trinh, Phường Ngũ Hành Sơn",20,4.4,convenience,15.996607,108.2632962
"Bàn chải đánh răng, Mì ly, Lăn khử mùi, Mì gói, Kẹo, Bao rác, Khăn giấy, Cà phê lon, Túi nylon, Chai nước, Bánh bao mini, Khăn ướt, Dao cạo râu, Trà đóng chai, Kẹo, Dây sạc điện thoại, Chai nước",tự chọn,Da Nang City,"111, Đường Lê Tân Trung, Phường Sơn Trà",20,4.3,convenience,16.0958016,108.2473364
"Chai nước, Bánh mì sandwich, Xà phòng tắm, Lăn khử mùi, Pin AA, Sữa hộp, Bao rác, Sổ tay nhỏ, Pin sạc, Khoai tây chiên, Trà đóng chai, Túi nylon, Kẹo cao su, Kẹo cao su",kim chi,Da Nang City,"06, Đường Hồ Học Lãm, Phường Sơn Trà",15,4.1,convenience,16.0916048,108.2458274
"Lăn khử mùi, Kẹo, Nước ngọt, Bóng đèn LED mini, Sữa chua uống, Pin sạc, Trà đóng chai, Bánh quy, Khoai tây chiên, Sổ tay nhỏ, Bút bi, Nước ngọt, Kẹo, Thịt hộp, Dao cạo râu, Bóng đèn LED mini, Pin sạc, Nước ngọt",bồi bửu,Da Nang City,"1075, Đường Ngô Quyền, Phường An Hải",20,3.8,convenience,16.05825,108.235493
"Kem đánh răng, Bánh bao mini, Gối cổ du lịch, Găng tay nilon, Kem đánh răng, Khăn ướt, Lăn khử mùi, Bánh snack, Trà đóng chai, Nước tăng lực, Cốc nhựa, Trà đóng chai, Bóng đèn LED mini, Khoai tây chiên, Bánh snack, Thịt hộp",châu,Da Nang City,"1023, Đường Ngô Quyền, Phường An Hải",15,3.8,convenience,16.0596052,108.2350816
"Bật lửa, Muỗng nhựa, Muỗng nhựa, Nước ngọt, Kem đánh răng, Găng tay nilon, Khoai tây chiên, Bánh bao mini, Sổ tay nhỏ, Mì ly, Sổ tay nhỏ, Bút bi, Bóng đèn LED mini",trang,Da Nang City,"78, Đường Lê Tân Trung, Phường Sơn Trà",15,4.3,convenience,16.0982013,108.2483714
"Chai nước, Dầu gội, Nước tăng lực, Kẹo, Pin AA, Túi nylon, Mì gói, Khăn giấy, Lăn khử mùi, Sổ tay nhỏ, Bóng đèn LED mini, Sữa hộp, Muỗng nhựa",hoa sen,Da Nang City,"34, Đường Lê Tân Trung, Phường Sơn Trà",10,3.6,convenience,16.099128,108.2488024
"Lăn khử mùi, Sổ tay nhỏ, Thịt hộp, Kẹo cao su, Muỗng nhựa, Mì gói, Bánh mì sandwich, Sữa chua uống, Dầu gội, Thịt hộp, Gối cổ du lịch, Bánh mì sandwich, Bàn chải đánh răng, Kem đánh răng, Trà đóng chai, Nước ngọt, Bút bi, Thịt hộp",hoàng kết,Da Nang City,"16, Đường Lê Tân Trung, Phường Sơn Trà",20,4.2,convenience,16.100886,108.2497248
"Dây sạc điện thoại, Nước suối, Dây sạc điện thoại, Nước tăng lực, Dây sạc điện thoại, Khẩu trang y tế, Dầu gội, Bút bi, Dây sạc điện thoại, Nước ngọt, Trà đóng chai, Bóng đèn LED mini",trúc,Da Nang City,"145, Đường Hà Bổng, Phường An Hải",20,4,convenience,16.065618,108.2445152
"Nước suối, Bàn chải đánh răng, Nước tăng lực, Mì gói, Xà phòng tắm, Nước tăng lực, Lăn khử mùi, Bánh snack, Bánh bao mini, Nước ngọt, Nước ngọt, Khẩu trang y tế, Chai nước, Xà phòng tắm, Gối cổ du lịch, Ô dù gấp, Khoai tây chiên",chị bê,Da Nang City,"141, Đường Hà Bổng, Phường An Hải",15,4.3,convenience,16.0657534,108.2444962
"Kẹo, Cốc nhựa, Sổ tay nhỏ, Nước tăng lực, Sữa chua uống, Dầu gội, Mì gói, Kem đánh răng, Dao cạo râu, Găng tay nilon",tạp hoá,Da Nang City,"10, Nguyễn Nhàn, Phường Cẩm Lệ",10,4.1,convenience,16.0113801,108.1970793
"Dao cạo râu, Dầu gội, Nước suối, Mì ly, Sổ tay nhỏ, Trà đóng chai, Bánh quy, Cốc nhựa, Bút bi, Kẹo, Bánh mì sandwich, Túi nylon, Sổ tay nhỏ, Bật lửa",hoàng giang,Da Nang City,"49, Nguyễn Nhàn, Phường Cẩm Lệ",20,3.5,convenience,16.0114866,108.1972964
"Nước tăng lực, Ô dù gấp, Mì ly, Khẩu trang y tế, Kẹo cao su, Khăn ướt, Sữa chua uống, Kem đánh răng, Sổ tay nhỏ, Bật lửa, Gối cổ du lịch",oanh,Da Nang City,"E16, Đường Phong Bắc 16, Phường Cẩm Lệ",15,4.3,convenience,16.0112064,108.1972773
"Cốc nhựa, Pin AA, Pin sạc, Kem đánh răng, Muỗng nhựa, Mì ly, Sổ tay nhỏ, Bánh quy, Cà phê lon, Túi nylon, Nước suối, Bàn chải đánh răng, Sữa hộp, Bao rác, Bút bi, Túi nylon, Dao cạo râu, Nước tăng lực",long thuỷ,Da Nang City,"151, Đường Cách Mạng Tháng Tám, Phường Cẩm Lệ",15,4.4,convenience,16.019328,108.2097347
"Dầu gội, Chai nước, Bánh bao mini, Bánh snack, Muỗng nhựa, Trà đóng chai, Bóng đèn LED mini, Nước ngọt, Nước suối, Sữa hộp, Nước suối, Bánh bao mini, Cà phê lon, Bánh bao mini, Túi nylon, Bánh bao mini",vy,Da Nang City,"Đường Nguyễn Huy Oánh, Phường Hòa Xuân",20,4.5,convenience,16.0004069,108.2050548
"Bút bi, Dây sạc điện thoại, Khoai tây chiên, Chai nước, Dao cạo râu, Mì gói, Cốc nhựa, Dầu gội, Bánh quy, Dầu gội, Khẩu trang y tế, Thịt hộp, Bóng đèn LED mini, Nước suối",kim anh,Da Nang City,"Đường Nguyễn Khả Trạc, Phường Hòa Xuân",10,4,convenience,16.0004717,108.2053453
"Cốc nhựa, Cà phê lon, Nước ngọt, Găng tay nilon, Thịt hộp, Trà đóng chai, Cốc nhựa, Chai nước, Pin sạc, Kẹo cao su, Bút bi, Bóng đèn LED mini, Sữa chua uống, Bánh snack, Nước suối, Kẹo cao su, Sữa chua uống, Ô dù gấp, Bút bi, Bánh snack",huệ,Da Nang City,"121, Đường Lý Thiên Bảo, Phường Hòa Xuân",15,4.2,convenience,15.9981463,108.2067167
"Nước suối, Lăn khử mùi, Thịt hộp, Khoai tây chiên, Pin sạc, Bút bi, Bánh bao mini, Bóng đèn LED mini, Xà phòng tắm, Xà phòng tắm, Chai nước, Bàn chải đánh răng, Bánh quy, Nước suối, Thịt hộp, Sữa chua uống, Mì ly, Sổ tay nhỏ, Xà phòng tắm",hà vy,Da Nang City,"64, Đường Hoàng Sâm, Phường Hòa Xuân",15,4.3,convenience,16.0019245,108.206311
"Sổ tay nhỏ, Ô dù gấp, Pin AA, Bánh quy, Mì gói, Kẹo, Lăn khử mùi, Xà phòng tắm, Cốc nhựa, Pin AA, Bánh snack, Bàn chải đánh răng, Túi nylon",trường vũ,Da Nang City,"500, Đường Nguyễn Khả Trạc, Phường Hòa Xuân",20,4.5,convenience,15.9995097,108.2054834
"Khẩu trang y tế, Bút bi, Chai nước, Mì gói, Khăn ướt, Nước suối, Kem đánh răng, Dao cạo râu, Chai nước, Khăn giấy, Mì ly, Trà đóng chai, Bánh quy, Bút bi",hạnh,Da Nang City,"508, Đường Mẹ Thứ, Phường Hòa Xuân",10,4.4,convenience,15.9994698,108.2051865
"Quà lưu niệm, Hộp quà tặng, Cốc đôi, Móc khóa, Hộp quà tặng, Bánh handmade, Đồng hồ để bàn, Khăn lụa, Bánh handmade, Hộp quà tặng, Ly in hình, Đèn trang trí nhỏ, Túi đựng quà, Bình hoa nhỏ, Cốc đôi, Hộp quà tặng, Cốc đôi",Ha Ha Art in Everything,Da Nang City,"155, Trần Phú, Minh An, Phường Hội An",180,4.7,gift,15.8770382,108.3263072
"Lăn khử mùi, Bật lửa, Lăn khử mùi, Cà phê lon, Pin AA, Kẹo cao su, Nước tăng lực, Kẹo cao su, Bóng đèn LED mini, Bóng đèn LED mini, Nước tăng lực, Bánh bao mini",thọ,Da Nang City,"228, Đường Thái Thị Bôi, Phường Thanh Khê",10,3.9,convenience,16.0685413,108.1953515
"Lăn khử mùi, Nước suối, Sữa hộp, Ô dù gấp, Sữa chua uống, Bàn chải đánh răng, Cà phê lon, Bàn chải đánh răng, Khẩu trang y tế, Nước ngọt, Khẩu trang y tế, Bút bi, Bánh mì sandwich, Gối cổ du lịch, Gối cổ du lịch, Khẩu trang y tế, Chai nước, Sữa hộp",173,Da Nang City,"173, Đường Thái Thị Bôi, Phường Thanh Khê",20,4.3,convenience,16.0684935,108.196568
"Nước tăng lực, Túi nylon, Bánh quy, Kem đánh răng, Dây sạc điện thoại, Kẹo, Kem đánh răng, Kẹo cao su, Kem đánh răng, Ô dù gấp, Găng tay nilon, Mì gói",phượng,Da Nang City,"36, Đường Bình Thái 1, Phường Cẩm Lệ",15,4.2,convenience,16.0142141,108.2029787
"Khăn ướt, Dao cạo râu, Túi nylon, Cà phê lon, Bút bi, Bánh snack, Mì ly, Bánh mì sandwich, Xà phòng tắm, Bánh snack",cúc,Da Nang City,"97, Đường Bình Thái 1, Phường Cẩm Lệ",20,3.7,convenience,16.0144559,108.2020414
"Bật lửa, Sữa hộp, Nước tăng lực, Dây sạc điện thoại, Bánh quy, Bật lửa, Khoai tây chiên, Sổ tay nhỏ, Trà đóng chai, Khăn giấy, Dao cạo râu, Bánh bao mini, Cà phê lon",thanh huyền,Da Nang City,"103, Kiệt 103 Bình Thái 1, Phường Cẩm Lệ",20,3.8,convenience,16.0145256,108.2018514
"Dao cạo râu, Ô dù gấp, Nước tăng lực, Thịt hộp, Muỗng nhựa, Cốc nhựa, Nước tăng lực, Bao rác, Cốc nhựa, Sữa hộp, Muỗng nhựa, Nước tăng lực, Bánh mì sandwich",nguyên nam,Da Nang City,"637, Trường Chinh, Phường An Khê",10,3.8,convenience,16.0209549,108.1939378
"Cà phê lon, Ô dù gấp, Xà phòng tắm, Bao rác, Găng tay nilon, Kẹo cao su, Muỗng nhựa, Khăn ướt, Kẹo cao su, Mì ly, Bánh snack, Ô dù gấp, Khẩu trang y tế",xuân thu,Da Nang City,"54, Đường Trần Quang Khải, Phường Sơn Trà",20,3.8,convenience,16.105133,108.2525283
"Chai nước, Lăn khử mùi, Túi nylon, Pin sạc, Bật lửa, Khẩu trang y tế, Thịt hộp, Xà phòng tắm, Cà phê lon, Khẩu trang y tế, Khoai tây chiên, Pin AA",thanh hà,Da Nang City,"80, Đường Trần Quang Khải, Phường Sơn Trà",10,3.7,convenience,16.1046889,108.2522061
"Găng tay nilon, Kẹo, Khẩu trang y tế, Chai nước, Chai nước, Dầu gội, Bánh mì sandwich, Dầu gội, Pin AA, Nước ngọt, Khăn giấy, Khăn giấy, Thịt hộp, Kẹo cao su, Nước ngọt, Dao cạo râu",38,Da Nang City,"38, Đường Yết Kiêu, Phường Sơn Trà",15,3.6,convenience,16.1048989,108.2466669
"Chai nước, Sữa chua uống, Bật lửa, Kem đánh răng, Nước ngọt, Sổ tay nhỏ, Bật lửa, Kẹo cao su, Kẹo cao su, Bánh snack, Khẩu trang y tế",thuỷ,Da Nang City,"28, Đường Mân Quang 2, Phường Sơn Trà",15,4.2,convenience,16.104155,108.2468033
"Thịt hộp, Dầu gội, Xà phòng tắm, Cà phê lon, Bóng đèn LED mini, Bóng đèn LED mini, Bao rác, Bánh bao mini, Pin AA, Pin AA, Mì ly, Thịt hộp, Dao cạo râu, Gối cổ du lịch, Trà đóng chai, Bánh mì sandwich, Khẩu trang y tế, Muỗng nhựa",Bio Garten,Da Nang City,"115, Đường Hoàng Văn Thụ, Phường Hải Châu",10,4.5,convenience,16.0630238,108.2187558
"Nước suối, Kem đánh răng, Bàn chải đánh răng, Khẩu trang y tế, Bật lửa, Khăn giấy, Pin sạc, Kem đánh răng, Bánh bao mini, Bánh bao mini, Cà phê lon, Khăn ướt, Mì gói, Chai nước, Gối cổ du lịch, Ô dù gấp, Bút bi, Mì gói, Bánh quy",Tiến Anh,Da Nang City,Quốc lộ 14,10,4.3,convenience,15.9278386,107.53452
"Tranh giấy cuộn, Tranh sơn mài, Tượng gỗ, Tượng đá cẩm thạch, Tranh nghệ thuật dân gian, Tranh canvas, Tranh sơn dầu, Tranh acrylic, Tượng nhân vật cổ điển, Tranh chân dung, Tượng nhỏ",Phố Hội Lantern workshop,Da Nang City,"310, Nguyễn Duy Hiệu, Minh An, Phường Hội An",220,4.1,art,15.8782127,108.3369602
"Bàn chải, Giấy vệ sinh, Ngũ cốc ăn sáng, Snack, Chảo chống dính, Bột mì, Bột ngọt, Bàn chải, Nước lau sàn, Rau củ quả, Muỗng nĩa",Nobipet - Siêu Thị Thú Cưng,Da Nang City,"169, Đường Cù Chính Lan, Phường An Khê",145,4.2,supermarket,16.0641901,108.1829694
"Đường, Thớt, Chảo chống dính, Son dưỡng môi, Bàn chải, Bột mì, Sữa tắm, Bột ngọt, Nước lau sàn, Thịt heo, Nước lau sàn",AU MiniMart,Da Nang City,"Đường Lê Binh, Phường An Hải",140,4.3,supermarket,16.073743,108.2422346
"Tranh thư pháp, Tranh, Tranh, Tranh tường, Tranh thêu tay, Tượng kim loại, Tượng điêu khắc, Tranh sơn dầu, Tranh sơn dầu, Tranh nghệ thuật 3D, Tượng điêu khắc, Tranh nghệ thuật 3D, Tượng gỗ, Tượng đồng nhỏ",Sô.Va Art Hand Embroidery,Da Nang City,"111, Trần Phú, Minh An, Phường Hội An",220,4.8,art,15.8770649,108.3279435
"Bột ngọt, Son dưỡng môi, Bột giặt, Thịt heo, Rau củ quả, Khẩu trang y tế, Giấy bọc thực phẩm, Sữa tươi, Giấy bọc thực phẩm, Túi đựng rác, Nước hoa mini, Trứng gà, Kem dưỡng da, Nước lau sàn, Đĩa sứ, Mì gói, Sốt cà chua",Yến nhi thailand 2,Da Nang City,"12, Đường Nguyễn Huy Tưởng, Phường Hòa Khánh",95,3.5,supermarket,16.0556368,108.1695926
"Sữa hộp, Ô dù gấp, Sổ tay nhỏ, Cốc nhựa, Túi nylon, Dầu gội, Gối cổ du lịch, Dao cạo râu, Bao rác, Mì gói, Nước ngọt, Dao cạo râu, Pin AA, Bóng đèn LED mini, Mì gói, Cà phê lon, Khoai tây chiên, Ô dù gấp",Tạp hóa Cô Thoắt,Da Nang City,Đường tỉnh 606,20,4.3,convenience,15.8316676,107.3096694
"Tranh thư pháp, Tranh sơn dầu, Tranh màu nước, Tranh sơn mài, Tranh phong cảnh, Tranh acrylic, Tranh thêu tay, Tranh acrylic, Tranh acrylic, Tranh giấy cuộn, Mô hình nghệ thuật, Tượng gỗ, Tranh canvas, Tượng đất nung, Tranh nghệ thuật 3D, Tượng đá cẩm thạch, Tượng đá cẩm thạch, Tranh acrylic",Réhahn Gallery,Da Nang City,"7, Nguyễn Huệ, Minh An, Phường Hội An",160,4.3,art,15.8779774,108.3313287
"Kẹo cao su, Nước ngọt, Nước suối, Bút bi, Khăn ướt, Bao rác, Kẹo, Túi nylon, Bánh bao mini, Sữa chua uống, Găng tay nilon, Khăn ướt, Khăn giấy, Khăn ướt, Khăn giấy",Mini Mart,Da Nang City,"Đường An Thượng 1, Phường Ngũ Hành Sơn",15,3.7,convenience,16.0495785,108.248145
"Gạo, Trứng gà, Đĩa sứ, Ngũ cốc ăn sáng, Chảo chống dính, Son dưỡng môi, Dầu ăn, Nước rửa chén, Cá hộp, Nước trái cây, Trà túi lọc, Kem cạo râu, Kem dưỡng da, Kem dưỡng da, Snack, Sữa chua",An An Mart,Da Nang City,"193, Lý Thường Kiệt, Sơn Phong, Phường Hội An",70,4.4,supermarket,15.8837218,108.3267504
"Bàn chải đánh răng, Khoai tây chiên, Nước tăng lực, Khẩu trang y tế, Túi nylon, Bánh snack, Bao rác, Nước tăng lực, Muỗng nhựa, Xà phòng tắm, Chai nước, Sổ tay nhỏ, Ô dù gấp, Thịt hộp, Bàn chải đánh răng",tạp hóa bà mỹ,Da Nang City,"Đường Trần Phú, Phường Hải Châu",10,3.5,convenience,16.0824205,108.2225607
"Bàn chải đánh răng, Pin AA, Lăn khử mùi, Bật lửa, Trà đóng chai, Bánh snack, Cà phê lon, Nước ngọt, Túi nylon, Găng tay nilon, Muỗng nhựa, Nước ngọt, Sữa chua uống, Kẹo, Khăn ướt, Khăn giấy, Mì gói",tạp hóa bà điểm,Da Nang City,"Đường Hoàng Văn Thái, Phường Hòa Khánh",10,4,convenience,16.0559584,108.165004
"Bánh quy, Cà phê lon, Bàn chải đánh răng, Dầu gội, Cà phê lon, Khẩu trang y tế, Khẩu trang y tế, Sổ tay nhỏ, Dao cạo râu, Kem đánh răng, Dầu gội, Pin AA, Kẹo, Thịt hộp, Pin sạc, Dầu gội, Khăn giấy, Bóng đèn LED mini",TH bà lệ,Da Nang City,"Đường Thanh Thủy, Phường Hải Châu",15,4.3,convenience,16.0856675,108.2152109
"Cà phê lon, Kẹo, Bật lửa, Bánh mì sandwich, Thịt hộp, Túi nylon, Sữa hộp, Kem đánh răng, Sữa chua uống, Bánh quy, Túi nylon, Túi nylon, Bánh snack, Bật lửa, Muỗng nhựa, Bút bi, Sữa hộp",Halos Mart,Da Nang City,"71, Đường Quang Trung, Phường Hải Châu",15,4.2,convenience,16.0745297,108.2193178
"Mì gói, Nước tăng lực, Sổ tay nhỏ, Bút bi, Khẩu trang y tế, Khăn giấy, Bút bi, Khoai tây chiên, Sữa chua uống, Khăn ướt, Dao cạo râu, Thịt hộp, Gối cổ du lịch, Ô dù gấp",WinMart+,Da Nang City,"183, Đường Tô Hiệu, Phường Hòa Khánh",20,4.5,convenience,16.0641046,108.1666656
"Tranh trừu tượng, Tranh thư pháp, Tranh tường, Tượng nhỏ, Tượng điêu khắc, Tranh acrylic, Tranh nghệ thuật hiện đại, Tranh ký họa, Tranh, Tượng đất nung, Tranh thư pháp, Tranh sơn dầu, Tượng nhân vật cổ điển, Tượng nhân vật cổ điển, Tranh, Tượng đồng nhỏ, Tranh canvas, Tranh nghệ thuật hiện đại",Mũ bảo hiểm Tường Vy,Da Nang City,"Đường Nguyễn Tri Phương, Phường Thanh Khê",200,4.1,car_parts,16.0654572,108.2023548
"Bóng đèn LED mini, Cà phê lon, Muỗng nhựa, Xà phòng tắm, Xà phòng tắm, Gối cổ du lịch, Muỗng nhựa, Mì ly, Cà phê lon, Ô dù gấp",WinMart+,Da Nang City,"Đường Nguyễn Đình Tứ, Phường An Khê",10,3.8,convenience,16.0501762,108.1777821
"Lăn khử mùi, Pin AA, Pin sạc, Túi nylon, Thịt hộp, Cà phê lon, Dao cạo râu, Nước tăng lực, Sổ tay nhỏ, Bao rác, Khăn giấy, Khẩu trang y tế, Chai nước, Gối cổ du lịch, Mì ly, Dầu gội, Sữa hộp, Kẹo",WinMart+,Da Nang City,"Đường Trần Cao Vân, Phường Thanh Khê",20,3.9,convenience,16.0711243,108.1928071
"Bánh mì sandwich, Găng tay nilon, Pin AA, Mì gói, Bóng đèn LED mini, Khoai tây chiên, Lăn khử mùi, Túi nylon, Mì gói, Túi nylon, Túi nylon",VinMart,Da Nang City,"Đường Phan Đăng Lưu, Phường Cẩm Lệ",15,4.5,convenience,16.0368344,108.2094131
"Nước tăng lực, Pin sạc, Bàn chải đánh răng, Túi nylon, Bao rác, Cốc nhựa, Sổ tay nhỏ, Bóng đèn LED mini, Muỗng nhựa, Dây sạc điện thoại, Cốc nhựa, Bút bi, Pin AA, Trà đóng chai, Bánh snack",WinMart+,Da Nang City,"47, Đường Châu Thượng Văn, Phường Hòa Cường",10,3.9,convenience,16.043808,108.2205959
"Nước tăng lực, Bật lửa, Dây sạc điện thoại, Bàn chải đánh răng, Kẹo, Khoai tây chiên, Găng tay nilon, Gối cổ du lịch, Bàn chải đánh răng, Xà phòng tắm, Bút bi, Chai nước, Sữa chua uống",WinMart+,Da Nang City,"200, Đường Núi Thành, Phường Hòa Cường",20,3.8,convenience,16.0449615,108.2211658
"Kem dưỡng da, Muối, Mì gói, Nước xả vải, Sốt cà chua, Bàn chải, Bông tẩy trang, Snack, Bàn chải, Nước xả vải, Khăn giấy, Cá hộp, Khăn giấy, Nước rửa chén, Sữa tắm, Muối, Ly thủy tinh",Co.opMart,Da Nang City,"Đường Trần Nhân Tông, Phường Sơn Trà",145,3.6,supermarket,16.0944744,108.2427257
"Khẩu trang y tế, Bóng đèn LED mini, Muỗng nhựa, Mì gói, Dao cạo râu, Thịt hộp, Khẩu trang y tế, Sữa hộp, Bật lửa, Nước ngọt, Bao rác, Kem đánh răng, Nước suối, Khăn giấy, Cốc nhựa, Bánh snack, Nước tăng lực, Cà phê lon, Bao rác",WinMart+,Da Nang City,"74, Đường Hàm Nghi, Phường Thanh Khê",15,3.8,convenience,16.0622431,108.2106674
"Bông tẩy trang, Túi đựng rác, Snack, Son dưỡng môi, Túi đựng rác, Túi đựng rác, Sốt cà chua, Ngũ cốc ăn sáng, Nước mắm, Bột giặt, Bột mì, Cà phê hòa tan, Chảo chống dính, Cà phê hòa tan, Bàn chải, Kem cạo râu, Sốt cà chua, Nước rửa chén",Supermarché,Da Nang City,"Nguyễn Tất Thành, Tân An, Phường Hội An Tây",160,3.9,supermarket,15.8915126,108.3131361
"Nước rửa chén, Ngũ cốc ăn sáng, Giấy bọc thực phẩm, Ngũ cốc ăn sáng, Bàn chải, Bột ngọt, Son dưỡng môi, Nước mắm, Bông tẩy trang, Dao bếp, Dầu gội, Nước hoa mini, Ngũ cốc ăn sáng, Sữa chua, Nước hoa mini, Thịt heo, Khay nhựa, Ngũ cốc ăn sáng",WinMart+,Da Nang City,"17, Hoàng Diệu, Minh An, Phường Hội An",145,3.5,supermarket,15.8736324,108.3330591
"Kem đánh răng, Dầu gội, Ô dù gấp, Túi nylon, Pin AA, Cốc nhựa, Mì ly, Xà phòng tắm, Bánh mì sandwich, Sữa hộp",VinMart+,Da Nang City,"53, Đinh Tiên Hoàng, Tân An, Phường Hội An Tây",20,4.1,convenience,15.8853922,108.3290244
"Khăn ướt, Bóng đèn LED mini, Khăn ướt, Bàn chải đánh răng, Cốc nhựa, Cà phê lon, Mì ly, Bút bi, Bút bi, Khăn ướt, Dây sạc điện thoại, Khăn giấy, Mì ly, Muỗng nhựa, Bóng đèn LED mini",WinMart+,Da Nang City,"28, Đường Phan Châu Trinh, Phường Hải Châu",10,4.5,convenience,16.0680849,108.2202281
"Dao cạo râu, Chai nước, Nước ngọt, Khẩu trang y tế, Túi nylon, Bàn chải đánh răng, Trà đóng chai, Muỗng nhựa, Khăn giấy, Sữa chua uống, Bàn chải đánh răng, Nước ngọt, Lăn khử mùi",Chị Ánh,Da Nang City,"Đường Kha Vạng Cân, Phường Hòa Xuân",20,3.5,convenience,15.9921946,108.2032473
"Kẹo, Xà phòng tắm, Khoai tây chiên, Kem đánh răng, Túi nylon, Bánh mì sandwich, Sữa hộp, Dầu gội, Gối cổ du lịch, Sữa chua uống, Khăn giấy, Chai nước, Dầu gội, Bánh mì sandwich, Chai nước, Bánh quy, Túi nylon",Vinh Mart,Da Nang City,"Đường Lê Đình Lý, Phường Thanh Khê",10,4,convenience,16.0530105,108.2108228
"Cốc nhựa, Khăn giấy, Cà phê lon, Chai nước, Dao cạo râu, Bánh snack, Sữa chua uống, Khẩu trang y tế, Sữa hộp, Sữa chua uống, Gối cổ du lịch, Kẹo cao su, Cà phê lon, Bánh mì sandwich",WinMart+,Da Nang City,"Đường 3 Tháng 2, Phường Hải Châu",15,4.1,convenience,16.0826984,108.2219101
"Kem đánh răng, Bóng đèn LED mini, Cốc nhựa, Bao rác, Nước ngọt, Cà phê lon, Găng tay nilon, Cốc nhựa, Túi nylon, Khăn giấy, Túi nylon, Pin sạc",WinMart+,Da Nang City,"Đường Đống Đa, Phường Hải Châu",15,4.1,convenience,16.0771707,108.2162468
"Sữa hộp, Bánh bao mini, Bút bi, Nước suối, Kẹo cao su, Dao cạo râu, Lăn khử mùi, Găng tay nilon, Ô dù gấp, Sổ tay nhỏ, Lăn khử mùi, Bút bi, Sổ tay nhỏ, Khăn giấy, Sổ tay nhỏ, Bóng đèn LED mini",Tap Hoa Long Minimart,Da Nang City,"Đường Nguyễn Phan Vinh, Phường Hội An Tây",10,3.8,convenience,15.9139078,108.336476
"Đèn trang trí nhỏ, Nến thơm, Gấu bông mini, Bút ký cao cấp, Móc khóa, Bưu thiếp, Bình hoa nhỏ, Túi đựng quà, Đồng hồ để bàn, Khung ảnh, Tượng nhỏ, Móc khóa đôi",Non La,Da Nang City,"Đường Xuân Diệu, Phường Hải Châu",240,4.5,gift,16.0857055,108.2194606
"Lăn khử mùi, Xà phòng tắm, Mì ly, Mì gói, Muỗng nhựa, Kem đánh răng, Khoai tây chiên, Dầu gội, Trà đóng chai, Nước suối, Nước tăng lực, Ô dù gấp, Dây sạc điện thoại, Khẩu trang y tế, Bánh quy, Nước suối",K-mart,Da Nang City,"Đường Bạch Đằng, Phường Hải Châu",20,3.9,convenience,16.0688535,108.2249298
"Tranh màu nước, Tranh nghệ thuật hiện đại, Tranh màu nước, Tranh tường, Tượng điêu khắc, Tranh sơn mài, Tượng kim loại, Tranh nghệ thuật hiện đại, Tượng đồng nhỏ, Tượng gỗ, Tượng đồng nhỏ",Lợi,Da Nang City,"Đường Yên Bái, Phường Hải Châu",250,4.5,car_parts,16.065788,108.2225772
"Sữa tươi, Giấy vệ sinh, Nước xả vải, Ly thủy tinh, Thớt, Túi đựng rác, Đường, Nước mắm, Dao bếp, Giấy vệ sinh, Túi đựng rác, Trà túi lọc, Sữa tắm, Khay nhựa, Khay nhựa, Khẩu trang y tế, Khay nhựa, Dầu gội, Thớt",Châu Á Mart,Da Nang City,"Đường Trần Phú, Phường Hải Châu",90,4.5,supermarket,16.0690149,108.2238657
"Tượng kim loại, Tượng đất nung, Tranh nghệ thuật dân gian, Tượng nhân vật cổ điển, Tượng kim loại, Tượng kim loại, Tranh sơn mài, Tượng điêu khắc, Tượng điêu khắc, Tranh phong cảnh, Tranh acrylic, Tượng nhân vật cổ điển, Tranh ký họa, Tranh nghệ thuật 3D, Tranh nghệ thuật dân gian, Mô hình nghệ thuật, Tranh giấy cuộn, Tranh thêu tay",Hương Việt Nam,Da Nang City,"Đường Trần Phú, Phường Hải Châu",260,4.1,art,16.0691477,108.2240885
"Dao cạo râu, Chai nước, Chai nước, Khăn giấy, Gối cổ du lịch, Khăn giấy, Bánh snack, Dao cạo râu, Mì gói, Gối cổ du lịch, Khăn giấy, Túi nylon, Xà phòng tắm, Pin sạc",Mini Mart,Da Nang City,"Trần Hưng Đạo, Cẩm Phô, Phường Hội An",10,3.8,convenience,15.8799123,108.3246024
"Bánh snack, Gối cổ du lịch, Khẩu trang y tế, Kem đánh răng, Kẹo cao su, Bút bi, Dầu gội, Xà phòng tắm, Cà phê lon, Bánh snack, Kẹo cao su",VinMart+,Da Nang City,"121, Trần Hưng Đạo, Cẩm Phô, Phường Hội An",10,4.3,convenience,15.8799168,108.3257484
"Kem dưỡng da, Nước rửa chén, Cá hộp, Đường, Sữa tươi, Bông tẩy trang, Chảo chống dính, Bột ngọt, Bột ngọt, Nước lau sàn, Kem dưỡng da, Dao bếp, Kem dưỡng da, Nước mắm, Khay nhựa, Ly thủy tinh",Moon Milk supermarket,Da Nang City,"Bà Triệu, Cẩm Phô, Phường Hội An",100,4.1,supermarket,15.880361,108.3266325
"Bánh snack, Kẹo, Ô dù gấp, Khăn ướt, Sữa hộp, Bút bi, Kem đánh răng, Bút bi, Khăn giấy, Khoai tây chiên, Pin sạc, Mì gói, Nước ngọt",WinMart+,Da Nang City,"Đường Hải Phòng, Phường Thanh Khê",10,4.1,convenience,16.0711636,108.2107451
"Ly in hình, Khăn lụa, Chậu cây mini, Cốc đôi, Khung ảnh, Túi đựng quà, Khung ảnh, Quà lưu niệm, Đồng hồ để bàn, Gối in hình, Túi đựng quà, Cốc đôi, Ly in hình, Gấu bông mini, Khung ảnh LED, Thiệp chúc mừng, Tranh mini, Tượng nhỏ",Ceramics and lanterns,Da Nang City,"Bạch Đằng, Minh An, Phường Hội An",190,4.1,gift,15.8766001,108.3325382
"Tượng đất nung, Tranh chân dung, Tượng kim loại, Tranh thư pháp, Tranh canvas, Tranh màu nước, Tranh acrylic, Tranh nghệ thuật hiện đại, Tranh nghệ thuật 3D, Tranh acrylic, Mô hình nghệ thuật, Tượng đồng nhỏ, Tranh trừu tượng, Tranh nghệ thuật 3D",The Lantern Lady,Da Nang City,"Huyền Trân Công Chúa, Minh An, Phường Hội An",140,4.6,art,15.8768911,108.3354847
"Lăn khử mùi, Bao rác, Pin sạc, Khăn giấy, Bánh snack, Khăn ướt, Cốc nhựa, Bánh bao mini, Pin sạc, Cà phê lon, Bàn chải đánh răng, Pin AA",WinMart+,Da Nang City,"Lê Hồng Phong, Tân An, Phường Hội An Tây",20,3.8,convenience,15.8885105,108.3226657
"Nước hoa mini, Son dưỡng môi, Muỗng nĩa, Trà túi lọc, Ngũ cốc ăn sáng, Ly thủy tinh, Bàn chải, Bông tẩy trang, Nước xả vải, Nước tương, Chảo chống dính, Giấy bọc thực phẩm, Đĩa sứ, Sữa tắm, Nước xả vải, Sữa tắm, Giấy vệ sinh",Fishmarket Dit Hai,Da Nang City,"Âu Cơ, Cửa Đại, Phường Hội An Đông",60,4.5,supermarket,15.86667,108.3871895
"Khăn lụa, Khăn lụa, Bình hoa nhỏ, Nến thơm, Gấu bông mini, Chậu cây mini, Túi đựng quà, Quà lưu niệm, Thiệp chúc mừng, Tượng nhỏ, Bình hoa nhỏ, Đồng hồ để bàn",노니판매점,Da Nang City,"Đường Trần Nhân Tông, Phường Sơn Trà",90,4.3,gift,16.0894666,108.2394816
"Bút ký cao cấp, Móc khóa, Bưu thiếp, Hộp quà tặng, Sổ tay dễ thương, Túi đựng quà, Gối in hình, Móc khóa đôi, Tượng nhỏ, Bưu thiếp, Chậu cây mini, Móc khóa đôi, Đồ thủ công, Bút ký cao cấp, Đồng hồ để bàn, Bút ký cao cấp, Cốc đôi, Sổ tay dễ thương, Thiệp chúc mừng, Bút ký cao cấp",Gio coffee,Da Nang City,"Đường Lê Văn Quý, Phường An Hải",160,4.2,gift,16.0692623,108.2376088
"Muỗng nĩa, Ngũ cốc ăn sáng, Khăn giấy, Nước hoa mini, Đĩa sứ, Bông tẩy trang, Nước xả vải, Kem cạo râu, Cá hộp, Bông tẩy trang, Thớt, Snack, Sữa tươi, Khăn giấy, Son dưỡng môi, Túi đựng rác, Sốt cà chua, Trứng gà, Trà túi lọc, Thớt",Điện Nước Bốn Phương,Da Nang City,"40, Đường Hùng Vương",150,3.9,supermarket,15.840198,108.2823184
"Cà phê hòa tan, Nước xả vải, Bàn chải, Bông tẩy trang, Khẩu trang y tế, Nước hoa mini, Bông tẩy trang, Đường, Bột giặt, Trứng gà",Thế Giới Sữa 2,Da Nang City,Quốc lộ 14H,85,3.7,supermarket,15.8249018,108.2311258
"Thịt heo, Sữa chua, Khăn giấy, Muối, Bột ngọt, Dao bếp, Cá hộp, Dầu gội, Rau củ quả, Nước lau sàn, Bột mì, Rau củ quả, Rau củ quả, Ngũ cốc ăn sáng, Kem dưỡng da, Bột giặt, Khăn giấy",CO SAU,Da Nang City,Đường tỉnh 614,30,3.8,supermarket,15.6172811,108.2216463
"Kem cạo râu, Sữa chua, Son dưỡng môi, Dao bếp, Nước rửa chén, Khay nhựa, Đường, Muỗng nĩa, Son dưỡng môi, Thịt heo",Tạp hoá Hoàng Tồn,Da Nang City,Đường tỉnh 614,60,4.2,supermarket,15.6004562,108.2346228
"Túi đựng quà, Ly in hình, Túi đựng quà, Bình hoa nhỏ, Nến thơm, Bình hoa nhỏ, Đồ thủ công, Ly in hình, Cốc đôi, Gối in hình, Bình giữ nhiệt, Bưu thiếp, Móc khóa",Viet Nam's Delights,Da Nang City,"Đường Lối vào Ga đến, Phường Hòa Cường",230,4.9,gift,16.0529455,108.2025036
"Thiệp chúc mừng, Thiệp chúc mừng, Ly in hình, Đồ thủ công, Cốc đôi, Móc khóa, Chậu cây mini, Sổ tay dễ thương, Bưu thiếp, Bưu thiếp, Thiệp chúc mừng, Khung ảnh LED, Gối in hình, Móc khóa, Bình giữ nhiệt, Túi đựng quà, Sổ tay dễ thương, Bánh handmade, Gối in hình, Bưu thiếp",Lucky Gift Shop,Da Nang City,"Đường Lối vào Ga đến, Phường Hòa Cường",200,4.8,gift,16.0534787,108.2030176
"Pin AA, Găng tay nilon, Trà đóng chai, Thịt hộp, Khoai tây chiên, Bật lửa, Khẩu trang y tế, Bánh mì sandwich, Khẩu trang y tế, Sữa hộp, Khăn ướt",Sinh Tố - Nước Ép,Da Nang City,"Đường Lối vào Ga đến, Phường Hòa Cường",10,4.2,convenience,16.0532531,108.2024555
"Rau củ quả, Nước lau sàn, Sữa tươi, Nước tương, Cá hộp, Gạo, Sữa tắm, Cá hộp, Ngũ cốc ăn sáng, Bột ngọt, Khay nhựa",Winmart,Da Nang City,"Đường Trần Thủ Độ, Phường Điện Bàn Đông",130,3.6,supermarket,15.9323352,108.2546513
"Đồng hồ để bàn, Tranh mini, Tượng nhỏ, Khung ảnh LED, Bình hoa nhỏ, Ly in hình, Móc khóa đôi, Sổ tay dễ thương, Tranh mini, Khung ảnh, Hộp quà tặng, Bánh handmade",Lưu Niệm - Đặc Sản,Da Nang City,"Đường Lối vào Ga đến, Phường Hòa Cường",220,4.9,gift,16.0526636,108.2025317
"Bưu thiếp, Thiệp chúc mừng, Gấu bông mini, Bình giữ nhiệt, Móc khóa, Khung ảnh LED, Móc khóa, Cốc đôi, Sổ tay dễ thương, Khung ảnh, Bình giữ nhiệt, Bình giữ nhiệt, Ly in hình, Khung ảnh, Gấu bông mini, Tranh mini, Cốc đôi, Gối in hình",Smile Souvenir Shop,Da Nang City,"Đường Lối vào Ga đến, Phường Hòa Cường",220,4.4,gift,16.0525539,108.2025402
"Túi đựng quà, Khung ảnh, Hộp quà tặng, Bút ký cao cấp, Bút ký cao cấp, Khăn lụa, Gối in hình, Đèn trang trí nhỏ, Ly in hình, Gấu bông mini, Sổ tay dễ thương, Móc khóa đôi, Hộp quà tặng, Quà lưu niệm, Tượng nhỏ, Thiệp chúc mừng",Sunday in Hoi An,Da Nang City,"Trần Phú, Minh An, Phường Hội An",130,4.5,gift,15.8771753,108.3262871
"Nước hoa mini, Sốt cà chua, Nước lau sàn, Thớt, Dầu ăn, Sữa tắm, Nước trái cây, Nước rửa chén, Thịt heo, Kem dưỡng da, Sữa tắm, Nước mắm, Bơ thực vật, Ngũ cốc ăn sáng, Nước tương, Ngũ cốc ăn sáng, Dao bếp",WinMart,Da Nang City,"Đường Hồ Xuân Hương, Phường Ngũ Hành Sơn",180,3.9,supermarket,16.0396159,108.2456166
"Bánh mì sandwich, Sữa hộp, Xà phòng tắm, Bánh snack, Nước suối, Cốc nhựa, Kẹo cao su, Bàn chải đánh răng, Bao rác, Pin sạc, Bật lửa, Mì gói, Bút bi, Bánh bao mini, Bánh quy, Pin AA",VinMart+,Da Nang City,"Nguyễn Duy Hiệu, Cẩm Châu, Phường Hội An Đông",15,4.3,convenience,15.881719,108.3489589
"Tranh mini, Gối in hình, Khăn lụa, Bình hoa nhỏ, Quà lưu niệm, Nến thơm, Bánh handmade, Túi đựng quà, Hộp quà tặng, Bình giữ nhiệt, Bưu thiếp, Tượng nhỏ, Bút ký cao cấp",Hart,Da Nang City,"Nguyễn Thái Học, Minh An, Phường Hội An",70,4.4,gift,15.8765176,108.3297751
"Bình hoa nhỏ, Bút ký cao cấp, Chậu cây mini, Cốc đôi, Bình hoa nhỏ, Móc khóa, Gấu bông mini, Tượng nhỏ, Khung ảnh, Móc khóa đôi, Khăn lụa, Bình hoa nhỏ",722 Hai Bà Trưng,Da Nang City,"722, Hai Bà Trưng, Cẩm Phô, Phường Hội An",60,4.7,gift,15.8782134,108.3266893
"Tranh sơn mài, Tượng nhỏ, Tượng kim loại, Mô hình nghệ thuật, Tranh đương đại, Tranh thêu tay, Tranh thư pháp, Tượng nhỏ, Tượng gỗ, Tranh đương đại, Tranh sơn mài, Tượng đất nung, Tranh phong cảnh, Tượng kim loại, Tranh đương đại, Tranh thêu tay, Tranh tường, Tranh giấy cuộn, Tượng điêu khắc, Tranh",Old propaganda posters,Da Nang City,"Nguyễn Thị Minh Khai, Cẩm Phô, Phường Hội An",130,4.6,art,15.8773577,108.3250026
"Ô dù gấp, Kẹo, Dầu gội, Xà phòng tắm, Kẹo, Túi nylon, Khoai tây chiên, Dầu gội, Dao cạo râu, Thịt hộp, Bánh mì sandwich, Khăn ướt",Cửa Hàng Tạp Hóa Xuân Lê,Da Nang City,"Lê Thánh Tông, Cẩm Châu, Phường Hội An Đông",20,4.1,convenience,15.8831584,108.3504526
"Dây sạc điện thoại, Kem đánh răng, Bánh mì sandwich, Pin AA, Mì ly, Khẩu trang y tế, Kem đánh răng, Lăn khử mùi, Thịt hộp, Xà phòng tắm, Cà phê lon, Ô dù gấp, Muỗng nhựa, Pin AA, Bánh bao mini, Nước ngọt, Khẩu trang y tế, Bật lửa",WinMart+,Da Nang City,"91, Đường Châu Thị Vĩnh Tế, Phường Ngũ Hành Sơn",15,4.5,convenience,16.0498525,108.2407245
"Bưu thiếp, Bánh handmade, Móc khóa đôi, Túi đựng quà, Bưu thiếp, Chậu cây mini, Sổ tay dễ thương, Gấu bông mini, Đồ thủ công, Móc khóa đôi, Khăn lụa, Móc khóa đôi, Túi đựng quà, Hộp quà tặng, Sổ tay dễ thương, Bưu thiếp, Bưu thiếp",Tam Kim,Da Nang City,"Trần Quý Cáp, Minh An, Phường Hội An",80,5,gift,15.8766099,108.3311631
"Khăn lụa, Đồ thủ công, Đèn trang trí nhỏ, Hộp quà tặng, Quà lưu niệm, Quà lưu niệm, Nến thơm, Đèn trang trí nhỏ, Gấu bông mini, Ly in hình, Ly in hình, Bưu thiếp, Gối in hình, Bưu thiếp",The Coffee Souvenir Shop,Da Nang City,"Hai Bà Trưng, Cẩm Phô, Phường Hội An",230,4.2,gift,15.8782195,108.3268152
"Sổ tay nhỏ, Nước tăng lực, Trà đóng chai, Túi nylon, Dao cạo râu, Pin AA, Ô dù gấp, Gối cổ du lịch, Lăn khử mùi, Trà đóng chai, Xà phòng tắm, Gối cổ du lịch, Nước ngọt, Dây sạc điện thoại, Bánh snack, Găng tay nilon, Cốc nhựa",D&T-Market,Da Nang City,"221, Đường Nguyễn Văn Thoại, Phường An Hải",15,3.8,convenience,16.0558454,108.2444345
"Bật lửa, Ô dù gấp, Lăn khử mùi, Muỗng nhựa, Mì ly, Sữa chua uống, Kẹo cao su, Túi nylon, Dao cạo râu, Muỗng nhựa, Túi nylon, Trà đóng chai, Khẩu trang y tế, Bóng đèn LED mini, Cà phê lon, Mì gói",WinMart+,Da Nang City,"Đường Lê Đình Dương, Phường Hải Châu",20,3.7,convenience,16.0614004,108.220959
"Thịt hộp, Bánh mì sandwich, Trà đóng chai, Nước ngọt, Cốc nhựa, Bánh quy, Kẹo cao su, Bật lửa, Khăn ướt, Kem đánh răng, Sữa chua uống, Bánh snack, Bàn chải đánh răng, Bóng đèn LED mini",WinMart+,Da Nang City,"Đường Huyền Trân Công Chúa, Phường Ngũ Hành Sơn",20,4.3,convenience,16.0020528,108.2629787
"Muỗng nhựa, Mì ly, Túi nylon, Bật lửa, Sữa hộp, Khẩu trang y tế, Lăn khử mùi, Bánh bao mini, Nước suối, Sữa chua uống, Sổ tay nhỏ, Pin AA",Anh Thư - Mini Mart,Da Nang City,"Lê Hồng Phong, Tân An, Phường Hội An Tây",20,4.4,convenience,15.8882438,108.3224903
"Cà phê hòa tan, Kem dưỡng da, Bột giặt, Túi đựng rác, Sốt cà chua, Ly thủy tinh, Rau củ quả, Bông tẩy trang, Nước rửa chén, Mì gói, Trà túi lọc, Nước xả vải, Nước xả vải, Nước tương, Giấy bọc thực phẩm, Gạo, Gạo",WinMart+,Da Nang City,"Nguyễn Tất Thành, Tân An, Phường Hội An Tây",50,4.5,supermarket,15.8912714,108.3137122
"Sổ tay dễ thương, Chậu cây mini, Quà lưu niệm, Móc khóa đôi, Nến thơm, Bình giữ nhiệt, Khung ảnh LED, Khung ảnh, Đồng hồ để bàn, Bình giữ nhiệt, Khăn lụa, Bình giữ nhiệt, Khăn lụa, Bưu thiếp",Lucky Souvenir Shop,Da Nang City,"Đường Lối vào Ga đến, Phường Hòa Cường",300,5,gift,16.0523076,108.202787
"Bánh quy, Kem đánh răng, Bánh quy, Bàn chải đánh răng, Kẹo, Dao cạo râu, Khăn giấy, Chai nước, Muỗng nhựa, Trà đóng chai, Bánh mì sandwich, Kem đánh răng, Cà phê lon, Khẩu trang y tế, Lăn khử mùi, Nước suối, Gối cổ du lịch, Xà phòng tắm",WinMart+,Da Nang City,"Đường Ngô Quyền, Phường An Hải",15,4.3,convenience,16.0619909,108.2345102
"Bóng đèn LED mini, Mì gói, Bút bi, Nước ngọt, Bánh bao mini, Khẩu trang y tế, Sữa hộp, Khăn ướt, Kem đánh răng, Chai nước, Bánh quy, Nước tăng lực, Sữa chua uống, Mì gói, Kẹo, Dầu gội, Bánh mì sandwich, Găng tay nilon",Hữu Nghị Mart,Da Nang City,"01, Nguyễn Thị Minh Khai, Cẩm Phô, Phường Hội An",10,4.5,convenience,15.8770688,108.325918
"Tượng đá cẩm thạch, Tượng đồng nhỏ, Tượng điêu khắc, Tượng đồng nhỏ, Tượng đá cẩm thạch, Tranh nghệ thuật hiện đại, Tranh nghệ thuật hiện đại, Tranh canvas, Tranh thư pháp, Mô hình nghệ thuật, Tượng điêu khắc",Thy Ly Art Gallery,Da Nang City,"03, Nguyễn Thị Minh Khai, Cẩm Phô, Phường Hội An",280,4.5,art,15.8770646,108.3258465
"Nước suối, Lăn khử mùi, Bao rác, Ô dù gấp, Túi nylon, Pin sạc, Khăn ướt, Mì gói, Bóng đèn LED mini, Gối cổ du lịch, Dao cạo râu, Bánh snack, Khoai tây chiên, Trà đóng chai, Bánh bao mini, Bàn chải đánh răng, Bật lửa, Khoai tây chiên",Minimart,Da Nang City,"Đường Nguyễn Phan Vinh, Phường Hội An Tây",20,4.1,convenience,15.913633,108.3391832
"Kem dưỡng da, Nước rửa chén, Cá hộp, Sữa tắm, Sữa tắm, Đường, Thớt, Kem dưỡng da, Chảo chống dính, Cá hộp, Nước lau sàn, Giấy vệ sinh, Bột giặt, Đường, Bơ thực vật, Bơ thực vật, Muỗng nĩa, Đĩa sứ",Siêu thị Bony,Da Nang City,"Đường A-02, Phường Hải Vân",145,3.8,supermarket,16.1032212,108.120006
"Khay nhựa, Thớt, Sữa tắm, Nước hoa mini, Kem dưỡng da, Ngũ cốc ăn sáng, Bột giặt, Snack, Cá hộp, Nước mắm, Bàn chải, Sữa tắm, Muối, Nước mắm, Giấy bọc thực phẩm, Đĩa sứ",Mr. Thông,Da Nang City,"Huyen Tran Cong Chua, Cẩm Châu, Phường Hội An Đông",155,3.8,supermarket,15.8756047,108.3448514
"Trà đóng chai, Bánh bao mini, Dao cạo râu, Bút bi, Khẩu trang y tế, Khăn giấy, Mì ly, Nước ngọt, Bánh snack, Gối cổ du lịch, Bánh snack",MOONMILK Sơn Trà Đà Nẵng,Da Nang City,"116, Đường Hồ Nghinh, Phường An Hải",15,4.1,convenience,16.0740002,108.2428421
"Cà phê lon, Bàn chải đánh răng, Bánh snack, Sữa chua uống, Cốc nhựa, Bánh snack, Gối cổ du lịch, Nước ngọt, Bao rác, Gối cổ du lịch, Pin sạc, Pin sạc",DT MARKET 24/7,Da Nang City,"1, Đường Võ Nghĩa, Phường An Hải",20,4.4,convenience,16.0754343,108.2443502
"Bàn chải, Đường, Khăn giấy, Nước tương, Chảo chống dính, Bột giặt, Rau củ quả, Mì gói, Nước tương, Bông tẩy trang, Dầu gội, Nước lau sàn, Sữa tắm, Kem dưỡng da, Túi đựng rác, Chảo chống dính, Rau củ quả, Đĩa sứ",Xanh Xanh,Da Nang City,"Cửa Đại, Cẩm Châu, Phường Hội An",35,4.4,supermarket,15.8794167,108.3357998
"Chảo chống dính, Bông tẩy trang, Thịt heo, Trứng gà, Giấy bọc thực phẩm, Bông tẩy trang, Trứng gà, Sữa chua, Dầu ăn, Đường, Snack, Rau củ quả",Moonmilk,Da Nang City,"Đường Hồ Nghinh, Phường An Hải",60,4.2,supermarket,16.074045,108.242768
"Khẩu trang y tế, Son dưỡng môi, Dao bếp, Kem dưỡng da, Cá hộp, Snack, Nước tương, Dao bếp, Cà phê hòa tan, Giấy vệ sinh, Dầu gội",A-Market,Da Nang City,"Đường Võ Nguyên Giáp, Phường An Hải",135,4.1,supermarket,16.0723744,108.2448534
"Muỗng nhựa, Khăn ướt, Khăn giấy, Nước tăng lực, Khăn giấy, Bật lửa, Khăn ướt, Dao cạo râu, Mì gói, Xà phòng tắm, Bóng đèn LED mini, Bánh quy, Bút bi, Găng tay nilon, Nước tăng lực",Good Mart,Da Nang City,"Đường An Thượng 30, Phường Ngũ Hành Sơn",15,4.1,convenience,16.0512884,108.2467315
"Găng tay nilon, Chai nước, Mì gói, Sữa hộp, Bánh bao mini, Bánh mì sandwich, Sữa hộp, Trà đóng chai, Khăn ướt, Pin sạc, Lăn khử mùi, Gối cổ du lịch, Chai nước, Găng tay nilon, Dây sạc điện thoại, Kẹo, Bánh quy, Trà đóng chai, Khoai tây chiên",Happy Mart,Da Nang City,"Đường Phan Tôn, Phường Ngũ Hành Sơn",15,3.6,convenience,16.0521826,108.2445319
"Kem đánh răng, Sữa hộp, Trà đóng chai, Bánh mì sandwich, Khăn giấy, Khăn ướt, Kẹo, Muỗng nhựa, Bóng đèn LED mini, Mì gói, Khẩu trang y tế, Nước ngọt, Khẩu trang y tế, Gối cổ du lịch, Bút bi, Bật lửa, Lăn khử mùi, Sữa chua uống, Kẹo",Full - Market,Da Nang City,"Đường Lê Quang Đạo, Phường Ngũ Hành Sơn",15,4,convenience,16.0525733,108.2448675
"Sữa hộp, Trà đóng chai, Gối cổ du lịch, Gối cổ du lịch, Lăn khử mùi, Găng tay nilon, Sữa hộp, Xà phòng tắm, Khoai tây chiên, Cốc nhựa, Mì gói, Pin AA, Kẹo cao su, Bao rác, Kem đánh răng, Dây sạc điện thoại",Full-Market,Da Nang City,"Đường Lê Quang Đạo, Phường Ngũ Hành Sơn",10,4.3,convenience,16.0513243,108.2452827
"Dao cạo râu, Dao cạo râu, Khăn ướt, Kem đánh răng, Pin sạc, Bánh mì sandwich, Dây sạc điện thoại, Trà đóng chai, Dây sạc điện thoại, Khăn giấy, Bánh mì sandwich, Bàn chải đánh răng, Sữa chua uống, Mì ly, Nước suối, Dây sạc điện thoại, Khăn giấy, Khăn ướt, Dao cạo râu",WinMart+,Da Nang City,"Đường Nguyễn Văn Thoại, Phường An Hải",20,3.8,convenience,16.0547517,108.2405818
"Khăn giấy, Khoai tây chiên, Khăn giấy, Túi nylon, Kẹo, Mì ly, Sữa hộp, Kem đánh răng, Mì ly, Thịt hộp, Lăn khử mùi, Pin sạc, Nước suối, Thịt hộp",TT Mart,Da Nang City,"Đường Nguyễn Văn Thoại, Phường An Hải",20,4,convenience,16.0548316,108.2408633
"Kẹo, Bánh bao mini, Xà phòng tắm, Dao cạo râu, Dao cạo râu, Bút bi, Bao rác, Nước tăng lực, Bánh snack, Dầu gội, Nước ngọt, Khoai tây chiên, Bàn chải đánh răng, Nước suối, Mì gói, Trà đóng chai, Xà phòng tắm",An Nam,Da Nang City,"Đường Mai Thúc Lân, Phường Ngũ Hành Sơn",20,3.9,convenience,16.0547286,108.2413749
"Khẩu trang y tế, Sữa tươi, Khay nhựa, Son dưỡng môi, Giấy bọc thực phẩm, Sữa chua, Ngũ cốc ăn sáng, Gạo, Dầu gội, Trà túi lọc",Quamientrung,Da Nang City,"Đường Võ Văn Kiệt, Phường An Hải",115,3.5,supermarket,16.0615508,108.23668
"Nước lau sàn, Đĩa sứ, Bàn chải, Trà túi lọc, Bàn chải, Nước trái cây, Bột ngọt, Son dưỡng môi, Kem dưỡng da, Thịt heo",Huong Da,Da Nang City,"Đường Hồ Nghinh, Phường An Hải",100,4.3,supermarket,16.0636411,108.2431009
"Bánh quy, Mì gói, Trà đóng chai, Pin AA, Khăn ướt, Bút bi, Mì gói, Pin AA, Bút bi, Nước ngọt, Khoai tây chiên, Nước ngọt, Sổ tay nhỏ, Bóng đèn LED mini, Gối cổ du lịch, Nước tăng lực, Bánh snack, Khẩu trang y tế",Q-Mart,Da Nang City,"Kiệt 211 Đường Nguyễn Văn Thoại, Phường An Hải",20,3.7,convenience,16.0557698,108.2442029
"Dây sạc điện thoại, Cốc nhựa, Chai nước, Muỗng nhựa, Bánh bao mini, Nước ngọt, Cà phê lon, Túi nylon, Nước tăng lực, Chai nước, Lăn khử mùi, Bao rác, Kẹo, Kem đánh răng",An An,Da Nang City,"Đường Mỹ Khê 5, Phường An Hải",15,3.6,convenience,16.0556526,108.2437552
"Pin sạc, Nước tăng lực, Kem đánh răng, Xà phòng tắm, Bánh quy, Nước suối, Khẩu trang y tế, Khăn ướt, Bánh mì sandwich, Bánh bao mini, Trà đóng chai, Xà phòng tắm, Kẹo cao su, Mì gói, Kem đánh răng, Bóng đèn LED mini",Full-Market,Da Nang City,"Đường An Thượng 2, Phường Ngũ Hành Sơn",15,3.8,convenience,16.0496333,108.2472956
"Bánh mì sandwich, Dây sạc điện thoại, Dao cạo râu, Bút bi, Găng tay nilon, Lăn khử mùi, Kẹo cao su, Nước suối, Kem đánh răng, Khăn ướt, Kẹo cao su, Pin AA, Pin AA, Sổ tay nhỏ, Khoai tây chiên",Full-market,Da Nang City,"Đường Phan Liêm, Phường Ngũ Hành Sơn",10,4.5,convenience,16.0548688,108.2448311
"Sổ tay nhỏ, Pin AA, Bút bi, Kẹo cao su, Lăn khử mùi, Sổ tay nhỏ, Lăn khử mùi, Gối cổ du lịch, Gối cổ du lịch, Lăn khử mùi, Lăn khử mùi, Khẩu trang y tế",J-Market,Da Nang City,"Đường Hoàng Kế Viêm, Phường Ngũ Hành Sơn",10,4.2,convenience,16.049826,108.2467123
"Muỗng nhựa, Mì gói, Gối cổ du lịch, Dầu gội, Nước tăng lực, Bánh quy, Xà phòng tắm, Khoai tây chiên, Khăn giấy, Bánh mì sandwich, Sữa chua uống, Nước ngọt, Bàn chải đánh răng",Full-Market,Da Nang City,"Đường Lê Quang Đạo, Phường Ngũ Hành Sơn",10,3.5,convenience,16.0506091,108.2453267
"Nước tăng lực, Nước suối, Lăn khử mùi, Mì gói, Dao cạo râu, Nước tăng lực, Bóng đèn LED mini, Mì gói, Túi nylon, Dây sạc điện thoại, Khăn giấy, Bật lửa, Gối cổ du lịch",Full-market,Da Nang City,"Đường Hoàng Kế Viêm, Phường Ngũ Hành Sơn",20,3.7,convenience,16.04858,108.2431863
"Khay nhựa, Muối, Ly thủy tinh, Túi đựng rác, Ly thủy tinh, Ngũ cốc ăn sáng, Dầu gội, Thịt heo, Bàn chải, Cà phê hòa tan, Mì gói, Nước hoa mini, Bàn chải, Sữa chua, Rau củ quả",K-Mart,Da Nang City,"Kiệt 432 Võ Nguyên Giáp, Phường Ngũ Hành Sơn",110,4.1,supermarket,16.0404802,108.2490041
"Nước tăng lực, Bút bi, Bánh snack, Khăn giấy, Dầu gội, Gối cổ du lịch, Chai nước, Nước ngọt, Mì gói, Sổ tay nhỏ, Cà phê lon, Găng tay nilon, Bánh bao mini, Cà phê lon, Lăn khử mùi, Sữa chua uống, Túi nylon",Kim Liem Minimart,Da Nang City,"Đường Lê Quang Đạo, Phường Ngũ Hành Sơn",10,3.7,convenience,16.0527545,108.2446411
"Cốc nhựa, Khẩu trang y tế, Găng tay nilon, Kem đánh răng, Găng tay nilon, Gối cổ du lịch, Kẹo cao su, Bật lửa, Sữa hộp, Lăn khử mùi, Mì ly, Muỗng nhựa, Bánh snack, Xà phòng tắm, Khăn giấy, Cà phê lon, Bật lửa",C Mart,Da Nang City,"Đường Lê Quang Đạo, Phường Ngũ Hành Sơn",15,4.5,convenience,16.0496718,108.2457754
"Trà đóng chai, Găng tay nilon, Găng tay nilon, Bánh quy, Bàn chải đánh răng, Bàn chải đánh răng, Sữa chua uống, Lăn khử mùi, Bánh quy, Cốc nhựa, Thịt hộp, Pin AA, Khăn ướt, Bao rác, Chai nước, Ô dù gấp",Friendship Mart,Da Nang City,"Đường Đỗ Bá, Phường Ngũ Hành Sơn",10,3.7,convenience,16.0518975,108.2463333
"Bút bi, Sữa hộp, Dao cạo râu, Thịt hộp, Ô dù gấp, Kẹo, Khăn giấy, Thịt hộp, Kẹo cao su, Sữa chua uống, Nước tăng lực, Ô dù gấp, Cà phê lon, Dao cạo râu, Cà phê lon, Bật lửa, Dầu gội, Sữa chua uống, Dầu gội, Cốc nhựa",Hello Mart,Da Nang City,"Đường Lã Xuân Oai, Phường Ngũ Hành Sơn",15,4.1,convenience,16.0523168,108.2476101
"Bao rác, Mì gói, Dao cạo râu, Nước tăng lực, Bao rác, Bóng đèn LED mini, Dầu gội, Lăn khử mùi, Ô dù gấp, Mì gói",Family Mart,Da Nang City,"Đường Chính Hữu, Phường An Hải",20,4.2,convenience,16.0636976,108.239658
"Lăn khử mùi, Sổ tay nhỏ, Khoai tây chiên, Bánh bao mini, Khăn ướt, Muỗng nhựa, Kẹo, Kẹo, Ô dù gấp, Kẹo, Găng tay nilon, Nước tăng lực, Bao rác, Lăn khử mùi, Bánh mì sandwich, Bánh quy, Kẹo cao su, Bàn chải đánh răng, Bàn chải đánh răng",Kinh Do,Da Nang City,"Đường Đặng Vũ Hỷ, Phường An Hải",10,4.5,convenience,16.0590929,108.2401231
"Gạo, Túi đựng rác, Nước hoa mini, Bột mì, Bột ngọt, Bơ thực vật, Giấy bọc thực phẩm, Nước rửa chén, Ngũ cốc ăn sáng, Kem cạo râu, Trà túi lọc, Túi đựng rác, Ly thủy tinh, Dầu ăn, Cà phê hòa tan, Nước xả vải, Khay nhựa, Trứng gà, Dầu gội",Moonmilk,Da Nang City,"241, Cửa Đại, Cẩm Châu, Phường Hội An Đông",185,4.4,supermarket,15.8852558,108.3500009
"Muối, Túi đựng rác, Bông tẩy trang, Muối, Dầu ăn, Khẩu trang y tế, Nước rửa chén, Nước mắm, Nước mắm, Khẩu trang y tế, Túi đựng rác, Nước lau sàn, Muỗng nĩa, Khăn giấy, Khăn giấy, Sữa tắm, Kem cạo râu, Muối, Kem dưỡng da",Full-Market,Da Nang City,"Đường Minh Mạng, Phường Ngũ Hành Sơn",150,3.8,supermarket,16.0177381,108.2574538
"Cà phê lon, Dây sạc điện thoại, Bóng đèn LED mini, Bánh bao mini, Chai nước, Găng tay nilon, Bánh quy, Cà phê lon, Khăn ướt, Túi nylon, Chai nước, Găng tay nilon, Bóng đèn LED mini",Full-market,Da Nang City,"20, Đường Phạm Văn Đồng, Phường An Hải",15,3.6,convenience,16.0716648,108.2349622
"Tượng nhân vật cổ điển, Tranh màu nước, Tượng nhỏ, Tranh nghệ thuật dân gian, Tranh nghệ thuật dân gian, Tranh nghệ thuật 3D, Tranh phong cảnh, Tranh phong cảnh, Tranh, Tranh sơn dầu, Tranh chân dung, Tranh tường, Tranh đương đại",Магазин запчастей для мотоциклов,Da Nang City,"Đường Đồng Giá, Cẩm Châu, Phường Hội An Đông",50,4.7,car_parts,15.8798479,108.3518011
"Tượng đá cẩm thạch, Tranh tường, Tranh sơn mài, Tranh thư pháp, Tranh thư pháp, Mô hình nghệ thuật, Tranh màu nước, Tranh giấy cuộn, Tranh màu nước, Tranh phong cảnh",Магазин запчастей для мотоциклов,Da Nang City,"Hùng Vương, Cẩm Phô, Phường Hội An",270,5,car_parts,15.8792551,108.3214226
"Bóng đèn LED mini, Khăn ướt, Bao rác, Gối cổ du lịch, Trà đóng chai, Bóng đèn LED mini, Khoai tây chiên, Khẩu trang y tế, Gối cổ du lịch, Bàn chải đánh răng, Túi nylon, Cốc nhựa",Sun Mini Mart,Da Nang City,"Đường Lê Văn Quý, Phường An Hải",20,4.1,convenience,16.0704821,108.2379766
"Nước ngọt, Sữa chua uống, Nước tăng lực, Sổ tay nhỏ, Muỗng nhựa, Găng tay nilon, Bánh bao mini, Trà đóng chai, Kẹo cao su, Chai nước, Bánh mì sandwich, Pin sạc, Lăn khử mùi, Bật lửa, Bánh snack",Hanh Nga Mart,Da Nang City,"Nguyễn Đình Chiểu, Tân An, Phường Hội An Tây",20,4.2,convenience,15.8848154,108.3300808
"Bóng đèn LED mini, Dây sạc điện thoại, Bao rác, Mì ly, Dầu gội, Nước suối, Kẹo, Bánh quy, Bao rác, Nước tăng lực",Hiu Mart and Nu's Home baking,Da Nang City,"Trần Hưng Đạo, Cẩm Phô, Phường Hội An",10,4,convenience,15.8799361,108.3259413
"Tượng đồng nhỏ, Tượng đồng nhỏ, Tranh đương đại, Tượng đồng nhỏ, Tranh trừu tượng, Tượng kim loại, Tranh trừu tượng, Tranh canvas, Tượng nhỏ, Tranh trừu tượng, Mô hình nghệ thuật, Tranh acrylic, Tượng đất nung, Tranh màu nước, Tượng nhân vật cổ điển, Tượng điêu khắc, Tranh giấy cuộn, Tượng kim loại, Tranh giấy cuộn, Tượng nhân vật cổ điển",Shop bao cao su AdultShop Đà Nẵng,Da Nang City,"336, Đường Nguyễn Hoàng, Phường Thanh Khê",230,4.6,smartshop,16.0568518,108.212869
"Bật lửa, Bàn chải đánh răng, Chai nước, Muỗng nhựa, Pin AA, Mì ly, Kem đánh răng, Mì ly, Khăn ướt, Lăn khử mùi, Bàn chải đánh răng, Sữa chua uống, Gối cổ du lịch, Dao cạo râu, Lăn khử mùi, Sổ tay nhỏ, Dầu gội, Gối cổ du lịch, Pin AA, Nước ngọt",Sontra mini Mart 24h,Da Nang City,"41, Đường Hoàng Sa, Phường Sơn Trà",10,3.7,convenience,16.0994015,108.2545727
"Dầu gội, Bánh snack, Nước ngọt, Nước tăng lực, Lăn khử mùi, Khẩu trang y tế, Mì gói, Ô dù gấp, Cốc nhựa, Dao cạo râu, Ô dù gấp, Kem đánh răng",Brio mart and coffee,Da Nang City,"Đường Trần Phú, Phường Hải Châu",20,3.7,convenience,16.0667653,108.2238294
"Khăn giấy, Túi nylon, Dây sạc điện thoại, Sổ tay nhỏ, Cốc nhựa, Mì ly, Sữa hộp, Kẹo, Nước tăng lực, Chai nước, Sữa chua uống, Bật lửa, Pin sạc, Nước ngọt, Kẹo, Chai nước",WinMart+,Da Nang City,"Đường Mai Thúc Lân, Phường Ngũ Hành Sơn",20,3.6,convenience,16.0518752,108.2422962
"Khăn giấy, Bánh quy, Kem đánh răng, Sữa chua uống, Nước suối, Thịt hộp, Khăn ướt, Khoai tây chiên, Sữa hộp, Mì gói, Túi nylon, Muỗng nhựa, Trà đóng chai, Bao rác",Full-Market,Da Nang City,"Đường Vũ Mộng Nguyên, Phường Ngũ Hành Sơn",20,4.1,convenience,16.0380764,108.2462433
"Nước suối, Khăn giấy, Khăn giấy, Mì ly, Nước suối, Pin sạc, Pin AA, Chai nước, Muỗng nhựa, Trà đóng chai, Sữa chua uống, Sổ tay nhỏ",Ann Market,Da Nang City,"Đường Mỹ Đa Đông 12, Phường Ngũ Hành Sơn",20,3.6,convenience,16.0434612,108.2477397
"Ô dù gấp, Kẹo cao su, Lăn khử mùi, Khăn ướt, Thịt hộp, Bật lửa, Bánh bao mini, Sổ tay nhỏ, Dây sạc điện thoại, Bánh snack, Bật lửa, Nước suối, Bánh bao mini, Sữa hộp, Lăn khử mùi",WinMart+,Da Nang City,"Đường Bà Huyện Thanh Quan, Phường Ngũ Hành Sơn",15,4,convenience,16.0436885,108.2450951
"Khăn ướt, Kem đánh răng, Trà đóng chai, Sữa chua uống, Khoai tây chiên, Cà phê lon, Sữa hộp, Lăn khử mùi, Bàn chải đánh răng, Khẩu trang y tế, Khẩu trang y tế, Muỗng nhựa, Nước suối, Túi nylon, Găng tay nilon",Moon Milk,Da Nang City,"Đường Mai Thúc Lân, Phường Ngũ Hành Sơn",20,3.9,convenience,16.0516054,108.2425867
"Bánh quy, Pin AA, Bút bi, Bao rác, Bánh snack, Mì gói, Bánh quy, Kem đánh răng, Lăn khử mùi, Kẹo cao su, Bánh quy, Dầu gội, Sữa chua uống",Gold Mart,Da Nang City,"Đường An Thượng 31, Phường Ngũ Hành Sơn",20,3.9,convenience,16.050889,108.2468654
"Bưu thiếp, Tranh mini, Gối in hình, Bưu thiếp, Bánh handmade, Gấu bông mini, Khăn lụa, Khung ảnh LED, Bưu thiếp, Quà lưu niệm, Ly in hình, Bình hoa nhỏ, Nến thơm, Thiệp chúc mừng, Bình giữ nhiệt",Mart Souvenir,Da Nang City,"Đường Lã Xuân Oai, Phường Ngũ Hành Sơn",60,4.5,gift,16.052254,108.247414
"Sổ tay nhỏ, Pin AA, Khăn ướt, Sổ tay nhỏ, Mì gói, Bánh quy, Dầu gội, Pin sạc, Mì gói, Chai nước, Khoai tây chiên, Bật lửa, Nước suối, Bao rác, Bánh bao mini, Bao rác, Bút bi, Pin sạc, Lăn khử mùi, Khẩu trang y tế",Q-Mart,Da Nang City,"Đường Trần Bạch Đằng, Phường Ngũ Hành Sơn",10,3.6,convenience,16.0517906,108.2469068
"Nước suối, Bánh snack, Kẹo cao su, Sữa chua uống, Bao rác, Kem đánh răng, Chai nước, Gối cổ du lịch, Lăn khử mùi, Cà phê lon",Hee!,Da Nang City,"Kiệt 39 Võ Văn Kiệt, Phường An Hải",20,4.1,convenience,16.0633272,108.2443231
"Bánh bao mini, Cà phê lon, Bánh mì sandwich, Bật lửa, Sổ tay nhỏ, Ô dù gấp, Ô dù gấp, Bánh snack, Cà phê lon, Bao rác, Kẹo cao su, Bật lửa, Ô dù gấp, Sổ tay nhỏ, Cốc nhựa",Q - mart,Da Nang City,"Đường Đỗ Bí, Phường Ngũ Hành Sơn",15,4.4,convenience,16.0528762,108.2462406
"Trà đóng chai, Sữa hộp, Pin AA, Bàn chải đánh răng, Sữa chua uống, Ô dù gấp, Kẹo cao su, Sữa chua uống, Chai nước, Túi nylon",Nina Mart,Da Nang City,"Đường Lâm Hoành, Phường An Hải",15,3.8,convenience,16.0624746,108.2452584
"Chai nước, Cà phê lon, Khoai tây chiên, Kẹo cao su, Dây sạc điện thoại, Pin AA, Khẩu trang y tế, Kem đánh răng, Kẹo cao su, Khoai tây chiên, Kẹo, Bánh mì sandwich, Bóng đèn LED mini, Dầu gội, Cà phê lon",Happy Mart,Da Nang City,"Đường An Thượng 2, Phường Ngũ Hành Sơn",10,3.6,convenience,16.0491456,108.247412
"Móc khóa, Khung ảnh, Cốc đôi, Bình hoa nhỏ, Đồ thủ công, Đồ thủ công, Bánh handmade, Bưu thiếp, Chậu cây mini, Bình hoa nhỏ, Móc khóa, Tranh mini, Đèn trang trí nhỏ, Khung ảnh, Bình giữ nhiệt, Gối in hình, Bình hoa nhỏ, Hộp quà tặng, Bánh handmade, Ly in hình",Nguyen Nguyen,Da Nang City,"Đường An Thượng 2, Phường Ngũ Hành Sơn",70,4.2,gift,16.0494067,108.2473624
"Khoai tây chiên, Dầu gội, Bút bi, Trà đóng chai, Cốc nhựa, Dầu gội, Bật lửa, Khăn ướt, Khẩu trang y tế, Pin sạc, Muỗng nhựa, Bật lửa, Nước ngọt, Kẹo cao su, Mì gói",Q-Market,Da Nang City,"Đường Phan Tôn, Phường Ngũ Hành Sơn",10,4,convenience,16.0530966,108.2467877
"Gấu bông mini, Nến thơm, Khung ảnh, Cốc đôi, Khung ảnh, Tượng nhỏ, Sổ tay dễ thương, Móc khóa đôi, Ly in hình, Khăn lụa",G-Mart,Da Nang City,"Đường Trần Bạch Đằng, Phường Ngũ Hành Sơn",180,4.9,gift,16.0529367,108.2465409
"Bánh mì sandwich, Mì gói, Dao cạo râu, Dao cạo râu, Kẹo, Dao cạo râu, Pin sạc, Bóng đèn LED mini, Nước tăng lực, Cà phê lon, Thịt hộp, Kẹo, Sữa chua uống, Bật lửa, Nước ngọt, Khoai tây chiên, Bàn chải đánh răng",Friendship Mart,Da Nang City,"Đường Trần Bạch Đằng, Phường Ngũ Hành Sơn",10,4,convenience,16.0532226,108.2464659
"Bánh bao mini, Sữa hộp, Xà phòng tắm, Cà phê lon, Pin AA, Kẹo, Sữa chua uống, Pin AA, Bật lửa, Kẹo cao su",Friendship Mart,Da Nang City,"Đường Trần Bạch Đằng, Phường Ngũ Hành Sơn",10,4,convenience,16.0538148,108.246245
"Khoai tây chiên, Bàn chải đánh răng, Pin AA, Kem đánh răng, Nước ngọt, Sổ tay nhỏ, Kẹo, Bánh quy, Gối cổ du lịch, Trà đóng chai, Bao rác, Cà phê lon",Good Market,Da Nang City,"Đường Trần Bạch Đằng, Phường Ngũ Hành Sơn",10,3.8,convenience,16.0524547,108.2469593
"Dây sạc điện thoại, Bóng đèn LED mini, Pin sạc, Kẹo cao su, Bánh quy, Bàn chải đánh răng, Kẹo cao su, Kẹo cao su, Sữa hộp, Khăn ướt, Dao cạo râu, Sữa hộp, Xà phòng tắm, Nước tăng lực, Mì gói, Bật lửa, Bánh mì sandwich, Bánh snack, Nước tăng lực",Good Market,Da Nang City,"Đường Lâm Hoành, Phường An Hải",15,4.3,convenience,16.0622328,108.2454482
"Chai nước, Trà đóng chai, Bánh snack, Nước ngọt, Dao cạo râu, Bánh quy, Khăn ướt, Bàn chải đánh răng, Nước suối, Sổ tay nhỏ, Thịt hộp, Bánh snack, Nước ngọt, Bật lửa, Mì gói, Xà phòng tắm, Pin AA, Găng tay nilon, Trà đóng chai",Hello Mart,Da Nang City,"Đường Lâm Hoành, Phường An Hải",15,4.4,convenience,16.0623664,108.2452612
"Gối cổ du lịch, Dao cạo râu, Khẩu trang y tế, Ô dù gấp, Gối cổ du lịch, Pin sạc, Găng tay nilon, Sổ tay nhỏ, Ô dù gấp, Bánh bao mini, Bánh bao mini, Bánh quy",Hi Mart,Da Nang City,"Đường Phan Tôn, Phường Ngũ Hành Sơn",20,3.6,convenience,16.0528033,108.2468554
"Cốc nhựa, Kem đánh răng, Mì gói, Gối cổ du lịch, Bút bi, Pin sạc, Ô dù gấp, Bật lửa, Cà phê lon, Găng tay nilon, Khẩu trang y tế, Pin sạc, Thịt hộp, Sữa hộp, Kẹo cao su, Nước tăng lực, Bóng đèn LED mini, Khoai tây chiên, Bánh snack, Nước tăng lực",Win,Da Nang City,Không rõ,15,3.9,convenience,16.0670561,108.2350728
"Chai nước, Dây sạc điện thoại, Khăn giấy, Bánh bao mini, Sữa chua uống, Dao cạo râu, Mì ly, Ô dù gấp, Gối cổ du lịch, Xà phòng tắm, Lăn khử mùi, Cốc nhựa, Pin sạc, Sữa hộp, Nước tăng lực, Pin sạc",H Market,Da Nang City,"Đường Trần Bạch Đằng, Phường An Hải",15,4.4,convenience,16.0573776,108.2451092
"Khung ảnh LED, Chậu cây mini, Bút ký cao cấp, Bánh handmade, Bưu thiếp, Hộp quà tặng, Móc khóa đôi, Bánh handmade, Đồ thủ công, Bình hoa nhỏ, Gấu bông mini, Đồ thủ công, Tranh mini, Móc khóa đôi, Cốc đôi, Đồ thủ công, Đồng hồ để bàn, Móc khóa đôi, Gối in hình",Table Produce,Da Nang City,"Đường An Thượng 30, Phường Ngũ Hành Sơn",240,4.1,gift,16.0511503,108.2463827
"Găng tay nilon, Gối cổ du lịch, Cốc nhựa, Bút bi, Pin sạc, Cà phê lon, Trà đóng chai, Nước ngọt, Xà phòng tắm, Muỗng nhựa, Bánh mì sandwich, Trà đóng chai, Nước tăng lực, Khẩu trang y tế, Bao rác, Pin sạc, Khẩu trang y tế",Cali Mart,Da Nang City,"Đường An Thượng 30, Phường Ngũ Hành Sơn",10,4.5,convenience,16.0509682,108.2456428
"Sữa chua uống, Cốc nhựa, Dầu gội, Bàn chải đánh răng, Bóng đèn LED mini, Sữa chua uống, Bánh mì sandwich, Kẹo cao su, Khăn ướt, Ô dù gấp, Xà phòng tắm, Bánh mì sandwich, Bao rác, Găng tay nilon, Nước suối, Khoai tây chiên, Pin AA, Nước tăng lực, Lăn khử mùi, Xà phòng tắm",Minimart,Da Nang City,"Đường An Thượng 37, Phường Ngũ Hành Sơn",20,3.9,convenience,16.0512119,108.2446791
"Dao cạo râu, Túi nylon, Nước ngọt, Bánh bao mini, Mì ly, Muỗng nhựa, Bánh bao mini, Nước tăng lực, Bàn chải đánh răng, Lăn khử mùi, Kem đánh răng, Bánh quy, Bật lửa",Mart43,Da Nang City,"Đường Đỗ Bá, Phường Ngũ Hành Sơn",10,4.1,convenience,16.0508866,108.2436788
"Muỗng nhựa, Sổ tay nhỏ, Túi nylon, Nước ngọt, Cà phê lon, Sổ tay nhỏ, Bút bi, Khoai tây chiên, Bóng đèn LED mini, Xà phòng tắm, Pin sạc, Bao rác, Bánh snack, Dầu gội, Khoai tây chiên, Mì ly",DT-Market,Da Nang City,"Đường Trần Bạch Đằng, Phường An Hải",10,3.8,convenience,16.0589384,108.2447708
"Nước tăng lực, Bật lửa, Thịt hộp, Pin AA, Bút bi, Nước ngọt, Bóng đèn LED mini, Kem đánh răng, Bật lửa, Cà phê lon, Mì ly, Kẹo cao su, Bút bi, Khẩu trang y tế, Túi nylon, Cốc nhựa, Ô dù gấp",H-Mart,Da Nang City,"Đường An Thượng 29, Phường Ngũ Hành Sơn",15,3.8,convenience,16.0524481,108.2465233
"Cốc nhựa, Mì ly, Nước ngọt, Sữa chua uống, Kẹo, Kem đánh răng, Khăn ướt, Găng tay nilon, Trà đóng chai, Bánh quy, Thịt hộp, Nước tăng lực, Gối cổ du lịch, Nước suối, Găng tay nilon, Dao cạo râu, Chai nước, Dầu gội, Bao rác, Sữa hộp",Kokoji Mart,Da Nang City,"Đường Đỗ Bá, Phường Ngũ Hành Sơn",20,4.1,convenience,16.0508777,108.2428131
"Kem đánh răng, Kẹo cao su, Khoai tây chiên, Bật lửa, Gối cổ du lịch, Pin AA, Nước tăng lực, Kẹo, Lăn khử mùi, Khăn ướt, Lăn khử mùi, Pin sạc, Muỗng nhựa, Nước suối, Bao rác, Sổ tay nhỏ, Khoai tây chiên, Nước tăng lực, Kẹo, Bánh quy",Full Market,Da Nang City,"Đường Châu Thị Vĩnh Tế, Phường Ngũ Hành Sơn",15,4.2,convenience,16.0502793,108.2406905
"Bánh quy, Mì ly, Muỗng nhựa, Mì ly, Dầu gội, Găng tay nilon, Sổ tay nhỏ, Cà phê lon, Sữa chua uống, Trà đóng chai, Bánh snack, Kẹo cao su, Khẩu trang y tế, Nước suối, Kem đánh răng",Okono,Da Nang City,"Đường Châu Thị Vĩnh Tế, Phường Ngũ Hành Sơn",20,3.8,convenience,16.0501763,108.2404992
"Ô dù gấp, Dây sạc điện thoại, Bóng đèn LED mini, Mì ly, Kem đánh răng, Sữa hộp, Kẹo, Bánh bao mini, Sữa hộp, Kẹo cao su, Ô dù gấp, Gối cổ du lịch, Khẩu trang y tế, Ô dù gấp, Túi nylon, Bóng đèn LED mini, Lăn khử mùi, Gối cổ du lịch",Grand Mart,Da Nang City,"Đường Lê Quang Đạo, Phường Ngũ Hành Sơn",10,4.3,convenience,16.0501996,108.2454558
"Khẩu trang y tế, Bật lửa, Khoai tây chiên, Xà phòng tắm, Cốc nhựa, Xà phòng tắm, Thịt hộp, Bật lửa, Bao rác, Bút bi, Cà phê lon, Bóng đèn LED mini, Trà đóng chai, Bút bi, Túi nylon, Cốc nhựa, Bàn chải đánh răng",Stroll in,Da Nang City,"Đường An Thượng 3, Phường Ngũ Hành Sơn",20,4.3,convenience,16.0483909,108.2469187
"Bánh quy, Sữa hộp, Khoai tây chiên, Ô dù gấp, Nước suối, Bút bi, Kem đánh răng, Sữa hộp, Cốc nhựa, Sổ tay nhỏ, Bóng đèn LED mini, Gối cổ du lịch, Lăn khử mùi, Thịt hộp, Bánh snack, Bút bi, Pin AA",Van Gia,Da Nang City,"Đường Phan Liêm, Phường Ngũ Hành Sơn",15,4.5,convenience,16.0550006,108.2453977
"Bánh bao mini, Lăn khử mùi, Ô dù gấp, Bánh quy, Muỗng nhựa, Dây sạc điện thoại, Bánh snack, Bánh bao mini, Kẹo, Nước ngọt, Bóng đèn LED mini, Sữa chua uống, Bánh snack, Pin AA, Bánh quy, Gối cổ du lịch, Dầu gội, Bao rác, Bánh quy, Kẹo cao su",A-Mart,Da Nang City,"Đường An Thượng 26, Phường Ngũ Hành Sơn",20,3.6,convenience,16.0554159,108.245038
"Hộp quà tặng, Sổ tay dễ thương, Túi đựng quà, Túi đựng quà, Cốc đôi, Đồ thủ công, Bình giữ nhiệt, Móc khóa đôi, Quà lưu niệm, Khăn lụa, Khung ảnh, Khung ảnh LED, Đồng hồ để bàn, Bình giữ nhiệt, Đồ thủ công, Tranh mini, Tượng nhỏ, Bưu thiếp",Dac San Da Nang,Da Nang City,"Đường An Thượng 26, Phường Ngũ Hành Sơn",280,4.2,gift,16.0556003,108.2456618
"Kẹo, Bật lửa, Sữa chua uống, Túi nylon, Nước tăng lực, Găng tay nilon, Bánh mì sandwich, Khẩu trang y tế, Bánh mì sandwich, Khăn ướt, Sữa hộp, Dầu gội",B-mart,Da Nang City,"Đường An Thượng 2, Phường Ngũ Hành Sơn",10,3.6,convenience,16.049682,108.2472812
"Dao cạo râu, Cốc nhựa, Khoai tây chiên, Găng tay nilon, Bàn chải đánh răng, Gối cổ du lịch, Bánh snack, Cà phê lon, Bánh bao mini, Pin AA, Sổ tay nhỏ, Sổ tay nhỏ, Pin AA, Khoai tây chiên, Khoai tây chiên, Cà phê lon, Bánh mì sandwich, Nước ngọt, Nước tăng lực",AAU Mart,Da Nang City,"Đường Trần Bạch Đằng, Phường Ngũ Hành Sơn",10,4.2,convenience,16.049269,108.247692
"Sổ tay nhỏ, Dây sạc điện thoại, Bánh bao mini, Ô dù gấp, Sữa chua uống, Sổ tay nhỏ, Bánh bao mini, Bánh quy, Chai nước, Lăn khử mùi, Trà đóng chai",WinMart+,Da Nang City,"Đường Trần Bạch Đằng, Phường Ngũ Hành Sơn",15,3.8,convenience,16.0492127,108.247971
"Xà phòng tắm, Mì ly, Trà đóng chai, Sổ tay nhỏ, Ô dù gấp, Găng tay nilon, Bánh bao mini, Bút bi, Xà phòng tắm, Kem đánh răng, Găng tay nilon, Nước tăng lực, Sữa chua uống, Nước tăng lực, Nước ngọt, Bánh bao mini, Nước suối, Túi nylon, Chai nước, Gối cổ du lịch",Nina Mart,Da Nang City,"Đường An Thượng 1, Phường Ngũ Hành Sơn",10,3.8,convenience,16.0486575,108.2484604
"Mì ly, Dầu gội, Sổ tay nhỏ, Mì ly, Dầu gội, Cà phê lon, Bánh quy, Cốc nhựa, Bút bi, Nước tăng lực",Faifo Mart,Da Nang City,"Đường Châu Thị Vĩnh Tế, Phường Ngũ Hành Sơn",15,3.8,convenience,16.0486308,108.24112
"Túi nylon, Thịt hộp, Mì ly, Thịt hộp, Cà phê lon, Xà phòng tắm, Sổ tay nhỏ, Bút bi, Khoai tây chiên, Khẩu trang y tế, Sữa hộp",Here Mart,Da Nang City,"Đường Ngô Thì Sĩ, Phường Ngũ Hành Sơn",10,3.9,convenience,16.0473268,108.2435831
"Sổ tay nhỏ, Sổ tay nhỏ, Lăn khử mùi, Mì ly, Bánh quy, Sổ tay nhỏ, Gối cổ du lịch, Pin AA, Khoai tây chiên, Bóng đèn LED mini, Khăn ướt, Dây sạc điện thoại",Moonmilk Market,Da Nang City,"Đường Lê Quang Đạo, Phường Ngũ Hành Sơn",15,3.5,convenience,16.0485562,108.2458971
"Khăn ướt, Bánh mì sandwich, Găng tay nilon, Bật lửa, Bút bi, Túi nylon, Bánh quy, Dây sạc điện thoại, Pin AA, Khẩu trang y tế, Sữa hộp, Túi nylon, Kem đánh răng, Bàn chải đánh răng, Mì gói, Muỗng nhựa",Good Mart,Da Nang City,"Đường Lê Quang Đạo, Phường Ngũ Hành Sơn",15,4.3,convenience,16.0481385,108.2462379
"Khăn giấy, Chai nước, Sữa hộp, Dầu gội, Gối cổ du lịch, Bánh bao mini, Xà phòng tắm, Bóng đèn LED mini, Sữa hộp, Mì gói, Túi nylon, Gối cổ du lịch, Dây sạc điện thoại, Bóng đèn LED mini",Artemis,Da Nang City,"Đường Lê Quang Đạo, Phường Ngũ Hành Sơn",20,3.9,convenience,16.0490505,108.2459811
"Khăn ướt, Xà phòng tắm, Sữa chua uống, Khăn ướt, Kẹo cao su, Muỗng nhựa, Nước ngọt, Khăn giấy, Bánh quy, Cà phê lon",Oxy Mart,Da Nang City,"Đường An Thượng 6, Phường Ngũ Hành Sơn",20,4.1,convenience,16.0475984,108.2453217
"Bàn chải đánh răng, Bóng đèn LED mini, Khăn ướt, Cà phê lon, Pin sạc, Kẹo cao su, Khẩu trang y tế, Sổ tay nhỏ, Pin AA, Bao rác, Bật lửa, Khăn ướt, Túi nylon",TN Mart,Da Nang City,"Đường An Thượng 34, Phường Ngũ Hành Sơn",15,4.2,convenience,16.0496723,108.2451935
"Trà đóng chai, Cốc nhựa, Chai nước, Sữa hộp, Bút bi, Kẹo cao su, Gối cổ du lịch, Nước suối, Sổ tay nhỏ, Kẹo cao su, Bút bi, Bánh bao mini, Muỗng nhựa, Bóng đèn LED mini, Dầu gội, Dây sạc điện thoại",AZ Market,Da Nang City,"Đường Lâm Hoành, Phường An Hải",20,3.6,convenience,16.0626998,108.2452095
"Chai nước, Mì gói, Sữa chua uống, Gối cổ du lịch, Nước ngọt, Bánh mì sandwich, Kem đánh răng, Khẩu trang y tế, Túi nylon, Nước tăng lực, Xà phòng tắm, Khoai tây chiên, Bánh snack, Pin AA, Bút bi, Nước suối, Xà phòng tắm, Bút bi, Mì gói",Full-Market,Da Nang City,"Đường Nguyễn Thiện Kế, Phường An Hải",20,3.8,convenience,16.0618888,108.2384316
"Muỗng nhựa, Nước ngọt, Mì gói, Mì gói, Sữa chua uống, Xà phòng tắm, Bật lửa, Bánh bao mini, Dây sạc điện thoại, Khăn giấy, Bánh snack, Kẹo, Nước suối, Chai nước, Chai nước, Dao cạo râu, Kem đánh răng, Găng tay nilon, Kẹo, Sổ tay nhỏ",Hello Mart,Da Nang City,"Đường Võ Văn Kiệt, Phường An Hải",15,3.8,convenience,16.0618527,108.2379576
"Túi nylon, Bao rác, Chai nước, Khăn ướt, Gối cổ du lịch, Khẩu trang y tế, Pin AA, Kẹo, Nước ngọt, Dao cạo râu, Mì ly, Bao rác, Lăn khử mùi, Trà đóng chai, Nước ngọt, Kem đánh răng, Cà phê lon, Khẩu trang y tế, Bật lửa, Thịt hộp",Ana Mart,Da Nang City,"Đường Phạm Cự Lượng, Phường An Hải",10,3.7,convenience,16.06252,108.2355087
"Nước ngọt, Cà phê lon, Găng tay nilon, Sữa chua uống, Nước tăng lực, Cốc nhựa, Dầu gội, Túi nylon, Lăn khử mùi, Nước ngọt",Win,Da Nang City,"Kiệt 14 Phan Tứ, Phường Ngũ Hành Sơn",15,4,convenience,16.0448886,108.2411093
"Kẹo cao su, Kẹo cao su, Thịt hộp, Gối cổ du lịch, Mì ly, Dao cạo râu, Dầu gội, Mì gói, Pin sạc, Khoai tây chiên",HS Mart,Da Nang City,"Đường Hồ Xuân Hương, Phường Ngũ Hành Sơn",15,4.2,convenience,16.0397183,108.246688
"Dao cạo râu, Bánh bao mini, Bánh quy, Khẩu trang y tế, Bóng đèn LED mini, Nước suối, Gối cổ du lịch, Sữa chua uống, Cà phê lon, Bánh quy, Kem đánh răng, Sổ tay nhỏ",Au Mart,Da Nang City,"Kiệt 117 Trần Văn Dư, Phường Ngũ Hành Sơn",20,3.7,convenience,16.0419281,108.2482625
"Kem đánh răng, Cốc nhựa, Găng tay nilon, Nước ngọt, Bao rác, Lăn khử mùi, Mì ly, Bao rác, Nước suối, Muỗng nhựa, Bao rác, Bật lửa, Bánh bao mini, Sữa chua uống, Thịt hộp, Túi nylon, Bật lửa, Nước suối, Kem đánh răng, Túi nylon",Teu Mart,Da Nang City,"Đường Phan Tứ, Phường Ngũ Hành Sơn",10,4.4,convenience,16.0462259,108.2450109
"Mì ly, Sữa chua uống, Khẩu trang y tế, Ô dù gấp, Khăn giấy, Thịt hộp, Mì ly, Khẩu trang y tế, Kem đánh răng, Khẩu trang y tế, Trà đóng chai, Chai nước, Mì ly, Thịt hộp, Khẩu trang y tế, Bật lửa, Bánh snack",T-Market,Da Nang City,"Đường Võ Nguyên Giáp, Phường An Hải",15,4,convenience,16.0673237,108.244961
"Kẹo, Kẹo cao su, Dao cạo râu, Sữa chua uống, Thịt hộp, Túi nylon, Mì gói, Lăn khử mùi, Mì gói, Cốc nhựa, Dây sạc điện thoại, Pin AA",E-Market,Da Nang City,"Võ Nguyên Giáp, Phường An Hải",20,3.7,convenience,16.0790498,108.2458572
"Lăn khử mùi, Thịt hộp, Kẹo, Túi nylon, Chai nước, Bánh bao mini, Khăn ướt, Nước ngọt, Bóng đèn LED mini, Thịt hộp, Cà phê lon, Khăn giấy, Pin AA, Bật lửa, Thịt hộp, Pin AA, Nước ngọt, Thịt hộp",Z-Mart,Da Nang City,"Đường Võ Nguyên Giáp, Phường An Hải",20,4.3,convenience,16.0748365,108.244732
"Bánh quy, Cốc nhựa, Kẹo cao su, Sữa chua uống, Bút bi, Bóng đèn LED mini, Cốc nhựa, Nước tăng lực, Bánh quy, Găng tay nilon, Thịt hộp, Bóng đèn LED mini",G-Market,Da Nang City,"Đường Phan Tôn, Phường Ngũ Hành Sơn",10,4,convenience,16.0525262,108.2451281
"Bút ký cao cấp, Móc khóa đôi, Khăn lụa, Bút ký cao cấp, Túi đựng quà, Móc khóa, Móc khóa, Chậu cây mini, Khung ảnh LED, Sổ tay dễ thương, Bình giữ nhiệt, Hộp quà tặng, Bánh handmade, Gối in hình, Hộp quà tặng, Bình hoa nhỏ",Ngay Mai,Da Nang City,"Đường Phan Tôn, Phường Ngũ Hành Sơn",280,4.1,gift,16.0526719,108.2456673
"Xà phòng tắm, Nước tăng lực, Nước ngọt, Sữa hộp, Mì ly, Khăn giấy, Găng tay nilon, Sữa hộp, Bàn chải đánh răng, Mì gói, Túi nylon",Vi-Mart,Da Nang City,"Đường Đỗ Bá, Phường Ngũ Hành Sơn",20,3.8,convenience,16.0514352,108.2448262
"Sữa chua uống, Bút bi, Pin AA, Dao cạo râu, Bật lửa, Gối cổ du lịch, Kẹo cao su, Muỗng nhựa, Cà phê lon, Dao cạo râu, Bánh snack, Nước ngọt, Găng tay nilon, Bàn chải đánh răng, Gối cổ du lịch, Cà phê lon, Găng tay nilon",WinMart+,Da Nang City,"134A-B, Trần Nhân Tông, Cẩm Châu, Phường Hội An Đông",20,4.4,convenience,15.8781517,108.344791
"Sữa chua uống, Bút bi, Xà phòng tắm, Bánh quy, Pin sạc, Gối cổ du lịch, Kẹo cao su, Túi nylon, Bật lửa, Kẹo, Sữa hộp, Bút bi, Dao cạo râu",WinMart+,Da Nang City,"44/1, Quốc lộ 14E",20,4.1,convenience,15.7452051,108.3741653
"Pin sạc, Bút bi, Gối cổ du lịch, Thịt hộp, Gối cổ du lịch, Bút bi, Cốc nhựa, Lăn khử mùi, Muỗng nhựa, Khoai tây chiên, Túi nylon, Dầu gội, Bánh bao mini",Mini Mart,Da Nang City,"Lạc Long Quân, Phường Hội An Tây",20,4.3,convenience,15.8986237,108.3617435
"Bánh snack, Khăn giấy, Cà phê lon, Thịt hộp, Bánh bao mini, Sữa chua uống, Sữa chua uống, Kem đánh răng, Khăn giấy, Cà phê lon, Dầu gội, Kẹo cao su, Trà đóng chai",Th true mart,Da Nang City,"Đường Núi Thành, Phường Hòa Cường",10,4.1,convenience,16.038641,108.2220832
"Quà lưu niệm, Ly in hình, Móc khóa, Khăn lụa, Khung ảnh, Túi đựng quà, Bánh handmade, Túi đựng quà, Tượng nhỏ, Đồng hồ để bàn, Móc khóa đôi",Lucky Shop,Da Nang City,"Đường Lối vào Ga đến, Phường Hòa Cường",90,4,gift,16.0551062,108.2022603
"Bánh quy, Nước suối, Khăn giấy, Kẹo cao su, Bao rác, Sổ tay nhỏ, Thịt hộp, Bàn chải đánh răng, Khẩu trang y tế, Khẩu trang y tế, Kẹo, Găng tay nilon, Dao cạo râu, Kẹo cao su, Nước ngọt",WinMart+,Da Nang City,"Mai Hắc Đế, Phường An Hải",20,3.8,convenience,16.0631097,108.2316221
"Dầu gội, Bông tẩy trang, Kem dưỡng da, Trứng gà, Nước tương, Dầu ăn, Nước lau sàn, Khăn giấy, Ngũ cốc ăn sáng, Nước xả vải, Nước trái cây, Cá hộp",Chợ Bắc Mỹ An,Da Nang City,"Đường Mỹ Đa Đông 1, Phường Ngũ Hành Sơn",35,4.2,supermarket,16.04167946,108.2424775
"Dầu dưỡng tóc, Đầm công sở, Áo khoác da, Kem nền, Nón thời trang, Đồ chơi trẻ em, Áo khoác da, Quần jean, Đồng hồ, Phấn má, Sách, Nón thời trang, Tai nghe Bluetooth, Đồ chơi trẻ em, Mascara, Quần short, Nón thời trang, Nước hoa",Siêu thị GO!,Da Nang City,"Đường Hùng Vương, Phường Thanh Khê",200,3.9,mall,16.06672563,108.2134584
"Phấn má, Áo sơ mi, Găng tay, Laptop mini, Váy dạ hội, Thắt lưng, Phấn má, Túi xách, Đồng hồ thông minh, Quần jean, Dép sandal, Túi xách, Dầu dưỡng tóc, Túi xách, Đồng hồ, Ba lô thời trang, Ba lô thời trang, Áo sơ mi",Vinh Trung Plaza,Da Nang City,"Kiệt 424/19 Ông Ích Khiêm, Phường Thanh Khê",200,4.8,mall,16.06621895,108.2136051
"Khung ảnh LED, Ly in hình, Hộp quà tặng, Chậu cây mini, Đồng hồ để bàn, Móc khóa, Hộp quà tặng, Hộp quà tặng, Quà lưu niệm, Bình giữ nhiệt, Khăn lụa, Tranh mini, Gấu bông mini",Smile House Handicraft,Da Nang City,"126, Trần Hưng Đạo, Cẩm Phô, Phường Hội An",120,4.2,gift,15.88010453,108.3227342
"Nón thời trang, Quần short, Tai nghe Bluetooth, Máy sấy tóc, Bông tai, Phấn má, Vòng tay, Ốp điện thoại, Mỹ phẩm trang điểm, Túi xách",MM Mega Market Đà Nẵng,Da Nang City,"5, Đường Thăng Long, Phường Hòa Cường",100,3.8,mall,16.02471771,108.2203027
"Kem nền, Áo sơ mi, Thắt lưng, Sách, Túi xách, Nước hoa, Dầu dưỡng tóc, Kem nền, Quần jean, Găng tay",Lotte Mart,Da Nang City,"06, Đường Nại Nam, Phường Hòa Cường",150,4.8,mall,16.03484891,108.2292348
"Dầu gội, Cá hộp, Muỗng nĩa, Rau củ quả, Bơ thực vật, Sữa tươi, Khay nhựa, Muỗng nĩa, Nước lau sàn, Bột ngọt, Khăn giấy",Tiger Markets,Da Nang City,"Đinh Tiên Hoàng, Tân An, Phường Hội An Tây",70,4.2,supermarket,15.88474135,108.3298205
"Đồng hồ để bàn, Đồ thủ công, Sổ tay dễ thương, Đèn trang trí nhỏ, Khăn lụa, Bánh handmade, Thiệp chúc mừng, Thiệp chúc mừng, Khung ảnh, Thiệp chúc mừng, Đồng hồ để bàn, Sổ tay dễ thương, Bưu thiếp, Ly in hình, Gấu bông mini, Khung ảnh, Đèn trang trí nhỏ, Hộp quà tặng, Khung ảnh",Danang Souvenirs & Cafe,Da Nang City,"34, Đường Lý Tự Trọng, Phường Hải Châu",180,4.4,gift,16.0779514,108.2237119
"Bánh ăn dặm, Kem đánh răng, Bình sữa, Thực phẩm đóng hộp, Dầu ăn, Bánh ăn dặm, Ngũ cốc, Đường, Thực phẩm đóng hộp, Kem đánh răng, Đường, Gạo, Nước suối, Tã em bé",Shopko,Da Nang City,"Thái Phiên, Sơn Phong, Phường Hội An",10,4.1,department_store,15.88121029,108.3311975
"Thắt lưng, Kính mát, Túi xách, Giày cao gót, Áo khoác da, Găng tay, Túi xách, Mỹ phẩm trang điểm, Giày thể thao, Găng tay, Giày thể thao, Sách, Son môi",Vincom Plaza,Da Nang City,"496, Đường Ngô Quyền, Phường An Hải",250,4.7,mall,16.07135501,108.2302135
"Bút bi, Xà phòng tắm, Chai nước, Khăn giấy, Bao rác, Bao rác, Chai nước, Khẩu trang y tế, Bóng đèn LED mini, Bánh mì sandwich, Bật lửa",VinMart+,Da Nang City,"Đường Lý Thái Tông, Phường Thanh Khê",10,3.8,convenience,16.0726968,108.1743583
"Tranh chân dung, Mô hình nghệ thuật, Tranh đương đại, Tượng nhân vật cổ điển, Tranh ký họa, Tranh thêu tay, Tranh, Mô hình nghệ thuật, Tranh sơn mài, Tranh chân dung, Tranh nghệ thuật 3D, Tranh phong cảnh, Tượng gỗ",Kính ô tô Hồng Hải,Da Nang City,"244, Đường Điện Biên Phủ, Phường Thanh Khê",200,4.2,car_parts,16.06605049,108.1954784
"Tượng nhân vật cổ điển, Tranh sơn mài, Tranh thêu tay, Tượng đồng nhỏ, Tranh màu nước, Tranh giấy cuộn, Tượng nhân vật cổ điển, Tranh acrylic, Tranh màu nước, Tranh, Tranh nghệ thuật dân gian, Tranh thư pháp, Tượng đất nung, Tranh tường, Tranh thư pháp, Tranh nghệ thuật dân gian",Kiên,Da Nang City,"Kiệt 559 2 Tháng 9, Phường Hòa Cường",220,4.7,car_parts,16.03184697,108.2239082
"Dầu gội, Chai nước, Xà phòng tắm, Bút bi, Bánh quy, Dao cạo râu, Ô dù gấp, Bóng đèn LED mini, Sữa chua uống, Bút bi, Bút bi, Cà phê lon",WinMart+,Da Nang City,"Đường Nguyễn Xuân Nhĩ, Phường Hòa Cường",20,3.6,convenience,16.03203818,108.2264062
"Nước suối, Gối cổ du lịch, Chai nước, Bánh mì sandwich, Cà phê lon, Mì gói, Lăn khử mùi, Bánh quy, Dao cạo râu, Bao rác, Bút bi, Khoai tây chiên, Cốc nhựa, Kem đánh răng, Mì ly, Lăn khử mùi, Cà phê lon, Sữa chua uống, Sổ tay nhỏ",WinMart+,Da Nang City,"154, Đường Phan Thanh, Phường Thanh Khê",20,4.4,convenience,16.06019663,108.2092866
"Tượng điêu khắc, Tranh ký họa, Tranh canvas, Tranh acrylic, Tranh giấy cuộn, Tượng nhỏ, Tranh phong cảnh, Tượng kim loại, Tranh trừu tượng, Tranh đương đại, Tranh đương đại, Mô hình nghệ thuật, Tranh thêu tay, Tượng đất nung, Tượng kim loại, Tượng gỗ",VinMart+,Da Nang City,"Đường Ngũ Hành Sơn, Phường Ngũ Hành Sơn",220,4.6,VinMart+,16.0505929,108.2374623
"Sữa hộp, Thịt hộp, Bánh mì sandwich, Bánh mì sandwich, Bánh snack, Nước suối, Bao rác, Bánh bao mini, Bật lửa, Pin sạc, Bàn chải đánh răng, Bánh quy, Bánh mì sandwich, Bánh mì sandwich, Thịt hộp",VinMart+,Da Nang City,"234, Đường Lê Văn Hiến, Phường Ngũ Hành Sơn",20,4.2,convenience,16.0302775,108.2468545
"Khăn giấy, Muỗng nĩa, Son dưỡng môi, Dao bếp, Nước hoa mini, Bột ngọt, Ly thủy tinh, Nước mắm, Nước trái cây, Ngũ cốc ăn sáng, Thịt heo, Nước mắm, Nước trái cây, Đĩa sứ, Giấy bọc thực phẩm, Nước mắm, Rau củ quả, Cá hộp, Nước lau sàn, Thịt heo",Siêu Thị Co.opmart,Da Nang City,"Kiệt 478 Điện Biên Phủ, Phường Thanh Khê",70,4.4,supermarket,16.06662965,108.1867737
"Lăn khử mùi, Nước suối, Bóng đèn LED mini, Bao rác, Cốc nhựa, Khoai tây chiên, Nước suối, Túi nylon, Nước ngọt, Mì ly, Kẹo cao su, Nước ngọt",Mini Mart,Da Nang City,"130, Nguyễn Duy Hiệu, Cẩm Châu, Phường Hội An Đông",10,4.3,convenience,15.88135905,108.3478878
"Ly in hình, Chậu cây mini, Sổ tay dễ thương, Khăn lụa, Sổ tay dễ thương, Gấu bông mini, Ly in hình, Móc khóa đôi, Túi đựng quà, Khung ảnh LED, Quà lưu niệm, Đồ thủ công, Đồ thủ công, Gấu bông mini",Giao Mart,Da Nang City,"Đường Hồ Nghinh, Phường An Hải",270,4.1,gift,16.06310261,108.2435824
"Ba lô thời trang, Thắt lưng, Vòng tay, Bông tai, Găng tay, Kính mát, Phấn má, Áo khoác, Quần jean, Túi tote, Phấn má, Sách, Sách, Áo sơ mi, Mascara, Đồng hồ thông minh",Indochina,Da Nang City,"Kiệt 83 Trần Phú, Phường Hải Châu",200,4,mall,16.06998732,108.2245499
"Nước tăng lực, Lăn khử mùi, Pin sạc, Găng tay nilon, Sữa hộp, Nước tăng lực, Kem đánh răng, Chai nước, Pin sạc, Cốc nhựa, Nước suối",K-Market,Da Nang City,"Đường Phạm Văn Đồng, Phường An Hải",10,3.8,convenience,16.0704037,108.2362133
"Ngũ cốc ăn sáng, Bơ thực vật, Dầu ăn, Khăn giấy, Thịt heo, Nước hoa mini, Mì gói, Ngũ cốc ăn sáng, Bông tẩy trang, Dao bếp, Thịt heo, Nước hoa mini, Đường, Chảo chống dính, Muối, Trà túi lọc, Nước trái cây",Quà Đà Nẵng,Da Nang City,"Đường Đỗ Bá, Phường Ngũ Hành Sơn",105,4.1,supermarket,16.05200095,108.2479181
"Đồ thủ công, Bút ký cao cấp, Đồ thủ công, Đèn trang trí nhỏ, Móc khóa đôi, Bưu thiếp, Ly in hình, Ly in hình, Đồng hồ để bàn, Nến thơm, Đồng hồ để bàn, Móc khóa, Nến thơm, Gối in hình",H&M,Da Nang City,"Đường Mỹ Khê 4, Phường An Hải",80,4.6,gift,16.05639675,108.2459045
"Khăn lụa, Hộp quà tặng, Cốc đôi, Nến thơm, Tranh mini, Khung ảnh LED, Khung ảnh, Gối in hình, Bình giữ nhiệt, Quà lưu niệm, Cốc đôi, Khung ảnh LED",An Nam Souvenirs,Da Nang City,"Đường Nguyễn Văn Thoại, Phường Ngũ Hành Sơn",230,4.6,gift,16.05645155,108.2463395
"Khay nhựa, Giấy bọc thực phẩm, Nước hoa mini, Sốt cà chua, Sữa tắm, Dao bếp, Sữa chua, Khẩu trang y tế, Mì gói, Cá hộp, Cá hộp, Cà phê hòa tan",MoonMilk,Da Nang City,"Đường Nguyễn Văn Thoại, Phường Ngũ Hành Sơn",75,4.1,supermarket,16.05563397,108.2448577
"Xà phòng tắm, Kẹo, Kem đánh răng, Túi nylon, Nước ngọt, Bàn chải đánh răng, Ô dù gấp, Khoai tây chiên, Bánh quy, Dầu gội, Cà phê lon, Gối cổ du lịch, Sổ tay nhỏ, Gối cổ du lịch, Dao cạo râu, Bánh mì sandwich, Dao cạo râu, Chai nước",Auminimart,Da Nang City,"Kiệt 2 Lâm Hoành, Phường An Hải",20,3.5,convenience,16.06340284,108.2445934
"Gạo, Trứng gà, Nước hoa mini, Sữa tắm, Chảo chống dính, Bột mì, Son dưỡng môi, Khăn giấy, Muỗng nĩa, Giấy vệ sinh, Khăn giấy, Ly thủy tinh, Kem cạo râu, Khay nhựa, Đường",Kon Plong,Kon Tum Province,Đường Lê Hồng Phong,140,4.4,supermarket,14.6014269,108.2896396
"Cốc đôi, Bình giữ nhiệt, Đồ thủ công, Tượng nhỏ, Bưu thiếp, Thiệp chúc mừng, Chậu cây mini, Ly in hình, Gấu bông mini, Hộp quà tặng, Móc khóa đôi, Đồ thủ công, Tranh mini",Dabhkla,Kon Tum Province,"Nguyễn Huệ, Quyết Thắng, Kon Tum",80,4.3,gift,14.34647,108.0008959
"Rau củ quả, Bột giặt, Bàn chải, Bột mì, Gạo, Mì gói, Ly thủy tinh, Giấy bọc thực phẩm, Trứng gà, Ly thủy tinh, Đường, Mì gói, Giấy bọc thực phẩm, Kem dưỡng da, Kem dưỡng da, Bàn chải, Nước rửa chén, Nước tương, Muối, Nước trái cây",Hoàng Vũ Măng Đen,Kon Tum Province,Quốc lộ 24,85,4,supermarket,14.5771705,108.2774587
"Muối, Kem đánh răng, Sữa tươi, Gạo, Giấy vệ sinh, Sữa bột, Sữa bột trẻ em, Trà, Bánh kẹo, Cà phê, Khăn ướt, Kem đánh răng",Chợ Kon Tum,Kon Tum Province,"Trần Hưng Đạo, Quyết Thắng, Kon Tum",10,3.9,department_store,14.3497412,108.0030392
"Sữa tươi, Sữa chua, Bột mì, Đĩa sứ, Dầu gội, Snack, Bông tẩy trang, Kem cạo râu, Nước mắm, Bàn chải, Nước tương, Nước mắm, Túi đựng rác, Gạo, Mì gói, Khăn giấy, Khăn giấy, Dầu ăn, Son dưỡng môi",Little village with small supermarket,Kon Tum Province,"Quốc lộ 24, Pờ Ê",80,3.9,supermarket,14.7374293,108.4996492
"Áo khoác da, Giày cao gót, Đồng hồ, Kem nền, Áo sơ mi, Túi tote, Mascara, Đồ chơi trẻ em, Mỹ phẩm trang điểm, Túi xách, Kem nền, Quần short, Son môi, Nón thời trang",Vincom Plaza Kon Tum,Kon Tum Province,"Đường Phan Đình Phùng, Quyết Thắng, Kon Tum",300,4.3,mall,14.3485175,108.0006851
"Dao bếp, Dao bếp, Ngũ cốc ăn sáng, Trà túi lọc, Túi đựng rác, Muỗng nĩa, Nước mắm, Dao bếp, Khăn giấy, Bột mì, Dao bếp, Đường, Nước mắm, Bàn chải, Khăn giấy, Ly thủy tinh, Ngũ cốc ăn sáng, Bột giặt",Minimart,Kon Tum Province,Quốc lộ 40,95,3.9,supermarket,14.7042875,107.5629739
"Chai nước, Ô dù gấp, Sổ tay nhỏ, Mì gói, Bánh snack, Nước tăng lực, Bánh bao mini, Nước tăng lực, Bàn chải đánh răng, Găng tay nilon, Pin AA, Bao rác, Chai nước, Chai nước",Tạp hóa Khánh Toàn,Kon Tum Province,"Trần Văn Hai, Trường Chinh, Kon Tum",10,3.6,convenience,14.3596293,108.0218046
"Xà phòng tắm, Sổ tay nhỏ, Bút bi, Pin AA, Mì gói, Muỗng nhựa, Găng tay nilon, Bao rác, Bánh bao mini, Kẹo cao su, Mì ly, Găng tay nilon, Bánh quy, Xà phòng tắm, Pin sạc, Gối cổ du lịch",Tạp hóa Hai Tịnh,Kon Tum Province,"Đào Duy Từ, Thắng Lợi, Kon Tum",10,4.3,convenience,14.35597,108.022999
"Nước hoa mini, Trứng gà, Túi đựng rác, Đường, Cà phê hòa tan, Kem cạo râu, Rau củ quả, Son dưỡng môi, Giấy bọc thực phẩm, Nước mắm, Sữa tươi, Chảo chống dính",Hoàng Vũ Măng Đen,Kon Tum Province,Đường Phạm Văn Đồng,190,4,supermarket,14.58480983,108.28328
"Thắt lưng, Ba lô thời trang, Kem nền, Ốp điện thoại, Đầm công sở, Quần jean, Khăn choàng, Son môi, Thắt lưng, Kính mát, Phấn má, Vali kéo, Phấn má, Đồng hồ thông minh, Bông tai, Đồng hồ thông minh, Laptop mini",Trung tâm Thương mại Kon Plông,Kon Tum Province,Đường Phạm Văn Đồng,500,4.3,mall,14.5847372,108.2831405
"Giày thể thao, Ba lô thời trang, Đồ chơi trẻ em, Máy sấy tóc, Giày thể thao, Dầu dưỡng tóc, Quần jean, Kem nền, Thắt lưng, Thắt lưng, Vòng tay, Thắt lưng, Bông tai, Ốp điện thoại",Vincom Plaza Kon Tum,Kon Tum Province,"Đường Phan Đình Phùng, Quyết Thắng, Kon Tum",350,3.6,mall,14.34857421,108.0006703
"Muỗng nĩa, Giấy bọc thực phẩm, Dầu gội, Giấy vệ sinh, Bột mì, Khăn giấy, Chảo chống dính, Nước mắm, Sữa chua, Cá hộp, Bột ngọt, Nước tương, Dầu ăn, Bột ngọt, Kem cạo râu, Chảo chống dính, Cá hộp, Ly thủy tinh",Co.opmart Kon Tum,Kon Tum Province,"Đoàn Thị Điểm, Quang Trung, Kon Tum",120,4.2,supermarket,14.35459608,108.0021318
"Bút bi, Kẹo cao su, Bút bi, Cà phê lon, Sữa chua uống, Nước tăng lực, Nước tăng lực, Pin AA, Bánh mì sandwich, Khẩu trang y tế, Sữa hộp, Sổ tay nhỏ, Kẹo, Sữa chua uống, Pin sạc, Dây sạc điện thoại, Lăn khử mùi, Bàn chải đánh răng",G7 Mart,Quang Binh Province,"Đường Lý Thường Kiệt, Phường Đồng Hới",10,4.2,convenience,17.4798055,106.6199774
"Nước hoa mini, Nước mắm, Mì gói, Sữa chua, Ly thủy tinh, Ngũ cốc ăn sáng, Thịt heo, Sữa tươi, Ngũ cốc ăn sáng, Ly thủy tinh, Sốt cà chua, Khăn giấy, Giấy vệ sinh, Bột giặt, Dầu ăn",Bom Baby Shop,Quang Binh Province,"6, Đường 18 tháng 8, Phường Đồng Hới",90,4,supermarket,17.471,106.6199635
"Găng tay nilon, Khẩu trang y tế, Cà phê lon, Trà đóng chai, Mì ly, Cà phê lon, Kẹo, Khẩu trang y tế, Bút bi, Bàn chải đánh răng, Gối cổ du lịch, Nước ngọt, Dây sạc điện thoại, Kem đánh răng, Muỗng nhựa, Sữa chua uống, Dầu gội, Dây sạc điện thoại",WinMart+,Quang Binh Province,Quốc lộ 9G,15,4,convenience,17.6105063,106.3086869
"Dao bếp, Dao bếp, Khẩu trang y tế, Khay nhựa, Kem dưỡng da, Mì gói, Nước tương, Thớt, Túi đựng rác, Bàn chải, Sữa chua",CHỢ QUÂN ĐÀN,Quang Binh Province,Đường tỉnh 564,70,3.6,supermarket,17.1388538,106.8079438
"Nước trái cây, Gạo, Gạo, Túi đựng rác, Cá hộp, Dầu gội, Bơ thực vật, Nước tương, Nước tương, Trứng gà, Trứng gà, Mì gói, Thịt heo, Khẩu trang y tế, Nước hoa mini, Ngũ cốc ăn sáng",WinMart,Quang Binh Province,"Đường Quách Xuân Kỳ, Phường Đồng Hới",165,4.3,supermarket,17.4655783,106.6262329
"Khăn giấy, Nước tương, Dầu gội, Sữa chua, Ly thủy tinh, Sữa chua, Ly thủy tinh, Muối, Ly thủy tinh, Nước lau sàn, Đường, Thớt, Đĩa sứ, Nước rửa chén, Dầu gội, Son dưỡng môi, Dầu ăn, Bột mì",Chợ xã Hải Ninh,Quang Binh Province,Đường tỉnh 569,165,3.9,supermarket,17.3548455,106.7397595
"Bột ngọt, Dầu ăn, Sữa tắm, Sữa tắm, Chảo chống dính, Ngũ cốc ăn sáng, Trứng gà, Gạo, Trứng gà, Dầu gội, Son dưỡng môi, Khay nhựa, Mì gói, Cà phê hòa tan, Sữa tươi, Son dưỡng môi, Ly thủy tinh",Hải Ninh mini,Quang Binh Province,Đường tỉnh 569,130,3.9,supermarket,17.3703747,106.726374
"Bánh snack, Kẹo, Bánh bao mini, Trà đóng chai, Dây sạc điện thoại, Sữa chua uống, Bóng đèn LED mini, Khăn ướt, Dây sạc điện thoại, Bao rác, Chai nước, Bánh snack, Kẹo, Muỗng nhựa, Khoai tây chiên, Kem đánh răng, Mì ly, Cốc nhựa",Mini mart,Quang Binh Province,Quốc lộ 9G,20,4.4,convenience,17.6089718,106.3135886
"Bao rác, Thịt hộp, Khẩu trang y tế, Kem đánh răng, Dầu gội, Nước ngọt, Dầu gội, Thịt hộp, Khăn ướt, Túi nylon, Mì ly, Lăn khử mùi",Mini mart,Quang Binh Province,Quốc lộ 9G,10,4,convenience,17.6095326,106.3129021
"Giấy vệ sinh, Nước hoa mini, Dầu gội, Đĩa sứ, Nước mắm, Trứng gà, Kem cạo râu, Ngũ cốc ăn sáng, Nước xả vải, Kem dưỡng da, Muối",WinMart,Quang Binh Province,Đường Hồ Chí Minh nhánh Đông,145,4.4,supermarket,17.6462233,106.2763388
"Áo khoác, Găng tay, Phấn má, Áo thun, Áo khoác da, Vòng tay, Áo khoác, Dầu dưỡng tóc, Thắt lưng, Phấn má, Túi tote, Dép sandal, Găng tay",Vincom Plaza,Quang Binh Province,"Đường Quách Xuân Kỳ, Phường Đồng Hới",350,4.4,mall,17.46549525,106.6262789
"Sữa tắm, Muỗng nĩa, Sữa chua, Giấy vệ sinh, Son dưỡng môi, Son dưỡng môi, Nước hoa mini, Khăn giấy, Snack, Dầu ăn, Trứng gà, Cá hộp, Sữa tắm, Trà túi lọc, Dầu ăn, Ly thủy tinh, Chảo chống dính, Nước xả vải, Dầu gội, Ly thủy tinh",Công ty Vương Thuận,Quang Binh Province,"Đường Lý Nam Đế, Phường Đồng Hới",200,4.3,supermarket,17.47669318,106.6163653
"Dầu ăn, Nước hoa mini, Cà phê hòa tan, Đường, Đường, Gạo, Sốt cà chua, Sữa tắm, Snack, Đĩa sứ, Cà phê hòa tan",Vinmart,Ha Tinh Province,"Nguyễn Thị Minh Khai, Phường Thành Sen",130,4.1,supermarket,18.3419895,105.8895673
"Ô dù gấp, Sữa hộp, Pin AA, Nước tăng lực, Kẹo, Pin sạc, Dao cạo râu, Găng tay nilon, Khoai tây chiên, Nước tăng lực, Pin AA",Hùng Chiến,Ha Tinh Province,"7, Đặng Dung, Phường Thành Sen",15,3.8,convenience,18.3385529,105.9032929
"Nước trái cây, Sữa tươi, Bột giặt, Rau củ quả, Giấy vệ sinh, Sữa tươi, Ngũ cốc ăn sáng, Mì gói, Bột ngọt, Muỗng nĩa, Chảo chống dính, Khăn giấy, Bàn chải, Bột ngọt, Cá hộp, Son dưỡng môi, Bàn chải, Dầu ăn, Sữa tươi, Đường",Cửa hàng tạp hóa hùng hường,Ha Tinh Province,"Nguyễn Du, Thạch Hưng, Phường Thành Sen",150,4,supermarket,18.3462618,105.8941889
"Giấy bọc thực phẩm, Trứng gà, Giấy vệ sinh, Ngũ cốc ăn sáng, Bông tẩy trang, Nước lau sàn, Ngũ cốc ăn sáng, Khay nhựa, Khăn giấy, Sữa tươi, Nước mắm, Bột mì",Cửa hàng tạp hóa Hùng Hường,Ha Tinh Province,"Nguyễn Du, Thạch Hưng, Phường Thành Sen",190,3.8,supermarket,18.3462618,105.8941889
"Bút bi, Pin sạc, Pin sạc, Thịt hộp, Muỗng nhựa, Pin AA, Găng tay nilon, Khẩu trang y tế, Bánh quy, Găng tay nilon, Ô dù gấp, Bật lửa, Mì gói, Bút bi, Bàn chải đánh răng, Bút bi",Shop dày dép xinh,Ha Tinh Province,"Xuân Diệu, Phường Thành Sen",15,3.8,convenience,18.3410952,105.8975574
"Nước tương, Dao bếp, Nước hoa mini, Bột giặt, Sữa chua, Nước rửa chén, Sữa tắm, Ly thủy tinh, Bông tẩy trang, Trà túi lọc, Bột giặt, Son dưỡng môi, Sốt cà chua, Sữa chua, Sữa tắm",siêu thị điện máy Ông Nhân plaza,Ha Tinh Province,"Phan Đình Phùng, Thạch Hưng, Phường Thành Sen",90,4,supermarket,18.339158,105.8993081
"Sổ tay nhỏ, Bàn chải đánh răng, Túi nylon, Khăn ướt, Bút bi, Dao cạo râu, Mì ly, Pin sạc, Pin sạc, Nước ngọt, Bút bi, Nước ngọt, Kẹo, Bánh snack, Kẹo cao su, Bánh snack, Gối cổ du lịch, Bánh bao mini, Pin sạc",Shop giày đẹp - dép xinh,Ha Tinh Province,"Xuân Diệu, Phường Thành Sen",20,3.6,convenience,18.3389578,105.8980703
"Cốc nhựa, Nước ngọt, Bánh mì sandwich, Khăn giấy, Bao rác, Khoai tây chiên, Khoai tây chiên, Xà phòng tắm, Bánh bao mini, Bàn chải đánh răng, Pin sạc, Mì gói, Ô dù gấp, Lăn khử mùi, Cốc nhựa, Bánh mì sandwich, Kẹo cao su, Xà phòng tắm, Khoai tây chiên",cửa hàng quần áo strongly,Ha Tinh Province,"Xuân Diệu, Phường Thành Sen",15,4,convenience,18.3405095,105.8975979
"Bàn chải đánh răng, Muỗng nhựa, Túi nylon, Cốc nhựa, Sổ tay nhỏ, Pin AA, Trà đóng chai, Kem đánh răng, Thịt hộp, Bánh bao mini, Pin sạc, Ô dù gấp",Cửa Hàng Khánh Hòa,Ha Tinh Province,"Phan Đình Phùng, Thạch Hưng, Phường Thành Sen",10,4.3,convenience,18.3402936,105.9042848
"Nước hoa mini, Nước rửa chén, Nước lau sàn, Nước xả vải, Dao bếp, Nước lau sàn, Rau củ quả, Nước mắm, Bột ngọt, Cá hộp, Sốt cà chua, Sữa tươi, Kem dưỡng da, Rau củ quả, Nước mắm, Nước xả vải, Nước xả vải, Son dưỡng môi, Cá hộp, Muỗng nĩa",Điện Máy Nga Khanh,Ha Tinh Province,"Nguyễn Chí Thanh, Phường Thành Sen",110,4,supermarket,18.3398273,105.9051458
"Đường, Sữa tươi, Bơ thực vật, Bột ngọt, Giấy vệ sinh, Cá hộp, Khay nhựa, Túi đựng rác, Bàn chải, Kem cạo râu, Sữa tươi, Giấy vệ sinh, Mì gói",Cửa hàng HonDa ủy NHiệm Hatimexco1,Ha Tinh Province,"Nguyễn Chí Thanh, Phường Thành Sen",140,3.9,supermarket,18.3399704,105.905132
"Kem cạo râu, Nước xả vải, Ngũ cốc ăn sáng, Túi đựng rác, Sữa tươi, Son dưỡng môi, Túi đựng rác, Muối, Trà túi lọc, Khẩu trang y tế, Sữa tươi, Nước hoa mini, Sữa chua, Nước trái cây, Thịt heo",Bách Hóa Tổng Hợp Vật Tư Nông,Ha Tinh Province,"Nguyễn Xí, Phường Thành Sen",175,3.8,supermarket,18.3292068,105.8979427
"Bột ngọt, Trà túi lọc, Ly thủy tinh, Nước trái cây, Trà túi lọc, Túi đựng rác, Dao bếp, Giấy vệ sinh, Nước xả vải, Son dưỡng môi, Nước rửa chén, Chảo chống dính, Sữa tươi, Bột mì, Túi đựng rác, Bột giặt",Hàn vợt cầu lông,Ha Tinh Province,"Hàm Nghi, Phường Thành Sen",85,3.6,supermarket,18.3349014,105.8917767
"Dầu dưỡng tóc, Áo thun, Đồng hồ thông minh, Quần jean, Dầu dưỡng tóc, Kem nền, Vali kéo, Mỹ phẩm trang điểm, Thắt lưng, Tai nghe Bluetooth, Mascara, Mỹ phẩm trang điểm, Ốp điện thoại, Mascara, Đồng hồ thông minh, Kem nền, Giày cao gót, Tai nghe Bluetooth, Mỹ phẩm trang điểm",Chợ Hôm Thị Trấn Đức Thọ,Ha Tinh Province,Đường La Giang,100,3.8,mall,18.5402199,105.5886193
"Khẩu trang y tế, Dao cạo râu, Bao rác, Gối cổ du lịch, Dao cạo râu, Ô dù gấp, Bao rác, Bánh bao mini, Bánh snack, Túi nylon, Khăn giấy, Bóng đèn LED mini",Minimart,Ha Tinh Province,Đường tỉnh 554,15,4.2,convenience,18.526035,105.5587578
"Bóng đèn LED mini, Khăn ướt, Nước ngọt, Nước suối, Lăn khử mùi, Bánh mì sandwich, Kem đánh răng, Trà đóng chai, Gối cổ du lịch, Ô dù gấp, Bóng đèn LED mini",Provision shop,Ha Tinh Province,Đường La Giang,20,3.6,convenience,18.5504218,105.5771872
"Nước xả vải, Nước trái cây, Son dưỡng môi, Son dưỡng môi, Giấy vệ sinh, Ngũ cốc ăn sáng, Bột mì, Nước hoa mini, Nước tương, Giấy vệ sinh, Muối, Nước hoa mini, Trà túi lọc, Đường, Dao bếp, Sốt cà chua, Khẩu trang y tế, Nước xả vải, Nước xả vải, Nước rửa chén",Nhà ông Diện,Ha Tinh Province,Quốc lộ 8C,165,4.3,supermarket,18.5332475,105.546773
"Nước ngọt, Bao rác, Khăn ướt, Bàn chải đánh răng, Muỗng nhựa, Bật lửa, Bóng đèn LED mini, Dao cạo râu, Nước tăng lực, Bật lửa, Kẹo, Sữa hộp",WinMart+,Ha Tinh Province,"Đường Lê Đại Hành, Phường Sông Trí",15,4,convenience,18.0786412,106.2883318
"Khăn giấy, Gạo, Nước rửa chén, Sữa tươi, Nước ngọt, Mì gói, Nước lau sàn, Sữa tươi, Sữa bột, Khăn ướt, Bánh ăn dặm",Vincom Plaza,Ha Tinh Province,"Đường Lê Đại Hành, Phường Sông Trí",20,3.6,department_store,18.0760235,106.2889458
"Nước mắm, Snack, Bàn chải, Thớt, Nước xả vải, Túi đựng rác, Sữa tươi, Bột ngọt, Dầu gội, Mì gói, Nước rửa chén, Bàn chải, Dao bếp, Chảo chống dính, Mì gói",Vincom Plaza Hà Tĩnh,Ha Tinh Province,"Hà Huy Tập, Phường Thành Sen",165,4.1,supermarket,18.33765778,105.8958148
