item_name,shop_name,city,address,price,rating,category,lat,lon
"Găng tay nilon, Bánh quy, Bao rác, Ô dù gấp, Dầu gội, Bánh snack, Sữa hộp, Dao cạo râu, Sổ tay nhỏ, Mì gói, Bóng đèn LED mini, Sữa hộp, Kẹo cao su, Dầu gội, Mì gói",Bách hóa Huệ Tạo,Ha Giang Province,"135 tổ 7 TT Vị Xuyên-Vị Xuyên-Hà Giang, Đường Hồng Quân",10,4.5,convenience,22.664973399999997,104.9869959
"Dây sạc điện thoại, Kẹo cao su, Thịt hộp, Thịt hộp, Cốc nhựa, Sữa hộp, Sữa hộp, Bánh bao mini, Túi nylon, Dây sạc điện thoại, Sổ tay nhỏ, Sữa hộp, Mì ly, Khẩu trang y tế, Dây sạc điện thoại",Small supermarket,Ha Giang Province,Phố Trần Hưng Đạo,20,4.2,convenience,23.064689599999998,104.9927417
"Kem đánh răng, Pin AA, Khăn giấy, Bật lửa, Dây sạc điện thoại, Khăn giấy, Sổ tay nhỏ, Cà phê lon, Bút bi, Sổ tay nhỏ, Bàn chải đánh răng, Khăn giấy, Mì gói, Muỗng nhựa, Dây sạc điện thoại, Sổ tay nhỏ, Dầu gội, Nước tăng lực",Supermarket,Ha Giang Province,Đường Trường Chinh,20,4.4,convenience,22.415379599999998,104.8184058
"Nước hoa mini, Đường, Muối, Khẩu trang y tế, Sữa tươi, Bột ngọt, Bàn chải, Bông tẩy trang, Sốt cà chua, Muối, Gạo, Muối, Sữa tắm, Nước mắm, Chảo chống dính, Bột mì, Bột mì, Khay nhựa, Thớt, Sữa tươi",smala marcket,Ha Giang Province,Quốc lộ 4C,190,4.2,supermarket,23.1921111,105.1934069
"Gạo, Khăn ướt, Sữa tươi, Bột nêm, Giấy vệ sinh, Nước rửa chén, Nước suối, Mì gói, Thực phẩm đóng hộp, Dầu ăn, Sữa tắm, Bánh kẹo, Nước lau sàn, Nước xả vải, Bánh kẹo, Giấy vệ sinh, Trà",Ovocny trh,Ha Giang Province,"Đường Nguyễn Thái Học, Trần Phú, 20152",20,3.6,department_store,22.832534499999998,104.9866311
"Dầu gội, Trà túi lọc, Thịt heo, Son dưỡng môi, Sốt cà chua, Snack, Mì gói, Khay nhựa, Cá hộp, Muỗng nĩa, Dầu ăn",Lũng Phìn Market,Ha Giang Province,"Đường tỉnh 176, Lung Phin",105,4.1,supermarket,23.15096159999999,105.305485
"Giấy vệ sinh, Thớt, Dầu gội, Nước mắm, Bột mì, Túi đựng rác, Cá hộp, Nước lau sàn, Cà phê hòa tan, Nước xả vải, Chảo chống dính, Bột ngọt, Đĩa sứ, Đường, Thớt, Nước mắm, Nước tương",Phoenix Center,Ha Giang Province,"Đường Minh Khai, Minh Khai, 20152",115,3.6,supermarket,22.819116399999995,104.98456230000001
"Khẩu trang y tế, Cá hộp, Khẩu trang y tế, Giấy vệ sinh, Sữa tắm, Snack, Nước rửa chén, Son dưỡng môi, Nước mắm, Cà phê hòa tan, Nước tương, Trứng gà, Kem dưỡng da, Khay nhựa, Bột mì, Bột ngọt, Khay nhựa",J-Mart Hàng Nhật Nội Địa,Ha Giang Province,"39, Đường Minh Khai, Minh Khai, 20152",75,3.6,supermarket,22.818890499999995,104.985224
"Rau củ quả, Kem cạo râu, Son dưỡng môi, Bông tẩy trang, Nước trái cây, Rau củ quả, Mì gói, Sữa chua, Nước trái cây, Trà túi lọc, Kem dưỡng da",WinMart,Ha Giang Province,"Đường Nguyễn Trãi, Nguyễn Trãi, 20152",35,4.2,supermarket,22.814251400000003,104.981384
"Muỗng nĩa, Sữa chua, Nước rửa chén, Giấy vệ sinh, Trà túi lọc, Muối, Túi đựng rác, Dầu ăn, Nước rửa chén, Ngũ cốc ăn sáng, Nước hoa mini",Sieu Thi,Cao Bang Province,"Phố Đàm Quang Trung, Phường Thục Phán, Cao Bằng, Tỉnh Cao Bằng, 27000",70,4.1,supermarket,22.6645153,106.2592726
"Kẹo, Khăn ướt, Chai nước, Xà phòng tắm, Găng tay nilon, Bánh mì sandwich, Bánh bao mini, Dầu gội, Kẹo, Sữa chua uống, Khăn giấy, Túi nylon, Cốc nhựa",Good Shop,Cao Bang Province,"Quốc lộ 34, Tỉnh Cao Bằng",20,4.4,convenience,22.780172300000004,105.7497916
"Bột mì, Chảo chống dính, Bột mì, Nước rửa chén, Bông tẩy trang, Ngũ cốc ăn sáng, Thớt, Bông tẩy trang, Giấy vệ sinh, Đường, Nước xả vải, Bông tẩy trang, Gạo, Dao bếp, Dầu gội, Sữa tươi, Sữa chua, Giấy vệ sinh",Tổng hợp Cao Bằng,Cao Bang Province,"Phố Đàm Quang Trung, Phường Thục Phán, Cao Bằng, Tỉnh Cao Bằng, 27000",145,3.8,supermarket,22.66452108084505,106.25930846969057
"Ngũ cốc ăn sáng, Nước tương, Sữa chua, Dao bếp, Nước rửa chén, Túi đựng rác, Trà túi lọc, Túi đựng rác, Bột mì, Nước tương, Sữa tắm, Bột giặt, Sữa tắm",Siêu thị Hợp Giang,Cao Bang Province,"Phố Đàm Quang Trung, Phường Thục Phán, Cao Bằng, Tỉnh Cao Bằng, 27000",175,3.9,supermarket,22.664283662341916,106.25981823482779
"Bột mì, Trà túi lọc, Túi đựng rác, Thớt, Nước lau sàn, Sữa chua, Snack, Trứng gà, Kem cạo râu, Thịt heo",Siêu thị Ngọc Xuân,Cao Bang Province,"Đường Pác Bó, Phường Nùng Trí Cao, Cao Bằng, Tỉnh Cao Bằng, 21110",185,4,supermarket,22.674289505468565,106.25722771380381
"Thiệp chúc mừng, Móc khóa đôi, Khăn lụa, Gối in hình, Móc khóa, Bánh handmade, Bình giữ nhiệt, Túi đựng quà, Đồ thủ công, Ly in hình, Khăn lụa, Ly in hình, Thiệp chúc mừng, Chậu cây mini, Bưu thiếp, Gấu bông mini, Khung ảnh LED, Sổ tay dễ thương",Hương Rừng Xứ Lạng,Lang Son Province,"Đường Ngô Thì Sỹ, Phường Tam Thanh, Tỉnh Lạng Sơn, 00251",280,4.4,gift,21.855544199999994,106.7474288
"Kem nền, Nước hoa, Túi xách, Quần short, Tai nghe Bluetooth, Dầu dưỡng tóc, Vali kéo, Sách, Mascara, Dép sandal, Găng tay, Phấn má, Nước hoa",Vincom,Lang Son Province,"Trần Hưng Đạo, 枝陵坊, Tỉnh Lạng Sơn, 00251",500,3.8,mall,21.847952450021126,106.75778315000571
"Mì gói, Gối cổ du lịch, Gối cổ du lịch, Bật lửa, Bút bi, Muỗng nhựa, Bút bi, Xà phòng tắm, Pin sạc, Kẹo cao su, Bánh snack, Nước suối, Mì gói, Ô dù gấp",Bách hóa Huệ Tạo,Tuyen Quang Province,"135 tổ 7 TT Vị Xuyên-Vị Xuyên-Hà Giang, Đường Hồng Quân",15,3.7,convenience,22.664973399999997,104.9869959
"Xà phòng tắm, Chai nước, Nước suối, Mì gói, Dầu gội, Lăn khử mùi, Thịt hộp, Dây sạc điện thoại, Sổ tay nhỏ, Kẹo",Small supermarket,Tuyen Quang Province,Phố Trần Hưng Đạo,10,3.5,convenience,23.064689599999998,104.9927417
"Khăn ướt, Nước tăng lực, Pin AA, Trà đóng chai, Khăn ướt, Mì gói, Khăn ướt, Muỗng nhựa, Nước ngọt, Nước suối, Khăn giấy, Bật lửa, Kẹo cao su, Bàn chải đánh răng, Kẹo cao su",Supermarket,Tuyen Quang Province,Đường Trường Chinh,15,3.9,convenience,22.415379599999998,104.8184058
"Bột giặt, Bột mì, Muối, Giấy bọc thực phẩm, Chảo chống dính, Bột giặt, Dao bếp, Đĩa sứ, Nước lau sàn, Khẩu trang y tế, Khay nhựa, Nước xả vải, Đĩa sứ, Dầu ăn, Trứng gà, Nước tương",smala marcket,Tuyen Quang Province,Quốc lộ 4C,105,4.3,supermarket,23.1921111,105.1934069
"Đường, Thực phẩm đóng hộp, Tã em bé, Nước lau sàn, Nước lau sàn, Kem đánh răng, Khăn giấy, Dầu ăn, Dầu gội, Bình sữa, Sữa tắm, Bột nêm, Nước suối, Giấy vệ sinh",Ovocny trh,Tuyen Quang Province,"Đường Nguyễn Thái Học, Trần Phú, 20152",10,3.6,department_store,22.832534499999998,104.9866311
"Khẩu trang y tế, Giấy bọc thực phẩm, Ly thủy tinh, Nước trái cây, Muỗng nĩa, Muối, Snack, Sữa tươi, Sữa chua, Gạo, Giấy bọc thực phẩm, Khăn giấy, Bơ thực vật, Nước lau sàn, Chảo chống dính, Bơ thực vật",Lũng Phìn Market,Tuyen Quang Province,"Đường tỉnh 176, Lung Phin",105,4.1,supermarket,23.15096159999999,105.305485
"Gạo, Dầu gội, Sữa chua, Nước hoa mini, Sữa chua, Giấy bọc thực phẩm, Trứng gà, Thớt, Dao bếp, Muỗng nĩa, Ngũ cốc ăn sáng, Đường, Thịt heo, Trà túi lọc, Muỗng nĩa, Khẩu trang y tế, Trứng gà, Bột ngọt, Snack",Phoenix Center,Tuyen Quang Province,"Đường Minh Khai, Minh Khai, 20152",145,4.4,supermarket,22.819116399999995,104.98456230000001
"Bánh kẹo, Dầu ăn, Nước rửa chén, Nước ngọt, Sữa bột trẻ em, Bánh ăn dặm, Trà, Sữa bột, Bình sữa, Bánh kẹo, Dầu gội, Nước ngọt, Giấy vệ sinh",Lại Tiến Thành,Tuyen Quang Province,"53, Đường Tân Hà, Phường Minh Xuân",20,3.6,department_store,21.828299199999996,105.2112262
"Đĩa sứ, Chảo chống dính, Gạo, Dầu gội, Sữa chua, Son dưỡng môi, Nước rửa chén, Nước trái cây, Nước rửa chén, Sốt cà chua, Ly thủy tinh, Nước mắm, Thớt, Cá hộp, Cà phê hòa tan, Chảo chống dính, Kem dưỡng da",J-Mart Hàng Nhật Nội Địa,Tuyen Quang Province,"39, Đường Minh Khai, Minh Khai, 20152",200,3.6,supermarket,22.818890499999995,104.985224
"Giấy vệ sinh, Nước mắm, Sốt cà chua, Muỗng nĩa, Khẩu trang y tế, Cà phê hòa tan, Đĩa sứ, Thịt heo, Ly thủy tinh, Dầu ăn, Dầu ăn, Trà túi lọc",WinMart,Tuyen Quang Province,"Đường Nguyễn Trãi, Nguyễn Trãi, 20152",65,3.7,supermarket,22.814251400000003,104.981384
"Bột giặt, Giấy vệ sinh, Sữa tươi, Trà túi lọc, Sốt cà chua, Trà túi lọc, Nước hoa mini, Bông tẩy trang, Nước trái cây, Trứng gà, Túi đựng rác",Mua Sam Tong Hop Sa Pa,Lao Cai Province,"46, Đường Ngũ Chỉ Sơn, Sa Pa, Tỉnh Lào Cai, 31786",55,3.7,supermarket,22.3378107,103.8482967
"Cá hộp, Giấy vệ sinh, Túi đựng rác, Muỗng nĩa, Kem dưỡng da, Sữa chua, Dầu ăn, Giấy vệ sinh, Sữa chua, Gạo, Ly thủy tinh",Chợ Cán Cẩu,Lao Cai Province,"Quốc lộ 4, Thôn Cán Chư Sử, Tỉnh Lào Cai",55,4.2,supermarket,22.6519412,104.3149744
"Bột ngọt, Sữa chua, Son dưỡng môi, Ngũ cốc ăn sáng, Gạo, Kem dưỡng da, Mì gói, Sốt cà chua, Bàn chải, Bột giặt, Nước trái cây, Trứng gà, Gạo, Nước trái cây, Sốt cà chua, Bột ngọt",Xuân Trúong Mart,Lao Cai Province,"Đường Ngũ Chỉ Sơn, Sa Pa, Tỉnh Lào Cai, 31786",110,4.2,supermarket,22.337779900000005,103.8483728
"Tranh thư pháp, Tranh thư pháp, Tranh tường, Mô hình nghệ thuật, Tranh đương đại, Tượng đất nung, Tượng nhân vật cổ điển, Tượng nhân vật cổ điển, Tượng kim loại, Tranh, Mô hình nghệ thuật",Pujceni motorky,Lao Cai Province,"Kim Đồng, Sa Pa, Tỉnh Lào Cai, 31786",80,5,car_parts,22.337119599999998,103.8476004
"Sữa tươi, Nước mắm, Thịt heo, Trà túi lọc, Nước trái cây, Bơ thực vật, Sữa tươi, Gạo, Muỗng nĩa, Muỗng nĩa, Bột mì, Khăn giấy, Sốt cà chua, Giấy bọc thực phẩm, Sữa tươi, Nước mắm, Kem dưỡng da, Snack",Cốc Lều A Market,Lao Cai Province,"Phố Cốc Lếu, Cốc Lếu, Lào Cai, Tỉnh Lào Cai, 31100",180,4.2,supermarket,22.5008931,103.967559
"Bông tẩy trang, Khăn giấy, Khẩu trang y tế, Bông tẩy trang, Snack, Nước trái cây, Sốt cà chua, Đĩa sứ, Đĩa sứ, Trứng gà, Bơ thực vật, Túi đựng rác",Cốc Lều B Market,Lao Cai Province,"Đường Hồng Hà, Cốc Lếu, Lào Cai, Tỉnh Lào Cai, 31100",155,4.2,supermarket,22.501287000000005,103.9680784
"Nước mắm, Đĩa sứ, Nước trái cây, Nước hoa mini, Đường, Thịt heo, Đường, Rau củ quả, Bột giặt, Muối, Túi đựng rác, Cà phê hòa tan, Snack, Khay nhựa, Khăn giấy, Giấy vệ sinh, Trà túi lọc, Son dưỡng môi, Son dưỡng môi",Local market,Lao Cai Province,"Phỗ Minh Khai, Cốc Lếu, Lào Cai, Tỉnh Lào Cai, 31100",55,4.4,supermarket,22.4920566,103.9744456
"Đồ trang trí vintage, Hộp quà thủ công, Ghế đan tay, Đồ trang trí vintage, Bình tre, Lọ mây, Đèn treo mây, Đèn treo mây, Đèn treo mây, Đèn lồng giấy, Bàn tre mini, Khung tre, Bàn tre mini, Khung tre, Giá sách nhỏ, Thêu tay, Tranh treo tường thủ công",Hmong Antique Handicrafts,Lao Cai Province,"8a, Hoang Dieu, Sa Pa, Tỉnh Lào Cai, 31786",120,4.6,"Clothing,_bags,_handicrafts,_wall-hangs,_cushion_covers.",22.336818,103.842561
"Lược điện, Quần jean, Laptop mini, Đồ chơi trẻ em, Váy dạ hội, Quần jean, Đầm công sở, Quần short, Áo khoác da, Quần short, Giày thể thao, Mascara, Son môi, Phấn má, Ví da, Áo khoác, Ví da",Vincom Plaza,Lao Cai Province,"Đường Nguyễn Thái Học, Hồng Hà, Yên Bái, Tỉnh Lào Cai",500,4.3,mall,21.7082028,104.8820482
"Dây sạc điện thoại, Bàn chải đánh răng, Sổ tay nhỏ, Dầu gội, Túi nylon, Xà phòng tắm, Pin AA, Bàn chải đánh răng, Bánh mì sandwich, Lăn khử mùi, Lăn khử mùi, Túi nylon, Bánh snack, Thịt hộp, Nước ngọt",WinMart+,Lao Cai Province,"Đường Thành Công, Nguyễn Thái Học, Yên Bái, Tỉnh Lào Cai",20,3.7,convenience,21.7082472,104.8819642
"Mì gói, Dao cạo râu, Pin sạc, Cà phê lon, Bánh bao mini, Dao cạo râu, Cốc nhựa, Ô dù gấp, Bút bi, Sữa chua uống, Khăn giấy, Bánh quy, Sữa hộp, Bút bi, Cà phê lon",WinMart+,Lao Cai Province,"Lương Định Của, Sa Pa, Tỉnh Lào Cai, 31786",15,4.5,convenience,22.337676,103.8502966
"Thắt lưng, Ví da, Ba lô thời trang, Sách, Đồng hồ, Ví da, Mỹ phẩm trang điểm, Kem nền, Ba lô thời trang, Túi tote, Đồng hồ",Bitis,Lao Cai Province,"Đường Nguyễn Huệ, Lào Cai, Lào Cai, Tỉnh Lào Cai, 31100",150,5,mall,22.506059118713974,103.96651491256291
"Mascara, Kem nền, Đồng hồ, Túi xách, Quần short, Lược điện, Laptop mini, Áo khoác, Váy dạ hội, Kem nền, Áo khoác, Áo sơ mi",Siêu thị Anh Mỹ,Lao Cai Province,"Phố Đặng Văn Ngữ, Cốc Lếu, Lào Cai, Tỉnh Lào Cai, 31100",200,4.4,mall,22.49880490678788,103.96550447504771
"Trứng gà, Sữa chua, Cá hộp, Muỗng nĩa, Muối, Son dưỡng môi, Rau củ quả, Kem cạo râu, Bơ thực vật, Khẩu trang y tế, Đường, Kem dưỡng da, Đường, Dầu gội, Muối, Ngũ cốc ăn sáng",GO!,Lao Cai Province,"Đại lộ Trần Hưng Đạo, Bắc Lệnh, Tỉnh Lào Cai",170,4.2,supermarket,22.43384849777953,104.01588776209226
"Khăn choàng, Nón thời trang, Sách, Mỹ phẩm trang điểm, Áo sơ mi, Laptop mini, Laptop mini, Lược điện, Vòng tay, Áo khoác, Áo sơ mi, Mỹ phẩm trang điểm",Vincom Plaza,Yen Bai Province,"Đường Nguyễn Thái Học, Hồng Hà, Yên Bái, Tỉnh Lào Cai",450,3.7,mall,21.7082028,104.8820482
"Bút bi, Găng tay nilon, Nước tăng lực, Nước tăng lực, Dây sạc điện thoại, Nước suối, Lăn khử mùi, Khăn giấy, Chai nước, Nước tăng lực, Pin sạc",WinMart+,Yen Bai Province,"Đường Thành Công, Nguyễn Thái Học, Yên Bái, Tỉnh Lào Cai",15,3.5,convenience,21.7082472,104.8819642
"Gối cổ du lịch, Dây sạc điện thoại, Dầu gội, Gối cổ du lịch, Pin AA, Bàn chải đánh răng, Nước tăng lực, Sữa chua uống, Bàn chải đánh răng, Gối cổ du lịch, Khoai tây chiên, Bàn chải đánh răng, Trà đóng chai, Nước tăng lực, Sữa hộp, Khăn giấy",Local shop,Lai Chau Province,"Đường tỉnh 127, Mường Mô, Tỉnh Lai Châu",10,4.3,convenience,22.2082084,102.939615
"Dầu gội, Kem cạo râu, Cà phê hòa tan, Khăn giấy, Bơ thực vật, Đường, Cá hộp, Nước mắm, Sữa tắm, Chảo chống dính, Kem cạo râu, Nước tương, Khay nhựa, Bàn chải",Phong Thổ Mart,Lai Chau Province,"Quốc lộ 4D, Lai Châu, Tỉnh Lai Châu",175,4.2,supermarket,22.54457465001433,103.2999694500674
"Bơ thực vật, Khẩu trang y tế, Thớt, Dầu gội, Trà túi lọc, Giấy bọc thực phẩm, Thớt, Sữa tắm, Cà phê hòa tan, Trà túi lọc, Trứng gà",Thực phẩm sạch Tâm Đỏ,Dien Bien Province,"Trần Đăng Ninh, Mường Thanh, Điện Biên Phủ, Tỉnh Điện Biên, 32000",105,4.4,supermarket,21.392050899999997,103.012188
"Bơ thực vật, Muỗng nĩa, Nước tương, Nước xả vải, Giấy vệ sinh, Nước hoa mini, Giấy bọc thực phẩm, Nước rửa chén, Bột giặt, Snack, Ngũ cốc ăn sáng, Nước xả vải, Nước lau sàn, Mì gói, Mì gói, Thớt",Hoa Ba Supermarket,Dien Bien Province,"Đường Võ Nguyên Giáp, Tỉnh Điện Biên, 32000",90,3.8,supermarket,21.378730199999996,103.0161872
"Khẩu trang y tế, Bơ thực vật, Bột mì, Trứng gà, Nước mắm, Trà túi lọc, Bột mì, Bột mì, Bông tẩy trang, Túi đựng rác, Bột mì, Muối, Nước trái cây, Gạo",Siêu thị Thuý Quý,Dien Bien Province,"Đường Võ Nguyên Giáp, Na Lay, Tỉnh Điện Biên",70,4.1,supermarket,22.0238046,103.1531587
"Giấy bọc thực phẩm, Muối, Cà phê hòa tan, Khay nhựa, Nước hoa mini, Nước rửa chén, Ngũ cốc ăn sáng, Son dưỡng môi, Trà túi lọc, Kem cạo râu, Dầu ăn",Dung Hai Mart,Dien Bien Province,"Quốc lộ 12, Tỉnh Điện Biên",70,4.3,supermarket,21.75848299999999,103.0926035
"Lăn khử mùi, Bánh quy, Nước suối, Bút bi, Nước suối, Bút bi, Lăn khử mùi, Gối cổ du lịch, Bao rác, Bánh mì sandwich, Sổ tay nhỏ, Lăn khử mùi, Mì gói, Kem đánh răng, Khoai tây chiên",Local shop.,Son La Province,"Đường tỉnh 109, Tỉnh Sơn La",20,4.1,convenience,21.6558987,104.2670678
"Giày cao gót, Bông tai, Bông tai, Son môi, Đồng hồ thông minh, Vòng tay, Thắt lưng, Laptop mini, Kính mát, Vali kéo, Giày cao gót, Vòng tay",Vincom Plaza Sơn La,Son La Province,"Đường Trường Chinh, Sơn La, Tỉnh Sơn La",150,3.9,mall,21.323483382410025,103.91725918151717
"Xà phòng tắm, Khăn ướt, Chai nước, Kem đánh răng, Nước ngọt, Bánh mì sandwich, Trà đóng chai, Sữa hộp, Bánh bao mini, Kẹo cao su, Trà đóng chai, Bánh bao mini",Vụ bản,Hoa Binh Province,"Quốc lộ 12B, Tỉnh Phú Thọ",10,3.9,convenience,20.447680199999997,105.4535562
"Mì gói, Thực phẩm đóng hộp, Trà, Bột nêm, Ngũ cốc, Nước suối, Sữa bột trẻ em, Sữa bột, Nước mắm, Thực phẩm đóng hộp, Nước rửa chén",Hùng Giang,Hoa Binh Province,"Đường tỉnh 317, Tỉnh Phú Thọ, 36107",15,3.8,department_store,20.8438704,105.343422
"Sữa bột, Nước suối, Khăn giấy, Khăn giấy, Nước suối, Sữa chua, Nước mắm, Bánh ăn dặm, Sữa bột, Trà, Giấy vệ sinh",Hải Thu,Hoa Binh Province,"Phùng Hưng, Tỉnh Phú Thọ, 36107",20,3.8,department_store,20.840300999999997,105.3426441
"Khăn lụa, Bình hoa nhỏ, Túi đựng quà, Móc khóa, Túi đựng quà, Đèn trang trí nhỏ, Khung ảnh LED, Khung ảnh, Bưu thiếp, Khăn lụa, Móc khóa, Móc khóa, Móc khóa đôi, Thiệp chúc mừng, Khăn lụa",Khanh Thinh,Hoa Binh Province,"Quốc lộ 15, Xóm Khán, Tỉnh Phú Thọ, 36400",200,4.4,gift,20.652637199999997,105.0717153
"Sữa tươi, Tã em bé, Dầu ăn, Ngũ cốc, Tã em bé, Khăn giấy, Sữa bột, Ngũ cốc, Tã em bé, Nước mắm, Giấy vệ sinh, Bánh kẹo, Đường, Giấy vệ sinh, Sữa chua, Bánh ăn dặm, Sữa chua, Bột giặt, Khăn ướt",Tất Nụ,Hoa Binh Province,"Phùng Hưng, Tỉnh Phú Thọ, 36107",20,3.8,department_store,20.842125199999995,105.3435412
"Túi nylon, Khẩu trang y tế, Cà phê lon, Nước tăng lực, Bút bi, Nước suối, Bánh snack, Khăn giấy, Bật lửa, Khẩu trang y tế, Chai nước, Găng tay nilon, Túi nylon, Mì ly, Cà phê lon",Win Mart,Hoa Binh Province,"Quốc lộ 15, Xóm Khán, Tỉnh Phú Thọ, 36400",20,4,convenience,20.661569199999995,105.0831102
"Nước suối, Bánh snack, Bánh snack, Bàn chải đánh răng, Kẹo cao su, Nước suối, Bao rác, Khăn ướt, Nước tăng lực, Bật lửa, Nước tăng lực, Bánh quy, Lăn khử mùi, Khẩu trang y tế",TuCu Mini market,Hoa Binh Province,"Quốc lộ 15, Xóm Khán, Tỉnh Phú Thọ, 36400",10,4,convenience,20.650937799999998,105.0768363
"Bánh mì sandwich, Khăn ướt, Dao cạo râu, Bàn chải đánh răng, Chai nước, Sữa chua uống, Thịt hộp, Sổ tay nhỏ, Lăn khử mùi, Sữa hộp, Ô dù gấp, Bánh mì sandwich, Sữa hộp, Thịt hộp, Khẩu trang y tế, Thịt hộp",Tạp hóa Trần An,Thai Nguyen Province,"Đường Võ Nguyên Giáp, Phường Vạn Xuân, Tỉnh Thái Nguyên",20,4.5,convenience,21.4184524,105.8963295
"Muỗng nĩa, Sữa tươi, Son dưỡng môi, Nước hoa mini, Cà phê hòa tan, Khẩu trang y tế, Trà túi lọc, Mì gói, Sữa tắm, Sữa tươi, Sữa tắm, Chảo chống dính, Ly thủy tinh, Bột ngọt, Dầu ăn, Trà túi lọc, Trà túi lọc, Túi đựng rác, Đĩa sứ",ATK SMARTPHONE,Thai Nguyen Province,"888, Đường tỉnh 264, Tỉnh Thái Nguyên, 84208",195,3.6,supermarket,21.847663,105.5878857
"Nước suối, Dầu ăn, Sữa tắm, Khăn giấy, Kem đánh răng, Khăn giấy, Tã em bé, Nước xả vải, Mì gói, Sữa bột trẻ em, Khăn giấy, Mì gói, Giấy vệ sinh, Dầu gội, Nước rửa chén, Sữa bột trẻ em, Sữa tươi, Dầu gội",cô Mai,Thai Nguyen Province,"Đường Mỏ Bạch, Quang Trung, Thái Nguyên, Tỉnh Thái Nguyên",15,4.2,department_store,21.5994197,105.8166485
"Nước rửa chén, Sữa tươi, Sữa bột trẻ em, Mì gói, Bình sữa, Sữa chua, Bánh ăn dặm, Dầu gội, Nước ngọt, Bột nêm, Nước xả vải, Nước suối, Dầu ăn, Muối, Bình sữa, Bột nêm, Dầu gội",minh dao - nam my van,Thai Nguyen Province,"06, Đường 3 Tháng 2, Tân Lập, Tỉnh Thái Nguyên",15,4.4,department_store,21.5504125,105.84671070000002
"Rau củ quả, Snack, Túi đựng rác, Dầu gội, Nước rửa chén, Thịt heo, Cà phê hòa tan, Bột giặt, Nước mắm, Bột giặt",chợ Thái,Thai Nguyen Province,"Đường Bến Oánh, Trưng Vương, Thái Nguyên, Tỉnh Thái Nguyên, 250000",185,3.6,supermarket,21.598836999999996,105.8437417
"Khăn giấy, Sữa tắm, Khẩu trang y tế, Kem cạo râu, Snack, Đĩa sứ, Đĩa sứ, Chảo chống dính, Muối, Cá hộp, Kem cạo râu, Thớt, Ngũ cốc ăn sáng, Nước lau sàn, Khăn giấy, Bàn chải, Trà túi lọc, Nước xả vải, Túi đựng rác, Bông tẩy trang",Tê Ba Nhất,Thai Nguyen Province,"Đường 3 Tháng 2, Tân Lập, Tỉnh Thái Nguyên, 250000",100,4.2,supermarket,21.5490979,105.8468685
"Nước tương, Sốt cà chua, Bơ thực vật, Trà túi lọc, Trứng gà, Trà túi lọc, Kem dưỡng da, Ngũ cốc ăn sáng, Khăn giấy, Nước rửa chén, Cà phê hòa tan, Giấy bọc thực phẩm, Nước hoa mini, Thớt",Siêu Thị Việt Trà,Thai Nguyen Province,"Đường 3 Tháng 2, Tân Lập, Tỉnh Thái Nguyên, 250000",80,4.4,supermarket,21.5493455,105.8470204
"Tã em bé, Thực phẩm đóng hộp, Nước lau sàn, Sữa chua, Dầu gội, Bột giặt, Kem đánh răng, Bột giặt, Gạo, Giấy vệ sinh, Nước rửa chén, Bình sữa",Vincom mall,Thai Nguyen Province,"Đường Lương Ngọc Quyến, Quang Trung, Thái Nguyên, Tỉnh Thái Nguyên",20,3.6,department_store,21.59398579999999,105.8245339
"Chảo chống dính, Thịt heo, Nước hoa mini, Ngũ cốc ăn sáng, Son dưỡng môi, Kem cạo râu, Bàn chải, Mì gói, Sữa tươi, Cà phê hòa tan, Nước hoa mini, Sữa tươi, Sữa tươi, Nước mắm",Chợ Ba Hàng,Thai Nguyen Province,"Đường Lý Nam Đế, Ba Hàng, Phường Phổ Yên, Tỉnh Thái Nguyên",100,4,supermarket,21.41278549999999,105.8754383
"Giấy vệ sinh, Mì gói, Thớt, Bông tẩy trang, Trà túi lọc, Khăn giấy, Kem cạo râu, Ly thủy tinh, Cà phê hòa tan, Bột giặt, Bàn chải, Kem dưỡng da, Ngũ cốc ăn sáng, Sữa tắm, Ngũ cốc ăn sáng, Nước xả vải, Giấy vệ sinh, Sữa tắm, Đường, Bột ngọt",Chợ CHÃ,Thai Nguyen Province,"Đường Triệu Quang Phục, Phường Trung Thành, Tỉnh Thái Nguyên",175,3.7,supermarket,21.371237899999997,105.9061657
"Bàn chải, Dao bếp, Nước xả vải, Bột ngọt, Bột giặt, Bột mì, Nước mắm, Bột giặt, Khăn giấy, Khay nhựa, Snack, Dao bếp, Muỗng nĩa, Thớt",Siêu thị Lan Chi Mart,Thai Nguyen Province,"Đường Phạm Văn Đồng, Ba Hàng, Phường Phổ Yên, Tỉnh Thái Nguyên",90,4,supermarket,21.4246076,105.8684766
"Dầu gội, Nước xả vải, Chảo chống dính, Thịt heo, Nước trái cây, Snack, Thịt heo, Sốt cà chua, Khẩu trang y tế, Ly thủy tinh, Cà phê hòa tan, Kem dưỡng da, Khay nhựa, Trứng gà",Siêu thị Aloha Mall Thái Nguyên,Thai Nguyen Province,"Đường Chiến Thắng, Đồng Bẩm, Tỉnh Thái Nguyên",195,4,supermarket,21.607249109775868,105.84039117535521
"Mì gói, Bánh ăn dặm, Bánh kẹo, Đường, Nước xả vải, Tã em bé, Kem đánh răng, Đường, Sữa chua, Ngũ cốc",TTTM Danko Plaza,Thai Nguyen Province,"Zurich, Chùa Hang, Tỉnh Thái Nguyên",20,4.2,department_store,21.62406945918204,105.83329653953012
"Đồng hồ thông minh, Phấn má, Kem nền, Nón thời trang, Sách, Vali kéo, Giày thể thao, Dép sandal, Nón thời trang, Ốp điện thoại, Vòng tay, Vali kéo, Máy sấy tóc, Ba lô thời trang, Mỹ phẩm trang điểm, Nón thời trang, Kem nền, Kem nền, Nước hoa, Mỹ phẩm trang điểm",Nhà sách Tiến Thọ - TTTM Đồng Quang,Thai Nguyen Province,"Đường Ga Thái Nguyên, Đồng Quang, Thái Nguyên, Tỉnh Thái Nguyên",500,3.8,mall,21.589623562143316,105.82647983613259
"Thắt lưng, Đầm công sở, Kem nền, Quần short, Áo sơ mi, Áo khoác, Son môi, Quần short, Ốp điện thoại, Đồng hồ, Quần jean, Kem nền, Mỹ phẩm trang điểm, Son môi, Găng tay, Lược điện, Áo khoác da, Máy sấy tóc",Vincom Thái Nguyên,Thai Nguyen Province,"Đường Lương Ngọc Quyến, Quang Trung, Thái Nguyên, Tỉnh Thái Nguyên",100,4.5,mall,21.590873750054094,105.82604400012251
"Snack, Nước tương, Khẩu trang y tế, Thịt heo, Cá hộp, Kem cạo râu, Nước lau sàn, Đĩa sứ, Đường, Dao bếp, Muối, Son dưỡng môi, Giấy vệ sinh, Đường, Nước hoa mini, Bột ngọt, Ngũ cốc ăn sáng, Khẩu trang y tế, Khăn giấy, Rau củ quả",Big C,Bac Giang Province,"Đường Lê Thanh Nghị 2, Phường Tân Tiến, Tỉnh Bắc Ninh, 26000",130,4.2,supermarket,21.266710099999997,106.2083852
"Muối, Gạo, Chảo chống dính, Sữa tươi, Nước tương, Kem cạo râu, Ly thủy tinh, Rau củ quả, Nước lau sàn, Thớt, Nước lau sàn, Dao bếp, Đĩa sứ, Giấy bọc thực phẩm, Chảo chống dính, Dao bếp, Muỗng nĩa, Trứng gà",Chợ Văn Môn,Bac Ninh Province,"Đường tỉnh 277, Xã Văn Môn, Tỉnh Bắc Ninh, 16000",190,4.4,supermarket,21.169100999999994,105.9291563
"Bánh kẹo, Bình sữa, Tã em bé, Nước mắm, Bánh ăn dặm, Cà phê, Thực phẩm đóng hộp, Bánh ăn dặm, Mì gói, Sữa tắm, Nước ngọt, Tã em bé, Nước ngọt, Thực phẩm đóng hộp, Giấy vệ sinh, Mì gói, Kem đánh răng",MINH THU,Bac Ninh Province,"Đường tỉnh 286, Xã Văn Môn, Xã Tam Giang, Tỉnh Bắc Ninh",15,3.8,department_store,21.198848599999998,105.9258549
"Dầu gội, Mì gói, Ngũ cốc, Tã em bé, Nước lau sàn, Thực phẩm đóng hộp, Nước ngọt, Nước xả vải, Muối, Tã em bé, Sữa tươi, Dầu gội, Bột giặt, Nước mắm, Dầu ăn, Nước xả vải, Muối, Nước rửa chén, Thực phẩm đóng hộp",ngã ba đồng xép xã hoàn sơn huyện tiên du tỉnh bắc ninh,Bac Ninh Province,"Đường tỉnh 287, Xã Đại Đồng, Tỉnh Bắc Ninh, 16300",20,4.2,department_store,21.1101077,105.9952604
"Bàn chải, Nước lau sàn, Nước xả vải, Nước lau sàn, Bông tẩy trang, Muỗng nĩa, Dầu ăn, Bột ngọt, Bột ngọt, Snack, Sữa tươi",Media Mart,Bac Ninh Province,"Đường Lý Thái Tổ, Phường Võ Cường, Bắc Ninh, Tỉnh Bắc Ninh",120,3.9,supermarket,21.1723934,106.0628219
"Snack, Dầu gội, Bông tẩy trang, Gạo, Kem cạo râu, Trà túi lọc, Khăn giấy, Nước rửa chén, Son dưỡng môi, Khăn giấy, Sốt cà chua, Cà phê hòa tan, Bông tẩy trang",SIÊU THỊ TRƯỜNG GIANG,Bac Ninh Province,"Phố Trần Phi Nhỡn, Phường Phù Khê, Từ Sơn, Tỉnh Bắc Ninh, 16000",190,3.7,supermarket,21.148712699999997,105.9280329
"Bông tẩy trang, Bàn chải, Sữa tươi, Sữa tươi, Bột ngọt, Cá hộp, Sữa tắm, Bàn chải, Mì gói, Nước rửa chén, Ly thủy tinh, Đường, Thớt",Kho Hàng sieuthitranh.net,Bac Ninh Province,"Ngõ 168 Đường Lê Quang Đạo, Phường Từ Sơn, Từ Sơn, Tỉnh Bắc Ninh, 16300",195,3.6,supermarket,21.120620199999994,105.9675955
"Nước tăng lực, Khăn ướt, Mì ly, Mì ly, Cốc nhựa, Bánh snack, Nước tăng lực, Sữa chua uống, Chai nước, Bao rác, Bóng đèn LED mini, Mì gói, Dây sạc điện thoại, Bánh mì sandwich, Khẩu trang y tế, Trà đóng chai, Găng tay nilon, Kẹo, Dây sạc điện thoại",WinMart+,Bac Ninh Province,"23, Phố Nguyễn Văn Trỗi, Phường Từ Sơn, Từ Sơn, Tỉnh Bắc Ninh, 16300",20,4.5,convenience,21.112220599999997,105.951156
"Dầu gội, Dao cạo râu, Gối cổ du lịch, Dao cạo râu, Dây sạc điện thoại, Kẹo, Găng tay nilon, Kẹo, Găng tay nilon, Bật lửa, Khoai tây chiên, Khoai tây chiên, Xà phòng tắm, Nước ngọt, Bánh mì sandwich, Bóng đèn LED mini",WinMart+,Bac Ninh Province,"3, Đường Thiên Đức, Phường Kinh Bắc, Bắc Ninh, Tỉnh Bắc Ninh",20,4.4,convenience,21.1811139,106.06232850000002
"Sữa tắm, Khay nhựa, Khẩu trang y tế, Kem dưỡng da, Sữa tắm, Đường, Nước hoa mini, Nước hoa mini, Bông tẩy trang, Thớt, Bơ thực vật, Nước rửa chén",Big C,Bac Ninh Province,"Đường Lê Thanh Nghị 2, Phường Tân Tiến, Tỉnh Bắc Ninh, 26000",130,4.3,supermarket,21.266710099999997,106.2083852
"Ly thủy tinh, Gạo, Nước xả vải, Bột giặt, Muối, Thịt heo, Đường, Chảo chống dính, Giấy bọc thực phẩm, Trứng gà, Nước xả vải, Gạo, Nước rửa chén, Cá hộp",DABACO QUẾ VÕ,Bac Ninh Province,"Đường Trần Hưng Đạo, Phường Phương Liễu, Tỉnh Bắc Ninh",115,4,supermarket,21.155214300000004,106.144386
"Gạo, Kem dưỡng da, Gạo, Nước mắm, Bông tẩy trang, Snack, Dầu gội, Sữa tươi, Sữa tươi, Cá hộp, Ly thủy tinh, Sữa tươi",DABACO GIA BÌNH,Bac Ninh Province,"Phố Nguyễn Thanh Bình, Xã Gia Bình, Tỉnh Bắc Ninh",100,3.7,supermarket,21.051786500000002,106.1733227
"Rau củ quả, Giấy vệ sinh, Mì gói, Bàn chải, Cà phê hòa tan, Túi đựng rác, Gạo, Rau củ quả, Giấy bọc thực phẩm, Giấy bọc thực phẩm, Thớt, Khay nhựa, Trà túi lọc, Nước xả vải, Khẩu trang y tế, Trứng gà, Cà phê hòa tan, Sữa tươi, Kem cạo râu, Chảo chống dính",WinMart,Bac Ninh Province,"Đường Trần Hưng Đạo, Phường Phương Liễu, Bắc Ninh, Tỉnh Bắc Ninh",195,3.5,supermarket,21.1693485,106.1030406
"Dầu ăn, Cà phê hòa tan, Bàn chải, Cá hộp, Snack, Dầu ăn, Gạo, Thịt heo, Kem cạo râu, Kem cạo râu, Nước hoa mini, Thịt heo, Bơ thực vật, Bông tẩy trang, Thịt heo, Thớt, Đường",Vincom Bắc Ninh,Bac Ninh Province,"Đường Lý Thái Tổ, Phường Kinh Bắc, Bắc Ninh, Tỉnh Bắc Ninh",175,3.7,supermarket,21.178488,106.0720107
"Kem đánh răng, Bật lửa, Kẹo cao su, Khoai tây chiên, Bánh bao mini, Nước tăng lực, Pin sạc, Khăn giấy, Khoai tây chiên, Túi nylon",TotalEnergies,Bac Ninh Province,"Phố Bà La, Phường Từ Sơn, Từ Sơn, Tỉnh Bắc Ninh, 10165",15,4.1,convenience,21.092220499999996,105.9606164
"Sữa tắm, Khay nhựa, Nước trái cây, Trà túi lọc, Bông tẩy trang, Nước mắm, Dao bếp, Sữa tắm, Khăn giấy, Nước rửa chén, Nước trái cây, Ly thủy tinh",WinMart,Bac Ninh Province,"125, Đường Trần Hưng Đạo, Phường Kinh Bắc, Bắc Ninh, Tỉnh Bắc Ninh",50,4,supermarket,21.1801905,106.0660257
"Chảo chống dính, Kem cạo râu, Cá hộp, Chảo chống dính, Dao bếp, Muỗng nĩa, Mì gói, Khay nhựa, Giấy bọc thực phẩm, Sốt cà chua, Mì gói",WinMart,Bac Ninh Province,"Đường Ngọc Hân Công Chúa, Phường Kinh Bắc, Bắc Ninh, Tỉnh Bắc Ninh",65,3.6,supermarket,21.1776756,106.0673718
"Trà túi lọc, Nước rửa chén, Sữa tươi, Sữa tắm, Nước trái cây, Giấy bọc thực phẩm, Snack, Bột giặt, Khăn giấy, Cà phê hòa tan, Mì gói, Nước hoa mini, Chảo chống dính",WinMart,Bac Ninh Province,"Đường Hai Bà Trưng, Phường Kinh Bắc, Bắc Ninh, Tỉnh Bắc Ninh",155,4.1,supermarket,21.1836703,106.0734533
"Gạo, Dao bếp, Sữa tắm, Nước hoa mini, Sữa chua, Khay nhựa, Nước lau sàn, Muối, Bàn chải, Nước hoa mini, Trứng gà, Bông tẩy trang, Gạo, Bột ngọt, Ly thủy tinh, Nước hoa mini, Mì gói, Dao bếp",WinMart,Bac Ninh Province,"Đường Nguyễn Trãi, Phường Võ Cường, Bắc Ninh, Tỉnh Bắc Ninh",35,4,supermarket,21.1676063,106.06439440000001
"Giấy bọc thực phẩm, Thịt heo, Rau củ quả, Giấy bọc thực phẩm, Dầu gội, Thịt heo, Bột giặt, Muối, Bột mì, Nước trái cây, Dầu gội, Thịt heo, Bột mì, Gạo, Chảo chống dính",WinMart,Bac Ninh Province,"Đường Âu Cơ, Phường Kinh Bắc, Bắc Ninh, Tỉnh Bắc Ninh",120,3.8,supermarket,21.1952341,106.0648588
"Kem cạo râu, Kem dưỡng da, Sữa tắm, Thớt, Sữa tươi, Thớt, Son dưỡng môi, Đĩa sứ, Nước tương, Nước hoa mini, Nước mắm, Thịt heo",WinMart,Bac Ninh Province,"Ngõ 324 Đường Nguyễn Trãi, Phường Võ Cường, Bắc Ninh, Tỉnh Bắc Ninh",75,3.5,supermarket,21.170691700000003,106.0627031
"Bánh bao mini, Muỗng nhựa, Dao cạo râu, Sữa hộp, Nước tăng lực, Trà đóng chai, Kem đánh răng, Pin AA, Chai nước, Ô dù gấp, Bóng đèn LED mini, Bao rác, Ô dù gấp, Chai nước, Dây sạc điện thoại, Bánh bao mini, Khoai tây chiên",WinMart+,Bac Ninh Province,"48, Đường Lý Anh Tông, Phường Võ Cường, Bắc Ninh, Tỉnh Bắc Ninh",15,3.9,convenience,21.169167299999998,106.0542228
"Mì gói, Đĩa sứ, Bơ thực vật, Mì gói, Son dưỡng môi, Bàn chải, Sốt cà chua, Nước trái cây, Dao bếp, Ly thủy tinh, Nước rửa chén, Mì gói, Nước trái cây",WinMart,Bac Ninh Province,"36, Đường Âu Cơ, Phường Kinh Bắc, Bắc Ninh, Tỉnh Bắc Ninh",70,3.8,supermarket,21.187091899999995,106.0677958
"Đường, Thịt heo, Sữa tươi, Túi đựng rác, Bàn chải, Giấy bọc thực phẩm, Bông tẩy trang, Kem dưỡng da, Son dưỡng môi, Giấy vệ sinh, Son dưỡng môi, Trứng gà, Gạo, Trứng gà",WinMart,Bac Ninh Province,"Đường Huyền Quang, Phường Kinh Bắc, Bắc Ninh, Tỉnh Bắc Ninh",140,4.4,supermarket,21.178648200000005,106.0612812
"Sữa hộp, Pin sạc, Lăn khử mùi, Gối cổ du lịch, Mì ly, Kẹo, Bóng đèn LED mini, Bút bi, Mì gói, Bánh quy, Bao rác, Kẹo cao su, Lăn khử mùi, Sữa chua uống, Bàn chải đánh răng, Ô dù gấp, Bao rác, Kẹo, Pin sạc, Túi nylon",Tạp hóa Hồng Dung,Bac Ninh Province,"241, Phố Lương Định Của, Phường Phương Liễu, Tỉnh Bắc Ninh",10,4.1,convenience,21.166304499999992,106.1369392
"Bóng đèn LED mini, Túi nylon, Bút bi, Dao cạo râu, Gối cổ du lịch, Cốc nhựa, Túi nylon, Bao rác, Túi nylon, Sữa chua uống, Kẹo, Bánh quy, Kẹo cao su, Mì gói, Muỗng nhựa",Tạp hóa Bình Tuyết,Bac Ninh Province,"247, Phố Lương Định Của, Phường Phương Liễu, Tỉnh Bắc Ninh",10,3.7,convenience,21.166297700000005,106.13656
"Chảo chống dính, Khay nhựa, Nước rửa chén, Bông tẩy trang, Dầu gội, Bột mì, Đĩa sứ, Sữa tắm, Ly thủy tinh, Dầu gội, Sữa chua, Bông tẩy trang, Nước hoa mini, Sữa chua, Khăn giấy, Ly thủy tinh, Bơ thực vật, Thớt, Ngũ cốc ăn sáng",WinMart,Bac Ninh Province,"Đường Lý Thái Tổ, Phường Kinh Bắc, Bắc Ninh, Tỉnh Bắc Ninh",95,4.1,supermarket,21.178323700000004,106.072464
"Mì gói, Khay nhựa, Son dưỡng môi, Khay nhựa, Dầu gội, Bột mì, Giấy bọc thực phẩm, Đĩa sứ, Dầu gội, Nước mắm, Nước trái cây, Nước lau sàn, Thớt, Ly thủy tinh, Khay nhựa, Dầu gội, Muối, Mì gói, Kem dưỡng da, Sữa chua",K-MARKET,Bac Ninh Province,"66, Đường Lý Thái Tổ, Phường Kinh Bắc, Bắc Ninh, Tỉnh Bắc Ninh",140,3.8,supermarket,21.175118699999995,106.0656239
"Mì ly, Bật lửa, Trà đóng chai, Bao rác, Sữa chua uống, Bánh bao mini, Muỗng nhựa, Khăn ướt, Mì gói, Gối cổ du lịch, Cốc nhựa, Khoai tây chiên, Túi nylon, Bút bi, Pin sạc",Circle K,Bac Ninh Province,"125, Đường Trần Hưng Đạo, Phường Kinh Bắc, Bắc Ninh, Tỉnh Bắc Ninh",20,4.4,convenience,21.18033949999999,106.0659102
"Găng tay nilon, Túi nylon, Khẩu trang y tế, Xà phòng tắm, Sữa chua uống, Cốc nhựa, Xà phòng tắm, Khoai tây chiên, Khăn giấy, Bật lửa",Circle K,Bac Ninh Province,"235, Đường Nguyễn Gia Thiều, Phường Kinh Bắc, Bắc Ninh, Tỉnh Bắc Ninh",20,4.1,convenience,21.181588400000003,106.0668504
"Pin AA, Dây sạc điện thoại, Bao rác, Bánh quy, Gối cổ du lịch, Bút bi, Sổ tay nhỏ, Gối cổ du lịch, Bao rác, Pin sạc, Chai nước, Găng tay nilon, Bao rác, Mì ly, Gối cổ du lịch, Bàn chải đánh răng, Khoai tây chiên, Thịt hộp, Sữa hộp",Circle K,Bac Ninh Province,"2, Đường Hồ Ngọc Lân, Phường Kinh Bắc, Bắc Ninh, Tỉnh Bắc Ninh",20,4.1,convenience,21.187710299999996,106.0674969
"Khăn ướt, Bánh quy, Muỗng nhựa, Xà phòng tắm, Bánh snack, Khoai tây chiên, Nước suối, Thịt hộp, Lăn khử mùi, Bánh snack, Pin AA, Kẹo, Bánh quy, Khẩu trang y tế, Kẹo",Tạp hóa Phương Hòa,Bac Ninh Province,"195, Phố Lương Định Của, Phường Phương Liễu, Tỉnh Bắc Ninh",10,3.8,convenience,21.166353399999995,106.1398334
"Sữa chua, Nước rửa chén, Sữa tươi, Bột nêm, Sữa bột, Đường, Muối, Ngũ cốc, Mì gói, Nước lau sàn, Sữa bột, Dầu gội, Nước suối, Dầu gội, Cà phê, Cà phê, Bình sữa, Sữa tắm, Nước suối, Sữa bột trẻ em",Li-Ning,Bac Ninh Province,"Đường Lý Thái Tổ, Phường Kinh Bắc, Bắc Ninh, Tỉnh Bắc Ninh",15,4.2,department_store,21.1783009,106.0722631
"Sữa tắm, Nước suối, Bình sữa, Cà phê, Bột nêm, Khăn giấy, Sữa bột trẻ em, Kem đánh răng, Nước lau sàn, Dầu ăn, Khăn ướt, Sữa tắm",Erke,Bac Ninh Province,"Đường Lý Thái Tổ, Phường Kinh Bắc, Bắc Ninh, Tỉnh Bắc Ninh",10,3.9,department_store,21.178547,106.0722416
"Khăn giấy, Túi nylon, Sữa hộp, Pin AA, Khăn ướt, Sổ tay nhỏ, Bánh mì sandwich, Bánh mì sandwich, Sữa chua uống, Bánh quy, Sữa chua uống",WinMart+,Bac Ninh Province,"Đường Lý Thường Kiệt, Xã Tiên Du, Tỉnh Bắc Ninh, 16300",10,3.7,convenience,21.138551899999996,106.0134549
"Dây sạc điện thoại, Nước tăng lực, Sữa chua uống, Muỗng nhựa, Sữa hộp, Túi nylon, Nước ngọt, Bút bi, Bánh quy, Khoai tây chiên, Nước ngọt, Kẹo cao su, Bật lửa, Mì ly, Chai nước",WinMart+,Bac Ninh Province,"203, Đường Nguyễn Văn Cừ, Phường Võ Cường, Bắc Ninh, Tỉnh Bắc Ninh",15,3.8,convenience,21.173083300000002,106.0534878
"Sổ tay nhỏ, Dây sạc điện thoại, Ô dù gấp, Cà phê lon, Bao rác, Dây sạc điện thoại, Kem đánh răng, Xà phòng tắm, Kem đánh răng, Nước ngọt, Mì ly, Gối cổ du lịch, Thịt hộp, Bật lửa, Cà phê lon, Lăn khử mùi",WinMart+,Bac Ninh Province,"679, Đường Nguyễn Văn Cừ, Phường Võ Cường, Tỉnh Bắc Ninh",20,3.7,convenience,21.1570222,106.0362824
"Dây sạc điện thoại, Găng tay nilon, Dao cạo râu, Bánh quy, Nước ngọt, Dao cạo râu, Bánh mì sandwich, Nước suối, Găng tay nilon, Bánh snack, Bóng đèn LED mini, Sổ tay nhỏ, Khẩu trang y tế",WinMart+,Bac Ninh Province,"400, Đường Minh Khai, Phường Đồng Nguyên, Từ Sơn, Tỉnh Bắc Ninh, 16300",20,3.8,convenience,21.124685499999995,105.9712575
"Chảo chống dính, Khay nhựa, Nước mắm, Nước trái cây, Nước lau sàn, Thớt, Nước xả vải, Bông tẩy trang, Rau củ quả, Khẩu trang y tế, Bột giặt, Snack",Siêu thị Cát Tường,Bac Ninh Province,"Đường Lê Thái Tổ, Phường Võ Cường, Bắc Ninh, Tỉnh Bắc Ninh",180,3.8,supermarket,21.1672063,106.0534379
"Sữa tắm, Đĩa sứ, Thớt, Kem dưỡng da, Kem dưỡng da, Kem dưỡng da, Gạo, Ngũ cốc ăn sáng, Trà túi lọc, Cà phê hòa tan, Nước xả vải, Muỗng nĩa, Gạo, Thịt heo, Bông tẩy trang, Sữa tắm, Bơ thực vật",WinMart,Bac Ninh Province,"73, Đường Trần Hưng Đạo, Phường Võ Cường, Bắc Ninh, Tỉnh Bắc Ninh",185,4,supermarket,21.175648000000002,106.0774517
"Snack, Ly thủy tinh, Ngũ cốc ăn sáng, Son dưỡng môi, Cá hộp, Muỗng nĩa, Khẩu trang y tế, Nước xả vải, Kem dưỡng da, Rau củ quả, Nước lau sàn, Trà túi lọc, Gạo, Snack",WinMart,Bac Ninh Province,"Đường Nguyễn Phong Sắc, Phường Phương Liễu, Tỉnh Bắc Ninh",170,4.4,supermarket,21.1531733,106.1395448
"Cà phê lon, Chai nước, Sữa hộp, Sổ tay nhỏ, Khăn giấy, Dây sạc điện thoại, Lăn khử mùi, Dao cạo râu, Sổ tay nhỏ, Khẩu trang y tế, Bao rác, Dao cạo râu",WinMart+,Bac Ninh Province,"695, Đường Thiên Đức, Phường Kinh Bắc, Bắc Ninh, Tỉnh Bắc Ninh",20,4.2,convenience,21.193414099999995,106.0502612
"Cốc nhựa, Kem đánh răng, Cà phê lon, Găng tay nilon, Lăn khử mùi, Dao cạo râu, Bánh snack, Nước tăng lực, Bánh mì sandwich, Mì gói, Bánh mì sandwich, Cốc nhựa, Xà phòng tắm",WinMart+,Bac Ninh Province,"38, Phố Thành Bắc, Phường Kinh Bắc, Bắc Ninh, Tỉnh Bắc Ninh",15,4.4,convenience,21.1787702,106.0568817
"Bật lửa, Pin AA, Bánh quy, Chai nước, Muỗng nhựa, Lăn khử mùi, Bánh snack, Nước tăng lực, Lăn khử mùi, Nước suối, Trà đóng chai, Kẹo cao su, Dây sạc điện thoại",WinMart+,Bac Ninh Province,"5, Đường Trần Hưng Đạo, Phường Quế Võ, Tỉnh Bắc Ninh",10,3.8,convenience,21.1538682,106.1470006
"Bút bi, Trà đóng chai, Bánh mì sandwich, Bánh snack, Cà phê lon, Sổ tay nhỏ, Găng tay nilon, Sổ tay nhỏ, Kẹo, Thịt hộp, Bóng đèn LED mini, Bóng đèn LED mini",WinMart+,Bac Ninh Province,"898, Đường Quang Trung, Phường Phương Liễu, Tỉnh Bắc Ninh",20,4.4,convenience,21.150004300000003,106.1509768
"Pin sạc, Cà phê lon, Khăn giấy, Kem đánh răng, Trà đóng chai, Bút bi, Pin AA, Lăn khử mùi, Bánh snack, Dầu gội, Kẹo cao su, Bánh quy",WinMart+,Bac Ninh Province,"Phố Nguyễn Bỉnh Trục, Phường Phương Liễu, Tỉnh Bắc Ninh",20,3.5,convenience,21.160037399999997,106.1262784
"Dây sạc điện thoại, Pin AA, Sữa hộp, Sữa hộp, Chai nước, Bánh bao mini, Muỗng nhựa, Kem đánh răng, Sữa chua uống, Găng tay nilon, Khăn ướt",WinMart+,Bac Ninh Province,"60, Đường Trần Quốc Toản, Phường Kinh Bắc, Bắc Ninh, Tỉnh Bắc Ninh",20,3.7,convenience,21.176941800000005,106.0651391
"Ô dù gấp, Bút bi, Bút bi, Trà đóng chai, Dao cạo râu, Cà phê lon, Dao cạo râu, Găng tay nilon, Sữa chua uống, Lăn khử mùi, Sổ tay nhỏ, Dao cạo râu, Sữa hộp, Khoai tây chiên, Khăn ướt, Bánh snack, Bánh quy, Khoai tây chiên, Thịt hộp",WinMart+,Bac Ninh Province,"144, Đường Hai Bà Trưng, Phường Kinh Bắc, Bắc Ninh, Tỉnh Bắc Ninh",10,4.1,convenience,21.180141100000004,106.0689575
"Dao cạo râu, Pin sạc, Găng tay nilon, Bao rác, Dao cạo râu, Bánh bao mini, Thịt hộp, Khăn giấy, Bàn chải đánh răng, Bánh bao mini, Túi nylon, Xà phòng tắm, Bút bi, Dao cạo râu, Sữa chua uống, Sổ tay nhỏ, Ô dù gấp, Bánh bao mini, Sữa hộp, Mì ly",WinMart+,Bac Ninh Province,"69, Đường Hồ Ngọc Lân, Phường Kinh Bắc, Bắc Ninh, Tỉnh Bắc Ninh",10,3.9,convenience,21.190147300000003,106.0712672
"Kem đánh răng, Khoai tây chiên, Sổ tay nhỏ, Khăn ướt, Xà phòng tắm, Khăn ướt, Gối cổ du lịch, Ô dù gấp, Thịt hộp, Nước ngọt, Bánh bao mini, Bánh bao mini",WinMart+,Bac Ninh Province,"85, Phố Nguyễn Khuyến, Phường Võ Cường, Bắc Ninh, Tỉnh Bắc Ninh",20,4,convenience,21.165222699999994,106.0584794
"Pin AA, Nước suối, Khăn giấy, Nước suối, Túi nylon, Sữa hộp, Khăn ướt, Sữa hộp, Sổ tay nhỏ, Bánh quy, Kem đánh răng, Bánh quy, Nước tăng lực, Thịt hộp, Cà phê lon, Lăn khử mùi, Kẹo, Chai nước, Chai nước, Pin AA",WinMart+,Bac Ninh Province,"364, Đường Trần Lựu, Phường Vũ Ninh, Bắc Ninh, Tỉnh Bắc Ninh",10,3.7,convenience,21.196977199999992,106.09049650000001
"Dây sạc điện thoại, Chai nước, Dao cạo râu, Mì ly, Trà đóng chai, Ô dù gấp, Nước ngọt, Khăn giấy, Trà đóng chai, Mì gói, Bánh mì sandwich, Túi nylon, Bàn chải đánh răng, Găng tay nilon, Bật lửa, Găng tay nilon, Bàn chải đánh răng, Khẩu trang y tế, Kẹo",WinMart+,Bac Ninh Province,"Đường Núi Bàn Cờ, Phường Nam Sơn, Bắc Ninh, Tỉnh Bắc Ninh",20,3.6,convenience,21.1521547,106.1028422
"Khoai tây chiên, Sữa chua uống, Sữa chua uống, Bàn chải đánh răng, Bật lửa, Pin AA, Khẩu trang y tế, Chai nước, Cà phê lon, Nước tăng lực, Gối cổ du lịch, Nước suối, Bàn chải đánh răng, Mì gói, Dây sạc điện thoại, Sữa chua uống, Bàn chải đánh răng, Xà phòng tắm",WinMart+,Bac Ninh Province,"11, Đường Đàm Văn Lễ, Phường Nam Sơn, Bắc Ninh, Tỉnh Bắc Ninh",20,4.3,convenience,21.1490542,106.1118439
"Bông tẩy trang, Sốt cà chua, Kem cạo râu, Bột giặt, Túi đựng rác, Ly thủy tinh, Bột mì, Dầu ăn, Khăn giấy, Kem dưỡng da, Sữa tắm, Bột giặt, Ly thủy tinh, Trà túi lọc, Nước rửa chén, Đường, Kem dưỡng da, Mì gói, Ngũ cốc ăn sáng",SIÊU THỊ HMART,Bac Ninh Province,"Đường ND5, Phường Võ Cường, Bắc Ninh, Tỉnh Bắc Ninh",85,4.5,supermarket,21.169202899999995,106.09198660000001
"Gối cổ du lịch, Dao cạo râu, Khoai tây chiên, Bánh quy, Bút bi, Bánh mì sandwich, Cà phê lon, Sổ tay nhỏ, Bánh mì sandwich, Nước tăng lực, Thịt hộp, Bao rác, Mì gói, Thịt hộp, Xà phòng tắm",Circle K,Bac Ninh Province,"341, Đường Nguyễn Cao, Phường Võ Cường, Bắc Ninh, Tỉnh Bắc Ninh",10,4.2,convenience,21.1723207,106.0557344
"Trà đóng chai, Nước ngọt, Ô dù gấp, Nước ngọt, Chai nước, Kẹo, Nước ngọt, Sữa chua uống, Kẹo cao su, Mì ly, Lăn khử mùi, Gối cổ du lịch, Sổ tay nhỏ, Dầu gội, Chai nước",Tạp hóa,Bac Ninh Province,"Phố Trần Bình Trọng, Phường Phương Liễu, Bắc Ninh, Tỉnh Bắc Ninh",15,4.1,convenience,21.175063,106.1056077
"Găng tay, Dép sandal, Đồng hồ thông minh, Tai nghe Bluetooth, Dép sandal, Dép sandal, Giày thể thao, Túi xách, Mỹ phẩm trang điểm, Tai nghe Bluetooth, Kính mát, Vali kéo, Bông tai, Đồ chơi trẻ em, Áo sơ mi, Đồng hồ thông minh","Trung tâm thương mại quốc tế Trung Việt Trung, Trung tâm thương mại Hồng Kông",Bac Ninh Province,"Đường Trần Phú, Phường Từ Sơn, Từ Sơn, Tỉnh Bắc Ninh, 10165",300,4.8,mall,21.1147399,105.9545261
"Đĩa sứ, Giấy vệ sinh, Gạo, Bông tẩy trang, Khay nhựa, Kem cạo râu, Đĩa sứ, Đĩa sứ, Bơ thực vật, Ly thủy tinh, Đĩa sứ, Trứng gà, Bơ thực vật, Bột ngọt, Dao bếp, Rau củ quả, Bột giặt, Thịt heo",WinMart,Bac Ninh Province,"Đường Lê Thái Tổ, Phường Võ Cường, Bắc Ninh, Tỉnh Bắc Ninh",110,3.5,supermarket,21.16737699999999,106.0483601
"Bông tẩy trang, Dầu gội, Kem dưỡng da, Nước tương, Bột ngọt, Giấy bọc thực phẩm, Cà phê hòa tan, Dầu gội, Dầu gội, Đĩa sứ, Son dưỡng môi, Kem dưỡng da, Thịt heo, Trứng gà, Bột mì, Bông tẩy trang, Khẩu trang y tế, Trà túi lọc, Trứng gà, Cá hộp",Cửa Hàng Tạp Hóa Đức Anh,Bac Ninh Province,"23, Đường Bà Chúa Kho, Phường Vũ Ninh, Bắc Ninh, Tỉnh Bắc Ninh",200,3.8,supermarket,21.1964178,106.08375660000002
"Nước rửa chén, Khăn giấy, Gạo, Khay nhựa, Cà phê hòa tan, Dầu gội, Muỗng nĩa, Kem cạo râu, Sữa tắm, Cà phê hòa tan, Kem cạo râu, Mì gói, Muỗng nĩa, Sữa tươi, Khăn giấy, Dao bếp, Nước hoa mini, Bột mì, Sốt cà chua",WinMart,Bac Ninh Province,"3, Đường Nguyễn Gia Thiều, Phường Kinh Bắc, Bắc Ninh, Tỉnh Bắc Ninh",140,4.4,supermarket,21.187972199999994,106.0758808
"Bút bi, Bánh snack, Kẹo, Mì ly, Găng tay nilon, Kem đánh răng, Bánh bao mini, Mì ly, Khăn giấy, Pin sạc, Dầu gội, Bút bi, Bánh mì sandwich",WinMart+,Bac Ninh Province,"53, Đường Đấu Mã, Phường Vũ Ninh, Bắc Ninh, Tỉnh Bắc Ninh",20,4,convenience,21.191453099999993,106.0868496
"Muỗng nhựa, Ô dù gấp, Dây sạc điện thoại, Khăn ướt, Chai nước, Khẩu trang y tế, Cốc nhựa, Dao cạo râu, Khăn giấy, Khăn ướt, Dầu gội, Pin sạc, Nước tăng lực, Găng tay nilon, Pin AA, Ô dù gấp, Bánh quy, Bóng đèn LED mini, Bàn chải đánh răng",WinMart+,Bac Ninh Province,"112, Phố Cổ Pháp, Phường Từ Sơn, Từ Sơn, Tỉnh Bắc Ninh, 16300",15,3.6,convenience,21.108976700000003,105.95460280000002
"Cà phê lon, Ô dù gấp, Mì ly, Mì gói, Khoai tây chiên, Thịt hộp, Bánh snack, Nước ngọt, Bánh quy, Bánh quy, Cà phê lon, Nước ngọt",WinMart+,Bac Ninh Province,"628, Đường Nguyễn Trãi, Phường Hạp Lĩnh, Bắc Ninh, Tỉnh Bắc Ninh",20,3.8,convenience,21.1591272,106.0675524
"Dao cạo râu, Muỗng nhựa, Bóng đèn LED mini, Mì ly, Bánh snack, Khăn giấy, Trà đóng chai, Kẹo cao su, Nước tăng lực, Sữa hộp, Sữa hộp, Khoai tây chiên, Dao cạo râu, Lăn khử mùi",WinMart+,Bac Ninh Province,"429, Đường Lý Thường Kiệt, Phường Phù Khê, Xã Thư Lâm, Từ Sơn, Tỉnh Bắc Ninh, 10165",10,4,convenience,21.1227871,105.9220229
"Bao rác, Bao rác, Thịt hộp, Bánh quy, Thịt hộp, Nước suối, Pin sạc, Cốc nhựa, Khăn ướt, Khoai tây chiên, Bánh quy",WinMart+,Bac Ninh Province,"Đường Nguyễn Quốc Ích, Phường Võ Cường, Bắc Ninh, Tỉnh Bắc Ninh",20,4.3,convenience,21.1648423,106.0358305
"Bưu thiếp, Thiệp chúc mừng, Gối in hình, Bưu thiếp, Gấu bông mini, Đồng hồ để bàn, Khăn lụa, Khăn lụa, Nến thơm, Khung ảnh LED, Khung ảnh, Túi đựng quà, Khung ảnh LED, Móc khóa, Túi đựng quà, Khăn lụa, Thiệp chúc mừng, Bình hoa nhỏ, Đồ thủ công",Happy Gift,Bac Ninh Province,"91, Đường Trần Hưng Đạo, Phường Kinh Bắc, Bắc Ninh, Tỉnh Bắc Ninh",150,5,gift,21.1806572,106.0652348
"Bàn chải đánh răng, Chai nước, Bánh mì sandwich, Dây sạc điện thoại, Kẹo, Dao cạo râu, Sổ tay nhỏ, Mì ly, Dao cạo râu, Nước tăng lực, Dầu gội, Trà đóng chai",WinMart+,Bac Ninh Province,"Đường Nguyễn Thủ Tiệp, Phường Hạp Lĩnh, Bắc Ninh, Tỉnh Bắc Ninh",20,4.3,convenience,21.1390844,106.0555874
"Dây sạc điện thoại, Dao cạo râu, Muỗng nhựa, Bánh bao mini, Kẹo cao su, Nước ngọt, Mì gói, Cốc nhựa, Pin sạc, Mì ly, Bóng đèn LED mini, Kẹo cao su, Thịt hộp, Pin AA, Mì gói, Thịt hộp, Thịt hộp, Thịt hộp",WinMart+,Bac Ninh Province,"1170, Đường Quang Trung, Phường Bồng Lai, Bắc Ninh, Tỉnh Bắc Ninh",20,4,convenience,21.117917099999996,106.1577437
"Cốc nhựa, Bánh quy, Sổ tay nhỏ, Chai nước, Pin AA, Chai nước, Bật lửa, Bao rác, Bật lửa, Dầu gội, Khăn giấy, Mì ly",WinMart+,Bac Ninh Province,"74, Đường Nguyễn Đăng Đạo, Xã Tiên Du, Tỉnh Bắc Ninh",20,3.9,convenience,21.1429629,106.0198617
"Bật lửa, Bật lửa, Túi nylon, Khoai tây chiên, Kem đánh răng, Bàn chải đánh răng, Mì ly, Khoai tây chiên, Bánh bao mini, Kẹo, Túi nylon, Nước ngọt, Xà phòng tắm, Khẩu trang y tế, Bút bi, Pin sạc, Nước ngọt, Cà phê lon",Tạp hóa Kiên Thơm,Bac Ninh Province,"223, Phố Lương Định Của, Phường Phương Liễu, Tỉnh Bắc Ninh",15,3.7,convenience,21.166328,106.1381257
"Nước lau sàn, Đĩa sứ, Chảo chống dính, Khăn giấy, Nước hoa mini, Thớt, Sữa tươi, Thớt, Son dưỡng môi, Bột mì, Gạo, Thịt heo, Đường, Ly thủy tinh, Bàn chải, Nước trái cây",WinMart,Bac Ninh Province,"Cầu Bình Than, Xã Phù Lãng, Tỉnh Bắc Ninh",115,3.9,supermarket,21.127922299999994,106.2448315
"Gối cổ du lịch, Bánh bao mini, Pin sạc, Pin AA, Cốc nhựa, Dao cạo râu, Bánh mì sandwich, Kẹo, Khẩu trang y tế, Gối cổ du lịch, Ô dù gấp, Bánh snack, Khoai tây chiên",Tạp hóa Lâm Giang,Bac Ninh Province,"215, Phố Lương Định Của, Phường Phương Liễu, Tỉnh Bắc Ninh",20,4.4,convenience,21.166362899999996,106.1386188
"Nước suối, Pin AA, Sữa hộp, Khẩu trang y tế, Khăn ướt, Sữa chua uống, Sữa chua uống, Thịt hộp, Sổ tay nhỏ, Dây sạc điện thoại, Găng tay nilon, Pin sạc, Thịt hộp, Cà phê lon, Lăn khử mùi, Sổ tay nhỏ",Cửa hàng tạp hóa Giang Thùy,Bac Ninh Province,"217, Phố Lương Định Của, Phường Phương Liễu, Tỉnh Bắc Ninh",15,4.2,convenience,21.166373200000002,106.1384881
"Nước hoa mini, Bột ngọt, Muỗng nĩa, Bàn chải, Sữa tươi, Nước trái cây, Khẩu trang y tế, Sốt cà chua, Bông tẩy trang, Bột ngọt, Gạo, Khay nhựa",K-Market,Bac Ninh Province,"68, Đường Lý Thái Tổ, Phường Võ Cường, Bắc Ninh, Tỉnh Bắc Ninh",180,3.7,supermarket,21.172826999999998,106.0622853
"Lăn khử mùi, Cà phê lon, Sổ tay nhỏ, Bánh snack, Khăn giấy, Găng tay nilon, Bánh quy, Sổ tay nhỏ, Bánh bao mini, Bánh mì sandwich, Khẩu trang y tế, Khoai tây chiên, Bóng đèn LED mini",WinMart+,Bac Ninh Province,"Đường Đa Cấu, Phường Nam Sơn, Bắc Ninh, Tỉnh Bắc Ninh",15,3.9,convenience,21.147078599999993,106.1190818
"Dây sạc điện thoại, Khăn giấy, Khăn giấy, Bánh snack, Bật lửa, Muỗng nhựa, Bao rác, Chai nước, Xà phòng tắm, Chai nước, Thịt hộp",WinMart+,Bac Ninh Province,"8-10, Đường Ngô Gia Tự, Phường Đồng Nguyên, Từ Sơn, Tỉnh Bắc Ninh, 16300",10,4.3,convenience,21.122093899999996,105.9663204
"Bánh mì sandwich, Cà phê lon, Xà phòng tắm, Bánh quy, Nước ngọt, Xà phòng tắm, Pin sạc, Dao cạo râu, Trà đóng chai, Nước tăng lực, Bút bi, Khăn ướt",WinMart+,Bac Ninh Province,"Đường tỉnh 284, Xã Gia Bình, Tỉnh Bắc Ninh",15,3.6,convenience,21.040004999999997,106.1490325
"Quần jean, Áo sơ mi, Găng tay, Kính mát, Bông tai, Kính mát, Đồng hồ, Vali kéo, Đầm công sở, Giày thể thao, Nước hoa, Lược điện, Dầu dưỡng tóc, Ví da",Chợ Giầu,Bac Ninh Province,"Phố Ngoại Thương, Phường Từ Sơn, Từ Sơn, Tỉnh Bắc Ninh, 16300",150,3.8,mall,21.116314378899734,105.96005295222696
"Máy sấy tóc, Mascara, Bông tai, Dép sandal, Lược điện, Áo khoác, Mascara, Dép sandal, Túi tote, Nón thời trang, Khăn choàng, Phấn má, Giày cao gót, Thắt lưng, Đầm công sở, Quần jean, Dép sandal, Đồ chơi trẻ em",Siêu thị Từ Sơn,Bac Ninh Province,"Đường Minh Khai, Phường Từ Sơn, Từ Sơn, Tỉnh Bắc Ninh, 16300",150,4.9,mall,21.123417735243404,105.97048354485341
"Giấy vệ sinh, Kem cạo râu, Túi đựng rác, Nước rửa chén, Chảo chống dính, Bột giặt, Mì gói, Sữa tươi, Gạo, Nước hoa mini",Dabaco Mart,Bac Ninh Province,"Đường Lý Thái Tổ, Phường Kinh Bắc, Bắc Ninh, Tỉnh Bắc Ninh",195,4.2,supermarket,21.173111950130583,106.06473030019856
"Vòng tay, Mỹ phẩm trang điểm, Quần jean, Tai nghe Bluetooth, Dép sandal, Phấn má, Dép sandal, Sách, Áo khoác, Son môi, Sách, Vòng tay, Đầm công sở",Trung tâm thương mại Dabaco Mart Từ Sơn,Bac Ninh Province,"Đường Lý Thái Tổ, Phường Từ Sơn, Từ Sơn, Tỉnh Bắc Ninh, 16300",200,4.8,mall,21.10279320007456,105.96197670037678
"Kem nền, Giày thể thao, Thắt lưng, Đầm công sở, Găng tay, Mỹ phẩm trang điểm, Kem nền, Kem nền, Áo thun, Khăn choàng, Áo sơ mi, Quần short, Tai nghe Bluetooth, Laptop mini, Phấn má",Chợ Lim,Bac Ninh Province,"Ngõ 188 Đường Lý Thường Kiệt, Xã Tiên Du, Tỉnh Bắc Ninh",100,4.1,mall,21.14186211676467,106.01551024923523
"Túi đựng quà, Hộp quà tặng, Cốc đôi, Quà lưu niệm, Nến thơm, Khăn lụa, Quà lưu niệm, Gối in hình, Đèn trang trí nhỏ, Hộp quà tặng, Bình hoa nhỏ, Khung ảnh, Đồ thủ công, Túi đựng quà, Đồng hồ để bàn, Ly in hình, Cốc đôi, Đồng hồ để bàn, Móc khóa",Handicapped Center,Bac Ninh Province,"Quốc lộ 18, Xã Phù Lãng, Tỉnh Bắc Ninh, 03500",190,4.5,gift,21.120193954755916,106.25686168953453
"Vòng tay, Găng tay, Đồng hồ, Son môi, Kính mát, Giày cao gót, Thắt lưng, Áo khoác da, Vali kéo, Nước hoa, Quần short, Áo khoác da, Quần short, Son môi, Lược điện",Vincom Plaza Lý Thái Tổ,Bac Ninh Province,"Đường Lý Thái Tổ, Phường Kinh Bắc, Bắc Ninh, Tỉnh Bắc Ninh",450,3.7,mall,21.178523873466215,106.07242279182992
"Váy dạ hội, Vali kéo, Dép sandal, Quần short, Lược điện, Dép sandal, Túi tote, Quần short, Khăn choàng, Đồng hồ, Son môi, Phấn má",Trung tâm thương mại Dabaco Quế Võ,Bac Ninh Province,"Đường Trương Định, Phường Phương Liễu, Tỉnh Bắc Ninh",150,4.1,mall,21.15513758803903,106.14453593088841
"Mì gói, Bơ thực vật, Bột ngọt, Rau củ quả, Nước mắm, Mì gói, Kem dưỡng da, Nước lau sàn, Đĩa sứ, Sốt cà chua, Rau củ quả, Nước mắm, Nước trái cây, Thịt heo, Chảo chống dính",WinMart,Bac Ninh Province,"3, Đường Nguyễn Gia Thiều, Phường Kinh Bắc, Bắc Ninh, Tỉnh Bắc Ninh",100,3.6,supermarket,21.187934656554567,106.07590711143473
"Khoai tây chiên, Bánh bao mini, Bánh snack, Găng tay nilon, Khoai tây chiên, Túi nylon, Khoai tây chiên, Chai nước, Bánh mì sandwich, Cà phê lon, Nước tăng lực",WinMart+,Bac Ninh Province,"898, Đường Quang Trung, Phường Phương Liễu, Tỉnh Bắc Ninh",10,4.1,convenience,21.14998793343149,106.15095798046484
"Bàn chải đánh răng, Nước ngọt, Bánh snack, Dao cạo râu, Cà phê lon, Nước tăng lực, Bút bi, Khăn giấy, Mì ly, Bánh quy, Khăn ướt, Cà phê lon, Bút bi",WinMart+,Bac Ninh Province,"Đường Nguyễn Quốc Ích, Phường Võ Cường, Bắc Ninh, Tỉnh Bắc Ninh",10,3.9,convenience,21.164834046951373,106.0358150524451
"Chai nước, Dây sạc điện thoại, Pin AA, Bao rác, Khăn giấy, Pin sạc, Thịt hộp, Dây sạc điện thoại, Thịt hộp, Dây sạc điện thoại, Dây sạc điện thoại, Bật lửa, Bàn chải đánh răng, Mì ly",WinMart+,Bac Ninh Province,"1170, Đường Quang Trung, Phường Bồng Lai, Bắc Ninh, Tỉnh Bắc Ninh",15,4.4,convenience,21.117918750013022,106.15773829999932
"Trứng gà, Sữa chua, Nước hoa mini, Bột mì, Nước trái cây, Thịt heo, Kem dưỡng da, Nước xả vải, Khẩu trang y tế, Ly thủy tinh, Khăn giấy, Nước lau sàn",Siêu thị Lan Chi,Bac Ninh Province,"Đường Kinh Dương Vương, Tỉnh Bắc Ninh",70,4.3,supermarket,21.04054628265495,106.09396262904528
"Chảo chống dính, Mì gói, Trứng gà, Nước trái cây, Trà túi lọc, Sữa tươi, Sữa chua, Mì gói, Túi đựng rác, Dao bếp, Khẩu trang y tế, Bột giặt, Khăn giấy, Khẩu trang y tế, Muối, Gạo, Giấy vệ sinh",G Mart,Quang Ninh Province,"Hùng Vương, Tỉnh Quảng Ninh, 02033",100,4.5,supermarket,21.531550899999992,107.9560804
"Bông tẩy trang, Trứng gà, Khăn giấy, Đường, Nước xả vải, Bông tẩy trang, Rau củ quả, Dầu ăn, Đĩa sứ, Nước rửa chén",WinMart,Quang Ninh Province,"Hồng Ngọc, Phường Hồng Gai, Hạ Long, Tỉnh Quảng Ninh, 01000",155,3.8,supermarket,20.949983699999997,107.0833814
"Dao bếp, Khăn giấy, Chảo chống dính, Giấy vệ sinh, Cà phê hòa tan, Muỗng nĩa, Bàn chải, Giấy vệ sinh, Bông tẩy trang, Đĩa sứ, Kem dưỡng da, Bột ngọt, Sốt cà chua, Dao bếp, Muối, Giấy bọc thực phẩm, Dầu ăn, Bột ngọt",Chợ Đêm Bến Do,Quang Ninh Province,"Phố Âu Cơ, Phường Quang Hanh, Tỉnh Quảng Ninh, 01250",55,3.6,supermarket,21.003407299999996,107.2654573
"Dầu ăn, Khăn giấy, Son dưỡng môi, Muỗng nĩa, Thớt, Nước trái cây, Gạo, Bơ thực vật, Đĩa sứ, Đường, Nước mắm, Bột giặt, Nước xả vải, Bông tẩy trang, Sữa tươi, Thớt",Tùng Anh Mobile,Quang Ninh Province,"471, Phố Lý Anh Tông, Đông Xá, Tỉnh Quảng Ninh, 200000",40,4.2,supermarket,21.0684026,107.422123
"Trà túi lọc, Khăn giấy, Cá hộp, Dầu ăn, Nước xả vải, Khẩu trang y tế, Bột giặt, Thịt heo, Bông tẩy trang, Chảo chống dính, Chảo chống dính",G7 Mart,Quang Ninh Province,"Anh Đào, Phường Bãi Cháy, Hạ Long, Tỉnh Quảng Ninh, 01000",95,4.5,supermarket,20.959527000000005,107.0506532
"Gạo, Dầu ăn, Nước suối, Khăn giấy, Bánh ăn dặm, Sữa bột trẻ em, Bình sữa, Bình sữa, Giấy vệ sinh, Muối, Sữa chua, Khăn ướt, Bánh ăn dặm, Nước mắm, Nước lau sàn, Kem đánh răng, Dầu ăn, Trà",Cửa hàng gạch đá,Quang Ninh Province,"Đường Hoàng Quốc Việt, Phường Cửa Ông, Phường Cẩm Phả, Tỉnh Quảng Ninh, 01250",15,4.2,department_store,21.0058432,107.29365510000001
"Bao rác, Khẩu trang y tế, Bút bi, Dây sạc điện thoại, Mì ly, Khẩu trang y tế, Nước ngọt, Kẹo cao su, Chai nước, Pin sạc, Ô dù gấp, Dây sạc điện thoại, Bóng đèn LED mini, Muỗng nhựa, Bánh bao mini, Gối cổ du lịch, Bóng đèn LED mini, Ô dù gấp",Chè Tuấn Phong,Quang Ninh Province,"954, Đường Hoàng Quốc Việt, Phường Cửa Ông, Phường Cẩm Phả, Tỉnh Quảng Ninh, 01250",15,3.6,convenience,21.0059868,107.2954165
"Bật lửa, Lăn khử mùi, Gối cổ du lịch, Chai nước, Khăn ướt, Gối cổ du lịch, Khăn giấy, Khẩu trang y tế, Nước tăng lực, Khoai tây chiên, Cà phê lon, Bánh snack, Găng tay nilon, Dầu gội, Gối cổ du lịch, Bàn chải đánh răng, Gối cổ du lịch, Muỗng nhựa",thế giới kem,Quang Ninh Province,"Đường Giếng Đáy, Phường Việt Hưng, Hạ Long, Tỉnh Quảng Ninh",10,3.8,convenience,20.978012399999997,107.0112652
"Nước ngọt, Kẹo, Bánh bao mini, Sữa hộp, Nước ngọt, Nước ngọt, Thịt hộp, Lăn khử mùi, Cốc nhựa, Bánh snack, Mì gói, Cà phê lon, Cà phê lon, Khoai tây chiên, Chai nước, Cà phê lon, Nước tăng lực, Túi nylon",tôi,Quang Ninh Province,"Nguyễn Văn Cừ, Phường Hạ Long, Hạ Long, Tỉnh Quảng Ninh, 01010",15,3.9,convenience,20.947078,107.1141134
"Dao cạo râu, Bánh snack, Xà phòng tắm, Mì ly, Bật lửa, Nước ngọt, Bánh snack, Pin sạc, Cà phê lon, Bao rác",trung hiếu,Quang Ninh Province,"Tuần Châu, Phường Tuần Châu, Tỉnh Quảng Ninh",20,3.9,convenience,20.934917400000003,106.9869706
"Muỗng nhựa, Gối cổ du lịch, Dao cạo râu, Bánh snack, Sữa chua uống, Gối cổ du lịch, Khăn giấy, Bao rác, Xà phòng tắm, Túi nylon",hùng thi,Quang Ninh Province,"Tuần Châu, Phường Tuần Châu, Tỉnh Quảng Ninh",20,3.8,convenience,20.9362659,106.9833994
"Bánh ăn dặm, Khăn ướt, Tã em bé, Nước xả vải, Đường, Gạo, Dầu gội, Kem đánh răng, Tã em bé, Ngũ cốc, Nước lau sàn, Kem đánh răng, Nước rửa chén, Cà phê, Nước ngọt, Bánh ăn dặm",cửa hàng tạp hoá,Quang Ninh Province,"3, Ngọc Châu, Phường Tuần Châu, Hạ Long, Tỉnh Quảng Ninh",10,4.5,department_store,20.922037499999995,106.9915524
"Bánh mì sandwich, Bánh mì sandwich, Mì ly, Khoai tây chiên, Bật lửa, Khẩu trang y tế, Khăn giấy, Dao cạo râu, Khẩu trang y tế, Khẩu trang y tế, Bật lửa",cô duân,Quang Ninh Province,"21, Quang Trung, Phường Hạ Long, Hạ Long, Tỉnh Quảng Ninh, 01010",20,4.1,convenience,20.9452942,107.1110352
"Bao rác, Kẹo, Sữa hộp, Mì ly, Bàn chải đánh răng, Bật lửa, Bút bi, Kẹo, Gối cổ du lịch, Khăn giấy, Bóng đèn LED mini, Bàn chải đánh răng, Khăn giấy, Thịt hộp, Khăn giấy, Bóng đèn LED mini, Muỗng nhựa",a quảng,Quang Ninh Province,"Quang Trung, Phường Hạ Long, Hạ Long, Tỉnh Quảng Ninh, 01010",15,3.8,convenience,20.9437776,107.1111931
"Bật lửa, Sổ tay nhỏ, Gối cổ du lịch, Sổ tay nhỏ, Pin AA, Trà đóng chai, Khăn giấy, Sổ tay nhỏ, Xà phòng tắm, Trà đóng chai, Bao rác, Ô dù gấp, Kẹo, Bàn chải đánh răng, Bánh snack",thế lương,Quang Ninh Province,"593, Nguyễn Văn Cừ, Phường Hạ Long, Hạ Long, Tỉnh Quảng Ninh, 01010",15,4.2,convenience,20.9489623,107.1072915
"Bật lửa, Bánh snack, Nước ngọt, Thịt hộp, Kẹo, Bóng đèn LED mini, Mì ly, Mì gói, Kem đánh răng, Khẩu trang y tế, Nước ngọt, Dây sạc điện thoại, Xà phòng tắm, Khẩu trang y tế, Nước tăng lực, Mì gói, Nước tăng lực",cô loan,Quang Ninh Province,"Nguyễn Văn Cừ, Phường Hạ Long, Hạ Long, Tỉnh Quảng Ninh, 01010",15,3.7,convenience,20.9405557,107.1197903
"Kem đánh răng, Bút bi, Nước ngọt, Chai nước, Kem đánh răng, Pin sạc, Bao rác, Khẩu trang y tế, Bánh snack, Bàn chải đánh răng, Bao rác, Sữa hộp, Gối cổ du lịch, Khoai tây chiên, Khẩu trang y tế, Kẹo, Lăn khử mùi, Bút bi, Dây sạc điện thoại",cô minh,Quang Ninh Province,"Nguyễn Văn Cừ, Phường Hạ Long, Hạ Long, Tỉnh Quảng Ninh, 01010",10,4.5,convenience,20.941177199999995,107.1169513
"Khăn ướt, Pin sạc, Bàn chải đánh răng, Pin AA, Kem đánh răng, Kem đánh răng, Sữa chua uống, Mì ly, Găng tay nilon, Kẹo, Bánh snack, Bao rác",thuý ngân,Quang Ninh Province,"87, Phố Điện Biên Phủ, Phường Hạ Long, Hạ Long, Tỉnh Quảng Ninh, 01040",20,3.6,convenience,20.938311699999996,107.1258003
"Bánh quy, Cốc nhựa, Nước ngọt, Khoai tây chiên, Bánh bao mini, Sữa hộp, Thịt hộp, Bàn chải đánh răng, Nước ngọt, Chai nước, Khăn giấy, Pin AA, Bóng đèn LED mini, Pin AA",của hàng hải yến,Quang Ninh Province,"41, Phố Lê Chân, Phường Hạ Long, Hạ Long, Tỉnh Quảng Ninh, 01010",20,4.2,convenience,20.93947,107.115742
"Bánh snack, Bánh quy, Túi nylon, Pin sạc, Khăn giấy, Ô dù gấp, Chai nước, Pin sạc, Muỗng nhựa, Cốc nhựa, Gối cổ du lịch, Bàn chải đánh răng",đức thanh,Quang Ninh Province,"55, Hồng Sơn, Phường Hạ Long, Hạ Long, Tỉnh Quảng Ninh, 01010",20,3.8,convenience,20.940343600000002,107.114311
"Bánh snack, Bàn chải đánh răng, Kem đánh răng, Nước tăng lực, Chai nước, Bàn chải đánh răng, Nước tăng lực, Nước suối, Bóng đèn LED mini, Cốc nhựa, Bánh mì sandwich, Dầu gội, Xà phòng tắm, Bàn chải đánh răng, Dao cạo râu, Ô dù gấp, Mì gói, Pin sạc, Bánh quy, Khăn ướt",cô hương,Quang Ninh Province,"Hoàng Diệu, Phường Hạ Long, Hạ Long, Tỉnh Quảng Ninh, 01100",20,4.1,convenience,20.95520399999999,107.0971545
"Găng tay nilon, Dầu gội, Bút bi, Muỗng nhựa, Kem đánh răng, Dây sạc điện thoại, Pin sạc, Khoai tây chiên, Xà phòng tắm, Sữa hộp, Cà phê lon, Cà phê lon, Lăn khử mùi, Nước tăng lực, Dầu gội, Bánh bao mini, Pin AA, Bật lửa",tạp hoá thanh huyền,Quang Ninh Province,"398, Nguyễn Văn Cừ, Phường Hạ Long, Hạ Long, Tỉnh Quảng Ninh, 01010",10,3.9,convenience,20.9503281,107.1067026
"Sữa hộp, Bánh quy, Nước tăng lực, Nước suối, Gối cổ du lịch, Pin sạc, Bàn chải đánh răng, Bàn chải đánh răng, Sữa hộp, Bút bi, Nước suối, Sữa chua uống, Cốc nhựa, Bánh quy, Sổ tay nhỏ, Kẹo cao su, Thịt hộp, Khẩu trang y tế",cô liên,Quang Ninh Province,"Nguyễn Văn Cừ, Phường Hạ Long, Hạ Long, Tỉnh Quảng Ninh, 01010",15,3.5,convenience,20.941453499999998,107.1179857
"Cà phê lon, Khăn ướt, Gối cổ du lịch, Gối cổ du lịch, Bánh bao mini, Khăn giấy, Kem đánh răng, Nước ngọt, Sữa chua uống, Bánh bao mini, Kẹo cao su, Nước ngọt, Xà phòng tắm",dũng hằng,Quang Ninh Province,"Đường Tuyển Than, Phường Hạ Long, Hạ Long, Tỉnh Quảng Ninh, 01040",20,3.5,convenience,20.947614699999995,107.1322238
"Kẹo cao su, Dây sạc điện thoại, Bóng đèn LED mini, Lăn khử mùi, Cốc nhựa, Bàn chải đánh răng, Thịt hộp, Mì gói, Mì gói, Gối cổ du lịch, Cốc nhựa, Mì ly, Sữa chua uống, Chai nước, Bật lửa, Khẩu trang y tế, Khoai tây chiên, Pin AA, Dây sạc điện thoại, Dao cạo râu",cô miều,Quang Ninh Province,"130, Nguyễn Văn Cừ, Phường Hạ Long, Hạ Long, Tỉnh Quảng Ninh, 01010",20,3.9,convenience,20.9419453,107.1178736
"Bút bi, Bánh mì sandwich, Muỗng nhựa, Khẩu trang y tế, Bàn chải đánh răng, Bật lửa, Kem đánh răng, Mì ly, Gối cổ du lịch, Túi nylon, Bóng đèn LED mini, Pin sạc, Gối cổ du lịch, Túi nylon",tạp hoá cô huệ,Quang Ninh Province,"Minh Hà, Phường Hà Tu, Hạ Long, Tỉnh Quảng Ninh, 01040",20,4.2,convenience,20.956332799999995,107.1628203
"Bánh quy, Trà đóng chai, Túi nylon, Trà đóng chai, Mì gói, Bánh mì sandwich, Mì gói, Sữa hộp, Sữa chua uống, Túi nylon, Kẹo cao su",chiến hường,Quang Ninh Province,"Minh Hà, Phường Hà Tu, Hạ Long, Tỉnh Quảng Ninh, 01040",15,4.2,convenience,20.956478999999998,107.162474
"Khoai tây chiên, Sữa chua uống, Sữa hộp, Xà phòng tắm, Bánh bao mini, Kẹo, Chai nước, Xà phòng tắm, Găng tay nilon, Cốc nhựa, Dầu gội, Sữa chua uống, Bật lửa, Dây sạc điện thoại, Gối cổ du lịch, Sổ tay nhỏ",cô miều,Quang Ninh Province,"Nguyễn Văn Cừ, Phường Hạ Long, Hạ Long, Tỉnh Quảng Ninh, 01010",20,3.5,convenience,20.941553200000005,107.1181015
"Găng tay nilon, Bút bi, Sữa hộp, Bánh mì sandwich, Gối cổ du lịch, Lăn khử mùi, Bánh quy, Găng tay nilon, Muỗng nhựa, Găng tay nilon, Pin sạc, Kẹo, Kẹo cao su, Cà phê lon, Bánh bao mini, Cốc nhựa, Dầu gội, Kẹo, Muỗng nhựa, Chai nước",phương anh,Quang Ninh Province,"73, Đường Giếng Đáy, Phường Việt Hưng, Hạ Long, Tỉnh Quảng Ninh",20,3.5,convenience,20.9781766,107.0209092
"Bánh bao mini, Khoai tây chiên, Bật lửa, Muỗng nhựa, Xà phòng tắm, Khoai tây chiên, Chai nước, Bánh mì sandwich, Mì ly, Bật lửa",thu thuỷ,Quang Ninh Province,"146, Đường Giếng Đáy, Phường Việt Hưng, Hạ Long, Tỉnh Quảng Ninh",20,4.5,convenience,20.976957100000003,107.0177416
"Bật lửa, Chai nước, Xà phòng tắm, Nước suối, Bánh snack, Cà phê lon, Bánh quy, Bao rác, Mì gói, Pin AA, Dây sạc điện thoại, Bao rác, Dầu gội, Chai nước, Trà đóng chai, Mì ly, Gối cổ du lịch, Mì ly, Chai nước",hàng tiêu dùng thái lan,Quang Ninh Province,"242, Nguyễn Văn Cừ, Phường Hạ Long, Hạ Long, Tỉnh Quảng Ninh, 01100",10,3.9,convenience,20.953301300000003,107.104046
"Kẹo, Sữa chua uống, Sữa chua uống, Bánh quy, Sổ tay nhỏ, Bao rác, Kẹo cao su, Muỗng nhựa, Dây sạc điện thoại, Cốc nhựa, Gối cổ du lịch, Thịt hộp, Sữa chua uống, Dầu gội, Sữa chua uống",tạp hoá dũng vân,Quang Ninh Province,"Dã Tượng, Phường Hồng Gai, Hạ Long, Tỉnh Quảng Ninh, 01000",10,3.9,convenience,20.9622651,107.0820486
"Trà đóng chai, Nước ngọt, Găng tay nilon, Nước suối, Cốc nhựa, Xà phòng tắm, Bánh quy, Mì ly, Nước ngọt, Nước suối, Sổ tay nhỏ, Cốc nhựa, Ô dù gấp, Khăn giấy",WinMart+,Quang Ninh Province,"126, Cao Thắng, Phường Hà Lầm, Hạ Long, Tỉnh Quảng Ninh, 01100",15,3.9,convenience,20.958988100000003,107.0900057
"Sổ tay nhỏ, Chai nước, Găng tay nilon, Khăn giấy, Khăn ướt, Chai nước, Khăn giấy, Kem đánh răng, Bánh quy, Túi nylon, Bánh bao mini, Cốc nhựa, Bao rác, Kẹo, Pin sạc",WinMart+,Quang Ninh Province,"496, Cao Thắng, Phường Hà Lầm, Hạ Long, Tỉnh Quảng Ninh, 01100",10,3.5,convenience,20.963724499999998,107.0973147
"Cà phê lon, Găng tay nilon, Bật lửa, Muỗng nhựa, Cà phê lon, Chai nước, Cà phê lon, Pin AA, Bao rác, Cà phê lon, Mì ly, Khăn ướt, Ô dù gấp, Bánh mì sandwich, Bút bi",WinMart+,Quang Ninh Province,"Phố Ngô Thì Nhậm, Phường Hồng Gai, Hạ Long, Tỉnh Quảng Ninh, 01000",10,4.1,convenience,20.961475499999995,107.0717133
"Sổ tay nhỏ, Bánh quy, Muỗng nhựa, Cốc nhựa, Túi nylon, Dây sạc điện thoại, Bao rác, Dao cạo râu, Pin AA, Nước ngọt, Bóng đèn LED mini, Pin AA, Mì ly, Kẹo, Dao cạo râu, Khăn ướt",Circle K,Quang Ninh Province,"Ngọc Châu, Phường Tuần Châu, Hạ Long, Tỉnh Quảng Ninh",20,4.5,convenience,20.923432599999995,106.9899324
"Lăn khử mùi, Chai nước, Cà phê lon, Nước tăng lực, Nước ngọt, Bánh quy, Bàn chải đánh răng, Lăn khử mùi, Dầu gội, Ô dù gấp, Sữa hộp, Gối cổ du lịch, Pin sạc, Bật lửa, Găng tay nilon, Mì gói, Khăn ướt, Nước suối, Khoai tây chiên, Mì ly",To-oT,Quang Ninh Province,"Ngọc Châu, Phường Tuần Châu, Hạ Long, Tỉnh Quảng Ninh",15,3.8,convenience,20.922708599999996,106.9904275
"Trà, Bình sữa, Muối, Đường, Nước lau sàn, Đường, Nước rửa chén, Muối, Khăn giấy, Kem đánh răng, Ngũ cốc, Thực phẩm đóng hộp",Cửa hàng bách hoá Thắng Hường,Quang Ninh Province,"119, Đường Hoàng Hoa Thám, Phường Quảng Yên, Phường Hiệp Hòa, Tỉnh Quảng Ninh",15,3.7,department_store,20.944479800000003,106.8029396
"Khay nhựa, Dầu ăn, Cá hộp, Bột mì, Nước hoa mini, Giấy vệ sinh, Sữa tươi, Trà túi lọc, Nước rửa chén, Khẩu trang y tế, Chảo chống dính",Siêu thị Quảng Yên,Quang Ninh Province,"Đường An Trì, Phường Quảng Yên, Phường Hiệp Hòa, Tỉnh Quảng Ninh",130,3.6,supermarket,20.9446147,106.8033447
"Kem nền, Mascara, Đầm công sở, Phấn má, Áo sơ mi, Thắt lưng, Tai nghe Bluetooth, Quần short, Túi xách, Bông tai, Mỹ phẩm trang điểm, Mascara, Máy sấy tóc, Đồng hồ, Quần jean, Kính mát, Giày cao gót",Vincom,Quang Ninh Province,"Thương Mại, Móng Cái, Tỉnh Quảng Ninh, 01508",200,4.3,mall,21.535241200000005,107.9723239
"Dao cạo râu, Dầu gội, Kẹo cao su, Kẹo, Chai nước, Nước suối, Nước suối, Bánh quy, Sữa hộp, Bánh bao mini, Xà phòng tắm, Nước suối, Cốc nhựa, Nước suối",G22,Quang Ninh Province,"Ngọc Châu, Phường Tuần Châu, Hạ Long, Tỉnh Quảng Ninh",20,3.6,convenience,20.9237835,106.9820019
"Khẩu trang y tế, Nước lau sàn, Chảo chống dính, Muỗng nĩa, Sữa tươi, Nước trái cây, Túi đựng rác, Ly thủy tinh, Muỗng nĩa, Khăn giấy, Túi đựng rác, Sữa chua, Kem cạo râu, Sữa tắm",Chợ cũ,Quang Ninh Province,"Đường Giếng Đáy, Phường Việt Hưng, Hạ Long, Tỉnh Quảng Ninh",125,3.8,supermarket,20.9776861,107.0080001
"Lăn khử mùi, Bánh quy, Cốc nhựa, Mì ly, Chai nước, Lăn khử mùi, Khoai tây chiên, Sổ tay nhỏ, Pin AA, Gối cổ du lịch, Dây sạc điện thoại, Trà đóng chai, Khẩu trang y tế",QuikTrip,Quang Ninh Province,"Đường Hạ Long, Phường Bãi Cháy, Hạ Long, Tỉnh Quảng Ninh, 01000",20,4.1,convenience,20.955638699999998,107.0488363
"Sữa hộp, Dầu gội, Chai nước, Pin AA, Túi nylon, Kẹo cao su, Nước suối, Bánh bao mini, Khoai tây chiên, Chai nước, Khoai tây chiên, Kẹo cao su, Xà phòng tắm, Dây sạc điện thoại, Khẩu trang y tế, Bánh snack, Bàn chải đánh răng, Muỗng nhựa, Gối cổ du lịch, Ô dù gấp",Bao an mart,Quang Ninh Province,"Vạn Triều, Minh Thành, Uông Bí, Tỉnh Quảng Ninh",20,4,convenience,21.006667300000004,106.8583046
"Sổ tay nhỏ, Nước tăng lực, Bánh snack, Khăn giấy, Dây sạc điện thoại, Pin sạc, Găng tay nilon, Bánh snack, Dầu gội, Cà phê lon, Túi nylon, Kẹo cao su",WinMart+,Quang Ninh Province,"Hùng Thắng 20, Phường Bãi Cháy, Hạ Long, Tỉnh Quảng Ninh",15,3.9,convenience,20.9584529,107.0080697
"Trà đóng chai, Bánh quy, Cốc nhựa, Dao cạo râu, Pin sạc, Dầu gội, Nước ngọt, Bánh mì sandwich, Thịt hộp, Dầu gội, Xà phòng tắm, Cà phê lon, Khẩu trang y tế, Pin AA",WinMart+,Quang Ninh Province,"Hùng Thắng 19, Phường Bãi Cháy, Hạ Long, Tỉnh Quảng Ninh",20,4.2,convenience,20.958530899999996,107.0061617
"Giấy vệ sinh, Bột ngọt, Dao bếp, Muối, Nước mắm, Khẩu trang y tế, Bột mì, Chảo chống dính, Khẩu trang y tế, Đường, Giấy vệ sinh, Rau củ quả, Thớt",WinMart,Quang Ninh Province,"Đường Bãi Cháy, Phường Bãi Cháy, Hạ Long, Tỉnh Quảng Ninh, 01000",135,3.7,supermarket,20.9593834,107.0482858
"Phấn má, Dầu dưỡng tóc, Dầu dưỡng tóc, Dầu dưỡng tóc, Áo sơ mi, Bông tai, Dép sandal, Ba lô thời trang, Thắt lưng, Đồng hồ thông minh, Áo khoác da",ICON 40,Quang Ninh Province,"Hùng Thắng 15, Phường Bãi Cháy, Hạ Long, Tỉnh Quảng Ninh",100,3.9,mall,20.95916877389774,107.00161040257117
"Thắt lưng, Mascara, Giày thể thao, Quần short, Áo khoác da, Lược điện, Đồng hồ thông minh, Son môi, Ốp điện thoại, Đồng hồ, Khăn choàng, Bông tai, Váy dạ hội, Đồ chơi trẻ em, Quần short, Khăn choàng",Chợ Vinh Cơ 2,Quang Ninh Province,"Đại lộ Hòa Bình, Móng Cái, Tỉnh Quảng Ninh, 01508",200,3.9,mall,21.534165023220257,107.9704805296236
"Ví da, Dép sandal, Nước hoa, Thắt lưng, Găng tay, Quần jean, Kem nền, Phấn má, Thắt lưng, Túi tote, Đồng hồ, Túi tote, Găng tay",Quảng trường Hoà Bình,Quang Ninh Province,"Đại lộ Hòa Bình, Móng Cái, Tỉnh Quảng Ninh, 01508",150,3.7,mall,21.535042923612625,107.96979652318944
"Laptop mini, Giày cao gót, Dầu dưỡng tóc, Áo thun, Phấn má, Thắt lưng, Vòng tay, Túi xách, Son môi, Khăn choàng, Mascara, Đồ chơi trẻ em, Bông tai",Chợ Vinh Cơ,Quang Ninh Province,"Đại lộ Hòa Bình, Móng Cái, Tỉnh Quảng Ninh, 01508",300,4,mall,21.533177493380222,107.97122029237607
"Mascara, Áo sơ mi, Túi tote, Tai nghe Bluetooth, Sách, Tai nghe Bluetooth, Đồ chơi trẻ em, Nước hoa, Tai nghe Bluetooth, Đồng hồ thông minh, Túi tote, Nước hoa, Giày cao gót, Đầm công sở",Móng Cái Plaza,Quang Ninh Province,"Hùng Vương, Móng Cái, Tỉnh Quảng Ninh, 01508",400,4.4,mall,21.529752384606034,107.9689420386697
"Dầu dưỡng tóc, Máy sấy tóc, Phấn má, Áo khoác, Giày thể thao, Đồ chơi trẻ em, Ví da, Túi tote, Nước hoa, Túi xách, Ví da, Áo thun, Kem nền",Vincom Plaza Ha Long,Quang Ninh Province,"Cảng Mới, Bạch Đằng, Hạ Long, Tỉnh Quảng Ninh, 01100",350,3.8,mall,20.95014328308208,107.08388893403287
"Váy dạ hội, Quần jean, Lược điện, Áo khoác, Giày thể thao, Áo thun, Váy dạ hội, Mỹ phẩm trang điểm, Áo khoác da, Áo sơ mi, Đầm công sở",Chợ Hà Lầm,Quang Ninh Province,"Đường Hà Lầm, Phường Hà Lầm, Hạ Long, Tỉnh Quảng Ninh, 01040",200,4,mall,20.966711300018197,107.10832590000274
"Đường, Rau củ quả, Trứng gà, Ngũ cốc ăn sáng, Cá hộp, Muối, Nước trái cây, Bột mì, Bột giặt, Ly thủy tinh, Sữa chua, Khăn giấy, Sốt cà chua, Bàn chải, Kem dưỡng da, Snack, Muỗng nĩa, Khay nhựa",Chợ Hòn Gai (Hon Gai Market),Quang Ninh Province,"Cảng Mới, Bạch Đằng, Hạ Long, Tỉnh Quảng Ninh, 01100",170,4.1,supermarket,20.94976861997777,107.08235608630001
"Áo khoác da, Vòng tay, Dép sandal, Quần short, Sách, Dầu dưỡng tóc, Lược điện, Nón thời trang, Sách, Kem nền, Giày thể thao, Vali kéo, Mascara, Kem nền",Chợ Hạ Long II,Quang Ninh Province,"Tô Hiến Thành, Phường Hồng Gai, Hạ Long, Tỉnh Quảng Ninh, 01100",400,3.6,mall,20.95826969463745,107.08498094864781
"Cà phê hòa tan, Snack, Sốt cà chua, Khẩu trang y tế, Sữa tắm, Bột giặt, Nước xả vải, Mì gói, Bột giặt, Nước xả vải, Cà phê hòa tan, Khăn giấy",MM Mega Market Ha Long,Quang Ninh Province,"Phố Trần Đại Nghĩa, Phường Hà Tu, Hạ Long, Tỉnh Quảng Ninh, 01040",150,4.1,supermarket,20.960502912706275,107.15588200380009
"Rau củ quả, Muối, Nước mắm, Khay nhựa, Nước mắm, Kem cạo râu, Muối, Trứng gà, Muỗng nĩa, Trà túi lọc, Giấy bọc thực phẩm, Dầu gội, Khăn giấy, Rau củ quả, Dao bếp, Chảo chống dính, Kem cạo râu",Go!,Quang Ninh Province,"Phố Hồng Phúc, Phường Hạ Long, Hạ Long, Tỉnh Quảng Ninh, 01010",155,4.1,supermarket,20.94208945044992,107.11057234919126
"Thiệp chúc mừng, Bánh handmade, Gấu bông mini, Tranh mini, Đèn trang trí nhỏ, Bưu thiếp, Ly in hình, Túi đựng quà, Khăn lụa, Túi đựng quà, Gối in hình, Khung ảnh, Móc khóa đôi, Móc khóa đôi, Khung ảnh LED, Quà lưu niệm, Sổ tay dễ thương, Bình hoa nhỏ, Sổ tay dễ thương",Ngọc Sơn,Quang Ninh Province,"Đường Hạ Long, Phường Bãi Cháy, Hạ Long, Tỉnh Quảng Ninh, 01000",80,4.3,gift,20.951898699948828,107.04297388100359
"Tai nghe Bluetooth, Váy dạ hội, Giày cao gót, Đồ chơi trẻ em, Găng tay, Vali kéo, Dầu dưỡng tóc, Khăn choàng, Giày cao gót, Găng tay, Mascara, Vòng tay, Áo khoác, Ba lô thời trang, Nón thời trang, Kem nền",Vincom Plaza,Quang Ninh Province,"Đại lộ Hòa Bình, Móng Cái, Tỉnh Quảng Ninh, 01508",400,3.8,mall,21.53242870008208,107.97312855011448
"Áo thun, Ốp điện thoại, Găng tay, Bông tai, Lược điện, Son môi, Lược điện, Kem nền, Vali kéo, Dầu dưỡng tóc, Túi tote, Lược điện",Hồng Nguyên,Quang Ninh Province,"Đại lộ Hòa Bình, Móng Cái, Tỉnh Quảng Ninh, 01508",450,3.6,mall,21.53525119087539,107.97157991093475
"Giày cao gót, Túi xách, Đồng hồ, Dép sandal, Quần short, Vòng tay, Lược điện, Áo sơ mi, Kem nền, Thắt lưng, Máy sấy tóc, Tai nghe Bluetooth, Dầu dưỡng tóc, Đồ chơi trẻ em, Kính mát, Quần jean, Đồ chơi trẻ em",Siêu thị LanChi,Quang Ninh Province,"Đường Bạch Đằng, Yên Giang, Tỉnh Quảng Ninh",300,4.9,mall,20.945496695367535,106.7964508
"Kem đánh răng, Bao rác, Dây sạc điện thoại, Sữa chua uống, Trà đóng chai, Gối cổ du lịch, Kẹo, Gối cổ du lịch, Bóng đèn LED mini, Sữa chua uống, Cà phê lon, Sữa chua uống, Bóng đèn LED mini, Khăn giấy, Sữa chua uống",Chợ Ghẽ,Hai Duong Province,"Quốc lộ 5, Thành phố Hải Phòng",15,4.1,convenience,20.937804999999997,106.216221
"Sữa chua uống, Kem đánh răng, Bàn chải đánh răng, Gối cổ du lịch, Gối cổ du lịch, Nước suối, Bánh quy, Bật lửa, Sữa chua uống, Sữa hộp, Khẩu trang y tế, Bánh mì sandwich, Túi nylon, Kem đánh răng, Xà phòng tắm",Ruby Emperor,Hai Duong Province,"Đường Lê Thanh Nghị, Phường Trần Hưng Đạo",20,4.1,convenience,21.131065699999997,106.4171584
"Gạo, Khay nhựa, Sữa tắm, Trứng gà, Sốt cà chua, Son dưỡng môi, Dầu gội, Dầu ăn, Rau củ quả, Giấy bọc thực phẩm, Giấy vệ sinh, Sữa tắm, Nước mắm, Cà phê hòa tan, Khăn giấy, Nước hoa mini, Nước trái cây, Dầu ăn, Thớt, Thớt",S2 Authentic Shop,Hai Duong Province,"64, Đường Nguyễn Văn Linh, Phường Lê Thanh Nghị, 34000",45,4,supermarket,20.934300399999998,106.318518
"Móc khóa, Khăn lụa, Đồng hồ để bàn, Tranh mini, Bánh handmade, Sổ tay dễ thương, Gấu bông mini, Tượng nhỏ, Khăn lụa, Bình hoa nhỏ, Bình hoa nhỏ, Bưu thiếp, Cốc đôi, Khăn lụa, Quà lưu niệm",Hong ngoc humanity centre,Hai Duong Province,"Đường Lê Thanh Nghị, Phường Trần Nhân Tông",230,4.4,gift,21.1305481,106.43834390000002
"Pin sạc, Cốc nhựa, Xà phòng tắm, Pin sạc, Dầu gội, Bật lửa, Sữa hộp, Bàn chải đánh răng, Dầu gội, Bánh bao mini, Sữa chua uống, Dầu gội, Khẩu trang y tế, Kẹo cao su",WinMart+,Hai Duong Province,"616-618, Đại lộ Lê Thanh Nghị, Phường Lê Thanh Nghị, 03118",20,3.7,convenience,20.931012499999998,106.321306
"Chai nước, Bánh snack, Nước suối, Bánh snack, Nước suối, Chai nước, Bao rác, Kẹo, Thịt hộp, Dầu gội, Bánh quy, Gối cổ du lịch, Bánh mì sandwich, Trà đóng chai, Pin AA, Cốc nhựa",WinMart+,Hai Duong Province,"28, Nguyễn Thị Duệ, Phường Lê Thanh Nghị, 03118",20,4.5,convenience,20.939189300000002,106.3099764
"Sữa tươi, Nước rửa chén, Kem cạo râu, Nước mắm, Đĩa sứ, Sốt cà chua, Gạo, Dầu ăn, Thớt, Chảo chống dính, Khẩu trang y tế, Nước lau sàn, Gạo, Nước hoa mini",Big C,Hai Duong Province,"Đường An Định, Phường Hải Dương, 03118",60,4.2,supermarket,20.946918200000002,106.3457328
"Sữa tươi, Trứng gà, Sữa tươi, Khay nhựa, Khay nhựa, Bơ thực vật, Nước trái cây, Sữa tắm, Nước xả vải, Cá hộp, Kem dưỡng da, Dầu ăn, Muối, Giấy vệ sinh, Dầu gội, Rau củ quả",V52 mini mart,Hai Duong Province,"Đường cao tốc Hà Nội - Hải Phòng, Thành phố Hải Phòng",140,4.1,supermarket,20.8598699,106.3359075
"Cà phê hòa tan, Giấy bọc thực phẩm, Cà phê hòa tan, Sữa chua, Nước tương, Bông tẩy trang, Dầu gội, Cá hộp, Bông tẩy trang, Rau củ quả, Sữa chua, Son dưỡng môi, Ngũ cốc ăn sáng, Sữa tươi",Minh Anh,Hai Duong Province,"77, Đường Lê Thanh Nghị, Phường Trần Nhân Tông",110,4.2,supermarket,21.133644699999998,106.4255889
"Chai nước, Khẩu trang y tế, Ô dù gấp, Bánh quy, Bóng đèn LED mini, Khẩu trang y tế, Khoai tây chiên, Khẩu trang y tế, Kem đánh răng, Bàn chải đánh răng, Bóng đèn LED mini, Bật lửa, Bóng đèn LED mini, Nước ngọt, Nước ngọt, Bánh bao mini, Thịt hộp, Mì ly",Lô 25a,Hai Duong Province,"Thanh Niên, Sao Đỏ, Thành phố Hải Phòng",10,3.7,convenience,21.113044500000004,106.3976082
"Giấy vệ sinh, Cà phê, Kem đánh răng, Giấy vệ sinh, Bình sữa, Bánh ăn dặm, Ngũ cốc, Sữa bột trẻ em, Nước xả vải, Sữa tươi, Trà",FPTshop,Hai Duong Province,"Đường Nguyễn Trãi, Sao Đỏ, Thành phố Hải Phòng",10,4.2,department_store,21.1129694,106.3920196
"Dầu ăn, Nước tương, Mì gói, Dao bếp, Khay nhựa, Túi đựng rác, Khay nhựa, Nước rửa chén, Nước hoa mini, Trứng gà, Bột mì, Khăn giấy, Kem cạo râu",FTC ONE GROUPS,Hai Duong Province,"Cầu Sồi, Xóm 1, Đường tỉnh 391, Phường Tân Hưng, Thành phố Hải Phòng, 170000",50,3.7,supermarket,20.8774908,106.3581091
"Áo khoác da, Ba lô thời trang, Tai nghe Bluetooth, Khăn choàng, Áo khoác, Váy dạ hội, Găng tay, Tai nghe Bluetooth, Khăn choàng, Dầu dưỡng tóc, Áo khoác da, Túi tote, Giày thể thao, Váy dạ hội, Quần jean",Vincom+ Chí Linh,Hai Duong Province,"Bạch Đằng, Sao Đỏ, Thành phố Hải Phòng",300,3.6,mall,21.110154316677605,106.39048505165123
"Snack, Sốt cà chua, Giấy vệ sinh, Khẩu trang y tế, Túi đựng rác, Khăn giấy, Nước mắm, Dao bếp, Nước rửa chén, Snack, Sữa tươi, Sữa tắm, Giấy vệ sinh, Ngũ cốc ăn sáng, Khăn giấy, Snack, Thớt, Kem cạo râu",chợ Phú Yên,Hai Duong Province,"Phố Ngân Sơn, Phường Lê Thanh Nghị, 03118",160,3.9,supermarket,20.935743329870892,106.32798634917194
"Đường, Nước xả vải, Cà phê hòa tan, Dầu ăn, Muối, Kem cạo râu, Nước xả vải, Sữa tươi, Cá hộp, Dao bếp, Chảo chống dính",Siêu thị Lanchi Mart Chí Linh,Hai Duong Province,"Đường Nguyễn Trãi, Phường Trần Hưng Đạo",150,3.7,supermarket,21.115491259629994,106.39663485516631
"Quần short, Đầm công sở, Áo sơ mi, Kem nền, Máy sấy tóc, Ví da, Nước hoa, Quần jean, Dép sandal, Vali kéo, Khăn choàng, Mỹ phẩm trang điểm, Đồ chơi trẻ em, Dép sandal, Nón thời trang, Đồng hồ, Nước hoa, Bông tai, Ví da, Găng tay",Apec Mall,Hai Duong Province,"Đại lộ Lê Thanh Nghị, Phường Tân Hưng, 03118",500,4.9,mall,20.922051617654493,106.3298355132942
"Đường, Nước rửa chén, Thịt heo, Bột mì, Snack, Ngũ cốc ăn sáng, Sốt cà chua, Bông tẩy trang, Mì gói, Mì gói, Bột giặt, Khay nhựa, Sữa tắm, Chảo chống dính, Đĩa sứ, Trà túi lọc, Trứng gà, Túi đựng rác, Nước hoa mini, Sữa tươi",Chợ Thẫm,Hung Yen Province,"Đường Hùng Vương, Tỉnh Hưng Yên, 06000",60,3.6,supermarket,20.436829699999997,106.2898302
"Nước hoa mini, Chảo chống dính, Đường, Dầu gội, Sữa chua, Nước tương, Cà phê hòa tan, Sốt cà chua, Giấy vệ sinh, Muối, Nước hoa mini, Nước lau sàn, Cá hộp, Trà túi lọc, Khăn giấy, Nước xả vải",Shop hàng thái lan,Hung Yen Province,"315, Đường Trần Nhân Tông, Phường Thái Bình, Tỉnh Hưng Yên, 06000",125,4,supermarket,20.449270199999994,106.3395381
"Nước hoa mini, Bông tẩy trang, Khăn giấy, Son dưỡng môi, Kem cạo râu, Bột ngọt, Sữa tươi, Túi đựng rác, Đường, Sữa chua, Sốt cà chua, Túi đựng rác",chợ Bo (Thái Bình),Hung Yen Province,"Trần Thái Tông, Phường Thái Bình, Tỉnh Hưng Yên, 06000",45,4.3,supermarket,20.4531587,106.3387299
"Cá hộp, Cà phê hòa tan, Nước lau sàn, Khay nhựa, Thịt heo, Sữa tươi, Khẩu trang y tế, Đĩa sứ, Kem cạo râu, Nước rửa chén",Cửa Hàng Dụng Cụ Thể Dục Thể Thao Dũng Sport,Hung Yen Province,"Quốc lộ 38B, Tỉnh Hưng Yên, 600000",190,3.6,supermarket,20.718589599999998,106.1574234
"Nước suối, Mì gói, Bánh quy, Khẩu trang y tế, Dao cạo râu, Muỗng nhựa, Bao rác, Khoai tây chiên, Thịt hộp, Lăn khử mùi, Dao cạo râu, Bút bi, Kẹo, Bao rác",cửa hàng giải khát hoa ban,Hung Yen Province,"3/38, Quốc Lộ 38, Thành phố Hải Phòng, 56789",15,4.5,convenience,20.92289329999999,106.1544065
"Rau củ quả, Bột mì, Nước xả vải, Bột mì, Giấy vệ sinh, Kem dưỡng da, Sữa tắm, Trà túi lọc, Snack, Trứng gà, Dao bếp, Giấy vệ sinh",Chợ Lụ,Hung Yen Province,"Đường tỉnh 457, Tỉnh Hưng Yên",175,4,supermarket,20.444183099999997,106.46214940000002
"Khăn giấy, Pin sạc, Dầu gội, Mì gói, Bút bi, Khẩu trang y tế, Sữa hộp, Kẹo cao su, Sữa hộp, Dao cạo râu, Bóng đèn LED mini, Nước suối, Trà đóng chai, Bánh bao mini, Kẹo, Túi nylon, Sữa chua uống, Mì ly",Mai cường gần cầu tân đệ,Hung Yen Province,"Cầu La Tiến, La Tiến, Tỉnh Hưng Yên",10,4.3,convenience,20.6600833,106.2332114
"Nước lau sàn, Bình sữa, Bột giặt, Đường, Bánh ăn dặm, Nước rửa chén, Sữa tắm, Tã em bé, Thực phẩm đóng hộp, Bình sữa, Sữa bột trẻ em, Bánh kẹo, Bánh kẹo",Đóa Huệ,Hung Yen Province,"Phố Đoàn Kết, Tỉnh Hưng Yên",20,3.8,department_store,20.3883429,106.4927457
"Sữa tắm, Khăn giấy, Sữa tắm, Gạo, Bột giặt, Nước suối, Gạo, Mì gói, Bình sữa, Nước suối, Cà phê, Cà phê, Sữa tươi, Nước lau sàn, Bánh kẹo, Kem đánh răng, Bình sữa, Tã em bé, Sữa tắm",Ch Hoa Hoá,Hung Yen Province,"Quốc lộ 39, Tỉnh Hưng Yên",15,3.7,department_store,20.503616100000002,106.3993459
"Tã em bé, Sữa chua, Tã em bé, Tã em bé, Bánh kẹo, Bánh kẹo, Ngũ cốc, Tã em bé, Nước suối, Ngũ cốc, Khăn giấy, Nước lau sàn, Tã em bé, Sữa chua, Dầu gội, Sữa bột",CH Mỹ Tho,Hung Yen Province,"Quốc lộ 39, Tỉnh Hưng Yên",15,3.9,department_store,20.503061599999995,106.3986634
"Trà, Giấy vệ sinh, Nước rửa chén, Bột nêm, Sữa tắm, Sữa bột, Gạo, Dầu ăn, Dầu gội, Nước xả vải, Bánh kẹo, Giấy vệ sinh, Ngũ cốc, Nước suối, Sữa bột trẻ em, Ngũ cốc, Cà phê, Nước xả vải, Nước suối",CH Trung Hương,Hung Yen Province,"Phố Bùi Sĩ Tiêm, Tỉnh Hưng Yên",15,4.3,department_store,20.545475299999996,106.3577537
"Sữa tắm, Dầu gội, Muối, Nước lau sàn, Thực phẩm đóng hộp, Dầu ăn, Bột nêm, Sữa tắm, Bánh ăn dặm, Nước suối, Trà, Mì gói",CH Thao Hoa,Hung Yen Province,"67, Phố Bùi Sĩ Tiêm, Tỉnh Hưng Yên",20,3.8,department_store,20.5562474,106.35505340000002
"Thực phẩm đóng hộp, Thực phẩm đóng hộp, Tã em bé, Trà, Ngũ cốc, Thực phẩm đóng hộp, Giấy vệ sinh, Đường, Đường, Mì gói, Nước suối, Muối, Đường, Sữa bột, Bánh ăn dặm, Cà phê, Sữa bột, Nước ngọt, Thực phẩm đóng hộp",Thành Lụa,Hung Yen Province,"27, Phố Trương Đăng Thuỷ, Tỉnh Hưng Yên",20,4.4,department_store,20.5572089,106.3551325
"Chai nước, Cốc nhựa, Khoai tây chiên, Cốc nhựa, Bao rác, Túi nylon, Lăn khử mùi, Dầu gội, Bánh mì sandwich, Xà phòng tắm, Bao rác, Lăn khử mùi",Long Nhung,Hung Yen Province,"Quốc lộ 10, Tỉnh Hưng Yên",10,4,convenience,20.439084199999993,106.23894060000002
"Cà phê, Sữa tươi, Bình sữa, Trà, Nước lau sàn, Khăn ướt, Đường, Sữa chua, Nước suối, Nước lau sàn, Khăn giấy, Sữa tắm",CH Thanh Tùng,Hung Yen Province,"Đường Hùng Vương, Tỉnh Hưng Yên, 06000",15,3.9,department_store,20.431830799999997,106.2873181
"Nước xả vải, Muối, Sữa bột, Gạo, Kem đánh răng, Bột nêm, Sữa bột, Dầu ăn, Kem đánh răng, Dầu gội, Cà phê, Trà, Muối, Sữa bột trẻ em",CH Dự Thảo,Hung Yen Province,"Đường Nguyễn Trãi, Phường Vũ Phúc, Tỉnh Hưng Yên, 06000",15,4.2,department_store,20.4107101,106.2993292
"Nước hoa mini, Kem cạo râu, Nước rửa chén, Đường, Nước hoa mini, Bông tẩy trang, Snack, Muối, Nước hoa mini, Nước tương, Mì gói",Siêu thị Mini Market,Hung Yen Province,"Đường tỉnh 489, Xuân Châu, Tỉnh Ninh Bình",135,4.5,supermarket,20.388016799999995,106.3019427
"Nước tăng lực, Kẹo cao su, Bút bi, Kem đánh răng, Lăn khử mùi, Bánh mì sandwich, Kẹo cao su, Sữa hộp, Dây sạc điện thoại, Mì ly",NPP,Hung Yen Province,"10, Phố Lý Bôn, Phường Trần Hưng Đạo, Tỉnh Hưng Yên, 06000",15,4.4,convenience,20.460110000000004,106.3304445
"Bao rác, Cà phê lon, Pin AA, Khẩu trang y tế, Bánh snack, Sữa chua uống, Xà phòng tắm, Gối cổ du lịch, Lăn khử mùi, Nước ngọt, Bánh mì sandwich, Thịt hộp, Khăn ướt",Abc,Hung Yen Province,"Phố Lý Bôn, Phường Trần Hưng Đạo, Tỉnh Hưng Yên, 06000",10,4.2,convenience,20.459995400000004,106.3306429
"Gạo, Khăn ướt, Bột giặt, Bình sữa, Bình sữa, Nước suối, Sữa tắm, Bột nêm, Bình sữa, Gạo, Trà, Sữa tắm, Bánh ăn dặm, Bột nêm",CH Vinh Thơm,Hung Yen Province,"98, Phố Tiểu Hoàng, Tỉnh Hưng Yên",20,4.3,department_store,20.4042671,106.502907
"Nước ngọt, Nước mắm, Muối, Bánh kẹo, Nước xả vải, Gạo, Dầu ăn, Khăn giấy, Sữa bột trẻ em, Bánh kẹo, Cà phê, Dầu ăn, Muối",CH Bộ Tứ,Hung Yen Province,"Quốc lộ 37B, Tỉnh Hưng Yên",10,3.9,department_store,20.378861099999998,106.4852143
"Nước ngọt, Sữa bột trẻ em, Sữa bột, Nước xả vải, Thực phẩm đóng hộp, Kem đánh răng, Kem đánh răng, Sữa tươi, Bột nêm, Nước lau sàn, Nước ngọt, Sữa tắm, Bột giặt, Sữa bột trẻ em, Cà phê, Tã em bé, Sữa chua, Cà phê",CH Xuân Miến,Hung Yen Province,"Đường Ngô Duy Phớn, Tỉnh Hưng Yên",10,4.5,department_store,20.3875728,106.5071029
"Trà, Dầu gội, Khăn giấy, Bánh kẹo, Khăn giấy, Nước ngọt, Giấy vệ sinh, Giấy vệ sinh, Sữa bột, Bánh kẹo",CH Len Phong,Hung Yen Province,"Đường Ngô Duy Phớn, Tỉnh Hưng Yên",10,4.4,department_store,20.3771446,106.5070818
"Muối, Sữa bột, Nước rửa chén, Khăn ướt, Sữa chua, Khăn giấy, Thực phẩm đóng hộp, Bột nêm, Thực phẩm đóng hộp, Sữa bột, Bánh kẹo, Thực phẩm đóng hộp, Sữa bột, Đường, Bình sữa, Bình sữa, Đường, Sữa chua, Dầu ăn",Đông Nụ Plaza,Hung Yen Province,Không rõ,20,4.1,department_store,20.5525714,106.2781423
"Dầu gội, Nước xả vải, Sữa bột, Nước xả vải, Sữa tươi, Dầu ăn, Cà phê, Bình sữa, Kem đánh răng, Sữa tắm, Cà phê, Muối, Khăn ướt, Sữa bột, Mì gói, Dầu gội, Nước lau sàn, Sữa bột trẻ em, Nước rửa chén, Bánh kẹo",CH Phạm Văn Mậu,Hung Yen Province,"Đường Cozy House - Coffee & Tea, Tỉnh Hưng Yên",10,4.3,department_store,20.334689500000003,106.5252626
"Thịt hộp, Gối cổ du lịch, Khoai tây chiên, Khăn ướt, Trà đóng chai, Muỗng nhựa, Muỗng nhựa, Pin sạc, Lăn khử mùi, Dây sạc điện thoại, Sữa chua uống, Muỗng nhựa",Npp,Hung Yen Province,"Phố Lý Bôn, Phường Trần Hưng Đạo, Tỉnh Hưng Yên, 06000",10,4.2,convenience,20.460174800000004,106.3305466
"Dầu gội, Giấy vệ sinh, Dầu gội, Bình sữa, Trà, Trà, Đường, Giấy vệ sinh, Sữa chua, Muối, Trà, Mì gói, Sữa tắm, Khăn ướt, Cà phê, Cà phê, Sữa chua",Nop,Hung Yen Province,"1, Phố Lý Bôn, Phường Trần Hưng Đạo, Tỉnh Hưng Yên, 06000",10,3.6,department_store,20.460237999999993,106.3305913
"Mì ly, Kẹo, Bánh quy, Khoai tây chiên, Dao cạo râu, Cà phê lon, Bàn chải đánh răng, Nước suối, Mì gói, Bánh quy, Sữa chua uống, Pin sạc",Khanh thắm,Hung Yen Province,"Quốc lộ 39, Tỉnh Hưng Yên",10,3.9,convenience,20.509447,106.5020726
"Sữa chua uống, Cốc nhựa, Pin AA, Khăn giấy, Mì ly, Trà đóng chai, Khẩu trang y tế, Sữa chua uống, Nước ngọt, Nước suối",Thúy thiện,Hung Yen Province,"Quốc lộ 39, Tỉnh Hưng Yên",15,3.7,convenience,20.509960300000003,106.50120930000001
"Pin sạc, Túi nylon, Muỗng nhựa, Sổ tay nhỏ, Trà đóng chai, Bánh bao mini, Sữa hộp, Trà đóng chai, Bàn chải đánh răng, Sổ tay nhỏ, Gối cổ du lịch, Bóng đèn LED mini, Bao rác, Bóng đèn LED mini, Nước ngọt, Kẹo, Khăn giấy",Khu 8 TT Diem Dien,Hung Yen Province,"Đường 3 Tháng 2, Tỉnh Hưng Yên",20,3.5,convenience,20.5637231,106.5704444
"Mì ly, Gối cổ du lịch, Kẹo, Bánh quy, Bao rác, Nước tăng lực, Bánh snack, Bánh bao mini, Khoai tây chiên, Dầu gội, Kem đánh răng, Trà đóng chai",Xom 4 Thuy Xan,Hung Yen Province,"Đường tỉnh 461, Tỉnh Hưng Yên",15,3.8,convenience,20.595505599999992,106.6073745
"Bánh bao mini, Bánh bao mini, Ô dù gấp, Muỗng nhựa, Dây sạc điện thoại, Mì gói, Khăn giấy, Sổ tay nhỏ, Lăn khử mùi, Gối cổ du lịch, Sổ tay nhỏ",Đông Nguyệt Xóm 2 Đông Dương,Hung Yen Province,"Quốc lộ 10, Phường Trà Lý, Tỉnh Hưng Yên, 06100",10,3.8,convenience,20.498419900000002,106.3508406
"Dây sạc điện thoại, Kẹo cao su, Kẹo cao su, Găng tay nilon, Thịt hộp, Sữa hộp, Nước suối, Bánh mì sandwich, Sữa chua uống, Túi nylon, Bánh snack, Kẹo, Mì ly, Pin AA, Bánh bao mini, Kẹo cao su, Thịt hộp, Gối cổ du lịch, Khăn giấy",Cô Tươi Xóm 9 Xã Đông Thọ,Hung Yen Province,"Quốc lộ 10, Phường Trà Lý, Tỉnh Hưng Yên, 06100",15,3.5,convenience,20.488553,106.337439
"Bao rác, Mì ly, Khăn ướt, Bao rác, Găng tay nilon, Pin sạc, Ô dù gấp, Khoai tây chiên, Găng tay nilon, Bánh mì sandwich, Mì ly, Dầu gội, Bánh quy, Bóng đèn LED mini, Cốc nhựa",Phú Mạnh Xóm 12 Xã Đông Thọ,Hung Yen Province,"Quốc lộ 10, Phường Trà Lý, Tỉnh Hưng Yên, 06100",15,3.8,convenience,20.4945085,106.3395089
"Muỗng nhựa, Khăn ướt, Kem đánh răng, Bật lửa, Ô dù gấp, Lăn khử mùi, Khẩu trang y tế, Pin sạc, Khẩu trang y tế, Xà phòng tắm, Nước tăng lực, Khoai tây chiên, Dao cạo râu, Bánh bao mini, Trà đóng chai, Muỗng nhựa, Nước ngọt, Găng tay nilon",Thuân Hiên Xóm 4 Xã Đông Hòa,Hung Yen Province,"Quốc lộ 10, Phường Trà Lý, Tỉnh Hưng Yên, 06100",10,4.3,convenience,20.4821416,106.3395555
"Kem đánh răng, Kẹo cao su, Khăn ướt, Thịt hộp, Bao rác, Nước tăng lực, Bánh mì sandwich, Xà phòng tắm, Bàn chải đánh răng, Dây sạc điện thoại, Bút bi, Pin AA, Găng tay nilon, Muỗng nhựa, Lăn khử mùi, Khăn giấy",Hợi Tuyển Xóm 4 Xã Đông Hòa,Hung Yen Province,"Quốc lộ 10, Phường Trà Lý, Tỉnh Hưng Yên, 06100",10,4.2,convenience,20.4797224,106.3398698
"Pin sạc, Sữa hộp, Bàn chải đánh răng, Bánh snack, Túi nylon, Khoai tây chiên, Bật lửa, Thịt hộp, Bao rác, Chai nước, Cà phê lon, Sữa hộp, Dây sạc điện thoại, Pin AA, Bút bi, Mì ly, Dây sạc điện thoại, Khẩu trang y tế, Lăn khử mùi, Khoai tây chiên",Chị Duyến Xóm 8 Xã Đông Hòa,Hung Yen Province,"Đường Long Hưng, Phường Trà Lý, Tỉnh Hưng Yên, 06100",20,3.9,convenience,20.468487600000003,106.3432203
"Nước tăng lực, Dây sạc điện thoại, Cà phê lon, Kẹo, Ô dù gấp, Cà phê lon, Pin AA, Sổ tay nhỏ, Mì ly, Nước suối, Dây sạc điện thoại, Xà phòng tắm",Tuấn Chinh Xóm 8 Xã Đông Hòa,Hung Yen Province,"Đường Long Hưng, Phường Trà Lý, Tỉnh Hưng Yên, 06100",20,3.7,convenience,20.467728199999993,106.3432676
"Túi nylon, Cà phê lon, Chai nước, Bật lửa, Nước tăng lực, Gối cổ du lịch, Bật lửa, Sữa hộp, Mì gói, Bánh mì sandwich, Dầu gội, Cốc nhựa, Ô dù gấp, Dao cạo râu, Túi nylon",Cô Tư,Hung Yen Province,"Phố Lê Đại Hành, Phường Trần Lãm, Tỉnh Hưng Yên, 06118",15,4.2,convenience,20.446340000000003,106.3484543
"Cốc nhựa, Bàn chải đánh răng, Bánh bao mini, Khoai tây chiên, Khăn giấy, Khoai tây chiên, Xà phòng tắm, Bàn chải đánh răng, Nước suối, Bánh quy",Shop Huyền Nguyễn 56 Lê Đại Hành,Hung Yen Province,"Đường Lý Thái Tổ, Phường Trần Lãm, Tỉnh Hưng Yên, 06118",10,3.8,convenience,20.448491099999995,106.3484554
"Mì ly, Mì ly, Xà phòng tắm, Bao rác, Sữa chua uống, Khoai tây chiên, Sổ tay nhỏ, Kem đánh răng, Bánh mì sandwich, Trà đóng chai, Bật lửa, Khăn giấy",Phương Linh 37 Lý Thường Kiệt,Hung Yen Province,"Đường Trần Thánh Tông, Phường Thái Bình, Tỉnh Hưng Yên, 06000",15,4,convenience,20.4506109,106.3484869
"Nước tăng lực, Trà đóng chai, Sổ tay nhỏ, Gối cổ du lịch, Bánh mì sandwich, Trà đóng chai, Kem đánh răng, Nước ngọt, Bao rác, Mì ly, Bóng đèn LED mini, Nước ngọt, Bánh snack, Cà phê lon, Găng tay nilon, Muỗng nhựa, Ô dù gấp, Khăn ướt, Bánh quy, Cà phê lon",Thanh Tâm 72 Đỗ Lý Khiêm,Hung Yen Province,"Phố Bồ Xuyên, Phường Thái Bình, Tỉnh Hưng Yên, 06118",20,4.5,convenience,20.453755799999996,106.342877
"Dầu ăn, Bánh kẹo, Tã em bé, Sữa chua, Sữa bột trẻ em, Mì gói, Nước ngọt, Nước ngọt, Nước rửa chén, Nước ngọt, Nước rửa chén",TH nhật vi,Hung Yen Province,"Đường Long Hưng, Phường Trà Lý, Tỉnh Hưng Yên, 06100",20,4.4,department_store,20.475457499999994,106.36013850000002
"Khoai tây chiên, Dầu gội, Pin AA, Bánh bao mini, Khăn giấy, Gối cổ du lịch, Kẹo cao su, Túi nylon, Pin sạc, Bánh mì sandwich, Ô dù gấp",Phương vui,Hung Yen Province,"229, Đường Nguyễn Trãi, Phường Vũ Phúc, Tỉnh Hưng Yên, 06000",15,3.8,convenience,20.4372357,106.3139108
"Kẹo cao su, Khẩu trang y tế, Sổ tay nhỏ, Bóng đèn LED mini, Kẹo cao su, Bóng đèn LED mini, Pin sạc, Sổ tay nhỏ, Ô dù gấp, Bánh snack, Dao cạo râu, Dao cạo râu",Tuyết hạnh,Hung Yen Province,"Đường Nguyễn Trãi, Phường Vũ Phúc, Tỉnh Hưng Yên, 06000",20,4.2,convenience,20.437490699999998,106.31560410000002
"Bao rác, Dầu gội, Cốc nhựa, Mì ly, Bóng đèn LED mini, Gối cổ du lịch, Bật lửa, Túi nylon, Sữa hộp, Mì gói, Kẹo, Dầu gội, Khăn giấy, Dao cạo râu, Sữa hộp, Sổ tay nhỏ, Kem đánh răng, Mì ly",Sỹ thìn,Hung Yen Province,"Đường Doãn Khuê, Phường Vũ Phúc, Tỉnh Hưng Yên, 06000",10,3.9,convenience,20.434478099999993,106.3196698
"Ô dù gấp, Dây sạc điện thoại, Khẩu trang y tế, Lăn khử mùi, Ô dù gấp, Gối cổ du lịch, Ô dù gấp, Sữa hộp, Dây sạc điện thoại, Bàn chải đánh răng, Bút bi, Bút bi, Pin sạc, Bút bi, Bánh bao mini, Túi nylon, Sữa chua uống, Muỗng nhựa, Pin sạc, Bánh snack",Linh linh huyền sỹ minh quang,Hung Yen Province,"Quốc lộ 10, Phường Trần Hưng Đạo, Tỉnh Hưng Yên, 06000",15,4,convenience,20.449062599999998,106.2988532
"Mì gói, Khoai tây chiên, Khăn giấy, Bánh snack, Kẹo, Dây sạc điện thoại, Sữa chua uống, Nước tăng lực, Muỗng nhựa, Bánh snack, Chai nước, Sữa chua uống, Nước tăng lực",Hải long,Hung Yen Province,"Phan Bá Vành, Phường Vũ Phúc, Tỉnh Hưng Yên, 06000",15,4.3,convenience,20.431548699999997,106.3234792
"Dao cạo râu, Dầu gội, Bánh snack, Nước suối, Bánh quy, Muỗng nhựa, Sổ tay nhỏ, Pin AA, Bút bi, Bật lửa, Mì gói, Gối cổ du lịch, Nước ngọt, Dao cạo râu, Dầu gội, Pin AA, Sổ tay nhỏ, Sữa chua uống, Thịt hộp",Mai hòa,Hung Yen Province,"Phan Bá Vành, Phường Vũ Phúc, Tỉnh Hưng Yên, 06000",10,3.8,convenience,20.431001899999995,106.3220601
"Bánh mì sandwich, Khăn giấy, Bật lửa, Găng tay nilon, Nước suối, Nước suối, Dao cạo râu, Ô dù gấp, Mì ly, Kẹo, Kem đánh răng, Cà phê lon, Bánh bao mini, Bánh mì sandwich, Ô dù gấp",Minh quang,Hung Yen Province,"Chu Văn An, Phường Trần Hưng Đạo, Tỉnh Hưng Yên, 06000",20,4.4,convenience,20.437114699999995,106.32412020000001
"Kẹo, Khoai tây chiên, Khăn ướt, Bao rác, Dây sạc điện thoại, Chai nước, Cốc nhựa, Bút bi, Lăn khử mùi, Mì ly, Dầu gội, Bao rác, Sổ tay nhỏ, Khăn ướt",Phương mai,Hung Yen Province,"Phố Bùi Thị Xuân, Phường Trần Hưng Đạo, Tỉnh Hưng Yên, 06000",10,4.5,convenience,20.4370567,106.32748
"Găng tay nilon, Dao cạo râu, Bàn chải đánh răng, Lăn khử mùi, Kẹo cao su, Khăn giấy, Khoai tây chiên, Xà phòng tắm, Bánh snack, Khăn giấy, Nước suối, Dây sạc điện thoại, Dầu gội, Cà phê lon, Khoai tây chiên, Pin sạc, Dầu gội, Ô dù gấp, Bao rác",Kem tươi,Hung Yen Province,"Quang Trung, Phường Trần Hưng Đạo, Tỉnh Hưng Yên, 06000",15,3.8,convenience,20.4388805,106.3293088
"Bóng đèn LED mini, Chai nước, Bật lửa, Mì ly, Gối cổ du lịch, Trà đóng chai, Kem đánh răng, Găng tay nilon, Khăn ướt, Sổ tay nhỏ",Hải yến 137 nguyễn danh đới,Hung Yen Province,"Phố Lý Thường Kiệt, Phường Trần Lãm, Tỉnh Hưng Yên, 06100",20,3.6,convenience,20.444742899999994,106.3534857
"Cà phê, Nước suối, Ngũ cốc, Sữa bột trẻ em, Bánh ăn dặm, Bánh kẹo, Nước ngọt, Kem đánh răng, Ngũ cốc, Trà, Bột nêm, Sữa tắm, Muối, Ngũ cốc, Giấy vệ sinh, Nước ngọt, Sữa tắm, Gạo, Sữa tắm",CH Mạnh Cường TT Diêm Điền,Hung Yen Province,"Quốc lộ 39, Tỉnh Hưng Yên",10,4,department_store,20.555568600000004,106.555723
"Găng tay nilon, Lăn khử mùi, Kẹo cao su, Xà phòng tắm, Dầu gội, Dây sạc điện thoại, Bàn chải đánh răng, Găng tay nilon, Mì ly, Ô dù gấp, Bút bi",Trung oanh,Hung Yen Province,"Ngô Thì Nhậm, Phường Trần Lãm, Tỉnh Hưng Yên, 06000",10,4.2,convenience,20.437000000000005,106.33738
"Bút bi, Mì ly, Bánh quy, Ô dù gấp, Trà đóng chai, Nước suối, Mì ly, Nước ngọt, Bánh snack, Cà phê lon, Bánh snack, Sữa hộp, Nước tăng lực, Gối cổ du lịch, Ô dù gấp, Bánh bao mini, Bánh bao mini, Chai nước, Ô dù gấp, Gối cổ du lịch",Nga long,Hung Yen Province,"Đường số 18 Trần Hưng Đạo, Phường Trần Hưng Đạo, Tỉnh Hưng Yên, 06000",15,3.7,convenience,20.444155399999996,106.3340542
"Mì gói, Chai nước, Dây sạc điện thoại, Kẹo, Kẹo, Cà phê lon, Khẩu trang y tế, Cà phê lon, Khăn ướt, Trà đóng chai, Sữa chua uống, Muỗng nhựa, Bao rác",Thúy thiện,Hung Yen Province,"Quốc lộ 37B, Thái Tân, Tỉnh Hưng Yên",10,3.7,convenience,20.5065911,106.5474574
"Sổ tay nhỏ, Túi nylon, Nước tăng lực, Bánh mì sandwich, Bút bi, Mì gói, Cà phê lon, Kẹo, Muỗng nhựa, Pin AA, Bánh snack, Dây sạc điện thoại",Khanh thắm,Hung Yen Province,"Quốc lộ 37B, Thái Tân, Tỉnh Hưng Yên",10,4.3,convenience,20.506778299999993,106.5467634
"Gối cổ du lịch, Chai nước, Gối cổ du lịch, Khoai tây chiên, Bật lửa, Mì ly, Khẩu trang y tế, Bút bi, Bánh mì sandwich, Khoai tây chiên, Pin AA, Trà đóng chai, Thịt hộp, Cà phê lon, Xà phòng tắm",Hiền Quyền Khu 1TT Diêm Điền,Hung Yen Province,"Phố Bùi Quang Thận, Tỉnh Hưng Yên",10,3.5,convenience,20.553305799999997,106.5598234
"Cốc nhựa, Nước suối, Bánh mì sandwich, Bánh mì sandwich, Ô dù gấp, Lăn khử mùi, Khăn giấy, Nước suối, Pin sạc, Sổ tay nhỏ, Khoai tây chiên, Bàn chải đánh răng, Ô dù gấp, Bàn chải đánh răng, Dầu gội, Kẹo cao su, Nước tăng lực, Cốc nhựa",Hà Xuyên 230 Khu5 TT Diêm Điền,Hung Yen Province,"Đường Nguyễn Đức Cảnh, Tỉnh Hưng Yên",15,4.5,convenience,20.558310200000005,106.5691167
"Bánh bao mini, Mì ly, Sổ tay nhỏ, Nước tăng lực, Bàn chải đánh răng, Xà phòng tắm, Bàn chải đánh răng, Khăn giấy, Khăn ướt, Thịt hộp, Bánh snack, Kẹo",Hồng gấm,Hung Yen Province,"Quốc lộ 37B, Thái Tân, Tỉnh Hưng Yên",15,4.1,convenience,20.5144281,106.53664930000001
"Bánh quy, Chai nước, Mì gói, Nước suối, Túi nylon, Pin sạc, Muỗng nhựa, Sữa hộp, Dao cạo râu, Kẹo, Thịt hộp, Kem đánh răng, Khăn giấy, Bao rác, Muỗng nhựa",Minh thùy,Hung Yen Province,"Quốc lộ 37B, Thái Tân, Tỉnh Hưng Yên",15,4.2,convenience,20.504295399999997,106.5449607
"Nước suối, Khẩu trang y tế, Khoai tây chiên, Túi nylon, Sữa hộp, Xà phòng tắm, Mì ly, Cốc nhựa, Khăn giấy, Gối cổ du lịch",Ánh hồng,Hung Yen Province,"Quốc lộ 37B, Thái Tân, Tỉnh Hưng Yên",15,4.1,convenience,20.4895271,106.5354232
"Khoai tây chiên, Khăn giấy, Muỗng nhựa, Lăn khử mùi, Xà phòng tắm, Nước tăng lực, Sữa chua uống, Dây sạc điện thoại, Thịt hộp, Pin sạc, Kẹo cao su, Cốc nhựa, Nước suối, Kẹo, Kẹo, Bàn chải đánh răng, Bánh snack",TH Liễu Chư Xóm 4 Thụy Xuân,Hung Yen Province,"Đường tỉnh 461, Tỉnh Hưng Yên",10,3.6,convenience,20.5974235,106.6056084
"Thịt hộp, Bóng đèn LED mini, Mì ly, Mì gói, Lăn khử mùi, Muỗng nhựa, Túi nylon, Mì ly, Khăn giấy, Cà phê lon, Bánh mì sandwich, Dầu gội, Khoai tây chiên, Bật lửa, Xà phòng tắm, Khẩu trang y tế, Xà phòng tắm, Bánh quy, Kẹo cao su, Mì ly",Nhuần ước,Hung Yen Province,"Quốc lộ 37B, Thái Tân, Tỉnh Hưng Yên",15,4.2,convenience,20.489325600000004,106.5350162
"Khăn giấy, Bánh bao mini, Khoai tây chiên, Dây sạc điện thoại, Găng tay nilon, Kẹo, Nước ngọt, Khẩu trang y tế, Pin AA, Dao cạo râu, Bật lửa",Hải Tám Xuân Bàng Thụy Xuâ,Hung Yen Province,"Đường tỉnh 461, Tỉnh Hưng Yên",15,3.7,convenience,20.596874000000003,106.60923440000002
"Dây sạc điện thoại, Bút bi, Túi nylon, Bánh snack, Ô dù gấp, Khăn giấy, Xà phòng tắm, Bút bi, Bút bi, Muỗng nhựa, Gối cổ du lịch, Bút bi, Sữa chua uống",Năm Hiếu Thôn Tri Chỉ Nam Thụy Trường,Hung Yen Province,"Đường tỉnh 461, Tỉnh Hưng Yên",10,4.1,convenience,20.6012754,106.6106713
"Dây sạc điện thoại, Pin AA, Khăn giấy, Găng tay nilon, Lăn khử mùi, Dây sạc điện thoại, Bao rác, Pin AA, Bánh mì sandwich, Dây sạc điện thoại, Xà phòng tắm",Hải Tám Xuân Bàng Thụy Xuân,Hung Yen Province,"Đường tỉnh 461, Tỉnh Hưng Yên",20,4.3,convenience,20.595315500000005,106.6097418
"Bật lửa, Muỗng nhựa, Muỗng nhựa, Kẹo, Bánh quy, Ô dù gấp, Sữa chua uống, Trà đóng chai, Bật lửa, Khẩu trang y tế, Bật lửa",Thành Khuyên Chợ Bàng Thụy Xuân,Hung Yen Province,"Đường tỉnh 461, Tỉnh Hưng Yên",15,3.9,convenience,20.5939249,106.6092889
"Pin AA, Sổ tay nhỏ, Trà đóng chai, Lăn khử mùi, Kem đánh răng, Bút bi, Túi nylon, Bánh quy, Dao cạo râu, Bao rác, Sữa chua uống, Kẹo, Khăn giấy, Khẩu trang y tế, Lăn khử mùi, Khăn giấy, Khoai tây chiên, Chai nước, Pin AA, Khoai tây chiên",Cô măng,Hung Yen Province,"Đường Phạm Ngũ Lão, Tỉnh Hưng Yên",10,4.1,convenience,20.551388,106.5600786
"Muỗng nhựa, Khẩu trang y tế, Dầu gội, Khẩu trang y tế, Nước tăng lực, Mì ly, Cốc nhựa, Mì gói, Khăn giấy, Kem đánh răng, Bút bi, Muỗng nhựa, Khăn giấy, Kem đánh răng",Thúy Đoàn Cầu An Bái Thụy Quỳnh,Hung Yen Province,"Đường tỉnh 461, Tỉnh Hưng Yên",20,4.1,convenience,20.598919299999995,106.5547722
"Khăn giấy, Bật lửa, Mì gói, Mì ly, Khẩu trang y tế, Nước tăng lực, Bánh quy, Cốc nhựa, Bàn chải đánh răng, Lăn khử mùi, Cốc nhựa, Cà phê lon",Huế ân,Hung Yen Province,"Quốc lộ 37B, Thái Tân, Tỉnh Hưng Yên",10,3.6,convenience,20.4790669,106.5218225
"Cà phê lon, Pin sạc, Nước ngọt, Sữa hộp, Khẩu trang y tế, Bóng đèn LED mini, Bóng đèn LED mini, Khoai tây chiên, Dao cạo râu, Muỗng nhựa, Nước tăng lực, Khăn ướt, Bóng đèn LED mini",Hải châu,Hung Yen Province,"Quốc lộ 37B, Tỉnh Hưng Yên",20,3.8,convenience,20.476772699999998,106.5162706
"Khăn giấy, Dầu gội, Dao cạo râu, Pin AA, Khẩu trang y tế, Trà đóng chai, Khăn ướt, Cốc nhựa, Bao rác, Khăn ướt, Sữa chua uống, Gối cổ du lịch, Thịt hộp",Hòa lan,Hung Yen Province,"Quốc lộ 37B, Tỉnh Hưng Yên",20,4.2,convenience,20.450544999999995,106.513715
"Khăn ướt, Khăn ướt, Túi nylon, Xà phòng tắm, Sữa chua uống, Khăn ướt, Mì ly, Pin AA, Thịt hộp, Kẹo cao su, Bóng đèn LED mini, Pin AA, Bật lửa, Xà phòng tắm, Bật lửa, Bao rác, Kem đánh răng",Ngọc khiên,Hung Yen Province,"Quốc lộ 37B, Tỉnh Hưng Yên",10,4,convenience,20.4486517,106.514025
"Sổ tay nhỏ, Dây sạc điện thoại, Dầu gội, Kẹo, Cà phê lon, Bánh snack, Bánh quy, Mì ly, Khăn ướt, Cốc nhựa, Bánh quy, Kẹo, Nước tăng lực",Hà Thương Cầu Nguyễn Cũ Xã Đông La,Hung Yen Province,"Cầu Nguyễn (cũ), Tỉnh Hưng Yên",15,3.7,convenience,20.561111399999998,106.3550212
"Dao cạo râu, Pin sạc, Sổ tay nhỏ, Ô dù gấp, Khoai tây chiên, Sữa hộp, Cốc nhựa, Bánh mì sandwich, Khoai tây chiên, Dầu gội, Khoai tây chiên, Bật lửa, Dao cạo râu, Cà phê lon, Dao cạo râu, Bánh quy, Khẩu trang y tế",Phương Luân Xóm2 Xã Liên Giang ĐH,Hung Yen Province,"Ngõ 36 Nguyễn Hán Đình, Tỉnh Hưng Yên",10,4,convenience,20.577897799999995,106.3404278
"Chai nước, Túi nylon, Nước ngọt, Khăn giấy, Bàn chải đánh răng, Túi nylon, Pin AA, Gối cổ du lịch, Găng tay nilon, Mì ly, Muỗng nhựa, Lăn khử mùi",Thục Thịnh Xóm14 Xã Phú Lương ĐH,Hung Yen Province,"Quốc lộ 39, Tỉnh Hưng Yên",15,4.5,convenience,20.569502300000003,106.3301214
"Mì gói, Khoai tây chiên, Ô dù gấp, Xà phòng tắm, Bật lửa, Bánh snack, Khoai tây chiên, Bật lửa, Xà phòng tắm, Mì ly",Dũng Hồng Xóm 2 Đông La ĐH,Hung Yen Province,"Ngõ 36 Nguyễn Hán Đình, Tỉnh Hưng Yên",10,4.2,convenience,20.5722084,106.34857790000001
"Thịt hộp, Kẹo cao su, Pin AA, Bánh snack, Nước tăng lực, Khoai tây chiên, Kem đánh răng, Chai nước, Bóng đèn LED mini, Pin AA, Sữa chua uống, Túi nylon, Túi nylon, Nước suối",HƯƠNG GIANG ( CÔ MĂNG),Hung Yen Province,"172, Đường 3 Tháng 2, Tỉnh Hưng Yên",20,4,convenience,20.557274999999994,106.5623617
"Dầu gội, Sữa hộp, Dầu gội, Kem đánh răng, Bút bi, Khoai tây chiên, Bật lửa, Bánh bao mini, Dao cạo râu, Khăn giấy, Sữa chua uống",Tình Thành Xóm1 Xã Liên Giang ĐH,Hung Yen Province,"Phố Đào Vũ Thường, Tỉnh Hưng Yên",20,3.9,convenience,20.5717305,106.3421537
"Kẹo cao su, Mì gói, Dao cạo râu, Muỗng nhựa, Lăn khử mùi, Chai nước, Ô dù gấp, Ô dù gấp, Kem đánh răng, Găng tay nilon, Bao rác, Cốc nhựa",Cồn đen,Hung Yen Province,"Đường bộ ven biển Thái Bình, Tỉnh Hưng Yên",15,4,convenience,20.486195299999995,106.6037015
"Khoai tây chiên, Chai nước, Khăn ướt, Bút bi, Mì ly, Mì ly, Khẩu trang y tế, Mì ly, Bao rác, Pin sạc, Sữa chua uống, Mì ly, Cốc nhựa, Túi nylon, Bật lửa, Sổ tay nhỏ, Chai nước, Nước tăng lực, Bánh mì sandwich, Nước suối",Anh Oát Kim Châu2 Xã An Châu ĐH,Hung Yen Province,"Đường tỉnh 396B, Tỉnh Hưng Yên",10,4.3,convenience,20.5873149,106.31396130000002
"Cốc nhựa, Xà phòng tắm, Găng tay nilon, Bánh bao mini, Nước suối, Bàn chải đánh răng, Trà đóng chai, Bánh bao mini, Túi nylon, Xà phòng tắm, Xà phòng tắm, Trà đóng chai",Thương Chuyên Thôn Hữu Xã Mê Linh ĐH,Hung Yen Province,"Quốc lộ 39, Tỉnh Hưng Yên",15,4.2,convenience,20.5761422,106.3062254
"Dây sạc điện thoại, Dao cạo râu, Nước tăng lực, Khoai tây chiên, Khăn giấy, Bút bi, Khăn giấy, Nước tăng lực, Bao rác, Sữa hộp, Sổ tay nhỏ, Khẩu trang y tế, Nước ngọt, Pin sạc, Bật lửa",Kiên Hương Xóm1 Thôn Minh Đức Xã Lô Giang ĐH,Hung Yen Province,"Quốc lộ 39, Tỉnh Hưng Yên",10,3.8,convenience,20.580125699999996,106.2842097
"Bao rác, Khoai tây chiên, Lăn khử mùi, Trà đóng chai, Găng tay nilon, Găng tay nilon, Muỗng nhựa, Pin AA, Sữa hộp, Khăn ướt, Cà phê lon, Nước tăng lực, Dao cạo râu, Cốc nhựa, Nước ngọt",Khánh Linh Ngã4 Tiên Hưng Xã Minh Tân ĐH,Hung Yen Province,"Quốc lộ 39, Tỉnh Hưng Yên",20,4.3,convenience,20.552613,106.2783778
"Sữa hộp, Bật lửa, Mì gói, Pin sạc, Pin sạc, Bàn chải đánh răng, Dầu gội, Kẹo cao su, Khẩu trang y tế, Bàn chải đánh răng, Ô dù gấp, Xà phòng tắm, Khăn ướt",Yến Tuyết 216 Đường Long Hưng TP,Hung Yen Province,"Đường Long Hưng, Phường Trà Lý, Tỉnh Hưng Yên, 06100",20,4.2,convenience,20.473818,106.3569043
"Thịt hộp, Pin sạc, Bàn chải đánh răng, Bánh quy, Khăn ướt, Khăn ướt, Khăn ướt, Chai nước, Bánh bao mini, Mì ly",Cường Oanh348 Đường Long Hưng TP,Hung Yen Province,"Đường Long Hưng, Phường Trà Lý, Tỉnh Hưng Yên, 06100",20,4.4,convenience,20.465035299999997,106.3541966
"Cà phê lon, Lăn khử mùi, Kẹo, Khoai tây chiên, Khăn ướt, Kẹo, Bàn chải đánh răng, Chai nước, Bánh quy, Bánh bao mini, Dầu gội, Kẹo cao su, Thịt hộp",Định Hồng Y Tế trung an,Hung Yen Province,"Đường Vũ Phúc, Phường Vũ Phúc, Tỉnh Hưng Yên, 06000",20,4.1,convenience,20.410042999999998,106.3138257
"Chai nước, Bánh snack, Mì gói, Cà phê lon, Trà đóng chai, Cà phê lon, Cốc nhựa, Chai nước, Xà phòng tắm, Trà đóng chai, Pin sạc, Sổ tay nhỏ, Nước suối, Bánh quy, Xà phòng tắm, Xà phòng tắm",Cô thuận,Hung Yen Province,"Phố Phạm Thế Hiển, Phường Trần Hưng Đạo, Tỉnh Hưng Yên, 06000",15,3.7,convenience,20.441285200000003,106.3324679
"Chai nước, Ô dù gấp, Muỗng nhựa, Muỗng nhựa, Dây sạc điện thoại, Khẩu trang y tế, Bao rác, Bánh quy, Kem đánh răng, Túi nylon",Như ý,Hung Yen Province,"Phố Trần Thái Tông, Phường Trần Hưng Đạo, Tỉnh Hưng Yên, 06000",20,4,convenience,20.4451078,106.32769070000002
"Khăn giấy, Bao rác, Cà phê lon, Sổ tay nhỏ, Bóng đèn LED mini, Túi nylon, Nước suối, Bánh quy, Dây sạc điện thoại, Cà phê lon, Kẹo cao su, Túi nylon, Chai nước, Bánh snack, Kem đánh răng, Chai nước, Thịt hộp",Dũng Dung Chợ Giá Quỳnh Hưng,Hung Yen Province,"Đường tỉnh 396B, Tỉnh Hưng Yên",15,4.2,convenience,20.631344399999996,106.3377332
"Bàn chải đánh răng, Bánh snack, Khẩu trang y tế, Bánh bao mini, Nước ngọt, Kẹo cao su, Găng tay nilon, Bao rác, Dao cạo râu, Bánh bao mini, Nước suối, Pin AA, Bánh snack, Chai nước, Kem đánh răng, Dầu gội, Găng tay nilon",Hương Chinh Tổ,Hung Yen Province,"Phố Đào Nguyên Phổ, Tỉnh Hưng Yên",15,3.6,convenience,20.652616000000002,106.3225137
"Bút bi, Kẹo cao su, Nước suối, Bàn chải đánh răng, Thịt hộp, Bút bi, Sữa chua uống, Bàn chải đánh răng, Thịt hộp, Sữa chua uống, Bánh mì sandwich, Bóng đèn LED mini",Dung Thể Cầu Dầu Quỳnh Giao,Hung Yen Province,"Đường tỉnh 396B, Tỉnh Hưng Yên",10,3.9,convenience,20.66896699999999,106.3064294
"Sữa chua uống, Túi nylon, Nước tăng lực, Pin sạc, Dao cạo râu, Dây sạc điện thoại, Bút bi, Chai nước, Trà đóng chai, Bật lửa, Sữa hộp, Bóng đèn LED mini, Nước suối, Lăn khử mùi, Túi nylon, Trà đóng chai, Bật lửa, Bánh snack, Bao rác, Găng tay nilon",HOA THAM XÃ Đông Các ĐH,Hung Yen Province,"QL 39A, Đông Các, Tỉnh Hưng Yên",20,4.4,convenience,20.531017499999997,106.3614838
"Túi nylon, Ô dù gấp, Mì ly, Sữa chua uống, Bánh quy, Kem đánh răng, Nước suối, Xà phòng tắm, Khăn ướt, Khẩu trang y tế, Thịt hộp, Khăn ướt, Sổ tay nhỏ, Pin sạc, Sữa hộp, Sữa chua uống, Muỗng nhựa, Bóng đèn LED mini",Trường giang,Hung Yen Province,"QL.10, Tỉnh Hưng Yên",10,3.9,convenience,20.6499444,106.3811747
"Khăn ướt, Khăn giấy, Muỗng nhựa, Bánh snack, Sữa hộp, Nước ngọt, Bút bi, Bánh mì sandwich, Cà phê lon, Nước suối",Ja ko mark Hòa Bình Vũ Thư,Hung Yen Province,"Tỉnh Hưng Yên, 06000",20,4,convenience,20.4277406,106.28660140000001
"Kẹo cao su, Ô dù gấp, Kẹo, Bóng đèn LED mini, Bánh quy, Xà phòng tắm, Nước tăng lực, Bóng đèn LED mini, Thịt hộp, Nước ngọt",Huy hoàng,Hung Yen Province,"ĐT454, Tỉnh Hưng Yên",10,4,convenience,20.4793686,106.2715076
"Kẹo, Nước tăng lực, Khoai tây chiên, Sữa chua uống, Chai nước, Xà phòng tắm, Nước ngọt, Bánh quy, Chai nước, Bàn chải đánh răng, Trà đóng chai, Nước tăng lực, Bao rác, Thịt hộp, Bóng đèn LED mini, Kẹo cao su, Bàn chải đánh răng, Cà phê lon",Thanh Tâm Xóm2 Xã Trung An Vũ Thư,Hung Yen Province,"Đường Doãn Khuê, Phường Vũ Phúc, Tỉnh Hưng Yên, 06000",20,4.1,convenience,20.422347300000002,106.3096009
"Khăn giấy, Gối cổ du lịch, Bánh quy, Khẩu trang y tế, Ô dù gấp, Muỗng nhựa, Pin AA, Sữa hộp, Pin AA, Khẩu trang y tế, Dao cạo râu, Kẹo, Xà phòng tắm, Dây sạc điện thoại, Lăn khử mùi, Bàn chải đánh răng, Nước suối, Ô dù gấp, Bánh bao mini",Thanh tẫm Xóm 2 Xã Trung An Vũ Thư,Hung Yen Province,"Đường Doãn Khuê, Phường Vũ Phúc, Tỉnh Hưng Yên, 06000",20,3.8,convenience,20.42234549999999,106.3096201
"Bánh quy, Trà đóng chai, Gối cổ du lịch, Cà phê lon, Sữa hộp, Mì gói, Trà đóng chai, Lăn khử mùi, Dầu gội, Bàn chải đánh răng, Kem đánh răng, Nước suối, Muỗng nhựa, Bánh mì sandwich, Bao rác, Khoai tây chiên, Dầu gội, Mì gói, Khẩu trang y tế, Pin AA",FaMyLyMart Xóm 5 Bồn Thôn Trung An,Hung Yen Province,"Đường Vũ Phúc, Phường Vũ Phúc, Tỉnh Hưng Yên, 06000",20,4.1,convenience,20.409855499999995,106.3138487
"Thịt hộp, Bút bi, Dây sạc điện thoại, Khoai tây chiên, Gối cổ du lịch, Pin AA, Mì gói, Mì gói, Bánh quy, Trà đóng chai, Bánh snack, Muỗng nhựa, Bút bi, Kem đánh răng, Bánh snack, Mì ly, Kẹo cao su, Sữa chua uống, Xà phòng tắm",Nam Nguyệt Xóm 7 Xã Vũ Phúc,Hung Yen Province,"Đường Vũ Phúc, Phường Vũ Phúc, Tỉnh Hưng Yên, 06000",10,3.8,convenience,20.4202264,106.3258817
"Mì gói, Sữa chua uống, Mì gói, Bánh mì sandwich, Bao rác, Xà phòng tắm, Trà đóng chai, Bánh mì sandwich, Kem đánh răng, Xà phòng tắm, Sữa hộp, Gối cổ du lịch, Kẹo",Hoa Dương Thị Tứ Quang Trung,Hung Yen Province,"Quốc lộ 37B, Tỉnh Hưng Yên",20,3.6,convenience,20.368621599999997,106.4541904
"Bánh quy, Ô dù gấp, Gối cổ du lịch, Dao cạo râu, Bánh mì sandwich, Nước tăng lực, Trà đóng chai, Muỗng nhựa, Chai nước, Sữa hộp, Sữa hộp, Xà phòng tắm, Bánh snack, Bút bi, Ô dù gấp, Túi nylon, Muỗng nhựa, Thịt hộp",Tám hoàn,Hung Yen Province,"Phố Trần Thánh Tông, Tỉnh Hưng Yên",15,3.7,convenience,20.592426899999996,106.2245716
"Sữa chua uống, Lăn khử mùi, Cốc nhựa, Sữa chua uống, Nước tăng lực, Dao cạo râu, Sữa hộp, Trà đóng chai, Cà phê lon, Cà phê lon, Bút bi",Hương Lúa Xóm 2 Xã Đông Hoàng TH,Hung Yen Province,"Đường tỉnh 464, Tỉnh Hưng Yên",20,4,convenience,20.429039499999995,106.5713492
"Lăn khử mùi, Thịt hộp, Khoai tây chiên, Thịt hộp, Lăn khử mùi, Mì gói, Khăn ướt, Cốc nhựa, Bánh snack, Khoai tây chiên, Lăn khử mùi, Dầu gội, Chai nước, Sổ tay nhỏ, Gối cổ du lịch",Tưởng Thêu Xóm6 vũ lạc,Hung Yen Province,"Đường Vũ Lạc, Phường Trần Lãm, Tỉnh Hưng Yên, 06100",15,3.6,convenience,20.432678799999994,106.3781598
"Pin AA, Sữa chua uống, Muỗng nhựa, Mì gói, Lăn khử mùi, Bàn chải đánh răng, Bánh mì sandwich, Kẹo, Kẹo cao su, Cốc nhựa, Cốc nhựa, Găng tay nilon, Pin sạc, Thịt hộp, Lăn khử mùi, Túi nylon, Sữa hộp, Bánh mì sandwich, Kẹo, Gối cổ du lịch",Tưởng Thêu Xóm6 Vũ Lạc,Hung Yen Province,"Đường tỉnh 458, Tỉnh Hưng Yên, 06100",10,3.7,convenience,20.4233755,106.3726287
"Sữa chua uống, Chai nước, Găng tay nilon, Kem đánh răng, Mì gói, Kẹo, Trà đóng chai, Nước ngọt, Bàn chải đánh răng, Bánh mì sandwich, Bánh mì sandwich",Thư Đán Xóm3 Thanh Tân KX,Hung Yen Province,"Đường cao tốc Ninh Bình - Hải Phòng, Tỉnh Hưng Yên",15,3.5,convenience,20.4406459,106.4246022
"Nước ngọt, Kẹo, Nước suối, Bật lửa, Sữa chua uống, Kẹo cao su, Muỗng nhựa, Dây sạc điện thoại, Sữa hộp, Kem đánh răng, Găng tay nilon, Dây sạc điện thoại, Muỗng nhựa, Trà đóng chai, Nước tăng lực",Chú Hồi Xóm 7 Vũ Tây,Hung Yen Province,"Cầu Quảng trường Thái Bình, Phường Trần Lãm, Tỉnh Hưng Yên, 06100",15,3.8,convenience,20.466842499999995,106.3950342
"Kẹo, Bánh bao mini, Xà phòng tắm, Cà phê lon, Cà phê lon, Kem đánh răng, Bật lửa, Bánh mì sandwich, Mì ly, Bánh snack, Nước ngọt, Găng tay nilon, Kẹo, Kẹo cao su, Ô dù gấp, Bóng đèn LED mini, Mì gói, Mì ly, Bóng đèn LED mini",Cô Thủy 125 Trần Hưng Đạo,Hung Yen Province,"Phố Trần Hưng Đạo, Phường Trần Hưng Đạo, Tỉnh Hưng Yên, 06000",10,3.6,convenience,20.4477316,106.3393882
"Bóng đèn LED mini, Sổ tay nhỏ, Kẹo cao su, Kem đánh răng, Khẩu trang y tế, Khẩu trang y tế, Dao cạo râu, Dao cạo râu, Mì ly, Pin sạc, Kẹo, Dao cạo râu, Trà đóng chai, Bút bi, Dây sạc điện thoại, Dây sạc điện thoại, Dây sạc điện thoại, Bật lửa",Mỹ Tho Xóm Chùa Đông Á,Hung Yen Province,"Quốc lộ 39, Tỉnh Hưng Yên",15,4.2,convenience,20.5031202,106.398652
"Nước ngọt, Trà đóng chai, Dây sạc điện thoại, Nước suối, Sổ tay nhỏ, Mì gói, Cốc nhựa, Cốc nhựa, Thịt hộp, Khẩu trang y tế, Bánh snack, Dao cạo râu",Thủy Hiệp Xóm12 Xã Vũ Chính,Hung Yen Province,"Đường Vũ Chính, Phường Trần Lãm, Tỉnh Hưng Yên, 06118",15,3.6,convenience,20.422977699999997,106.3387751
"Khoai tây chiên, Kem đánh răng, Kẹo, Khẩu trang y tế, Kẹo cao su, Xà phòng tắm, Nước ngọt, Nước suối, Kem đánh răng, Ô dù gấp, Pin AA, Gối cổ du lịch, Nước suối, Sữa hộp, Kẹo cao su, Cà phê lon, Bóng đèn LED mini, Dầu gội",Miền Tụ 549 Đường Trần Lãm TP TB,Hung Yen Province,"ĐT.454, Phường Trần Lãm, Tỉnh Hưng Yên, 06000",20,4.5,convenience,20.428787899999996,106.33924400000001
"Pin sạc, Bút bi, Muỗng nhựa, Pin AA, Nước ngọt, Bánh bao mini, Sổ tay nhỏ, Bánh quy, Chai nước, Kẹo cao su, Bánh mì sandwich, Nước tăng lực, Dây sạc điện thoại, Khẩu trang y tế, Xà phòng tắm, Lăn khử mùi, Khoai tây chiên",Mai Huê 669 Lý Bôn TP TB,Hung Yen Province,"Phố Lý Bôn, Phường Trần Lãm, Tỉnh Hưng Yên, 06000",20,4.1,convenience,20.433629900000003,106.3431904
"Sổ tay nhỏ, Pin sạc, Cà phê lon, Muỗng nhựa, Ô dù gấp, Bánh snack, Muỗng nhựa, Sữa hộp, Trà đóng chai, Bánh bao mini, Bánh mì sandwich, Khăn ướt, Cà phê lon, Mì gói, Bánh snack, Gối cổ du lịch",Minimatk,Hung Yen Province,"Đường tỉnh 489, Xuân Châu, Tỉnh Ninh Bình",20,4.2,convenience,20.3880642,106.3020072
"Bánh snack, Dây sạc điện thoại, Sổ tay nhỏ, Dầu gội, Trà đóng chai, Túi nylon, Sữa hộp, Mì gói, Mì gói, Gối cổ du lịch, Bật lửa, Kẹo cao su, Khẩu trang y tế, Dầu gội, Mì ly, Bánh bao mini",Thúy nhài,Hung Yen Province,"Đường Hùng Vương, Tỉnh Hưng Yên, 06000",20,4.1,convenience,20.4361817,106.28965670000001
"Dây sạc điện thoại, Khăn giấy, Kẹo, Nước tăng lực, Dây sạc điện thoại, Nước ngọt, Khoai tây chiên, Bàn chải đánh răng, Chai nước, Bánh snack, Chai nước, Ô dù gấp, Ô dù gấp, Cốc nhựa",Sự vui,Hung Yen Province,"Tỉnh Hưng Yên, 06000",10,3.5,convenience,20.432234,106.2874386
"Khăn ướt, Khẩu trang y tế, Nước ngọt, Khăn ướt, Bao rác, Túi nylon, Chai nước, Mì ly, Cốc nhựa, Muỗng nhựa, Kẹo, Sữa hộp, Thịt hộp, Khoai tây chiên, Bóng đèn LED mini, Mì ly",Thanh tùng,Hung Yen Province,"Tỉnh Hưng Yên, 06000",15,3.9,convenience,20.431957599999997,106.2872057
"Kẹo cao su, Kẹo, Xà phòng tắm, Muỗng nhựa, Cốc nhựa, Trà đóng chai, Nước ngọt, Dao cạo râu, Găng tay nilon, Cốc nhựa, Lăn khử mùi, Sổ tay nhỏ, Túi nylon",Thanh tùng,Hung Yen Province,"Tỉnh Hưng Yên, 06000",20,4.3,convenience,20.4319142,106.2872005
"Dây sạc điện thoại, Xà phòng tắm, Gối cổ du lịch, Mì ly, Mì gói, Gối cổ du lịch, Kẹo, Kem đánh răng, Nước suối, Gối cổ du lịch, Khăn ướt, Găng tay nilon, Sữa chua uống, Lăn khử mùi, Bánh snack, Dầu gội",H mart,Hung Yen Province,"Old Thái Bình Rd, Tỉnh Hưng Yên",10,4.1,convenience,20.431244999999997,106.2263767
"Mì ly, Thịt hộp, Bút bi, Gối cổ du lịch, Muỗng nhựa, Nước tăng lực, Bánh mì sandwich, Trà đóng chai, Pin sạc, Ô dù gấp, Xà phòng tắm, Trà đóng chai",Du thao,Hung Yen Province,"Phường Vũ Phúc, Tỉnh Hưng Yên, 06000",15,3.8,convenience,20.410462500000005,106.2993829
"Xà phòng tắm, Kem đánh răng, Sữa hộp, Mì gói, Chai nước, Dầu gội, Bàn chải đánh răng, Khoai tây chiên, Sữa chua uống, Thịt hộp, Bật lửa, Trà đóng chai, Mì ly, Sữa chua uống, Gối cổ du lịch, Bật lửa, Dầu gội",Minimart,Hung Yen Province,"Đường Vũ Phúc, Phường Vũ Phúc, Tỉnh Hưng Yên, 06000",10,3.8,convenience,20.40027299999999,106.3034637
"Khoai tây chiên, Cốc nhựa, Chai nước, Sữa hộp, Bút bi, Cốc nhựa, Dây sạc điện thoại, Trà đóng chai, Kem đánh răng, Khoai tây chiên, Xà phòng tắm, Khăn ướt, Găng tay nilon, Bao rác, Muỗng nhựa, Pin AA, Bóng đèn LED mini, Bánh quy, Mì gói",Hòa ngát,Hung Yen Province,Không rõ,20,3.6,convenience,20.435649800000004,106.2809583
"Xà phòng tắm, Nước ngọt, Kem đánh răng, Bánh mì sandwich, Khẩu trang y tế, Bánh bao mini, Bật lửa, Bàn chải đánh răng, Sữa hộp, Sổ tay nhỏ, Muỗng nhựa, Cốc nhựa, Nước suối, Bật lửa, Khoai tây chiên, Pin AA, Bánh snack, Cà phê lon, Kẹo cao su, Kẹo cao su",Vân nhân,Hung Yen Province,"Cầu Tây, Tỉnh Hưng Yên",10,4.2,convenience,20.652601300000004,106.32265
"Khăn giấy, Bao rác, Bàn chải đánh răng, Gối cổ du lịch, Xà phòng tắm, Thịt hộp, Khăn giấy, Xà phòng tắm, Dây sạc điện thoại, Cà phê lon, Trà đóng chai, Bóng đèn LED mini, Dây sạc điện thoại, Kẹo, Pin AA, Bàn chải đánh răng, Kẹo, Găng tay nilon, Khoai tây chiên",Vân đăng,Hung Yen Province,"Đường Trần Hưng Đạo, Tỉnh Hưng Yên",15,4.4,convenience,20.653663,106.3234436
"Sữa chua uống, Cà phê lon, Trà đóng chai, Nước suối, Bóng đèn LED mini, Cốc nhựa, Bánh quy, Chai nước, Dao cạo râu, Bao rác, Cốc nhựa, Xà phòng tắm, Dầu gội, Cà phê lon, Bánh quy, Khăn giấy, Bánh bao mini, Bàn chải đánh răng, Mì ly, Nước ngọt",Thiên quý,Hung Yen Province,"Phố Đoàn Nguyễn Thục, Tỉnh Hưng Yên",15,4.3,convenience,20.6621301,106.3283707
"Bánh kẹo, Nước xả vải, Tã em bé, Đường, Sữa bột, Nước lau sàn, Sữa bột, Sữa tươi, Dầu gội, Bột giặt, Nước suối, Khăn giấy, Thực phẩm đóng hộp, Nước xả vải",TH Anh Hữu,Hung Yen Province,"Đường Lý Nam Đế, Tỉnh Hưng Yên",10,3.5,department_store,20.5986845,106.2484232
"Nước lau sàn, Bình sữa, Gạo, Khăn giấy, Nước ngọt, Cà phê, Giấy vệ sinh, Dầu gội, Khăn ướt, Sữa chua, Khăn giấy, Sữa bột trẻ em",CH Khả Ngạn,Hung Yen Province,"Đường Lý Nam Đế, Tỉnh Hưng Yên",15,4.1,department_store,20.621739499999997,106.2505877
"Bánh snack, Dây sạc điện thoại, Khăn ướt, Kem đánh răng, Nước tăng lực, Kẹo, Bánh mì sandwich, Pin AA, Bút bi, Dầu gội, Khăn ướt, Dầu gội, Nước suối, Khẩu trang y tế, Sữa chua uống, Khăn ướt, Kem đánh răng, Nước tăng lực, Bật lửa, Khăn giấy",Hiếu hiền,Hung Yen Province,"Đường Hoàng Văn Thái, Phường Trần Lãm, Tỉnh Hưng Yên, 06100",20,3.9,convenience,20.433579400000003,106.36486750000002
"Bánh snack, Sữa chua uống, Gối cổ du lịch, Bao rác, Bật lửa, Khẩu trang y tế, Túi nylon, Dây sạc điện thoại, Bút bi, Kẹo, Khoai tây chiên, Găng tay nilon",WinMart+,Hung Yen Province,"Đường Rừng Cọ, Tỉnh Hưng Yên",20,4.2,convenience,20.974268099999993,105.9245101
"Khoai tây chiên, Kẹo, Khăn ướt, Ô dù gấp, Cốc nhựa, Dao cạo râu, Bóng đèn LED mini, Bóng đèn LED mini, Muỗng nhựa, Cốc nhựa, Cốc nhựa, Khăn ướt, Mì ly, Bánh snack, Bánh snack, Dây sạc điện thoại, Trà đóng chai, Cốc nhựa",WinMart+,Hung Yen Province,"68A, Trần Hưng Đạo, Phường Thái Bình, Tỉnh Hưng Yên, 06100",10,3.9,convenience,20.4564015,106.342592
"Nước tăng lực, Nước suối, Trà đóng chai, Kẹo, Bàn chải đánh răng, Dây sạc điện thoại, Thịt hộp, Mì ly, Sữa chua uống, Dây sạc điện thoại, Găng tay nilon, Pin sạc, Muỗng nhựa, Sổ tay nhỏ, Nước suối, Mì ly",WinMart+,Hung Yen Province,"Đường Long Hưng, Phường Trà Lý, Tỉnh Hưng Yên, 06100",15,4.4,convenience,20.463558599999995,106.3504026
"Túi nylon, Bánh quy, Nước ngọt, Mì gói, Chai nước, Nước tăng lực, Bánh bao mini, Mì gói, Mì gói, Cà phê lon, Bánh mì sandwich, Bánh snack, Xà phòng tắm, Nước ngọt, Pin AA, Kẹo cao su, Thịt hộp, Bánh mì sandwich, Mì ly",WinMart+,Hung Yen Province,"115, Đường Hùng Vương, Phường Vũ Phúc, Tỉnh Hưng Yên, 06000",10,3.8,convenience,20.438105300000004,106.3156841
"Sổ tay nhỏ, Nước ngọt, Gối cổ du lịch, Sữa chua uống, Trà đóng chai, Mì gói, Pin sạc, Thịt hộp, Khăn ướt, Khăn ướt, Trà đóng chai",WinMart+,Hung Yen Province,Không rõ,15,3.7,convenience,20.4403573,106.3398454
"Găng tay nilon, Bánh quy, Gối cổ du lịch, Trà đóng chai, Bóng đèn LED mini, Bút bi, Thịt hộp, Sữa chua uống, Khoai tây chiên, Kẹo cao su, Bánh snack, Lăn khử mùi, Bánh snack, Bánh mì sandwich, Muỗng nhựa, Kem đánh răng, Chai nước, Nước ngọt",WinMart+,Hung Yen Province,"Đường Rừng Cọ, Tỉnh Hưng Yên",10,3.5,convenience,20.972948900000002,105.9276382
"Dầu gội, Mì gói, Nước suối, Bột nêm, Kem đánh răng, Gạo, Nước ngọt, Dầu ăn, Nước xả vải, Nước mắm, Khăn giấy, Gạo, Sữa chua, Tã em bé, Đường, Khăn ướt, Dầu ăn",Vịnh Lý,Hung Yen Province,"Quốc lộ 37B, Thái Tân, Tỉnh Hưng Yên",10,4.4,department_store,20.4832175,106.5133066
"Nước mắm, Nước rửa chén, Túi đựng rác, Dầu gội, Muối, Cà phê hòa tan, Khẩu trang y tế, Bàn chải, Trà túi lọc, Bột giặt, Giấy bọc thực phẩm, Ly thủy tinh, Son dưỡng môi, Bàn chải, Sữa tắm, Khẩu trang y tế",WinMart,Hung Yen Province,Không rõ,65,4.1,supermarket,20.444573099999992,106.3369849
"Nước mắm, Ngũ cốc ăn sáng, Bột mì, Kem cạo râu, Sốt cà chua, Bột ngọt, Kem cạo râu, Bông tẩy trang, Nước xả vải, Bơ thực vật, Thịt heo, Nước hoa mini, Ly thủy tinh, Bột ngọt, Dầu ăn",Cửa Hàng Mây Hinh,Hung Yen Province,"Đường tỉnh 489, Xuân Châu, Tỉnh Ninh Bình",195,4,supermarket,20.384177500000003,106.2919709
"Dao bếp, Snack, Trà túi lọc, Trứng gà, Khẩu trang y tế, Muối, Thớt, Cà phê hòa tan, Nước mắm, Bột mì, Bông tẩy trang, Bơ thực vật, Bông tẩy trang, Nước hoa mini",Nhà thuốc Hoàng Duyên,Hung Yen Province,"Quốc lộ 38, Tỉnh Hưng Yên",125,3.7,supermarket,20.861984199999995,106.1211852
"Nước trái cây, Bột mì, Thớt, Cá hộp, Sốt cà chua, Muỗng nĩa, Ngũ cốc ăn sáng, Muối, Bột ngọt, Muối, Bàn chải, Sữa tươi, Đĩa sứ, Dầu ăn, Bột giặt, Khẩu trang y tế, Kem dưỡng da",AEON MaxValu,Hung Yen Province,"A3 Sky2, Đường Thủy Trúc, Hà Nội, Tỉnh Hưng Yên",145,3.7,supermarket,20.9533568,105.9389933
"Bút bi, Túi nylon, Bóng đèn LED mini, Bàn chải đánh răng, Bóng đèn LED mini, Bánh bao mini, Gối cổ du lịch, Mì ly, Dao cạo râu, Nước tăng lực, Cà phê lon, Dây sạc điện thoại, Dao cạo râu, Chai nước, Bánh mì sandwich, Găng tay nilon, Nước suối, Sổ tay nhỏ, Bánh quy, Bánh snack",Spar,Hung Yen Province,"Trần Thái Tông, Phường Trần Hưng Đạo, Tỉnh Hưng Yên, 06000",15,4.2,convenience,20.440738999999994,106.3230039
"Mì ly, Mì ly, Cà phê lon, Sữa chua uống, Khăn ướt, Khăn ướt, Pin AA, Dao cạo râu, Nước ngọt, Bánh mì sandwich, Bánh snack",Tuấn Ngoãn Thôn An Bình Xã Lô Giang ĐH,Hung Yen Province,"Quốc lộ 39, Tỉnh Hưng Yên",10,3.5,convenience,20.5756048,106.2877277
"Ngũ cốc ăn sáng, Gạo, Thớt, Nước rửa chén, Nước tương, Ngũ cốc ăn sáng, Cá hộp, Thớt, Sữa chua, Snack, Cá hộp, Bàn chải, Sốt cà chua, Đĩa sứ, Khẩu trang y tế, Bàn chải",Siêu Thị Tiện Lợi Huy Hùng,Hung Yen Province,Không rõ,185,3.6,supermarket,20.939409299999998,106.0415839
"Khăn giấy, Gạo, Cà phê hòa tan, Thớt, Trà túi lọc, Sốt cà chua, Ly thủy tinh, Thịt heo, Sốt cà chua, Dầu gội, Nước hoa mini, Bột ngọt, Nước trái cây, Bông tẩy trang, Dao bếp, Thịt heo, Nước hoa mini, Bột mì, Bột giặt",Công Ty Cổ Phần ABC Việt Nam,Hung Yen Province,Không rõ,170,4.1,supermarket,20.7133865,106.1474701
"Thớt, Bông tẩy trang, Bột ngọt, Đĩa sứ, Sữa tươi, Trứng gà, Muối, Nước rửa chén, Kem dưỡng da, Sữa tắm, Sốt cà chua, Dao bếp, Thớt, Trà túi lọc, Thịt heo, Snack, Dầu gội, Sữa tắm, Rau củ quả, Nước xả vải",AEON MaxValu,Hung Yen Province,"Đường Thủy Trúc, Tỉnh Hưng Yên",185,4.4,supermarket,20.954534799999998,105.9318572
"Dao bếp, Nước mắm, Ngũ cốc ăn sáng, Mì gói, Dao bếp, Ly thủy tinh, Nước tương, Dầu gội, Giấy bọc thực phẩm, Thịt heo, Bông tẩy trang, Khay nhựa",AEON MaxValu,Hung Yen Province,"Đường Thủy Trúc, Tỉnh Hưng Yên",95,3.7,supermarket,20.9505741,105.933709
"Dây sạc điện thoại, Dao cạo râu, Bánh mì sandwich, Sữa chua uống, Pin sạc, Bánh bao mini, Bao rác, Lăn khử mùi, Kem đánh răng, Túi nylon, Bao rác",Circle K,Hung Yen Province,"Đường Thủy Trúc, Tỉnh Hưng Yên",10,4,convenience,20.949823999999992,105.9345113
"Dây sạc điện thoại, Bánh snack, Muỗng nhựa, Dao cạo râu, Khăn ướt, Bánh mì sandwich, Kẹo cao su, Bánh quy, Dây sạc điện thoại, Nước ngọt, Khăn ướt, Bàn chải đánh răng, Chai nước",WinMart+,Hung Yen Province,"Đường Thủy Nguyên, Tỉnh Hưng Yên",10,4.4,convenience,20.9479844,105.9364272
"Gối cổ du lịch, Bánh mì sandwich, Dầu gội, Găng tay nilon, Mì gói, Khăn giấy, Cốc nhựa, Kẹo, Khoai tây chiên, Túi nylon, Bánh mì sandwich, Bánh mì sandwich, Kẹo cao su, Kem đánh răng, Dây sạc điện thoại",WinMart+,Hung Yen Province,"38, Phố Dầu, Tân Quang, Văn Lâm, Tỉnh Hưng Yên, 17710",15,3.8,convenience,20.981834499999998,105.9766281
"Muỗng nhựa, Mì ly, Bánh snack, Bánh quy, Bút bi, Pin AA, Dao cạo râu, Pin AA, Bóng đèn LED mini, Pin AA, Muỗng nhựa, Túi nylon, Bánh mì sandwich, Trà đóng chai, Bút bi, Kẹo, Nước ngọt, Chai nước, Muỗng nhựa, Khăn giấy",WinMart+,Hung Yen Province,"Quốc lộ 5, Tỉnh Hưng Yên, 17710",10,3.7,convenience,20.9831751,105.9816802
"Nước suối, Bánh bao mini, Dao cạo râu, Trà đóng chai, Nước suối, Thịt hộp, Sữa chua uống, Dao cạo râu, Túi nylon, Pin AA, Bóng đèn LED mini",WinMart+,Hung Yen Province,"Đường tỉnh 378, Xuân Quan, Tỉnh Hưng Yên",15,4.2,convenience,20.9609727,105.9197435
"Mì ly, Sữa hộp, Cà phê lon, Gối cổ du lịch, Ô dù gấp, Nước suối, Cốc nhựa, Sữa chua uống, Trà đóng chai, Bánh quy",WinMart+,Hung Yen Province,"Bac Hung Hai River Trail, Tỉnh Hưng Yên",10,3.6,convenience,20.968191600000004,105.922741
"Bánh mì sandwich, Kẹo, Nước ngọt, Dầu gội, Pin sạc, Bánh snack, Pin AA, Nước suối, Bao rác, Pin AA, Bàn chải đánh răng, Bánh quy, Chai nước, Kem đánh răng, Kẹo, Pin sạc, Cốc nhựa, Bánh snack",WinMart+,Hung Yen Province,"ĐT.179, Tỉnh Hưng Yên",15,3.7,convenience,20.9462847,105.92976610000001
"Trà đóng chai, Bóng đèn LED mini, Bánh mì sandwich, Sổ tay nhỏ, Bánh mì sandwich, Kem đánh răng, Pin AA, Bóng đèn LED mini, Kẹo, Trà đóng chai",WinMart+,Hung Yen Province,"Đường tỉnh 377, Mễ Sở, Tỉnh Hưng Yên",10,3.9,convenience,20.921598999999997,105.9311284
"Bông tẩy trang, Nước lau sàn, Bột ngọt, Đĩa sứ, Bột mì, Dầu ăn, Kem dưỡng da, Muối, Nước rửa chén, Son dưỡng môi, Kem dưỡng da, Thịt heo, Khay nhựa, Đĩa sứ, Trứng gà, Cà phê hòa tan, Bột giặt, Thịt heo",tạp hóa bà thanh,Hung Yen Province,"Đường tỉnh 382, Thuỵ Lân, Tỉnh Hưng Yên, 17700",195,4.3,supermarket,20.8666049,106.0239557
"Kẹo cao su, Nước suối, Muỗng nhựa, Găng tay nilon, Cốc nhựa, Sữa hộp, Bàn chải đánh răng, Thịt hộp, Mì ly, Bánh quy, Ô dù gấp, Thịt hộp, Nước suối, Muỗng nhựa, Sữa hộp, Cà phê lon, Sổ tay nhỏ, Nước tăng lực",WinMart+,Hung Yen Province,"Quốc lộ 5, Tỉnh Hưng Yên, 17710",10,4.2,convenience,20.957985900000004,105.9993056
"Pin sạc, Khoai tây chiên, Khẩu trang y tế, Bút bi, Pin sạc, Cốc nhựa, Bàn chải đánh răng, Chai nước, Bàn chải đánh răng, Pin sạc, Sổ tay nhỏ, Sữa hộp, Nước suối, Dầu gội, Nước suối, Khăn ướt, Bánh mì sandwich, Pin AA",WinMart+,Hung Yen Province,"138-140, Đường tỉnh 179, Tỉnh Hưng Yên",10,4,convenience,20.946058399999995,105.94039640000001
"Kem đánh răng, Sữa tắm, Nước xả vải, Nước mắm, Kem đánh răng, Giấy vệ sinh, Khăn ướt, Nước mắm, Trà, Dầu ăn, Sữa chua, Ngũ cốc, Sữa tắm, Sữa tắm, Nước ngọt, Bột giặt, Nước mắm",The Daily House,Hung Yen Province,"S101S48, Đường tỉnh 378, Xuân Quan, Tỉnh Hưng Yên, 176000",10,4.3,department_store,20.9632132,105.921274
"Ngũ cốc ăn sáng, Nước mắm, Bột ngọt, Nước tương, Kem dưỡng da, Khẩu trang y tế, Dao bếp, Gạo, Bột ngọt, Đĩa sứ, Kem cạo râu, Nước trái cây, Túi đựng rác",Cơ Sở Đúng Đồng Thủ Công Mỹ Nghệ Hoàng Hương,Hung Yen Province,"ĐH.15, Tỉnh Hưng Yên",115,4.3,supermarket,20.991900100000002,106.0743222
"Bơ thực vật, Trà túi lọc, Bột mì, Sữa chua, Nước lau sàn, Cà phê hòa tan, Bột mì, Kem cạo râu, Nước tương, Túi đựng rác, Bàn chải, Khay nhựa, Bột mì, Chảo chống dính, Sữa tươi, Giấy bọc thực phẩm",Đúc Đồng Kiên Thoan,Hung Yen Province,"ĐH.15, Tỉnh Hưng Yên",185,4.1,supermarket,20.991935200000004,106.0742755
"Son dưỡng môi, Chảo chống dính, Khay nhựa, Trà túi lọc, Dầu ăn, Bột ngọt, Cá hộp, Sốt cà chua, Nước mắm, Snack, Dầu ăn, Khẩu trang y tế, Nước hoa mini, Mì gói, Đĩa sứ, Sữa chua, Đường, Khay nhựa",Đồ Đồng Mỹ Nghệ Dũng Thư,Hung Yen Province,"ĐH.15, Tỉnh Hưng Yên",115,4.3,supermarket,20.991643899999996,106.0748104
"Dao bếp, Nước xả vải, Thớt, Bông tẩy trang, Son dưỡng môi, Son dưỡng môi, Túi đựng rác, Nước trái cây, Ly thủy tinh, Sốt cà chua, Nước lau sàn, Bột mì, Sữa chua, Thịt heo, Nước rửa chén",Cơ Sở Đúc Đồng Hữu Bắc,Hung Yen Province,"ĐH.15, Tỉnh Hưng Yên",145,4.1,supermarket,20.9917384,106.0746315
"Nước trái cây, Sữa tắm, Dầu ăn, Dao bếp, Thịt heo, Đĩa sứ, Bột ngọt, Son dưỡng môi, Bột giặt, Bông tẩy trang, Nước hoa mini, Bột giặt, Thịt heo, Nước trái cây, Sữa tắm, Đĩa sứ, Bơ thực vật, Bột mì, Nước hoa mini",Cơ Sở Đúc Đồng Truyền Thống Thiện Thủy,Hung Yen Province,"ĐH.15, Tỉnh Hưng Yên",125,3.8,supermarket,20.9906255,106.0770218
"Cốc đôi, Túi đựng quà, Bút ký cao cấp, Túi đựng quà, Bình giữ nhiệt, Ly in hình, Bình hoa nhỏ, Sổ tay dễ thương, Bình giữ nhiệt, Cốc đôi, Móc khóa, Đồng hồ để bàn, Cốc đôi, Thiệp chúc mừng",Shop Minh Anh Thế Giới Quà Tặng,Hung Yen Province,"Đường tỉnh 281, Tỉnh Hưng Yên",140,4.8,gift,20.996594200000004,106.0576009
"Đồng hồ, Sách, Mỹ phẩm trang điểm, Tai nghe Bluetooth, Túi xách, Đồ chơi trẻ em, Kính mát, Đầm công sở, Ốp điện thoại, Mỹ phẩm trang điểm, Máy sấy tóc, Lược điện, Quần short, Quần short, Túi tote, Áo khoác da, Găng tay, Đồ chơi trẻ em, Khăn choàng",Trung Tâm Mua Sắm Đại Đồng,Hung Yen Province,"Đường tỉnh 281, Tỉnh Hưng Yên",450,4.3,mall,20.996731300000004,106.057839
"Bột mì, Thịt heo, Trà túi lọc, Muỗng nĩa, Cà phê hòa tan, Túi đựng rác, Sữa chua, Ngũ cốc ăn sáng, Muối, Bột giặt, Chảo chống dính, Đĩa sứ, Cà phê hòa tan, Dầu ăn, Bột giặt, Bột giặt, Son dưỡng môi, Trứng gà",Cửa hàng tạp hoá Lý Hanh,Hung Yen Province,"Quốc lộ 37, Thành phố Hải Phòng, 10000",85,3.6,supermarket,20.598793999999998,106.5064164
"Nước lau sàn, Nước ngọt, Sữa tắm, Nước ngọt, Mì gói, Sữa tắm, Tã em bé, Nước mắm, Muối, Muối, Đường, Mì gói, Sữa tắm, Bình sữa, Dầu gội, Dầu ăn, Sữa bột",Gốm Bát Tràng,Hung Yen Province,"Hữu Nghị, Xã Bát Tràng, Thành phố Hà Nội, 11622",15,4.5,department_store,20.978405479550048,105.91448367094964
"Ô dù gấp, Mì gói, Gối cổ du lịch, Dầu gội, Sữa chua uống, Xà phòng tắm, Bánh mì sandwich, Nước suối, Muỗng nhựa, Găng tay nilon, Pin AA, Nước tăng lực, Sổ tay nhỏ, Trà đóng chai, Dây sạc điện thoại, Cà phê lon",Nam Nguyệt Xóm 7 Xã Vũ Phúc,Hung Yen Province,"Đường Vũ Phúc, Phường Vũ Phúc, Tỉnh Hưng Yên, 06000",20,3.5,convenience,20.420236398094872,106.32588113318103
"Quần jean, Đầm công sở, Vali kéo, Dầu dưỡng tóc, Khăn choàng, Thắt lưng, Áo thun, Mỹ phẩm trang điểm, Nón thời trang, Quần short, Áo khoác, Áo khoác, Ví da, Mỹ phẩm trang điểm, Laptop mini, Khăn choàng, Quần jean, Bông tai",Vincom Plaza Lý Bôn,Hung Yen Province,"Phố Lý Bôn, Phường Trần Hưng Đạo, Tỉnh Hưng Yên, 06000",300,4.5,mall,20.444694591756555,106.33703494752585
"Nước rửa chén, Snack, Gạo, Nước mắm, Nước hoa mini, Dầu gội, Giấy vệ sinh, Nước trái cây, Bột mì, Nước hoa mini, Nước hoa mini, Bàn chải, Rau củ quả, Mì gói, Túi đựng rác, Bột ngọt",Siêu thị Phương Hải,Hung Yen Province,"Quốc lộ 5, Tỉnh Hưng Yên, 17710",30,3.7,supermarket,20.96065728,105.99756229673052
"Nước rửa chén, Nước trái cây, Cà phê hòa tan, Bột giặt, Muối, Bột ngọt, Nước xả vải, Trứng gà, Mì gói, Snack, Nước mắm, Cà phê hòa tan, Sốt cà chua",DafjCo,Hai Phong,"Phố Hoàng Diệu, Phường Hồng Bàng, 18000",115,4,supermarket,20.8650971,106.6864368
"Bút bi, Sữa chua uống, Bút bi, Gối cổ du lịch, Chai nước, Ô dù gấp, Găng tay nilon, Khoai tây chiên, Găng tay nilon, Khẩu trang y tế",Chợ Ghẽ,Hai Phong,"Quốc lộ 5, Thành phố Hải Phòng",20,4.5,convenience,20.937804999999997,106.216221
"Khăn giấy, Nước xả vải, Đường, Chảo chống dính, Ngũ cốc ăn sáng, Nước hoa mini, Kem cạo râu, Muỗng nĩa, Chảo chống dính, Son dưỡng môi, Khay nhựa, Đĩa sứ, Dầu ăn, Nước rửa chén, Bông tẩy trang",GO! Hải Phòng,Hai Phong,"Đường Lê Hồng Phong, Phường Gia Viên, 18000",120,4.3,supermarket,20.845278099999998,106.70786330000001
"Túi nylon, Khoai tây chiên, Nước ngọt, Khăn giấy, Túi nylon, Mì ly, Nước tăng lực, Khoai tây chiên, Bánh mì sandwich, Thịt hộp, Bánh mì sandwich, Khăn ướt, Bút bi",Ruby Emperor,Hai Phong,"Đường Lê Thanh Nghị, Phường Trần Hưng Đạo",20,4.4,convenience,21.131065699999997,106.4171584
"Bột giặt, Khẩu trang y tế, Nước lau sàn, Sữa chua, Nước lau sàn, Bột ngọt, Nước tương, Sữa tắm, Bột mì, Trứng gà, Dao bếp, Giấy bọc thực phẩm",Intimex,Hai Phong,"23, Phố Minh Khai, Phường Hồng Bàng, 18000",90,4,supermarket,20.861371699999996,106.685392
"Thịt heo, Nước mắm, Đĩa sứ, Sữa tắm, Dao bếp, Bột mì, Trà túi lọc, Kem cạo râu, Đĩa sứ, Muỗng nĩa, Muỗng nĩa, Gạo, Khăn giấy",K Mart,Hai Phong,"187, Phố Văn Cao, Phường Gia Viên, 18000",155,3.6,supermarket,20.836248699999995,106.7011908
"Dao bếp, Muối, Trà túi lọc, Dao bếp, Thịt heo, Bột giặt, Gạo, Muối, Thịt heo, Túi đựng rác, Nước mắm",Máy Đá,Hai Phong,"Phố Cầu Cáp, Phường An Biên, 18000",190,4.3,supermarket,20.849018400000002,106.6643708
"Chảo chống dính, Đĩa sứ, Nước trái cây, Sữa tắm, Trứng gà, Bông tẩy trang, Kem dưỡng da, Mì gói, Gạo, Snack, Đường, Sốt cà chua, Dầu gội, Sữa chua, Muối",chợ Hôm,Hai Phong,"Đường thôn 6, Phường Thủy Nguyên, 04340",70,4.1,supermarket,20.898165300000002,106.6793507
"Vòng tay, Vòng tay, Sách, Tai nghe Bluetooth, Khăn choàng, Túi xách, Bông tai, Váy dạ hội, Ví da, Giày thể thao",TTTM Maslight,Hai Phong,"Đường Lê Hồng Phong, Phường Gia Viên, 18000",400,4.6,mall,20.846278600000005,106.7067728
"Nước suối, Muối, Nước rửa chén, Cà phê, Muối, Dầu gội, Giấy vệ sinh, Khăn ướt, Tã em bé, Sữa chua, Bình sữa, Sữa tắm, Khăn giấy, Kem đánh răng, Nước mắm",Honda Hương Giang,Hai Phong,"Phố Tô Hiệu, Phường Lê Chân, 18000",10,4,department_store,20.8494885,106.6713947
"Cốc nhựa, Nước suối, Bao rác, Sữa hộp, Khăn ướt, Găng tay nilon, Nước tăng lực, Túi nylon, Bút bi, Xà phòng tắm, Túi nylon, Túi nylon, Cốc nhựa, Khoai tây chiên, Nước suối",Island Mart,Hai Phong,"199, Phố Cát Bà, Thành phố Hải Phòng",15,3.8,convenience,20.725461399999993,107.0483578
"Bàn chải, Gạo, Cà phê hòa tan, Nước tương, Thịt heo, Đường, Nước lau sàn, Nước trái cây, Trứng gà, Nước mắm, Bông tẩy trang, Ly thủy tinh, Đĩa sứ, Đường, Mì gói",Chợ Tân Phong,Hai Phong,"Đường tỉnh 361, Thành phố Hải Phòng",115,3.5,supermarket,20.7381457,106.7073134
"Nước tăng lực, Găng tay nilon, Muỗng nhựa, Kem đánh răng, Mì gói, Bánh mì sandwich, Túi nylon, Kẹo, Sữa hộp, Thịt hộp, Xà phòng tắm, Kem đánh răng, Mì ly",CT Mart,Hai Phong,"Phố Cát Bà, Thành phố Hải Phòng",15,3.7,convenience,20.7246717,107.04973
"Cà phê hòa tan, Kem cạo râu, Bột mì, Bông tẩy trang, Nước hoa mini, Rau củ quả, Bông tẩy trang, Dao bếp, Muối, Ly thủy tinh",S2 Authentic Shop,Hai Phong,"64, Đường Nguyễn Văn Linh, Phường Lê Thanh Nghị, 34000",135,3.9,supermarket,20.934300399999998,106.318518
"Bàn chải, Bột giặt, Bàn chải, Sữa tắm, Bột giặt, Cá hộp, Son dưỡng môi, Trà túi lọc, Cà phê hòa tan, Gạo, Nước rửa chén, Sữa tươi, Mì gói, Muỗng nĩa",CÔNG TY TNHH TMDV HIỀN VINH QUÂN,Hai Phong,"438, Phố Hoàng Minh Thảo, Phường An Biên, 35000",155,4.4,supermarket,20.8378794,106.675863
"Sổ tay dễ thương, Tranh mini, Ly in hình, Chậu cây mini, Bưu thiếp, Tượng nhỏ, Cốc đôi, Túi đựng quà, Đồ thủ công, Móc khóa, Khăn lụa, Đồ thủ công, Nến thơm, Đồ thủ công, Sổ tay dễ thương, Đồ thủ công, Ly in hình, Nến thơm, Gấu bông mini",Hong ngoc humanity centre,Hai Phong,"Đường Lê Thanh Nghị, Phường Trần Nhân Tông",240,4.9,gift,21.1305481,106.43834390000002
"Túi nylon, Sữa hộp, Ô dù gấp, Khăn giấy, Nước tăng lực, Bánh quy, Sữa chua uống, Khăn giấy, Lăn khử mùi, Ô dù gấp, Muỗng nhựa, Nước ngọt, Kẹo, Bao rác, Bánh quy, Chai nước",Tuong Vy,Hai Phong,"Núi Ngọc, Thành phố Hải Phòng",10,4,convenience,20.7245876,107.05242390000001
"Bóng đèn LED mini, Nước suối, Dao cạo râu, Pin AA, Khẩu trang y tế, Bóng đèn LED mini, Kẹo cao su, Bánh bao mini, Bàn chải đánh răng, Thịt hộp, Trà đóng chai, Kẹo cao su, Sữa chua uống, Dầu gội",CT Mart,Hai Phong,"18, Núi Ngọc, Thành phố Hải Phòng",10,3.7,convenience,20.7255797,107.05038730000001
"Dầu gội, Trà đóng chai, Bao rác, Kem đánh răng, Cốc nhựa, Khăn ướt, Lăn khử mùi, Khẩu trang y tế, Kẹo cao su, Sữa chua uống",Liễu chư Xóm 4 Thụy Xuân,Hai Phong,"ĐT.354, Thành phố Hải Phòng",20,4.2,convenience,20.6628599,106.5678196
"Lăn khử mùi, Bánh mì sandwich, Pin AA, Gối cổ du lịch, Khăn ướt, Muỗng nhựa, Bánh bao mini, Xà phòng tắm, Bánh mì sandwich, Kẹo cao su, Bánh snack, Bánh bao mini, Bánh quy, Thịt hộp, Sổ tay nhỏ, Sữa hộp, Dao cạo râu, Ô dù gấp",WinMart+,Hai Phong,"141, Phố Nguyễn Đức Cảnh, Phường Lê Chân, 18000",10,4.3,convenience,20.8539038,106.6709089
"Nước ngọt, Kem đánh răng, Xà phòng tắm, Kẹo, Bút bi, Pin sạc, Khăn giấy, Khăn giấy, Nước tăng lực, Bánh quy, Ô dù gấp, Bánh snack, Khoai tây chiên, Pin sạc, Sữa chua uống, Ô dù gấp, Mì gói",WinMart+,Hai Phong,"73B, Phố Hai Bà Trưng (Cát Dài), Phường Lê Chân, 18000",10,4.1,convenience,20.8518695,106.6733245
"Sữa chua uống, Pin sạc, Khăn ướt, Chai nước, Gối cổ du lịch, Cốc nhựa, Bánh bao mini, Muỗng nhựa, Kem đánh răng, Nước suối, Dao cạo râu, Khăn giấy, Gối cổ du lịch, Cốc nhựa, Mì gói, Muỗng nhựa",WinMart+,Hai Phong,"96, Lán Bè, Phường An Biên, 18000",15,3.6,convenience,20.8507466,106.6629765
"Dầu gội, Mì ly, Túi nylon, Cà phê lon, Bánh mì sandwich, Bánh mì sandwich, Sổ tay nhỏ, Nước suối, Lăn khử mùi, Dây sạc điện thoại",WinMart+,Hai Phong,"129, Phố Lương Khánh Thiện (Phố Ga), Phường Gia Viên, 18000",10,4,convenience,20.854513899999997,106.6849921
"Sữa chua uống, Sổ tay nhỏ, Túi nylon, Kem đánh răng, Pin AA, Ô dù gấp, Chai nước, Khăn ướt, Gối cổ du lịch, Bút bi, Mì ly, Sổ tay nhỏ, Bánh quy, Kẹo, Dao cạo râu, Kẹo, Muỗng nhựa",WinMart+,Hai Phong,"616-618, Đại lộ Lê Thanh Nghị, Phường Lê Thanh Nghị, 03118",10,3.6,convenience,20.931012499999998,106.321306
"Ô dù gấp, Kẹo, Thịt hộp, Nước ngọt, Ô dù gấp, Khẩu trang y tế, Sổ tay nhỏ, Bánh mì sandwich, Khăn ướt, Nước suối",WinMart+,Hai Phong,"97, Phố Bạch Đằng, Phường Hồng Bàng, 18000",10,4,convenience,20.8616823,106.6719458
"Khẩu trang y tế, Cốc nhựa, Pin sạc, Nước suối, Ô dù gấp, Bật lửa, Bàn chải đánh răng, Mì ly, Lăn khử mùi, Túi nylon, Bánh mì sandwich, Sổ tay nhỏ, Trà đóng chai, Dao cạo râu, Bàn chải đánh răng, Cốc nhựa, Xà phòng tắm",WinMart+,Hai Phong,"377, Phố Ngô Gia Tự, Phường Hải An, 04813",15,3.6,convenience,20.8289981,106.71092100000001
"Bánh bao mini, Xà phòng tắm, Nước tăng lực, Nước ngọt, Kẹo, Xà phòng tắm, Kem đánh răng, Bật lửa, Bánh quy, Dao cạo râu, Chai nước, Lăn khử mùi, Dao cạo râu",WinMart+,Hai Phong,"174, Phố Hàng Kênh, Phường Lê Chân, 18000",20,3.6,convenience,20.8489895,106.6854105
"Bàn chải đánh răng, Pin AA, Sữa chua uống, Chai nước, Găng tay nilon, Kem đánh răng, Mì ly, Bóng đèn LED mini, Bánh bao mini, Sữa chua uống, Sổ tay nhỏ, Chai nước, Kem đánh răng, Kẹo cao su, Nước tăng lực, Kẹo cao su, Bóng đèn LED mini, Mì ly, Cà phê lon",WinMart+,Hai Phong,"303, Ngõ 297A Lê Lợi, Phường Gia Viên, 18000",10,4.3,convenience,20.854584100000004,106.6887204
"Cà phê lon, Khoai tây chiên, Khẩu trang y tế, Bánh quy, Nước suối, Bánh mì sandwich, Khẩu trang y tế, Khẩu trang y tế, Kem đánh răng, Mì gói, Pin AA, Gối cổ du lịch, Khẩu trang y tế",WinMart+,Hai Phong,"12, Đường Lê Duẩn, Phường Kiến An, 18000",10,3.8,convenience,20.8220664,106.6482351
"Xà phòng tắm, Bút bi, Bút bi, Kẹo, Trà đóng chai, Găng tay nilon, Khăn giấy, Trà đóng chai, Dây sạc điện thoại, Khăn giấy, Cốc nhựa, Cà phê lon, Nước ngọt, Pin sạc, Bánh quy, Khăn giấy, Cốc nhựa",WinMart+,Hai Phong,"48, Cát Bi, Phường Hải An, 04813",10,4.2,convenience,20.827634399999994,106.70401430000001
"Túi nylon, Bàn chải đánh răng, Dây sạc điện thoại, Bánh bao mini, Khăn ướt, Dao cạo râu, Pin sạc, Kem đánh răng, Dây sạc điện thoại, Muỗng nhựa, Cà phê lon",WinMart+,Hai Phong,"137, Phố Hồ Sen, Phường Lê Chân, 18000",20,4.3,convenience,20.846172000000003,106.6816769
"Muỗng nhựa, Bàn chải đánh răng, Bánh mì sandwich, Muỗng nhựa, Cốc nhựa, Kẹo, Mì gói, Nước suối, Gối cổ du lịch, Gối cổ du lịch, Dao cạo râu, Cà phê lon, Kẹo cao su, Găng tay nilon, Bóng đèn LED mini, Bật lửa, Sổ tay nhỏ, Bàn chải đánh răng, Gối cổ du lịch, Khăn giấy",WinMart+,Hai Phong,"231B, Phố Trần Nguyên Hãn, Phường Lê Chân, 18000",20,4.4,convenience,20.845294,106.6709094
"Lăn khử mùi, Bao rác, Mì ly, Khăn ướt, Mì ly, Bánh bao mini, Lăn khử mùi, Khẩu trang y tế, Kẹo, Găng tay nilon, Khoai tây chiên, Túi nylon, Dây sạc điện thoại, Dao cạo râu, Khăn giấy",WinMart+,Hai Phong,"153, Phố Cát Cụt, Phường Lê Chân, 18000",15,3.6,convenience,20.851102500000003,106.6770072
"Cà phê lon, Pin AA, Sữa chua uống, Bút bi, Nước tăng lực, Bánh bao mini, Muỗng nhựa, Cà phê lon, Khăn ướt, Găng tay nilon, Xà phòng tắm, Dây sạc điện thoại, Bàn chải đánh răng, Khẩu trang y tế, Dây sạc điện thoại",WinMart+,Hai Phong,"28, Nguyễn Thị Duệ, Phường Lê Thanh Nghị, 03118",15,3.7,convenience,20.939189300000002,106.3099764
"Muối, Kem đánh răng, Ngũ cốc, Gạo, Cà phê, Sữa bột trẻ em, Kem đánh răng, Kem đánh răng, Bình sữa, Bánh kẹo, Trà, Sữa tắm, Sữa bột trẻ em, Nước mắm, Bột nêm, Nước suối",Cửa hàng mũ bảo hiểm QFullface,Hai Phong,"97, Phố Văn Cao, Phường Gia Viên, 18000",20,4.3,department_store,20.838983000000002,106.700197
"Bật lửa, Sữa chua uống, Chai nước, Cà phê lon, Cốc nhựa, Khăn ướt, Bao rác, Trà đóng chai, Xà phòng tắm, Pin AA, Bánh quy",Anh Quân,Hai Phong,"Phố Cái Bèo, Thành phố Hải Phòng",20,4.2,convenience,20.7346891,107.06178070000001
"Tranh giấy cuộn, Tượng kim loại, Tượng điêu khắc, Tượng gỗ, Tranh thư pháp, Tranh sơn dầu, Tranh nghệ thuật hiện đại, Tranh sơn dầu, Tranh đương đại, Tranh màu nước, Tranh, Tượng nhỏ",Paintings,Hai Phong,"Phố Trần Phú, Phường Hồng Bàng, 18000",160,4.9,art,20.856805000000005,106.6837131
"Chảo chống dính, Kem cạo râu, Rau củ quả, Son dưỡng môi, Túi đựng rác, Kem dưỡng da, Nước xả vải, Muỗng nĩa, Muối, Son dưỡng môi, Chảo chống dính, Rau củ quả, Bơ thực vật",Big C,Hai Phong,"Đường An Định, Phường Hải Dương, 03118",150,3.9,supermarket,20.946918200000002,106.3457328
"Quần jean, Đồng hồ thông minh, Quần jean, Khăn choàng, Giày thể thao, Nón thời trang, Giày cao gót, Ví da, Áo thun, Đồ chơi trẻ em, Đồng hồ, Đầm công sở, Máy sấy tóc, Áo khoác, Đồng hồ, Đồ chơi trẻ em",Vincom Plaza Imperia,Hai Phong,"Đường Hùng Vương, Phường Hồng Bàng, 18000",250,4.3,mall,20.863034599999995,106.6619605
"Mì ly, Bút bi, Khăn giấy, Bóng đèn LED mini, Bút bi, Nước ngọt, Khẩu trang y tế, Gối cổ du lịch, Lăn khử mùi, Kem đánh răng",Circle K,Hai Phong,"Phố Hai Bà Trưng (Cát Dài), Phường Lê Chân, 18000",20,4.1,convenience,20.8537578,106.6838409
"Muỗng nĩa, Bơ thực vật, Ly thủy tinh, Snack, Dao bếp, Sữa chua, Chảo chống dính, Giấy vệ sinh, Muối, Muối, Sữa chua, Nước lau sàn, Bông tẩy trang, Gạo, Cà phê hòa tan, Sốt cà chua, Nước rửa chén, Nước xả vải, Muối, Nước xả vải",Co-op Mart Hải Phòng,Hai Phong,"1, Đường Lê Hồng Phong, Phường Ngô Quyền, 18000",165,4,supermarket,20.860832799999997,106.6969729
"Pin sạc, Bao rác, Dây sạc điện thoại, Ô dù gấp, Mì ly, Khăn giấy, Bao rác, Bao rác, Gối cổ du lịch, Kẹo, Kem đánh răng, Bóng đèn LED mini, Gối cổ du lịch, Sữa hộp, Bánh quy, Dầu gội, Cà phê lon, Xà phòng tắm",Hải Hoà,Hai Phong,"7, Phố Trần Nhật Duật, Phường Gia Viên, 18000",10,4,convenience,20.855710199999997,106.6845928
"Nước xả vải, Gạo, Dao bếp, Bột giặt, Snack, Khăn giấy, Nước rửa chén, Giấy bọc thực phẩm, Sốt cà chua, Gạo, Thớt, Nước trái cây",V52 mini mart,Hai Phong,"Đường cao tốc Hà Nội - Hải Phòng, Thành phố Hải Phòng",125,3.6,supermarket,20.8598699,106.3359075
"Sốt cà chua, Dầu ăn, Sốt cà chua, Nước hoa mini, Sốt cà chua, Muỗng nĩa, Muối, Dầu gội, Trứng gà, Nước tương, Gạo, Cà phê hòa tan, Ngũ cốc ăn sáng, Chảo chống dính, Cá hộp",WinMart,Hai Phong,"Ngõ 23 Điện Biên Phủ, Phường Gia Viên, 18000",165,3.8,supermarket,20.861481399999995,106.6897368
"Ngũ cốc ăn sáng, Bông tẩy trang, Sữa tắm, Ngũ cốc ăn sáng, Gạo, Đường, Nước rửa chén, Son dưỡng môi, Nước mắm, Sốt cà chua, Dầu gội, Nước xả vải, Muối, Nước trái cây",Minh Anh,Hai Phong,"77, Đường Lê Thanh Nghị, Phường Trần Nhân Tông",155,4.5,supermarket,21.133644699999998,106.4255889
"Kem dưỡng da, Dầu ăn, Mì gói, Nước mắm, Nước hoa mini, Dầu gội, Snack, Nước trái cây, Trứng gà, Khẩu trang y tế, Đường, Nước lau sàn, Sữa tắm, Nước rửa chén, Bơ thực vật, Muối, Muỗng nĩa",Mega Market,Hai Phong,"Đường Hồng Bàng, Phường Hồng Bàng, 18000",80,3.6,supermarket,20.8634142,106.6541182
"Lăn khử mùi, Muỗng nhựa, Bánh mì sandwich, Kem đánh răng, Bao rác, Bánh bao mini, Pin AA, Bao rác, Bánh snack, Bàn chải đánh răng, Bàn chải đánh răng, Bóng đèn LED mini, Cốc nhựa",Lô 25a,Hai Phong,"Thanh Niên, Sao Đỏ, Phường Chu Văn An",10,3.9,convenience,21.113044500000004,106.3976082
"Sữa bột trẻ em, Gạo, Khăn ướt, Nước suối, Dầu gội, Đường, Bột nêm, Dầu ăn, Khăn ướt, Tã em bé, Cà phê, Khăn giấy, Thực phẩm đóng hộp, Mì gói, Khăn ướt, Nước xả vải, Giấy vệ sinh, Sữa tươi, Đường",FPTshop,Hai Phong,"Đường Nguyễn Trãi, Sao Đỏ, Phường Chu Văn An",10,4.2,department_store,21.1129694,106.3920196
"Trứng gà, Đĩa sứ, Bột ngọt, Bàn chải, Sữa tươi, Mì gói, Trứng gà, Muối, Giấy vệ sinh, Chảo chống dính, Thớt, Đĩa sứ, Đường, Sữa chua, Dầu gội, Đĩa sứ, Son dưỡng môi, Nước lau sàn, Chảo chống dính",FTC ONE GROUPS,Hai Phong,"Cầu Sồi, Xóm 1, Đường tỉnh 391, Thành phố Hải Phòng, 170000",90,4.4,supermarket,20.8774908,106.3581091
"Găng tay nilon, Bánh quy, Muỗng nhựa, Khẩu trang y tế, Sữa hộp, Bánh snack, Pin sạc, Khăn ướt, Cốc nhựa, Ô dù gấp, Bánh mì sandwich, Cốc nhựa, Cốc nhựa, Bánh mì sandwich",Circle K,Hai Phong,"Phố Trần Phú, Phường Hồng Bàng, 18000",15,4.5,convenience,20.858475299999995,106.6867985
"Cốc nhựa, Dây sạc điện thoại, Nước suối, Khăn giấy, Bàn chải đánh răng, Nước suối, Khăn ướt, Pin AA, Găng tay nilon, Mì gói, Nước suối, Bánh bao mini, Sữa hộp",WinMart+,Hai Phong,"Phố Cầu Đất, Phường Lê Chân, 18000",15,4.2,convenience,20.8541841,106.6833784
"Dao cạo râu, Dây sạc điện thoại, Kem đánh răng, Dao cạo râu, Nước ngọt, Cà phê lon, Kẹo cao su, Khẩu trang y tế, Bao rác, Sổ tay nhỏ, Mì gói, Muỗng nhựa, Pin AA",Trạm dửng nghỉ V77 Hải phòng,Hai Phong,"Đường cao tốc Hà Nội - Hải Phòng, Thành phố Hải Phòng, 35999",20,4.2,convenience,20.7940138,106.5487828
"Muỗng nhựa, Bánh bao mini, Nước suối, Chai nước, Dây sạc điện thoại, Sữa chua uống, Sổ tay nhỏ, Thịt hộp, Thịt hộp, Gối cổ du lịch, Túi nylon, Nước ngọt, Bánh snack, Sữa hộp",Minhmart,Hai Phong,"Phố Núi Ngọc, Thành phố Hải Phòng",10,3.7,convenience,20.7252705,107.05008150000002
"Muối, Giấy vệ sinh, Muỗng nĩa, Đường, Mì gói, Son dưỡng môi, Bông tẩy trang, Rau củ quả, Thịt heo, Dầu ăn, Dầu ăn, Mì gói, Snack, Mì gói, Đường, Chảo chống dính, Đường, Bột mì, Kem cạo râu, Khay nhựa",Square C,Hai Phong,"55, Phố Tùng Dinh, Thành phố Hải Phòng",190,3.6,supermarket,20.728674700000003,107.044381
"Snack, Cà phê hòa tan, Dầu ăn, Bông tẩy trang, Sốt cà chua, Nước xả vải, Bàn chải, Ly thủy tinh, Nước xả vải, Nước rửa chén, Sốt cà chua, Trứng gà",WinMart,Hai Phong,"Phố Hoàng Thiết Tâm, Thành phố Hải Phòng, 35999",55,3.6,supermarket,20.816654099999997,106.6009261
"Rau củ quả, Khay nhựa, Nước rửa chén, Nước tương, Bông tẩy trang, Trứng gà, Snack, Túi đựng rác, Đĩa sứ, Rau củ quả",Aeon Mall,Hai Phong,"Đường Võ Nguyên Giáp, Phường An Biên, 18000",60,3.6,supermarket,20.8307573,106.6821753
"Nước lau sàn, Trà túi lọc, Giấy bọc thực phẩm, Thịt heo, Sữa tươi, Bông tẩy trang, Muỗng nĩa, Kem cạo râu, Rau củ quả, Rau củ quả, Giấy bọc thực phẩm, Khẩu trang y tế, Khay nhựa, Giấy vệ sinh",Korea Mart,Hai Phong,"Manhattan 9, Phường Hồng Bàng, 18000",75,3.6,supermarket,20.8633895,106.6655806
"Dao cạo râu, Xà phòng tắm, Thịt hộp, Bật lửa, Bánh mì sandwich, Bóng đèn LED mini, Bút bi, Bao rác, Thịt hộp, Khẩu trang y tế, Sữa hộp",Square C,Hai Phong,"23, Phố Núi Ngọc, Thành phố Hải Phòng",20,4.4,convenience,20.7253218,107.0498712
"Áo khoác, Dầu dưỡng tóc, Đầm công sở, Dầu dưỡng tóc, Vali kéo, Áo khoác da, Váy dạ hội, Lược điện, Laptop mini, Kính mát, Tai nghe Bluetooth, Khăn choàng, Sách, Máy sấy tóc, Kính mát, Quần short, Đồng hồ",Maslight Centre,Hai Phong,"Phố Phùng Chí Kiên, Phường Gia Viên, 04813",500,4.1,mall,20.846217597807254,106.70664497076488
"Chảo chống dính, Nước rửa chén, Nước tương, Nước rửa chén, Bột giặt, Thịt heo, Son dưỡng môi, Trứng gà, Ly thủy tinh, Snack, Kem cạo râu, Nước lau sàn, Chảo chống dính, Dầu ăn, Rau củ quả, Nước mắm, Kem dưỡng da",Mega Market Hải Phòng,Hai Phong,"Đường Hồng Bàng, Phường Hồng Bàng, 18000",190,4.3,supermarket,20.863485095560666,106.65420816822368
"Trứng gà, Đường, Khẩu trang y tế, Dầu ăn, Sữa tươi, Gạo, Đường, Khăn giấy, Thịt heo, Giấy vệ sinh, Gạo, Túi đựng rác, Chảo chống dính, Bông tẩy trang, Bàn chải, Snack, Bột mì",Intimex,Hai Phong,"Phố Lạch Tray, Phường Gia Viên, 18000",30,4.3,supermarket,20.834775100223585,106.69738204973368
"Sữa chua, Sữa chua, Snack, Dầu gội, Nước hoa mini, Ngũ cốc ăn sáng, Son dưỡng môi, Kem dưỡng da, Sữa chua, Gạo, Bông tẩy trang, Thớt, Trứng gà, Nước trái cây, Bột mì, Gạo",Chợ Chùa,Hai Phong,"Phố Mới, Phường Thủy Nguyên, 04340",120,3.8,supermarket,20.898317832232056,106.67218857320239
"Trứng gà, Đường, Kem dưỡng da, Ngũ cốc ăn sáng, Nước mắm, Gạo, Đường, Khăn giấy, Giấy bọc thực phẩm, Giấy bọc thực phẩm, Sữa tươi, Nước trái cây, Trà túi lọc, Bàn chải, Dầu gội, Sữa tắm, Kem cạo râu, Khẩu trang y tế",Chợ huyện Kiến Thụy,Hai Phong,"Phố Thọ Xuân, Thành phố Hải Phòng",80,3.9,supermarket,20.75514196341132,106.66947457830929
"Dép sandal, Túi tote, Váy dạ hội, Đồng hồ, Vali kéo, Đồ chơi trẻ em, Áo thun, Đồ chơi trẻ em, Kính mát, Sách, Son môi, Đồng hồ, Dầu dưỡng tóc, Bông tai, Đồ chơi trẻ em",Vincom+ Chí Linh,Hai Phong,"Bạch Đằng, Sao Đỏ, Phường Chu Văn An",100,4,mall,21.110154316677605,106.39048505165123
"Ví da, Áo thun, Ba lô thời trang, Dầu dưỡng tóc, Dép sandal, Son môi, Kính mát, Váy dạ hội, Quần jean, Đầm công sở, Lược điện, Đồng hồ",Saigon Mall,Hai Phong,"104, Phố Lương Khánh Thiện (Phố Ga), Phường Gia Viên, 18000",300,4.5,mall,20.856452200097376,106.68638074980075
"Giày cao gót, Thắt lưng, Nước hoa, Khăn choàng, Nước hoa, Nón thời trang, Lược điện, Bông tai, Nón thời trang, Kính mát, Khăn choàng, Ốp điện thoại, Laptop mini, Túi xách, Son môi, Quần jean, Mascara, Áo thun, Khăn choàng, Khăn choàng",Vincom Plaza Lê Thánh Tông,Hai Phong,"1, Đường Lê Thánh Tông, Phường Ngô Quyền, 18000",400,4.6,mall,20.865844519149213,106.6915297389999
"Nước mắm, Dầu gội, Rau củ quả, Sữa chua, Trứng gà, Ly thủy tinh, Son dưỡng môi, Son dưỡng môi, Giấy vệ sinh, Rau củ quả, Ly thủy tinh",chợ Phú Yên,Hai Phong,"Phố Ngân Sơn, Phường Lê Thanh Nghị, 03118",125,3.5,supermarket,20.935743329870892,106.32798634917194
"Túi đựng rác, Dầu ăn, Ly thủy tinh, Giấy vệ sinh, Nước lau sàn, Bàn chải, Cà phê hòa tan, Thịt heo, Cà phê hòa tan, Sữa tắm, Khăn giấy, Dao bếp, Bột ngọt, Kem cạo râu, Gạo, Kem dưỡng da, Muối, Snack, Nước tương",Media Mart,Hai Phong,"Đường nội bộ lô 28 Lê Hồng Phong, Phường Gia Viên, 18000",160,4.3,supermarket,20.85667463814128,106.69888616091721
"Laptop mini, Lược điện, Sách, Đồng hồ, Kính mát, Đồng hồ, Váy dạ hội, Kem nền, Dép sandal, Găng tay, Ba lô thời trang, Túi xách, Túi tote, Kem nền, Son môi, Đồng hồ, Áo sơ mi, Đồng hồ thông minh, Máy sấy tóc",Aeon Mall Hải Phòng - Lê Chân,Hai Phong,"Đường Võ Nguyên Giáp, Phường An Biên, 18000",200,4.3,mall,20.832171111474214,106.68185869017417
"Bơ thực vật, Cà phê hòa tan, Muỗng nĩa, Nước rửa chén, Muối, Nước rửa chén, Đĩa sứ, Gạo, Kem dưỡng da, Dầu ăn, Trà túi lọc, Cá hộp, Kem cạo râu, Bơ thực vật, Trà túi lọc, Dầu gội, Dầu gội, Sữa tươi",Siêu thị Lanchi Mart Chí Linh,Hai Phong,"Đường Nguyễn Trãi, Phường Trần Hưng Đạo",60,3.9,supermarket,21.115491259629994,106.39663485516631
"Quần jean, Quần jean, Nón thời trang, Tai nghe Bluetooth, Quần jean, Bông tai, Ví da, Tai nghe Bluetooth, Laptop mini, Áo khoác, Áo khoác, Giày cao gót, Son môi, Áo khoác, Thắt lưng",Apec Mall,Hai Phong,"Đại lộ Lê Thanh Nghị, Phường Tân Hưng, 03118",350,4.4,mall,20.922051617654493,106.3298355132942
"Nón thời trang, Thắt lưng, Giày thể thao, Vòng tay, Nước hoa, Ba lô thời trang, Đồng hồ, Phấn má, Nước hoa, Đồ chơi trẻ em, Áo khoác, Kem nền, Lược điện, Lược điện, Thắt lưng, Son môi",Vincom Mega Mall Vũ Yên,Hai Phong,"Đường dẫn Cầu Máy Chai, Phường Thủy Nguyên, 04340",350,4.4,mall,20.878314631883597,106.71781855142757
"Muối, Bàn chải, Bột giặt, Bột giặt, Cà phê hòa tan, Giấy vệ sinh, Cá hộp, Cá hộp, Nước mắm, Muối, Sữa chua, Bột giặt, Bông tẩy trang, Dầu ăn, Bơ thực vật, Sữa tắm, Sữa chua",Siêu thị Lan Chi,Ha Nam Province,"Đường Nguyễn Hữu Tiến, Phường Đồng Văn, Tỉnh Ninh Bình, 03513",175,3.6,supermarket,20.643959599999995,105.9247533
"Bột mì, Nước trái cây, Son dưỡng môi, Nước rửa chén, Nước trái cây, Sữa tươi, Khăn giấy, Giấy bọc thực phẩm, Trứng gà, Sữa tắm, Bông tẩy trang, Bơ thực vật, Cà phê hòa tan, Snack, Dao bếp, Muối, Sốt cà chua",VLXD XuânƯớc - Showroom 2,Ha Nam Province,"Lô 1, Đường Nguyễn Hữu Tiến, Phường Hà Nam, Tỉnh Ninh Bình, 03513",75,4.3,supermarket,20.643058700000005,105.91268410000002
"Sữa tươi, Nước trái cây, Nước xả vải, Bột ngọt, Muối, Ngũ cốc ăn sáng, Nước trái cây, Nước xả vải, Nước xả vải, Kem dưỡng da, Cà phê hòa tan, Bột ngọt, Đĩa sứ, Nước mắm, Muỗng nĩa, Nước rửa chén, Dầu gội, Cá hộp",GạchỐp Lát XuânƯớc - Showroom 1,Ha Nam Province,"90, Đường Phạm Ngọc Nhị, Ngọc Động, Phường Hà Nam, Tỉnh Ninh Bình, 03513",85,4.1,supermarket,20.6407287,105.9156643
"Dầu gội, Cà phê lon, Mì ly, Ô dù gấp, Nước suối, Sổ tay nhỏ, Bánh quy, Bánh bao mini, Cà phê lon, Sữa hộp, Pin sạc, Dây sạc điện thoại, Cốc nhựa, Xà phòng tắm, Nước suối, Nước ngọt, Dây sạc điện thoại",Tin Tin Au Vietnam Tourist Shop,Ha Nam Province,"Lê Đức Thọ, Xã Thanh Hà, Tỉnh Ninh Bình",15,4.2,convenience,20.4980698,105.9197658
"Khẩu trang y tế, Rau củ quả, Snack, Dao bếp, Nước trái cây, Trà túi lọc, Ly thủy tinh, Gạo, Rau củ quả, Bông tẩy trang, Snack, Nước trái cây, Nước mắm, Bông tẩy trang, Bột ngọt, Giấy bọc thực phẩm, Giấy vệ sinh, Dầu ăn, Dầu gội",Tiệm Nhà Hiền CN Đồng Văn Xanh,Ha Nam Province,"LK25/27, Phố Đào Duy Từ, Ngọc Động, Phường Hà Nam, Tỉnh Ninh Bình, 03513",50,4.1,supermarket,20.641612400000003,105.9085245
"Nước ngọt, Bật lửa, Cốc nhựa, Bật lửa, Kẹo cao su, Găng tay nilon, Sổ tay nhỏ, Túi nylon, Bóng đèn LED mini, Kẹo cao su, Mì ly, Bút bi, Bút bi, Khăn ướt, Nước tăng lực, Sổ tay nhỏ, Khẩu trang y tế",WinMart+,Ha Nam Province,"Đường Nguyễn Văn Trỗi, Phường Phủ Lý, Tỉnh Ninh Bình",10,3.8,convenience,20.5403214,105.9149816
"Gối cổ du lịch, Mì gói, Bao rác, Bánh snack, Muỗng nhựa, Bóng đèn LED mini, Khẩu trang y tế, Sổ tay nhỏ, Bánh snack, Bánh snack, Pin sạc, Mì gói, Bánh bao mini, Mì ly, Kẹo cao su, Bóng đèn LED mini",Chợ Hồng Thuận,Nam Dinh Province,"489, Giao Thiện, Tỉnh Ninh Bình",15,4.3,convenience,20.264606599999997,106.4877333
"Khoai tây chiên, Bánh snack, Găng tay nilon, Lăn khử mùi, Sữa hộp, Xà phòng tắm, Găng tay nilon, Kem đánh răng, Khẩu trang y tế, Dao cạo râu, Cà phê lon, Bánh snack",Vu truong,Nam Dinh Province,"108, Đường Tô Vĩnh Diện, Tỉnh Ninh Bình, 123",15,4.4,convenience,20.2766777,106.3575854
"Nước xả vải, Nước ngọt, Sữa bột trẻ em, Bánh kẹo, Bột giặt, Sữa bột, Bột giặt, Sữa tươi, Nước lau sàn, Dầu gội, Ngũ cốc, Khăn giấy, Sữa chua",Linh sa,Nam Dinh Province,Không rõ,10,3.7,department_store,20.41752139999999,106.14631300000002
"Nước suối, Nước rửa chén, Nước suối, Sữa chua, Nước xả vải, Muối, Thực phẩm đóng hộp, Bình sữa, Kem đánh răng, Bánh ăn dặm",Linh sa,Nam Dinh Province,"Đường N6, Phường Thành Nam, Tỉnh Ninh Bình, 42000",15,3.9,department_store,20.4177108,106.1461192
"Nước lau sàn, Dầu ăn, Sữa tươi, Nước rửa chén, Nước rửa chén, Bình sữa, Trà, Dầu ăn, Tã em bé, Nước lau sàn, Nước suối, Nước rửa chén, Cà phê, Dầu gội",Linh sa,Nam Dinh Province,"Đường Thượng Lỗi, Phường Nam Định, Tỉnh Ninh Bình, 42000",20,4.5,department_store,20.439190899999996,106.1717206
"Nước ngọt, Nước tăng lực, Ô dù gấp, Ô dù gấp, Bàn chải đánh răng, Sổ tay nhỏ, Sổ tay nhỏ, Bàn chải đánh răng, Kẹo, Dao cạo râu, Cà phê lon, Nước ngọt, Bút bi, Sổ tay nhỏ, Cà phê lon, Mì gói, Pin AA",Linh sa,Nam Dinh Province,"Quốc lộ 10, Phường Thành Nam, Tỉnh Ninh Bình, 42000",15,4,convenience,20.4175952,106.14610200000001
"Bánh bao mini, Kẹo, Ô dù gấp, Dầu gội, Mì gói, Nước tăng lực, Bánh mì sandwich, Bật lửa, Nước tăng lực, Muỗng nhựa, Khăn giấy, Bàn chải đánh răng, Khăn ướt, Bánh snack",Linh saa,Nam Dinh Province,"Đường N6, Phường Thành Nam, Tỉnh Ninh Bình, 42000",10,4.4,convenience,20.4175885,106.1461308
"Sữa tắm, Trà, Sữa bột, Kem đánh răng, Ngũ cốc, Muối, Thực phẩm đóng hộp, Nước ngọt, Dầu gội, Cà phê, Sữa tắm, Gạo, Dầu gội, Kem đánh răng, Sữa bột, Bình sữa, Sữa bột",Linh sa,Nam Dinh Province,"Quốc lộ 10, Phường Thành Nam, Tỉnh Ninh Bình, 42000",20,3.8,department_store,20.417576399999994,106.1461472
"Sữa bột, Khăn ướt, Khăn giấy, Dầu gội, Bình sữa, Muối, Bánh kẹo, Ngũ cốc, Dầu ăn, Nước suối",Cửa hàng Được Huyền,Nam Dinh Province,"69, Đường Vĩnh Mạc, Phường Nam Định, Tỉnh Ninh Bình, 42000",10,4,department_store,20.446115900000002,106.1666546
"Sữa bột, Bột nêm, Cà phê, Bánh kẹo, Mì gói, Nước suối, Kem đánh răng, Dầu gội, Thực phẩm đóng hộp, Sữa tươi, Mì gói",Cửa hàng Dũng Huyền,Nam Dinh Province,"74, Đường Tức Mạc, Phường Nam Định, Tỉnh Ninh Bình, 42000",10,4.5,department_store,20.4418533,106.1716244
"Sữa bột, Khăn ướt, Sữa tươi, Sữa tươi, Kem đánh răng, Trà, Thực phẩm đóng hộp, Sữa tươi, Mì gói, Nước xả vải, Sữa tắm, Nước xả vải, Dầu gội, Cà phê",Cửa hàng Vinh The,Nam Dinh Province,"129, Đường Vĩnh Mạc, Phường Nam Định, Tỉnh Ninh Bình, 42000",15,4.1,department_store,20.448171800000004,106.1653146
"Thực phẩm đóng hộp, Bột nêm, Ngũ cốc, Thực phẩm đóng hộp, Sữa bột trẻ em, Sữa bột trẻ em, Tã em bé, Thực phẩm đóng hộp, Nước suối, Tã em bé, Nước xả vải, Trà, Muối, Đường, Nước rửa chén",CH Vinh The,Nam Dinh Province,"129, Đường Vĩnh Mạc, Phường Nam Định, Tỉnh Ninh Bình, 42000",15,4.5,department_store,20.447975699999994,106.1653735
"Kem đánh răng, Nước suối, Bình sữa, Ngũ cốc, Bột nêm, Dầu ăn, Sữa bột trẻ em, Thực phẩm đóng hộp, Sữa tươi, Mì gói, Nước mắm, Nước rửa chén",Huệ cúc,Nam Dinh Province,"kiot 1 ga ND, Trần Đăng Ninh, Phường Nam Định, Tỉnh Ninh Bình, 42000",20,3.7,department_store,20.421769200000004,106.1644613
"Sữa bột, Ngũ cốc, Sữa tắm, Nước rửa chén, Thực phẩm đóng hộp, Muối, Ngũ cốc, Trà, Dầu gội, Nước ngọt, Bột nêm, Sữa tươi, Bình sữa, Bánh kẹo, Sữa tươi, Sữa chua",Cửa hàng Cường Linh,Nam Dinh Province,"92, Mạc Thị Bưởi, Phường Nam Định, Tỉnh Ninh Bình, 42000",10,4.5,department_store,20.4346803,106.1749155
"Bình sữa, Muối, Sữa tắm, Bánh ăn dặm, Sữa tươi, Gạo, Bình sữa, Sữa tắm, Nước xả vải, Dầu gội, Sữa tươi, Nước ngọt, Sữa chua, Khăn giấy, Khăn ướt",Cửa hàng Hà Vân,Nam Dinh Province,"39, Hưng Yên, Phường Nam Định, Tỉnh Ninh Bình, 42000",15,3.7,department_store,20.431919000000004,106.1723879
"Bột giặt, Sữa bột trẻ em, Bánh kẹo, Đường, Bánh kẹo, Tã em bé, Tã em bé, Nước suối, Dầu ăn, Trà, Dầu ăn, Nước rửa chén, Nước lau sàn, Bột giặt, Dầu ăn, Nước lau sàn, Nước ngọt, Khăn giấy",Cửa hàng Chung Thảo,Nam Dinh Province,"169, Hưng Yên, Phường Nam Định, Tỉnh Ninh Bình, 42000",10,3.9,department_store,20.433920300000004,106.1730872
"Dầu gội, Nước ngọt, Giấy vệ sinh, Sữa chua, Muối, Khăn ướt, Trà, Trà, Sữa bột trẻ em, Mì gói, Kem đánh răng, Trà, Nước mắm, Bình sữa, Thực phẩm đóng hộp, Bánh kẹo, Nước mắm, Ngũ cốc, Nước xả vải, Bột giặt",Cửa hàng Thanh Hiền,Nam Dinh Province,"323, Hoàng Văn Thụ, Phường Nam Định, Tỉnh Ninh Bình, 42000",20,3.6,department_store,20.4300519,106.1739304
"Mì gói, Đường, Nước mắm, Muối, Giấy vệ sinh, Khăn giấy, Kem đánh răng, Thực phẩm đóng hộp, Nước rửa chén, Dầu ăn, Thực phẩm đóng hộp, Nước xả vải, Giấy vệ sinh, Kem đánh răng, Sữa bột trẻ em, Nước lau sàn, Bánh kẹo, Bột nêm",CH Tuấn Phương,Nam Dinh Province,"84, Nguyễn Đức Thuận, Phường Nam Định, Tỉnh Ninh Bình, 42000",10,4.3,department_store,20.439430699999996,106.1786404
"Sữa chua, Nước ngọt, Kem đánh răng, Bánh kẹo, Giấy vệ sinh, Mì gói, Bánh ăn dặm, Mì gói, Tã em bé, Khăn ướt, Kem đánh răng, Sữa tắm, Khăn giấy, Nước suối, Tã em bé, Nước mắm, Mì gói, Đường",CH Huyền Đức,Nam Dinh Province,"527, Trường Chinh, Phường Nam Định, Tỉnh Ninh Bình, 42000",10,4.4,department_store,20.437217699999998,106.1797128
"Túi nylon, Bánh mì sandwich, Bật lửa, Túi nylon, Khoai tây chiên, Thịt hộp, Khăn giấy, Ô dù gấp, Bút bi, Nước suối, Bánh mì sandwich, Khăn ướt, Bánh snack, Mì gói, Nước tăng lực, Gối cổ du lịch",Diệp hương,Nam Dinh Province,"Quốc lộ 37B, Tỉnh Ninh Bình, 00000",10,4.1,convenience,20.2904347,106.0985434
"Kem đánh răng, Gạo, Bột nêm, Dầu ăn, Khăn ướt, Cà phê, Trà, Sữa tắm, Bột nêm, Bột nêm, Sữa bột, Sữa bột, Cà phê, Cà phê, Sữa chua, Sữa bột trẻ em, Gạo",Cửa hàng Luật Hiền,Nam Dinh Province,"Đường Trần Hưng Đạo, Tỉnh Ninh Bình",15,3.5,department_store,20.326520400000003,106.0122474
"Trà, Bột giặt, Sữa bột trẻ em, Nước ngọt, Bình sữa, Ngũ cốc, Trà, Ngũ cốc, Gạo, Bánh kẹo",Hương  chí,Nam Dinh Province,"Đinh Đức Thiện, Tỉnh Ninh Bình",10,4.4,department_store,20.287904199999993,106.0837186
"Sữa bột, Giấy vệ sinh, Nước xả vải, Bột giặt, Nước xả vải, Sữa tươi, Bánh ăn dặm, Ngũ cốc, Mì gói, Sữa tươi, Bánh ăn dặm, Trà, Nước xả vải, Thực phẩm đóng hộp, Bột giặt, Nước rửa chén, Muối, Khăn ướt, Nước rửa chén, Nước xả vải",Cửa hàng Huỳnh Phương,Nam Dinh Province,"Đường Trần Hưng Đạo, Tỉnh Ninh Bình",15,3.7,department_store,20.3327142,106.0051843
"Nước xả vải, Giấy vệ sinh, Bột giặt, Nước mắm, Bột nêm, Bột nêm, Dầu gội, Kem đánh răng, Sữa bột trẻ em, Tã em bé, Ngũ cốc, Gạo, Dầu ăn, Cà phê",Hương  chí,Nam Dinh Province,"60, Đinh Đức Thiện, Tỉnh Ninh Bình",20,3.8,department_store,20.287887199999997,106.0837962
"Nước lau sàn, Bình sữa, Nước xả vải, Nước lau sàn, Sữa chua, Nước suối, Gạo, Nước mắm, Nước lau sàn, Sữa tươi, Thực phẩm đóng hộp, Dầu ăn, Kem đánh răng, Mì gói, Nước xả vải, Gạo, Kem đánh răng",Cửa hàng Sáng Phi,Nam Dinh Province,"QL.38B, Yên Phong, Tỉnh Ninh Bình",15,3.8,department_store,20.3222175,105.98591
"Mì gói, Giấy vệ sinh, Sữa tắm, Kem đánh răng, Đường, Dầu ăn, Bánh kẹo, Sữa chua, Giấy vệ sinh, Nước xả vải, Bánh ăn dặm, Sữa chua, Bột nêm, Nước rửa chén",CH Liên Mơ,Nam Dinh Province,"605, Trường Chinh, Phường Nam Định, Tỉnh Ninh Bình, 42000",10,3.9,department_store,20.4384909,106.1811407
"Muối, Khăn ướt, Khăn giấy, Bột nêm, Bột giặt, Mì gói, Sữa bột trẻ em, Khăn ướt, Bánh ăn dặm, Kem đánh răng",CH Quý Ngọ,Nam Dinh Province,"22, Thái Bình, Mỹ Tân, Phường Nam Định, Tỉnh Ninh Bình, 42000",10,4.3,department_store,20.4403881,106.18832010000001
"Sữa bột trẻ em, Nước xả vải, Thực phẩm đóng hộp, Khăn giấy, Sữa bột, Nước rửa chén, Sữa tắm, Sữa tắm, Muối, Sữa bột, Nước xả vải, Kem đánh răng, Mì gói, Sữa tắm, Nước xả vải, Dầu gội, Nước xả vải, Sữa bột trẻ em, Cà phê, Sữa bột",CH Nam Quyên,Nam Dinh Province,"49, Đường 19/5, Phường Nam Định, Tỉnh Ninh Bình, 42000",15,4.3,department_store,20.439493999999996,106.1898932
"Cà phê, Tã em bé, Nước xả vải, Tã em bé, Nước mắm, Sữa tắm, Bột giặt, Sữa chua, Ngũ cốc, Dầu ăn, Nước suối, Sữa bột trẻ em, Nước suối, Sữa bột trẻ em, Dầu ăn, Khăn ướt, Ngũ cốc, Muối, Kem đánh răng",Cửa hàng Hoán Hoa,Nam Dinh Province,"Quốc lô 37B, 38B, Xã Minh Tân, Tỉnh Ninh Bình",15,4.1,department_store,20.3713899,106.0705532
"Nước rửa chén, Bình sữa, Muối, Nước xả vải, Sữa chua, Đường, Sữa tắm, Bột nêm, Khăn ướt, Bánh kẹo, Trà, Ngũ cốc, Sữa tươi, Nước rửa chén, Sữa chua, Sữa chua",Cửa hàng cô Dung,Nam Dinh Province,"Quốc lộ 38B, Tỉnh Ninh Bình",15,4.3,department_store,20.381802999999998,106.0874442
"Khăn giấy, Gạo, Sữa tắm, Muối, Giấy vệ sinh, Dầu ăn, Nước xả vải, Cà phê, Bình sữa, Nước mắm, Nước suối, Ngũ cốc, Giấy vệ sinh, Đường, Khăn giấy, Sữa tắm, Ngũ cốc, Nước lau sàn, Sữa chua, Khăn ướt",CH Bình Nga,Nam Dinh Province,"465, Trần Hưng Đạo, Phường Nam Định, Tỉnh Ninh Bình, 42000",10,3.8,department_store,20.432994399999995,106.1703769
"Bánh kẹo, Bánh ăn dặm, Trà, Khăn giấy, Dầu ăn, Nước lau sàn, Sữa bột trẻ em, Bột nêm, Dầu gội, Sữa tắm, Muối, Nước mắm, Sữa tươi, Sữa bột, Nước suối",CH Nga Sỹ,Nam Dinh Province,"205, Hàn Thuyên, Phường Nam Định, Tỉnh Ninh Bình, 42000",20,4.3,department_store,20.435374699999997,106.1819112
"Khăn giấy, Gạo, Dầu gội, Bột nêm, Bột giặt, Muối, Cà phê, Gạo, Nước ngọt, Tã em bé, Mì gói, Trà, Đường, Sữa chua, Giấy vệ sinh, Sữa bột, Bột giặt, Tã em bé, Khăn giấy, Cà phê",CH Tuấn Hường,Nam Dinh Province,"235B, Minh Khai, Phường Nam Định, Tỉnh Ninh Bình, 42000",10,4.2,department_store,20.434519599999998,106.1828083
"Bánh kẹo, Sữa bột, Dầu ăn, Sữa chua, Giấy vệ sinh, Nước lau sàn, Kem đánh răng, Sữa chua, Khăn ướt, Bột giặt, Bột giặt, Sữa bột trẻ em, Gạo, Tã em bé, Nước mắm, Nước ngọt",CH Hoàng Trung,Nam Dinh Province,"153, Hùng Vương, Phường Nam Định, Tỉnh Ninh Bình, 42000",20,3.6,department_store,20.434814699999993,106.1827881
"Nước rửa chén, Nước lau sàn, Cà phê, Tã em bé, Bột nêm, Trà, Thực phẩm đóng hộp, Gạo, Mì gói, Nước xả vải",CH Marina,Nam Dinh Province,"66, Hàng Cấp, Phường Nam Định, Tỉnh Ninh Bình, 42000",20,4.3,department_store,20.432026899999997,106.1780121
"Nước rửa chén, Mì gói, Giấy vệ sinh, Sữa tươi, Gạo, Nước xả vải, Sữa bột trẻ em, Nước xả vải, Bột nêm, Bột nêm, Tã em bé, Muối, Khăn ướt, Bột nêm",CH Dung Tình,Nam Dinh Province,"196, Quang Trung, Phường Nam Định, Tỉnh Ninh Bình, 42000",15,4.2,department_store,20.431211800000003,106.1758305
"Đường, Trà, Dầu gội, Mì gói, Sữa bột, Mì gói, Đường, Sữa bột trẻ em, Bánh ăn dặm, Nước ngọt, Sữa tươi, Bánh ăn dặm, Tã em bé, Sữa bột trẻ em, Nước rửa chén, Cà phê, Nước ngọt, Nước ngọt, Thực phẩm đóng hộp, Trà",Cửa hàng Mai Tuyền,Nam Dinh Province,"34, Đường Trần Thừa, Phường Nam Định, Tỉnh Ninh Bình, 42000",15,3.9,department_store,20.455708299999998,106.1596509
"Nước suối, Sữa bột, Khăn giấy, Giấy vệ sinh, Sữa chua, Bột nêm, Sữa chua, Tã em bé, Nước ngọt, Đường, Khăn giấy, Nước xả vải",Cửa hàng Hà Anh,Nam Dinh Province,"Quốc lộ 10, Phường Nam Định, Tỉnh Ninh Bình, 42000",10,3.7,department_store,20.4565045,106.1586746
"Nước mắm, Bình sữa, Sữa bột trẻ em, Sữa bột trẻ em, Giấy vệ sinh, Thực phẩm đóng hộp, Sữa tắm, Sữa bột trẻ em, Dầu ăn, Nước lau sàn",CH Chiến Hà,Nam Dinh Province,"6, Phan Chu Trinh, Phường Nam Định, Tỉnh Ninh Bình, 42000",10,4.4,department_store,20.424609999999994,106.1808807
"Trà, Sữa chua, Sữa tươi, Mì gói, Bột giặt, Cà phê, Khăn giấy, Gạo, Bình sữa, Cà phê, Mì gói, Dầu gội, Sữa bột, Nước ngọt, Bánh kẹo, Cà phê, Bánh ăn dặm, Thực phẩm đóng hộp, Gạo",CH Trường Sinh,Nam Dinh Province,"48, Phan Đình Phùng, Phường Nam Định, Tỉnh Ninh Bình, 42000",10,4.5,department_store,20.424481400000005,106.17895930000002
"Bánh kẹo, Sữa tươi, Trà, Khăn giấy, Bánh ăn dặm, Khăn ướt, Dầu ăn, Nước rửa chén, Nước xả vải, Nước ngọt, Đường, Bình sữa, Giấy vệ sinh, Trà, Sữa bột trẻ em, Ngũ cốc, Thực phẩm đóng hộp, Sữa bột, Tã em bé",CH bách hoá,Nam Dinh Province,"52, Minh Khai, Phường Nam Định, Tỉnh Ninh Bình, 42000",10,4.1,department_store,20.4308256,106.17795
"Dầu gội, Ngũ cốc, Trà, Nước lau sàn, Giấy vệ sinh, Sữa bột, Khăn giấy, Đường, Gạo, Khăn giấy, Bánh kẹo, Nước xả vải, Khăn ướt, Sữa bột trẻ em, Sữa tươi, Nước suối",CH Thu Hiền,Nam Dinh Province,"100, Nguyễn Trãi, Phường Nam Định, Tỉnh Ninh Bình, 42000",20,4.1,department_store,20.428008999999996,106.1830893
"Đường, Nước ngọt, Gạo, Giấy vệ sinh, Bột giặt, Sữa tắm, Mì gói, Thực phẩm đóng hộp, Nước ngọt, Bột nêm, Bình sữa, Đường, Ngũ cốc, Sữa bột",CH Minh Hạnh,Nam Dinh Province,"149, Phan Đình Phùng, Phường Nam Định, Tỉnh Ninh Bình, 42000",20,4,department_store,20.4263201,106.1811025
"Sữa bột, Mì gói, Nước mắm, Muối, Nước xả vải, Nước rửa chén, Ngũ cốc, Sữa chua, Khăn giấy, Thực phẩm đóng hộp, Cà phê, Bột giặt, Bình sữa, Nước xả vải, Bột nêm, Nước ngọt, Bột nêm",CH Kiên Huyền,Nam Dinh Province,"5, Phố Hồ Tùng Mậu, Phường Nam Định, Tỉnh Ninh Bình, 42000",20,3.6,department_store,20.425859900000003,106.1788544
"Bột giặt, Bánh ăn dặm, Tã em bé, Nước xả vải, Sữa bột trẻ em, Tã em bé, Tã em bé, Sữa tắm, Sữa tươi, Bột giặt, Bánh kẹo, Bột nêm, Bình sữa, Dầu gội, Thực phẩm đóng hộp, Tã em bé, Nước mắm, Giấy vệ sinh",CH Loan Nhật,Nam Dinh Province,"34, Bến Ngự, Phường Nam Định, Tỉnh Ninh Bình, 42000",20,3.7,department_store,20.4263611,106.1786865
"Trà, Đường, Sữa bột, Nước mắm, Trà, Bánh ăn dặm, Gạo, Đường, Bánh kẹo, Gạo, Dầu ăn",CH Hoàng Hà,Nam Dinh Province,"32, Bến Ngự, Phường Nam Định, Tỉnh Ninh Bình, 42000",10,4,department_store,20.426296,106.1786914
"Khăn giấy, Bột giặt, Nước ngọt, Sữa bột, Nước rửa chén, Nước rửa chén, Gạo, Nước rửa chén, Nước rửa chén, Bình sữa, Sữa chua, Kem đánh răng, Mì gói, Khăn giấy, Dầu ăn, Bột giặt, Dầu gội, Kem đánh răng",CH Loan Nhật,Nam Dinh Province,"34, Bến Ngự, Phường Nam Định, Tỉnh Ninh Bình, 42000",20,4.3,department_store,20.4261425,106.17874070000002
"Dầu ăn, Nước mắm, Trà, Nước xả vải, Muối, Muối, Tã em bé, Đường, Bánh ăn dặm, Nước mắm, Giấy vệ sinh, Bột nêm, Sữa bột, Bột giặt, Đường",CH Tuấn Nhung,Nam Dinh Province,"111, Bến Ngự, Phường Nam Định, Tỉnh Ninh Bình, 42000",20,3.7,department_store,20.426219699999997,106.17889220000002
"Bột giặt, Nước ngọt, Sữa bột trẻ em, Nước ngọt, Nước mắm, Khăn giấy, Tã em bé, Nước suối, Sữa tươi, Tã em bé, Nước xả vải, Sữa bột trẻ em, Bình sữa, Khăn ướt",CH Tuấn Nhung,Nam Dinh Province,"111, Bến Ngự, Phường Nam Định, Tỉnh Ninh Bình, 42000",20,3.6,department_store,20.426164300000003,106.1794579
"Nước xả vải, Khăn ướt, Khăn giấy, Sữa tắm, Sữa tắm, Cà phê, Bánh kẹo, Đường, Khăn ướt, Tã em bé, Sữa tắm",CH Trung Thành,Nam Dinh Province,"71, Hàng Sắt, Phường Nam Định, Tỉnh Ninh Bình, 42000",15,4.2,department_store,20.4283391,106.1768724
"Sữa tắm, Cà phê, Bột nêm, Giấy vệ sinh, Sữa bột trẻ em, Nước lau sàn, Bánh kẹo, Mì gói, Mì gói, Ngũ cốc, Mì gói, Trà, Bình sữa, Nước suối, Kem đánh răng",CH Thanh Hiền,Nam Dinh Province,"3, Lê Quý Đôn, Phường Nam Định, Tỉnh Ninh Bình, 42000",10,3.7,department_store,20.439231499999998,106.17937560000001
"Cà phê, Bánh kẹo, Sữa tươi, Sữa tắm, Khăn giấy, Nước ngọt, Sữa bột, Cà phê, Gạo, Bánh ăn dặm, Dầu gội, Sữa bột trẻ em, Kem đánh răng, Nước lau sàn, Bình sữa, Sữa tắm, Nước ngọt",Cửa hàng Lý Kỳ,Nam Dinh Province,"49, Phù Nghĩa, Phường Nam Định, Tỉnh Ninh Bình, 42000",20,4.2,department_store,20.441661999999997,106.18531540000001
"Dầu gội, Nước lau sàn, Bột nêm, Ngũ cốc, Sữa tươi, Gạo, Sữa bột, Nước ngọt, Nước ngọt, Nước xả vải, Đường, Thực phẩm đóng hộp, Giấy vệ sinh",CH Cô Hương,Nam Dinh Province,"18, Lê Quý Đôn, Phường Nam Định, Tỉnh Ninh Bình, 42000",10,3.7,department_store,20.4379434,106.179756
"Bánh kẹo, Sữa bột trẻ em, Bánh kẹo, Nước lau sàn, Đường, Đường, Khăn ướt, Sữa bột trẻ em, Bình sữa, Sữa chua, Nước ngọt, Bình sữa",CH Toàn Nhạn,Nam Dinh Province,"5, Nguyễn Thi, Phường Nam Định, Tỉnh Ninh Bình, 42000",15,4.4,department_store,20.439193299999996,106.1797485
"Bột nêm, Đường, Sữa chua, Bánh ăn dặm, Bánh kẹo, Trà, Bình sữa, Nước rửa chén, Bánh kẹo, Nước rửa chén, Sữa chua, Kem đánh răng",quán bia Quang Thuỵ,Nam Dinh Province,"ngã 4, Đường Võ Nguyên Giáp, Phường Nam Định, Tỉnh Ninh Bình, 42000",20,3.6,department_store,20.4370333,106.1751859
"Bột giặt, Nước lau sàn, Sữa bột, Khăn ướt, Trà, Sữa bột trẻ em, Sữa tắm, Sữa tắm, Nước xả vải, Bột giặt, Sữa bột trẻ em, Nước mắm, Bình sữa, Bánh ăn dặm",CH Hoà Nga,Nam Dinh Province,"239, Trường Chinh, Phường Nam Định, Tỉnh Ninh Bình, 42000",20,3.6,department_store,20.432554600000003,106.17347
"Khăn giấy, Nước xả vải, Ngũ cốc, Trà, Trà, Khăn ướt, Nước mắm, Bột nêm, Nước xả vải, Khăn giấy, Dầu gội, Kem đánh răng, Sữa tươi, Bột nêm",CH Bảo Ngọc,Nam Dinh Province,"216, Trường Chinh, Phường Nam Định, Tỉnh Ninh Bình, 42000",20,3.9,department_store,20.433225799999995,106.1744446
"Đường, Kem đánh răng, Cà phê, Sữa bột, Thực phẩm đóng hộp, Gạo, Sữa tươi, Mì gói, Sữa chua, Muối, Gạo, Nước suối, Nước rửa chén, Gạo, Ngũ cốc, Gạo, Muối, Sữa tươi, Nước lau sàn, Kem đánh răng",CH Hưng Tiến,Nam Dinh Province,"16, Hùng Vương, Phường Nam Định, Tỉnh Ninh Bình, 42000",15,3.6,department_store,20.430397500000005,106.18689150000002
"Nước lau sàn, Mì gói, Bột nêm, Nước rửa chén, Bánh ăn dặm, Giấy vệ sinh, Sữa bột, Giấy vệ sinh, Bánh kẹo, Kem đánh răng, Giấy vệ sinh, Nước suối, Sữa chua, Dầu ăn, Gạo, Dầu ăn",CH chị Dương,Nam Dinh Province,"115, Hoàng Văn Thụ, Phường Nam Định, Tỉnh Ninh Bình, 42000",15,4.2,department_store,20.425891599999996,106.1780323
"Bánh kẹo, Sữa chua, Ngũ cốc, Sữa bột, Sữa bột trẻ em, Sữa chua, Đường, Khăn giấy, Bánh kẹo, Cà phê",CH Lê Ngà,Nam Dinh Province,"118, Nguyễn Trãi, Phường Nam Định, Tỉnh Ninh Bình, 42000",20,4.2,department_store,20.428033599999996,106.182471
"Sữa bột trẻ em, Bánh kẹo, Khăn giấy, Nước xả vải, Khăn giấy, Bột nêm, Kem đánh răng, Nước lau sàn, Gạo, Mì gói, Muối, Bánh kẹo, Khăn ướt, Nước xả vải, Sữa chua, Giấy vệ sinh, Trà, Bánh ăn dặm",CH Cường Linh,Nam Dinh Province,"92, Mạc Thị Bưởi, Phường Nam Định, Tỉnh Ninh Bình, 42000",20,4.3,department_store,20.43468,106.1747819
"Bánh kẹo, Dầu gội, Khăn ướt, Mì gói, Trà, Nước xả vải, Thực phẩm đóng hộp, Gạo, Khăn ướt, Sữa bột trẻ em, Sữa tắm, Nước rửa chén, Gạo",CH chú Đài,Nam Dinh Province,"77, Trần Thái Tông, Phường Nam Định, Tỉnh Ninh Bình, 42000",20,4.3,department_store,20.437733899999998,106.173309
"Đường, Sữa bột trẻ em, Bột nêm, Nước rửa chén, Đường, Bột giặt, Bánh kẹo, Sữa bột, Bột nêm, Bánh kẹo, Sữa tắm, Nước mắm, Giấy vệ sinh, Trà, Nước lau sàn, Bánh kẹo, Cà phê",Ch chị Liên,Nam Dinh Province,"108, Trần Thái Tông, Phường Nam Định, Tỉnh Ninh Bình, 42000",10,3.9,department_store,20.438637799999995,106.17297890000002
"Dầu gội, Nước suối, Thực phẩm đóng hộp, Nước rửa chén, Ngũ cốc, Dầu gội, Cà phê, Bánh kẹo, Mì gói, Khăn ướt, Nước ngọt, Bánh kẹo, Bánh kẹo, Sữa chua, Bột giặt, Bột giặt, Trà, Nước lau sàn, Khăn ướt",CH 116 Vĩnh Mạc,Nam Dinh Province,"116, Đường Tức Mạc, Phường Nam Định, Tỉnh Ninh Bình, 42000",20,4.4,department_store,20.442750300000004,106.1703062
"Bánh kẹo, Bình sữa, Ngũ cốc, Nước xả vải, Sữa tắm, Gạo, Sữa bột trẻ em, Nước rửa chén, Khăn giấy, Sữa tươi, Kem đánh răng, Dầu gội, Bánh kẹo, Nước ngọt",Ch Thanh Trang,Nam Dinh Province,"134, Đường Tức Mạc, Phường Nam Định, Tỉnh Ninh Bình, 42000",10,4.5,department_store,20.443118299999995,106.1700032
"Cà phê, Mì gói, Thực phẩm đóng hộp, Nước suối, Ngũ cốc, Tã em bé, Sữa bột, Thực phẩm đóng hộp, Dầu gội, Bình sữa, Sữa tắm, Bột giặt, Bánh kẹo, Trà, Sữa chua, Kem đánh răng, Bánh ăn dặm, Nước ngọt, Dầu gội, Dầu gội",CH Thanh Doanh,Nam Dinh Province,"122, Trường Chinh, Phường Nam Định, Tỉnh Ninh Bình, 42000",20,3.7,department_store,20.432008599999993,106.1728899
"Gạo, Bột nêm, Kem đánh răng, Gạo, Đường, Nước rửa chén, Nước lau sàn, Mì gói, Nước lau sàn, Sữa tươi, Dầu gội, Gạo, Bánh ăn dặm, Ngũ cốc, Gạo, Dầu gội",CH cô Yến,Nam Dinh Province,Không rõ,10,4,department_store,20.4323613,106.1785403
"Bánh kẹo, Bánh kẹo, Nước xả vải, Đường, Nước ngọt, Sữa chua, Thực phẩm đóng hộp, Kem đánh răng, Sữa bột, Ngũ cốc, Nước ngọt, Nước mắm",CH Cường Huyền,Nam Dinh Province,"9, Hàng Cấp, Phường Nam Định, Tỉnh Ninh Bình, 42000",10,4.2,department_store,20.4312724,106.17727670000001
"Ngũ cốc, Dầu ăn, Sữa tươi, Nước mắm, Bình sữa, Sữa tươi, Sữa chua, Giấy vệ sinh, Cà phê, Sữa tắm, Nước mắm, Giấy vệ sinh, Gạo",CH Tiên Giang,Nam Dinh Province,"227, Hàn Thuyên, Phường Nam Định, Tỉnh Ninh Bình, 42000",10,4.1,department_store,20.435968899999995,106.1822154
"Đường, Nước suối, Nước ngọt, Nước suối, Ngũ cốc, Mì gói, Bột giặt, Sữa bột, Bột giặt, Bột nêm, Bánh ăn dặm, Sữa bột, Trà, Nước mắm",CH Thanh Thuỷ,Nam Dinh Province,"482, Trường Chinh, Phường Nam Định, Tỉnh Ninh Bình, 42000",10,4.3,department_store,20.440486099999998,106.18420630000001
"Giấy vệ sinh, Nước ngọt, Nước rửa chén, Mì gói, Nước lau sàn, Sữa tắm, Bột nêm, Nước xả vải, Khăn giấy, Trà, Bình sữa, Nước lau sàn, Sữa bột trẻ em, Nước mắm, Sữa tắm",CH cô Hạnh,Nam Dinh Province,"471, Thái Bình, Mỹ Tân, Phường Thiên Trường, Tỉnh Ninh Bình, 42000",10,4.2,department_store,20.445828400000003,106.20106410000001
"Sữa tươi, Sữa chua, Khăn giấy, Cà phê, Bánh ăn dặm, Kem đánh răng, Bột giặt, Sữa tươi, Cà phê, Gạo, Nước xả vải, Bột giặt, Bình sữa, Muối, Sữa bột trẻ em, Bình sữa, Bột nêm, Mì gói",CH Quyết Tâm,Nam Dinh Province,"ngã 3, Old Thái Bình Rd, Mỹ Tân, Phường Thiên Trường, Tỉnh Ninh Bình, 42000",20,3.9,department_store,20.445540099999995,106.2034569
"Khăn ướt, Sữa chua, Trà, Kem đánh răng, Khăn giấy, Dầu gội, Dầu gội, Nước ngọt, Mì gói, Bánh ăn dặm, Mì gói, Bánh ăn dặm, Sữa bột, Nước mắm, Gạo",CH Hoài Thu,Nam Dinh Province,"173, Thái Bình, Mỹ Tân, Phường Thiên Trường, Tỉnh Ninh Bình, 42000",20,3.9,department_store,20.4425813,106.19280080000001
"Ngũ cốc, Gạo, Cà phê, Bột giặt, Giấy vệ sinh, Sữa bột, Bánh ăn dặm, Bột giặt, Nước lau sàn, Tã em bé, Tã em bé, Bột nêm, Bình sữa, Gạo, Gạo",CH Tùng Lâm,Nam Dinh Province,"175, Thái Bình, Mỹ Tân, Phường Thiên Trường, Tỉnh Ninh Bình, 42000",20,4.1,department_store,20.442592799999993,106.1928435
"Đường, Sữa chua, Sữa bột, Nước suối, Sữa tắm, Cà phê, Mì gói, Bột giặt, Dầu gội, Nước lau sàn, Kem đánh răng",CH bác Thìn - Thuyết,Nam Dinh Province,"184, Thái Bình, Mỹ Tân, Phường Nam Định, Tỉnh Ninh Bình, 42000",20,3.8,department_store,20.4415417,106.1908679
"Sữa chua, Nước mắm, Khăn giấy, Sữa bột, Giấy vệ sinh, Dầu gội, Nước lau sàn, Thực phẩm đóng hộp, Tã em bé, Bánh ăn dặm",CH cô Tính - Tuyên,Nam Dinh Province,"59, Lương Văn Can, Phường Nam Định, Tỉnh Ninh Bình, 42000",15,3.7,department_store,20.4426544,106.18704
"Nước rửa chén, Sữa tắm, Thực phẩm đóng hộp, Muối, Tã em bé, Muối, Thực phẩm đóng hộp, Sữa bột, Trà, Nước ngọt, Bột nêm, Dầu ăn, Sữa bột trẻ em, Ngũ cốc, Bột giặt, Kem đánh răng, Đường, Bánh kẹo",CH Vũ Quế,Nam Dinh Province,"331, Giải Phóng, Phường Thành Nam, Tỉnh Ninh Bình, 42000",10,3.9,department_store,20.425863499999995,106.1592805
"Sữa tươi, Nước xả vải, Nước suối, Gạo, Muối, Bột nêm, Dầu ăn, Sữa bột, Khăn giấy, Nước lau sàn, Sữa tắm, Giấy vệ sinh, Gạo, Kem đánh răng, Muối, Sữa tắm, Nước lau sàn",CH chị Liên,Nam Dinh Province,"302, Hùng Vương, Phường Nam Định, Tỉnh Ninh Bình, 42000",15,3.7,department_store,20.436153599999997,106.1812274
"Nước lau sàn, Muối, Bình sữa, Trà, Kem đánh răng, Sữa tươi, Giấy vệ sinh, Nước rửa chén, Mì gói, Nước ngọt, Bánh ăn dặm, Bột giặt",CH bác Hùng,Nam Dinh Province,"347, Giải Phóng, Phường Thành Nam, Tỉnh Ninh Bình, 42000",20,3.7,department_store,20.425575399999992,106.1591677
"Khăn ướt, Bình sữa, Sữa tắm, Bánh ăn dặm, Sữa tắm, Giấy vệ sinh, Khăn ướt, Nước rửa chén, Bình sữa, Dầu gội, Bình sữa, Thực phẩm đóng hộp, Nước mắm, Sữa tắm, Khăn ướt, Sữa tắm, Sữa bột, Tã em bé, Bình sữa, Sữa tắm",CH Thắng Trang,Nam Dinh Province,"60, Giải Phóng, Phường Nam Định, Tỉnh Ninh Bình, 42000",15,3.9,department_store,20.429507,106.1610553
"Bột nêm, Đường, Bột nêm, Sữa chua, Tã em bé, Muối, Nước lau sàn, Nước rửa chén, Sữa chua, Bánh kẹo",CH Hùng Thu,Nam Dinh Province,"342, Giải Phóng, Phường Thành Nam, Tỉnh Ninh Bình, 42000",15,3.7,department_store,20.4232333,106.1587541
"Giấy vệ sinh, Sữa tắm, Khăn giấy, Khăn giấy, Mì gói, Sữa tươi, Sữa tươi, Muối, Tã em bé, Bột nêm, Cà phê, Giấy vệ sinh, Tã em bé, Ngũ cốc, Sữa bột",CH Hùng Mạnh,Nam Dinh Province,"471, Giải Phóng, Phường Thành Nam, Tỉnh Ninh Bình, 42000",10,3.8,department_store,20.4223832,106.1591645
"Nước xả vải, Mì gói, Mì gói, Ngũ cốc, Dầu ăn, Thực phẩm đóng hộp, Bột giặt, Nước suối, Thực phẩm đóng hộp, Tã em bé, Sữa tắm, Mì gói, Bình sữa",CH chị Lan,Nam Dinh Province,"58/192, Đường Trần Huy Liệu, Phường Thành Nam, Tỉnh Ninh Bình, 42000",15,3.6,department_store,20.419761299999994,106.1617658
"Kem đánh răng, Ngũ cốc, Mì gói, Muối, Bột giặt, Giấy vệ sinh, Bánh kẹo, Giấy vệ sinh, Giấy vệ sinh, Sữa bột trẻ em, Kem đánh răng, Đường, Bình sữa, Bột nêm, Thực phẩm đóng hộp, Bánh ăn dặm, Thực phẩm đóng hộp, Sữa tắm, Đường",CH Minh Tân,Nam Dinh Province,"Đường tỉnh 485B, Tỉnh Ninh Bình, 41000",20,3.6,department_store,20.336179999999995,106.1803172
"Bột nêm, Sữa tươi, Đường, Bột giặt, Nước xả vải, Sữa chua, Nước suối, Đường, Nước ngọt, Nước xả vải, Muối, Giấy vệ sinh, Bột giặt, Sữa tươi, Dầu gội",Pampi,Nam Dinh Province,"32, Phù Nghĩa, Phường Nam Định, Tỉnh Ninh Bình, 42000",10,4.1,department_store,20.4420849,106.1848928
"Túi nylon, Cà phê lon, Mì ly, Cà phê lon, Bật lửa, Bàn chải đánh răng, Bật lửa, Khăn giấy, Mì ly, Bút bi, Kem đánh răng, Dầu gội, Bánh bao mini, Túi nylon, Bánh mì sandwich, Cốc nhựa",Hương xuân,Nam Dinh Province,"Quốc lộ 21, Hưng Lộc, Phường Mỹ Lộc, Tỉnh Ninh Bình",20,4.1,convenience,20.4412265,106.0958206
"Khăn ướt, Thực phẩm đóng hộp, Khăn ướt, Sữa bột, Ngũ cốc, Khăn giấy, Gạo, Đường, Nước ngọt, Bánh ăn dặm, Bột nêm, Bột giặt, Thực phẩm đóng hộp, Nước mắm, Gạo, Bánh ăn dặm",Cửa hàng Hoàn Xuyến,Nam Dinh Province,"Đại lộ Thiên Trường, Hưng Lộc, Phường Mỹ Lộc, Tỉnh Ninh Bình",20,4.2,department_store,20.447953199999997,106.1139939
"Đường, Ngũ cốc, Kem đánh răng, Gạo, Tã em bé, Dầu gội, Sữa tắm, Mì gói, Trà, Dầu gội, Nước ngọt, Sữa chua, Sữa tươi, Bột giặt, Bột giặt, Gạo, Dầu gội, Sữa tươi, Sữa tươi, Nước ngọt",Cửa hàng Nga Tính,Nam Dinh Province,"Đại lộ Thiên Trường, Hưng Lộc, Phường Mỹ Lộc, Tỉnh Ninh Bình",20,4.4,department_store,20.4482092,106.11315350000001
"Sữa tắm, Sữa bột, Nước xả vải, Mì gói, Nước mắm, Muối, Mì gói, Tã em bé, Sữa tắm, Thực phẩm đóng hộp",CH Sơn Lam,Nam Dinh Province,"116, Đường tỉnh 490C, Tỉnh Ninh Bình, 41000",15,3.7,department_store,20.2433809,106.1798612
"Tã em bé, Bình sữa, Nước ngọt, Khăn ướt, Nước suối, Ngũ cốc, Cà phê, Thực phẩm đóng hộp, Đường, Bột giặt, Dầu ăn",CH Thanh Bình,Nam Dinh Province,"đội 12, QL.37B cũ, Tỉnh Ninh Bình, 07400",10,3.9,department_store,20.237067599999996,106.13470860000001
"Sữa tắm, Bột nêm, Sữa chua, Cà phê, Đường, Ngũ cốc, Sữa bột, Tã em bé, Bánh kẹo, Gạo, Mì gói",CH Hương Biên,Nam Dinh Province,"CT.08, Tỉnh Ninh Bình, 07400",20,4.1,department_store,20.245875799999993,106.1610547
"Nước suối, Nước suối, Thực phẩm đóng hộp, Đường, Ngũ cốc, Bột giặt, Nước lau sàn, Sữa bột, Thực phẩm đóng hộp, Dầu gội, Sữa tươi, Mì gói, Gạo, Nước lau sàn, Nước ngọt, Khăn ướt, Mì gói, Gạo, Nước mắm",CH Hải Yến,Nam Dinh Province,"QL.37B cũ, Tỉnh Ninh Bình",10,4.3,department_store,20.2541396,106.1215697
"Ngũ cốc, Khăn ướt, Tã em bé, Giấy vệ sinh, Trà, Nước rửa chén, Đường, Sữa chua, Bánh ăn dặm, Khăn ướt, Nước suối, Mì gói, Nước suối, Bột giặt, Nước ngọt, Bánh ăn dặm, Bánh ăn dặm, Cà phê, Thực phẩm đóng hộp, Khăn giấy",CH Hoàn Hảo,Nam Dinh Province,"CT.08, Tỉnh Ninh Bình, 07400",10,4.4,department_store,20.244868499999992,106.1662255
"Ngũ cốc, Khăn ướt, Khăn ướt, Sữa bột, Ngũ cốc, Sữa tươi, Kem đánh răng, Nước mắm, Khăn giấy, Nước ngọt, Mì gói, Dầu gội",Cửa hàng Hoàn Thu,Nam Dinh Province,Không rõ,10,4.2,department_store,20.4577305,106.1324801
"Bột nêm, Muối, Muối, Đường, Bột nêm, Cà phê, Nước lau sàn, Nước ngọt, Kem đánh răng, Bình sữa, Đường, Sữa tắm, Sữa tươi, Tã em bé",Cửa hàng Phương Thoa,Nam Dinh Province,"Quốc lộ 38B, Tỉnh Ninh Bình, 42000",15,3.5,department_store,20.4615448,106.1377275
"Sữa chua, Đường, Muối, Bột giặt, Bánh ăn dặm, Bình sữa, Nước lau sàn, Khăn giấy, Thực phẩm đóng hộp, Ngũ cốc, Nước xả vải, Trà, Bột giặt, Bột nêm, Nước xả vải, Bột nêm, Dầu gội, Khăn ướt, Kem đánh răng, Nước lau sàn",Cửa hàng Thanh Hà,Nam Dinh Province,"Quốc lộ 38B, Tỉnh Ninh Bình, 42000",10,3.7,department_store,20.4837916,106.13801830000001
"Sữa chua, Snack, Nước lau sàn, Bột mì, Bột mì, Giấy vệ sinh, Nước mắm, Nước mắm, Nước xả vải, Bột giặt",Country,Nam Dinh Province,"Đường Hùng Vương, Tỉnh Ninh Bình, 07400",175,4.2,supermarket,20.2201525,106.1867113
"Kem đánh răng, Trà, Thực phẩm đóng hộp, Bánh kẹo, Tã em bé, Dầu ăn, Bánh kẹo, Cà phê, Bánh kẹo, Bột giặt, Đường, Kem đánh răng",Cửa hàng Lăng Thủy,Nam Dinh Province,"Quốc lộ 38B, Tỉnh Ninh Bình, 42000",15,3.5,department_store,20.4784686,106.1369636
"Dầu ăn, Kem đánh răng, Thực phẩm đóng hộp, Trà, Đường, Mì gói, Bột giặt, Bột nêm, Cà phê, Sữa tắm, Sữa chua",Cửa hàng Thanh Hằng,Nam Dinh Province,"Quốc lộ 38B, Tỉnh Ninh Bình, 42000",20,3.8,department_store,20.484180299999995,106.1366442
"Sữa tươi, Nước ngọt, Sữa chua, Sữa bột trẻ em, Sữa tắm, Bánh kẹo, Bánh kẹo, Bình sữa, Sữa bột trẻ em, Dầu gội, Sữa chua, Bánh ăn dặm, Sữa bột, Giấy vệ sinh, Trà, Nước mắm, Dầu gội, Đường",CH Minh Hạnh,Nam Dinh Province,"Đường tỉnh 490C, Tỉnh Ninh Bình, 41000",10,4.1,department_store,20.245782199999997,106.1793182
"Bánh kẹo, Dầu ăn, Bánh kẹo, Bột nêm, Trà, Nước mắm, Khăn giấy, Bột giặt, Nước suối, Nước suối, Nước lau sàn",CH Toan Chinh,Nam Dinh Province,"Hướng đi Ven Biển --> Lạc Quần --> Nam Định, Xuân Phúc, Tỉnh Ninh Bình",20,4.4,department_store,20.267086999999993,106.33821810000002
"Nước xả vải, Muối, Bình sữa, Muối, Tã em bé, Sữa tươi, Gạo, Nước mắm, Sữa bột trẻ em, Nước lau sàn, Nước rửa chén, Kem đánh răng",CH Khánh Ly,Nam Dinh Province,"Đường Trường Chinh, Xuân Ngọc, Tỉnh Ninh Bình",20,3.8,department_store,20.266844599999995,106.3368718
"Đường, Bột giặt, Trà, Bánh kẹo, Thực phẩm đóng hộp, Nước lau sàn, Nước suối, Sữa bột, Đường, Sữa bột, Khăn ướt, Sữa tắm",CH Thẩm Ngân,Nam Dinh Province,"Hướng đi Ven Biển --> Lạc Quần --> Nam Định, Xuân Phúc, Tỉnh Ninh Bình",20,4.4,department_store,20.269265100000002,106.3417113
"Mì gói, Giấy vệ sinh, Bột nêm, Bánh kẹo, Thực phẩm đóng hộp, Nước mắm, Bánh kẹo, Bánh ăn dặm, Cà phê, Gạo, Gạo, Bột nêm, Trà",CH Mai Khánh,Nam Dinh Province,"Hướng đi Ven Biển --> Lạc Quần --> Nam Định, Xuân Phúc, Tỉnh Ninh Bình",15,3.7,department_store,20.269678600000002,106.34176890000002
"Chai nước, Pin AA, Nước tăng lực, Nước suối, Bánh quy, Pin sạc, Gối cổ du lịch, Nước ngọt, Xà phòng tắm, Cà phê lon, Chai nước",Ba huệ,Nam Dinh Province,"Quốc lộ 21, Tỉnh Ninh Bình",15,4.4,convenience,20.028176899999995,106.20894570000002
"Bánh snack, Xà phòng tắm, Bánh mì sandwich, Sữa chua uống, Bánh mì sandwich, Bánh quy, Nước suối, Xà phòng tắm, Bánh quy, Sữa hộp, Nước suối, Bánh quy, Nước suối",Ba huệ,Nam Dinh Province,"Quốc lộ 21, Tỉnh Ninh Bình",10,3.5,convenience,20.028464099999997,106.2093103
"Nước tăng lực, Nước suối, Chai nước, Cốc nhựa, Khoai tây chiên, Xà phòng tắm, Mì ly, Dầu gội, Trà đóng chai, Khẩu trang y tế, Xà phòng tắm, Kẹo cao su, Mì gói, Mì gói, Khẩu trang y tế, Gối cổ du lịch",Thành nam,Nam Dinh Province,"Quốc lộ 21, Tỉnh Ninh Bình",20,4.5,convenience,20.0248847,106.2182672
"Khăn ướt, Bánh snack, Bánh bao mini, Nước ngọt, Dao cạo râu, Kẹo cao su, Trà đóng chai, Túi nylon, Ô dù gấp, Bóng đèn LED mini, Lăn khử mùi, Dao cạo râu, Chai nước, Bao rác, Lăn khử mùi, Găng tay nilon",Vĩ toan,Nam Dinh Province,"Đê biển, Tỉnh Ninh Bình",20,3.6,convenience,20.035437599999995,106.2183115
"Giấy vệ sinh, Dầu ăn, Nước xả vải, Sốt cà chua, Muối, Giấy bọc thực phẩm, Bơ thực vật, Sữa chua, Gạo, Bột ngọt, Đĩa sứ, Giấy bọc thực phẩm, Khăn giấy, Kem cạo râu, Khẩu trang y tế, Nước mắm, Son dưỡng môi, Nước mắm, Thịt heo, Dầu gội","siêu thị Mini Tân Hạnh, tổ 14 TT Xuân Trường",Nam Dinh Province,"Đường Trường Chinh, Xuân Ngọc, Tỉnh Ninh Bình",155,3.8,supermarket,20.274079699999998,106.3303666
"Thực phẩm đóng hộp, Mì gói, Bột giặt, Bột giặt, Nước suối, Mì gói, Sữa tươi, Bình sữa, Dầu gội, Bánh ăn dặm, Đường, Sữa tắm, Muối, Ngũ cốc, Muối, Trà, Nước lau sàn, Khăn ướt",siêu thị Mini Tân Hạnh,Nam Dinh Province,"Đường Trường Chinh, Xuân Ngọc, Tỉnh Ninh Bình",15,4.1,department_store,20.2718963,106.3299346
"Thực phẩm đóng hộp, Ngũ cốc, Muối, Ngũ cốc, Bột nêm, Cà phê, Mì gói, Ngũ cốc, Tã em bé, Sữa chua, Khăn ướt, Sữa bột trẻ em, Khăn giấy, Dầu ăn",CH chị Khuyên (gần nhà thờ),Nam Dinh Province,"Đường Trường Chinh, Xuân Ngọc, Tỉnh Ninh Bình",20,4.4,department_store,20.271315099999995,106.3385141
"Sữa bột trẻ em, Mì gói, Bột nêm, Ngũ cốc, Nước ngọt, Mì gói, Muối, Ngũ cốc, Đường, Cà phê, Nước suối, Gạo, Dầu ăn, Nước rửa chén, Đường, Cà phê, Nước mắm, Kem đánh răng, Bình sữa, Nước mắm",CH Hà Huyền,Nam Dinh Province,"108, Phù Nghĩa, Phường Nam Định, Tỉnh Ninh Bình, 42000",10,3.7,department_store,20.4443548,106.1843969
"Bánh ăn dặm, Bánh kẹo, Dầu gội, Nước mắm, Đường, Nước rửa chén, Bột nêm, Tã em bé, Gạo, Thực phẩm đóng hộp, Mì gói, Bình sữa, Cà phê",CH Hải Yến,Nam Dinh Province,"106, Phù Nghĩa, Phường Nam Định, Tỉnh Ninh Bình, 42000",10,4.4,department_store,20.4445353,106.184393
"Khăn ướt, Trà, Sữa bột trẻ em, Sữa bột, Sữa bột, Khăn ướt, Trà, Bình sữa, Bột giặt, Bột giặt, Trà",CH Hạnh Vấn,Nam Dinh Province,"23, Bùi Huy Đáp, Phường Nam Định, Tỉnh Ninh Bình, 42000",15,3.9,department_store,20.4438481,106.1834474
"Sữa bột, Gạo, Nước mắm, Dầu ăn, Tã em bé, Muối, Tã em bé, Bột nêm, Cà phê, Giấy vệ sinh, Khăn giấy, Bình sữa, Mì gói, Tã em bé, Mì gói, Bình sữa, Nước ngọt, Sữa chua, Bột nêm",CH cô Hà,Nam Dinh Province,"25, Bùi Huy Đáp, Phường Nam Định, Tỉnh Ninh Bình, 42000",10,4,department_store,20.443730999999996,106.1832453
"Nước suối, Bột nêm, Thực phẩm đóng hộp, Thực phẩm đóng hộp, Dầu gội, Sữa chua, Bánh kẹo, Nước rửa chén, Khăn ướt, Bột giặt, Giấy vệ sinh, Nước lau sàn, Nước xả vải, Kem đánh răng, Nước rửa chén",Cửa hàng chị Tươi,Nam Dinh Province,"Đường tỉnh 488B, Tỉnh Ninh Bình",20,3.5,department_store,20.2560184,106.27063810000001
"Muối, Khăn giấy, Dầu ăn, Nước rửa chén, Khăn giấy, Bánh kẹo, Dầu ăn, Dầu ăn, Sữa tươi, Nước suối, Kem đánh răng, Bột giặt, Bình sữa, Bột giặt, Tã em bé, Trà, Thực phẩm đóng hộp, Dầu gội, Sữa bột trẻ em, Gạo",CH Thanhf Nam,Nam Dinh Province,"160, Đường Võ Nguyên Giáp, Xuân Ngọc, Tỉnh Ninh Bình",20,4.3,department_store,20.2917351,106.3367199
"Thực phẩm đóng hộp, Nước mắm, Sữa tươi, Nước lau sàn, Sữa bột, Sữa tươi, Nước xả vải, Cà phê, Ngũ cốc, Sữa chua, Nước xả vải",CH Ngocj Thuy',Nam Dinh Province,"116, Đường Võ Nguyên Giáp, Xuân Ngọc, Tỉnh Ninh Bình",10,3.5,department_store,20.291688999999998,106.3360213
"Trà, Nước ngọt, Thực phẩm đóng hộp, Cà phê, Gạo, Nước suối, Sữa tắm, Nước lau sàn, Nước rửa chén, Gạo, Bình sữa, Sữa bột, Trà, Bột nêm, Khăn ướt",Cafe Moon,Nam Dinh Province,"137, Bến Thóc, Phường Nam Định, Tỉnh Ninh Bình, 42000",20,3.8,department_store,20.422486899999996,106.1759395
"Giấy vệ sinh, Giấy vệ sinh, Mì gói, Khăn ướt, Sữa bột trẻ em, Gạo, Sữa bột, Nước suối, Mì gói, Bình sữa, Kem đánh răng, Dầu ăn, Thực phẩm đóng hộp, Gạo",Cửa hàng Bình Sen,Nam Dinh Province,"Đường Trần Hưng Đạo, Bình Hòa, Tỉnh Ninh Bình",20,3.7,department_store,20.278333199999995,106.4453513
"Sữa chua uống, Ô dù gấp, Kẹo, Khăn giấy, Trà đóng chai, Bật lửa, Bút bi, Bánh quy, Pin sạc, Bánh quy, Cà phê lon, Pin sạc, Sữa hộp, Nước suối",Cửa hàng anh Sơn,Nam Dinh Province,"105, Nguyễn Trãi, Phường Nam Định, Tỉnh Ninh Bình, 42000",10,4.1,convenience,20.427977399999993,106.1829828
"Pin AA, Bàn chải đánh răng, Sổ tay nhỏ, Nước tăng lực, Chai nước, Bao rác, Muỗng nhựa, Bánh mì sandwich, Bánh snack, Kẹo cao su, Bao rác, Bao rác, Nước tăng lực, Bật lửa",Cửa hàng cô yến,Nam Dinh Province,"292, Đường Tức Mạc, Phường Nam Định, Tỉnh Ninh Bình, 42000",15,4.3,convenience,20.447484900000003,106.1645664
"Dây sạc điện thoại, Pin AA, Khoai tây chiên, Bàn chải đánh răng, Bàn chải đánh răng, Dầu gội, Bóng đèn LED mini, Cà phê lon, Bánh quy, Ô dù gấp, Dầu gội, Gối cổ du lịch, Nước suối, Sữa chua uống, Bánh mì sandwich",Hoang hà,Nam Dinh Province,"32, Bến Ngự, Phường Nam Định, Tỉnh Ninh Bình, 42000",20,3.8,convenience,20.42623,106.1786468
"Bàn chải đánh răng, Khăn ướt, Kem đánh răng, Mì ly, Trà đóng chai, Nước suối, Túi nylon, Chai nước, Khẩu trang y tế, Túi nylon, Xà phòng tắm, Sữa chua uống, Nước tăng lực, Khăn giấy, Găng tay nilon, Trà đóng chai, Nước suối, Bánh snack",Trường thi nam định,Nam Dinh Province,"24, Old Thái Bình Rd, Mỹ Tân, Phường Thiên Trường, Tỉnh Ninh Bình, 42000",20,3.5,convenience,20.443402099999993,106.2092194
"Bánh snack, Dầu gội, Khăn giấy, Sổ tay nhỏ, Dây sạc điện thoại, Nước tăng lực, Lăn khử mùi, Bánh snack, Bánh mì sandwich, Găng tay nilon, Gối cổ du lịch, Nước suối, Kẹo, Trà đóng chai",52 nguyễn,Nam Dinh Province,"Phạm Ngũ Lão, Phường Thành Nam, Tỉnh Ninh Bình, 42000",10,4.1,convenience,20.422414900000003,106.1527323
"Xà phòng tắm, Nước suối, Bóng đèn LED mini, Sữa chua uống, Sữa hộp, Mì ly, Bàn chải đánh răng, Mì gói, Khẩu trang y tế, Sổ tay nhỏ, Kẹo, Gối cổ du lịch, Pin sạc, Túi nylon, Bánh mì sandwich, Dầu gội",Cửa hàng anh namn,Nam Dinh Province,"55, Hoàng Diệu, Phường Nam Định, Tỉnh Ninh Bình, 42000",15,4.4,convenience,20.419469499999998,106.16994730000002
"Gối cổ du lịch, Cốc nhựa, Cà phê lon, Sữa chua uống, Gối cổ du lịch, Pin AA, Nước ngọt, Chai nước, Kẹo cao su, Chai nước, Bút bi, Trà đóng chai",Tạp hóa cô Yến,Nam Dinh Province,"292, Đường Vĩnh Mạc, Phường Nam Định, Tỉnh Ninh Bình, 42000",15,4.1,convenience,20.448237600000002,106.1652872
"Găng tay nilon, Ô dù gấp, Dao cạo râu, Ô dù gấp, Sữa chua uống, Bao rác, Kem đánh răng, Khoai tây chiên, Cà phê lon, Pin sạc, Nước tăng lực",Tạp hóa Quyên Minh,Nam Dinh Province,"205, Phù Nghĩa, Phường Nam Định, Tỉnh Ninh Bình, 42000",15,3.7,convenience,20.444859800000003,106.1841578
"Khăn ướt, Muối, Bột nêm, Sữa tắm, Giấy vệ sinh, Dầu ăn, Nước ngọt, Bình sữa, Khăn giấy, Nước ngọt, Giấy vệ sinh, Kem đánh răng, Nước rửa chén, Nước xả vải, Muối, Bình sữa, Nước rửa chén, Bánh kẹo, Sữa tươi",Siêu thị Minh Hòa,Nam Dinh Province,"428, Văn Cao, Phường Trường Thi, Tỉnh Ninh Bình, 42000",20,3.6,department_store,20.4130997,106.1615131
"Khăn giấy, Bột giặt, Nước rửa chén, Sữa tắm, Gạo, Bột nêm, Nước mắm, Ngũ cốc, Dầu ăn, Cà phê, Thực phẩm đóng hộp, Nước ngọt, Bánh ăn dặm, Gạo, Ngũ cốc, Kem đánh răng, Dầu gội, Sữa chua, Sữa tươi",CH Trần Thu Hằng,Nam Dinh Province,"14, Nguyễn Thiện Thuật, Phường Nam Định, Tỉnh Ninh Bình, 42000",10,4,department_store,20.4232636,106.1798369
"Tã em bé, Nước xả vải, Đường, Dầu gội, Trà, Bánh kẹo, Cà phê, Dầu ăn, Nước ngọt, Muối, Bánh kẹo, Ngũ cốc, Bột nêm, Giấy vệ sinh, Mì gói, Cà phê, Sữa bột trẻ em, Cà phê, Giấy vệ sinh",Ch Bình Duật,Nam Dinh Province,"240, Điện Biên, Phường Nam Định, Tỉnh Ninh Bình, 42000",10,4.3,department_store,20.4298837,106.1642983
"Cà phê, Nước mắm, Đường, Sữa tươi, Nước mắm, Thực phẩm đóng hộp, Ngũ cốc, Khăn giấy, Nước lau sàn, Sữa tắm, Giấy vệ sinh, Bình sữa, Trà, Bánh ăn dặm",CH Kim Liên,Nam Dinh Province,"49, Thành Chung, Phường Nam Định, Tỉnh Ninh Bình, 42000",10,4.4,department_store,20.428779399999993,106.1698202
"Sữa tắm, Mì gói, Thực phẩm đóng hộp, Sữa bột trẻ em, Nước ngọt, Trà, Cà phê, Tã em bé, Mì gói, Sữa bột trẻ em, Nước suối, Mì gói, Bánh kẹo, Bánh ăn dặm, Muối, Dầu gội, Kem đánh răng, Nước mắm",Cửa Hàng Chú Dương,Nam Dinh Province,"334, Điện Biên, Phường Nam Định, Tỉnh Ninh Bình, 42000",15,4.1,department_store,20.4303873,106.1624357
"Dây sạc điện thoại, Bánh bao mini, Ô dù gấp, Cốc nhựa, Lăn khử mùi, Sữa hộp, Kẹo cao su, Trà đóng chai, Sổ tay nhỏ, Bánh mì sandwich, Bút bi, Sữa chua uống, Trà đóng chai, Cà phê lon, Ô dù gấp, Bánh snack, Bút bi, Dầu gội",Hồng Long,Nam Dinh Province,"116, Song Hào, Phường Nam Định, Tỉnh Ninh Bình, 42000",20,4.5,convenience,20.4119902,106.16485
"Khăn ướt, Khẩu trang y tế, Nước ngọt, Khoai tây chiên, Bàn chải đánh răng, Bàn chải đánh răng, Ô dù gấp, Nước ngọt, Bút bi, Khoai tây chiên, Nước suối, Nước suối, Gối cổ du lịch, Xà phòng tắm, Cốc nhựa, Muỗng nhựa, Bật lửa",Mạnh Linh,Nam Dinh Province,"Đại lộ Thiên Trường, Hưng Lộc, Phường Mỹ Lộc, Tỉnh Ninh Bình",10,3.9,convenience,20.451663699999997,106.0851126
"Thịt hộp, Bánh bao mini, Bánh bao mini, Khẩu trang y tế, Pin AA, Mì gói, Nước tăng lực, Chai nước, Mì ly, Lăn khử mùi, Thịt hộp, Bao rác, Pin sạc, Sổ tay nhỏ, Mì ly, Cà phê lon, Bánh snack, Sổ tay nhỏ, Bánh quy, Bánh snack",Toàn Hương,Nam Dinh Province,"Đường tỉnh 495, Phường Đông A, Tỉnh Ninh Bình",10,4,convenience,20.4967385,106.1329234
"Cà phê, Bánh kẹo, Bột nêm, Bình sữa, Dầu gội, Cà phê, Muối, Nước ngọt, Bột nêm, Ngũ cốc, Nước lau sàn, Trà, Trà, Tã em bé",CH Việt Xô,Nam Dinh Province,"284, Đặng Xuân Bảng, Phường Vị Khê, Tỉnh Ninh Bình, 42000",15,3.7,department_store,20.413018,106.1877913
"Bình sữa, Dầu ăn, Mì gói, Nước lau sàn, Mì gói, Bột giặt, Muối, Nước suối, Trà, Dầu gội, Bột giặt, Gạo, Ngũ cốc, Đường, Đường, Dầu gội",CH Đức Cường,Nam Dinh Province,"91 Đ, Trần Thánh Tông, Phường Nam Định, Tỉnh Ninh Bình, 42000",15,4.3,department_store,20.4420739,106.18223640000001
"Kẹo cao su, Ô dù gấp, Xà phòng tắm, Dao cạo râu, Dầu gội, Khăn ướt, Bàn chải đánh răng, Bao rác, Trà đóng chai, Kẹo cao su, Bánh snack, Pin sạc",Mai Hoạt,Nam Dinh Province,"Đại An - Đắc Lực, Thành Lợi, Phường Thành Nam, Tỉnh Ninh Bình",20,4,convenience,20.391588099999993,106.1257222
"Giấy bọc thực phẩm, Dầu ăn, Sữa tươi, Nước lau sàn, Son dưỡng môi, Mì gói, Muối, Chảo chống dính, Thớt, Bột mì, Đường",Siêu thị Liễu Đề,Nam Dinh Province,"Đường Phạm Văn Đồng, Tỉnh Ninh Bình, 07400",180,3.6,supermarket,20.2198944,106.1816641
"Găng tay nilon, Găng tay nilon, Nước suối, Khoai tây chiên, Bút bi, Nước suối, Sữa chua uống, Túi nylon, Nước suối, Dao cạo râu, Bánh mì sandwich, Bút bi, Kẹo cao su, Khẩu trang y tế, Pin AA, Bao rác",Mạnh Nga,Nam Dinh Province,"Đường bộ ven biển Nam Định, Tỉnh Ninh Bình",10,4,convenience,20.050676,106.175508
"Nước trái cây, Nước xả vải, Nước rửa chén, Khay nhựa, Thịt heo, Cà phê hòa tan, Chảo chống dính, Snack, Nước rửa chén, Đĩa sứ, Trà túi lọc, Trứng gà, Khăn giấy",Siêu Thị Nghĩa Bình,Nam Dinh Province,"Đường bộ ven biển Nam Định, Tỉnh Ninh Bình",50,3.9,supermarket,20.058048199999998,106.1882895
"Pin AA, Nước tăng lực, Bóng đèn LED mini, Pin sạc, Pin sạc, Găng tay nilon, Mì ly, Xà phòng tắm, Chai nước, Bao rác",Chị Ngoan,Nam Dinh Province,"Đường bộ ven biển Nam Định, Tỉnh Ninh Bình",20,3.9,convenience,20.0109218,106.1745407
"Bóng đèn LED mini, Túi nylon, Bút bi, Nước ngọt, Thịt hộp, Pin sạc, Khoai tây chiên, Bánh mì sandwich, Túi nylon, Dây sạc điện thoại, Khăn giấy, Bàn chải đánh răng, Pin AA, Nước suối",Chị Ngoan,Nam Dinh Province,"Đường tỉnh 490, Tỉnh Ninh Bình",10,3.9,convenience,20.006319199999997,106.1889818
"Sữa bột, Mì gói, Nước xả vải, Khăn ướt, Thực phẩm đóng hộp, Ngũ cốc, Bánh kẹo, Dầu gội, Kem đánh răng, Dầu ăn, Bánh ăn dặm, Nước suối, Nước ngọt, Gạo, Nước mắm, Ngũ cốc",CH Nguyễn Thị Dung,Nam Dinh Province,"38, Đường Hùng Vương, Tỉnh Ninh Bình, 07400",20,3.7,department_store,20.220104,106.1820071
"Bật lửa, Găng tay nilon, Mì ly, Bật lửa, Kẹo cao su, Bút bi, Mì gói, Muỗng nhựa, Túi nylon, Kẹo, Pin sạc, Bao rác, Nước suối, Khẩu trang y tế, Bánh quy, Găng tay nilon",Thanh Thủy,Nam Dinh Province,"Quốc lộ 21, Phường Hồng Quang, Tỉnh Ninh Bình",10,4,convenience,20.384690899999995,106.216252
"Bột nêm, Nước ngọt, Gạo, Sữa tắm, Ngũ cốc, Muối, Nước rửa chén, Khăn ướt, Sữa bột trẻ em, Tã em bé, Bột giặt, Sữa tươi",Sửu Là,Nam Dinh Province,"Quốc lộ 21, Bách Tính, Tỉnh Ninh Bình",10,4.2,department_store,20.3271763,106.259466
"Giấy vệ sinh, Sữa bột, Khăn ướt, Sữa chua, Đường, Nước xả vải, Bánh kẹo, Khăn ướt, Nước ngọt, Ngũ cốc, Dầu gội, Nước mắm, Dầu gội, Khăn ướt, Giấy vệ sinh, Nước rửa chén, Thực phẩm đóng hộp, Nước xả vải, Bột nêm",CH Tuân Huyền,Nam Dinh Province,"xóm 2, Quốc lộ 21, Phường Vị Khê, Tỉnh Ninh Bình",10,4.1,department_store,20.3963666,106.2030265
"Muối, Nước rửa chén, Giấy vệ sinh, Ngũ cốc, Cà phê, Muối, Bánh kẹo, Dầu gội, Gạo, Sữa tắm, Bánh kẹo, Dầu ăn, Thực phẩm đóng hộp, Nước xả vải, Bột nêm, Dầu ăn, Cà phê, Sữa tươi, Nước rửa chén",CH Quyết Thêu,Nam Dinh Province,"Quốc lộ 21, Bách Tính, Tỉnh Ninh Bình",20,4.3,department_store,20.315148,106.2693992
"Đường, Sữa chua, Dầu ăn, Sữa tắm, Nước suối, Sữa tắm, Nước mắm, Sữa tươi, Sữa tắm, Sữa bột trẻ em, Cà phê, Muối, Bột nêm, Tã em bé, Cà phê, Sữa bột trẻ em, Cà phê, Sữa chua, Nước suối, Sữa bột",CH Thu Hiên,Nam Dinh Province,"28, Quốc lộ 21, Bách Tính, Tỉnh Ninh Bình",15,4.3,department_store,20.319538399999992,106.2683582
"Tã em bé, Đường, Nước ngọt, Bánh ăn dặm, Thực phẩm đóng hộp, Sữa chua, Nước ngọt, Kem đánh răng, Nước xả vải, Nước suối, Kem đánh răng, Ngũ cốc, Bánh ăn dặm, Gạo, Cà phê, Ngũ cốc",CH Thu Hải,Nam Dinh Province,"Đường Trường Chinh, Xuân Ngọc, Tỉnh Ninh Bình",20,3.8,department_store,20.2655416,106.3320735
"Bánh quy, Bật lửa, Kẹo cao su, Khăn giấy, Cà phê lon, Gối cổ du lịch, Kẹo cao su, Xà phòng tắm, Kem đánh răng, Pin AA",Hậu Cần,Nam Dinh Province,"Đường tỉnh 489, Xuân Vinh, Tỉnh Ninh Bình",20,3.5,convenience,20.290233700000005,106.3672181
"Sữa chua, Gạo, Đường, Nước lau sàn, Nước lau sàn, Nước xả vải, Thực phẩm đóng hộp, Nước suối, Mì gói, Gạo, Bình sữa, Kem đánh răng, Bột nêm, Khăn giấy, Nước xả vải, Tã em bé",CH Thanh Hằng,Nam Dinh Province,"Quốc lộ 38B, Tỉnh Ninh Bình, 42000",20,3.6,department_store,20.482562999999995,106.1372556
"Nước ngọt, Sổ tay nhỏ, Muỗng nhựa, Khoai tây chiên, Chai nước, Dao cạo râu, Cốc nhựa, Bàn chải đánh răng, Gối cổ du lịch, Trà đóng chai, Gối cổ du lịch, Khoai tây chiên, Xà phòng tắm, Trà đóng chai, Bánh quy, Cà phê lon, Bao rác, Khăn ướt, Khẩu trang y tế",Tuấn Thủy,Nam Dinh Province,"Đại lộ Thiên Trường, Hưng Lộc, Phường Mỹ Lộc, Tỉnh Ninh Bình, 42000",10,4,convenience,20.4520911,106.1148901
"Gạo, Bột giặt, Bánh kẹo, Khăn ướt, Ngũ cốc, Bột nêm, Nước rửa chén, Bột nêm, Gạo, Nước suối, Mì gói, Sữa chua, Nước rửa chén, Sữa bột trẻ em, Gạo",CH Hiệp Nga,Nam Dinh Province,"Quốc lộ 21, Phường Vị Khê, Tỉnh Ninh Bình",10,4.2,department_store,20.4000253,106.2237293
"Dầu gội, Khăn giấy, Nước mắm, Giấy vệ sinh, Bánh ăn dặm, Sữa tươi, Trà, Bánh ăn dặm, Dầu gội, Dầu gội, Sữa bột, Khăn giấy, Dầu ăn, Nước rửa chén, Trà",CH Hiền Khương,Nam Dinh Province,"Quốc lộ 21, Phường Vị Khê, Tỉnh Ninh Bình",20,4,department_store,20.399963799999995,106.2275676
"Bánh ăn dặm, Nước ngọt, Sữa tắm, Đường, Đường, Kem đánh răng, Giấy vệ sinh, Thực phẩm đóng hộp, Nước xả vải, Đường, Bánh kẹo",CH Kiên Thu,Nam Dinh Province,"Quốc lộ 21, Bách Tính, Tỉnh Ninh Bình",10,4.3,department_store,20.378379999999996,106.2624257
"Sữa bột, Bột nêm, Khăn giấy, Ngũ cốc, Dầu gội, Nước ngọt, Kem đánh răng, Nước suối, Sữa tắm, Nước xả vải, Nước rửa chén, Sữa tươi, Mì gói, Thực phẩm đóng hộp",CH Hưởng Là,Nam Dinh Province,"Quốc lộ 21, Bách Tính, Tỉnh Ninh Bình",10,4.4,department_store,20.3345875,106.2528195
"Gạo, Thực phẩm đóng hộp, Bình sữa, Sữa bột, Thực phẩm đóng hộp, Bột giặt, Sữa tươi, Giấy vệ sinh, Muối, Bánh ăn dặm, Trà, Muối, Sữa tươi",CH Quang Vinh,Nam Dinh Province,"Quốc lộ 37B, Tỉnh Ninh Bình, 07618",10,4.2,department_store,20.199344099999998,106.2060566
"Dầu gội, Cà phê, Nước ngọt, Thực phẩm đóng hộp, Sữa tắm, Sữa tắm, Sữa bột trẻ em, Gạo, Bình sữa, Sữa tươi, Gạo, Nước lau sàn, Nước mắm, Tã em bé",CH cô Dung,Nam Dinh Province,"Quốc lộ 37B, Tỉnh Ninh Bình, 07618",15,4.2,department_store,20.200248300000002,106.21617830000001
"Bánh kẹo, Sữa tắm, Dầu ăn, Khăn giấy, Nước suối, Bình sữa, Bình sữa, Ngũ cốc, Kem đánh răng, Dầu ăn, Dầu gội, Khăn giấy, Giấy vệ sinh",CT Liên Tiến,Nam Dinh Province,"66-68, Quang Trung, Phường Nam Định, Tỉnh Ninh Bình, 42000",20,4.5,department_store,20.429639499999993,106.1727467
"Dầu ăn, Gạo, Nước suối, Nước lau sàn, Bình sữa, Thực phẩm đóng hộp, Sữa tắm, Nước xả vải, Giấy vệ sinh, Bánh ăn dặm, Cà phê",CH Hồng Thọ,Nam Dinh Province,"84, Cầu Đò Quan, Phường Nam Định, Tỉnh Ninh Bình, 42000",10,4,department_store,20.4172919,106.1825097
"Thực phẩm đóng hộp, Nước lau sàn, Nước mắm, Nước xả vải, Đường, Sữa bột trẻ em, Dầu gội, Nước xả vải, Bột nêm, Ngũ cốc, Nước xả vải, Muối, Trà, Bánh ăn dặm",CH cô Hồng,Nam Dinh Province,"138, Vũ Hữu Lợi, Phường Nam Định, Tỉnh Ninh Bình, 42000",15,3.5,department_store,20.4137801,106.1802989
"Sữa tắm, Nước lau sàn, Nước xả vải, Trà, Kem đánh răng, Tã em bé, Đường, Kem đánh răng, Nước xả vải, Sữa tắm, Tã em bé, Nước rửa chén, Nước rửa chén, Nước ngọt, Nước lau sàn, Giấy vệ sinh, Giấy vệ sinh, Thực phẩm đóng hộp, Nước xả vải",Ch Oánh Mười,Nam Dinh Province,"Quốc lộ 21, Bách Tính, Tỉnh Ninh Bình",20,4.1,department_store,20.3225124,106.2653365
"Mì gói, Khăn giấy, Bột giặt, Sữa bột, Sữa tươi, Dầu gội, Khăn ướt, Dầu ăn, Bánh kẹo, Bình sữa, Tã em bé, Nước lau sàn, Bột nêm, Muối, Nước lau sàn, Bánh ăn dặm",CH Tâm Châu,Nam Dinh Province,"Quốc lộ 21, Bách Tính, Tỉnh Ninh Bình",15,4.4,department_store,20.325173899999996,106.2632942
"Sữa chua, Nước ngọt, Trà, Bánh kẹo, Nước mắm, Tã em bé, Dầu ăn, Bánh kẹo, Nước mắm, Nước rửa chén, Dầu ăn, Nước suối, Sữa tắm, Gạo, Muối, Kem đánh răng, Khăn giấy, Nước suối, Sữa bột trẻ em, Nước rửa chén",CH cô Xuân,Nam Dinh Province,"480, Điện Biên, Phường Đông A, Tỉnh Ninh Bình, 42000",20,3.8,department_store,20.4317181,106.1572098
"Bánh kẹo, Bánh ăn dặm, Muối, Muối, Nước ngọt, Sữa tắm, Bánh ăn dặm, Cà phê, Nước mắm, Giấy vệ sinh, Nước mắm, Cà phê",CH cô Giao,Nam Dinh Province,"1040, Điện Biên, Phường Đông A, Tỉnh Ninh Bình, 42000",10,3.7,department_store,20.435726599999995,106.1406877
"Cà phê, Giấy vệ sinh, Giấy vệ sinh, Dầu ăn, Mì gói, Sữa chua, Nước rửa chén, Sữa tươi, Cà phê, Bánh ăn dặm, Nước mắm, Dầu gội, Trà, Bình sữa, Gạo, Muối, Nước lau sàn",CH cô May,Nam Dinh Province,"316, Trường Chinh, Phường Nam Định, Tỉnh Ninh Bình, 42000",10,3.7,department_store,20.438110499999997,106.1805563
"Sữa tắm, Sữa bột trẻ em, Kem đánh răng, Thực phẩm đóng hộp, Đường, Ngũ cốc, Dầu ăn, Khăn ướt, Nước suối, Dầu gội, Nước mắm, Giấy vệ sinh, Bột giặt, Bánh ăn dặm, Tã em bé, Nước xả vải, Sữa bột trẻ em, Kem đánh răng, Sữa tắm, Bình sữa",CH Cô Lương,Nam Dinh Province,"34, Mạc Thị Bưởi, Phường Nam Định, Tỉnh Ninh Bình, 42000",20,3.7,department_store,20.432245199999997,106.1787322
"Mì gói, Dầu ăn, Trà, Muối, Ngũ cốc, Sữa bột trẻ em, Gạo, Sữa tắm, Dầu gội, Sữa tươi, Bình sữa, Mì gói",CH Dung Bình,Nam Dinh Province,"Trần Nhân Tông, Phường Nam Định, Tỉnh Ninh Bình, 42000",15,4,department_store,20.4117372,106.1711598
"Đường, Sữa bột trẻ em, Sữa chua, Ngũ cốc, Sữa bột, Ngũ cốc, Trà, Bình sữa, Thực phẩm đóng hộp, Nước rửa chén, Sữa tươi, Mì gói, Giấy vệ sinh, Sữa bột, Kem đánh răng",CH Tài Chi,Nam Dinh Province,"120, Song Hào, Phường Nam Định, Tỉnh Ninh Bình, 42000",15,4.3,department_store,20.412327800000003,106.1647845
"Bánh kẹo, Nước mắm, Sữa tươi, Gạo, Nước ngọt, Bột nêm, Muối, Bánh ăn dặm, Nước suối, Nước xả vải, Nước lau sàn, Dầu ăn, Dầu gội, Dầu gội, Ngũ cốc, Khăn giấy, Thực phẩm đóng hộp, Sữa tắm, Trà",CH chị Lan,Nam Dinh Province,"58, Giải Phóng, Phường Thành Nam, Tỉnh Ninh Bình, 42000",20,4.3,department_store,20.419781600000004,106.1616458
"Cà phê, Bánh kẹo, Nước ngọt, Nước suối, Thực phẩm đóng hộp, Sữa chua, Nước suối, Khăn ướt, Mì gói, Nước suối, Nước xả vải, Sữa tắm, Dầu ăn, Khăn giấy, Nước suối",CH Bích Dũng,Nam Dinh Province,"106, Phạm Ngũ Lão, Phường Thành Nam, Tỉnh Ninh Bình, 42000",20,3.9,department_store,20.423883099999994,106.1543375
"Nước mắm, Nước suối, Bình sữa, Sữa tươi, Sữa tắm, Bánh ăn dặm, Sữa tươi, Mì gói, Sữa chua, Sữa bột, Bột nêm, Nước suối, Kem đánh răng, Nước xả vải, Nước mắm, Nước suối",CH Bản Vân,Nam Dinh Province,"219, Đường Trần Huy Liệu, Phường Thành Nam, Tỉnh Ninh Bình, 42000",15,3.7,department_store,20.4181583,106.1614094
"Bánh ăn dặm, Nước mắm, Đường, Sữa bột trẻ em, Mì gói, Ngũ cốc, Bột giặt, Sữa tươi, Bình sữa, Nước rửa chén, Nước lau sàn, Sữa chua",CH cô Nhung,Nam Dinh Province,"69/192, Ngách 81/102 Đường Trần Huy Liệu, Phường Thành Nam, Tỉnh Ninh Bình, 42000",15,3.7,department_store,20.421228699999997,106.1617257
"Khăn giấy, Gạo, Sữa chua, Thực phẩm đóng hộp, Gạo, Nước rửa chén, Nước mắm, Bánh ăn dặm, Giấy vệ sinh, Bột nêm, Nước suối, Bánh ăn dặm, Kem đánh răng, Khăn giấy, Dầu ăn",CH Phương Thủy,Nam Dinh Province,"455, Đường Trần Huy Liệu, Phường Trường Thi, Tỉnh Ninh Bình, 42000",15,3.9,department_store,20.414998,106.1572251
"Khẩu trang y tế, Khẩu trang y tế, Mì gói, Son dưỡng môi, Nước rửa chén, Ly thủy tinh, Dầu gội, Nước xả vải, Cá hộp, Giấy vệ sinh, Khay nhựa, Trứng gà",Siêu Thị Minh Hoà,Nam Dinh Province,"428, Văn Cao, Phường Nam Định, Tỉnh Ninh Bình, 42000",65,4,supermarket,20.4166557,106.1653422
"Ngũ cốc, Khăn giấy, Đường, Kem đánh răng, Bình sữa, Sữa tươi, Gạo, Đường, Khăn ướt, Nước suối",CH bác Đức,Nam Dinh Province,"62, Trần Bích San, Phường Nam Định, Tỉnh Ninh Bình, 42000",15,4.2,department_store,20.4120297,106.167694
"Bột giặt, Bột nêm, Sữa bột, Sữa tươi, Sữa tươi, Bánh kẹo, Nước xả vải, Nước lau sàn, Thực phẩm đóng hộp, Ngũ cốc",CH Kim Huế,Nam Dinh Province,"Nguyễn Văn Trỗi, Phường Nam Định, Tỉnh Ninh Bình, 42000",15,4.1,department_store,20.4155621,106.1692921
"Nước mắm, Nước rửa chén, Muối, Nước suối, Bánh kẹo, Bánh ăn dặm, Trà, Dầu gội, Thực phẩm đóng hộp, Nước rửa chén, Sữa tươi, Ngũ cốc, Dầu ăn",CH Nhẫn Điển,Nam Dinh Province,"Quốc lộ 10, Thành Lợi, Phường Trường Thi, Tỉnh Ninh Bình, 00000",10,4,department_store,20.3774416,106.1338452
"Giấy bọc thực phẩm, Kem cạo râu, Bột giặt, Mì gói, Giấy vệ sinh, Ngũ cốc ăn sáng, Nước tương, Mì gói, Nước lau sàn, Nước xả vải, Sữa tắm, Khay nhựa, Bàn chải, Bơ thực vật, Thớt",SThi Family,Nam Dinh Province,"Quốc lộ 10, Phường Trường Thi, Tỉnh Ninh Bình, 00000",135,4,supermarket,20.3553035,106.1203927
"Dầu ăn, Nước ngọt, Dầu ăn, Khăn giấy, Bánh ăn dặm, Khăn giấy, Dầu gội, Nước ngọt, Dầu ăn, Gạo",CH Bá Tuyết,Nam Dinh Province,"Quốc lộ 10, Tỉnh Ninh Bình, 00000",10,4,department_store,20.3433216,106.1120182
"Sữa bột trẻ em, Nước ngọt, Đường, Sữa bột, Đường, Khăn giấy, Nước lau sàn, Giấy vệ sinh, Bánh kẹo, Bánh ăn dặm, Bánh kẹo, Đường, Sữa chua, Mì gói, Sữa chua, Nước lau sàn, Sữa bột, Bánh kẹo",CH Tuấn Hạnh,Nam Dinh Province,"Quốc lộ 10, Tỉnh Ninh Bình, 00000",10,3.8,department_store,20.342916099999993,106.1121273
"Sữa tươi, Giấy vệ sinh, Khăn giấy, Trà, Bột giặt, Sữa bột trẻ em, Bột nêm, Nước suối, Sữa tắm, Trà, Nước rửa chén, Khăn ướt",CH Hưng Thoa,Nam Dinh Province,"Quốc lộ 38B, Tỉnh Ninh Bình",10,4,department_store,20.382527199999995,106.0926973
"Sữa chua, Tã em bé, Gạo, Đường, Sữa bột trẻ em, Nước lau sàn, Bánh ăn dặm, Thực phẩm đóng hộp, Kem đánh răng, Sữa bột, Nước rửa chén, Gạo, Cà phê, Sữa chua, Dầu gội, Khăn ướt",CH Đức Suốt,Nam Dinh Province,"Quốc lộ 38B, Tỉnh Ninh Bình",15,4.1,department_store,20.381750899999993,106.089168
"Sữa tắm, Bình sữa, Cà phê, Bột nêm, Bình sữa, Giấy vệ sinh, Nước ngọt, Tã em bé, Muối, Tã em bé, Giấy vệ sinh, Sữa tắm, Nước xả vải, Nước suối, Trà, Thực phẩm đóng hộp, Khăn ướt, Mì gói",CH Thuý Cường,Nam Dinh Province,"835, Đường Trần Huy Liệu, Phường Thành Nam, Tỉnh Ninh Bình, 42000",20,4.2,department_store,20.4101286,106.1470583
"Khăn giấy, Nước lau sàn, Giấy vệ sinh, Dầu ăn, Nước suối, Bánh kẹo, Sữa tươi, Bột nêm, Sữa bột trẻ em, Dầu ăn, Sữa chua, Muối, Bột giặt, Thực phẩm đóng hộp, Khăn ướt, Tã em bé",CH chị Linh,Nam Dinh Province,"1241, Đường Trần Huy Liệu, Phường Thành Nam, Tỉnh Ninh Bình, 42000",15,4.2,department_store,20.404758500000003,106.1356396
"Dầu gội, Sữa bột trẻ em, Sữa tắm, Sữa chua, Khăn giấy, Sữa bột, Cà phê, Thực phẩm đóng hộp, Trà, Nước rửa chén, Sữa chua, Bình sữa, Trà",Hoán Hoa,Nam Dinh Province,"Quốc lô 37B, 38B, Xã Minh Tân, Tỉnh Ninh Bình",15,4.2,department_store,20.3713002,106.0705339
"Sữa bột, Bình sữa, Sữa tươi, Khăn giấy, Nước lau sàn, Nước mắm, Sữa bột, Bình sữa, Giấy vệ sinh, Gạo, Sữa tươi, Sữa tươi, Nước lau sàn, Tã em bé",Nam Hiền,Nam Dinh Province,"Quốc lô 37B, Tỉnh Ninh Bình",20,3.7,department_store,20.360814299999998,106.0757739
"Kem đánh răng, Sữa tắm, Bánh kẹo, Bánh ăn dặm, Nước xả vải, Khăn giấy, Sữa chua, Nước mắm, Sữa chua, Dầu gội, Nước mắm, Đường, Sữa tươi, Nước xả vải, Trà, Đường",Ân Nương,Nam Dinh Province,"136, Quốc lộ 10, Tỉnh Ninh Bình",20,3.8,department_store,20.3307566,106.0723469
"Bột nêm, Thực phẩm đóng hộp, Bánh ăn dặm, Muối, Khăn giấy, Bình sữa, Sữa chua, Đường, Trà, Đường, Thực phẩm đóng hộp, Giấy vệ sinh, Dầu gội, Sữa bột trẻ em, Cà phê, Nước ngọt, Cà phê, Thực phẩm đóng hộp",Chung Tuyên,Nam Dinh Province,"Quốc lộ 37B, Tỉnh Ninh Bình, 00000",20,3.9,department_store,20.3305293,106.080896
"Ngũ cốc, Giấy vệ sinh, Sữa bột, Sữa chua, Ngũ cốc, Ngũ cốc, Sữa chua, Sữa tắm, Muối, Sữa tươi, Nước rửa chén, Muối, Cà phê, Sữa bột trẻ em, Bánh kẹo",CH Trang Lương,Nam Dinh Province,"44, Trần Đăng Ninh, Phường Nam Định, Tỉnh Ninh Bình, 42000",10,4.1,department_store,20.425226999999996,106.1661874
"Khăn ướt, Gạo, Trà, Kem đánh răng, Nước xả vải, Tã em bé, Ngũ cốc, Sữa chua, Nước rửa chén, Muối, Gạo, Mì gói, Muối, Sữa bột, Khăn ướt, Khăn giấy, Khăn ướt, Nước xả vải",CH cô Nga - 791 Vũ Hữu Lợi,Nam Dinh Province,"791, Vũ Hữu Lợi, Phường Vị Khê, Tỉnh Ninh Bình, 42000",20,3.8,department_store,20.398055000000003,106.1801629
"Sữa bột, Khăn giấy, Sữa tắm, Sữa tắm, Gạo, Sữa bột, Dầu gội, Sữa tắm, Ngũ cốc, Khăn giấy, Muối, Cà phê, Ngũ cốc, Giấy vệ sinh",CH Hùng Huế,Nam Dinh Province,"Phố Lý Tự Trọng, Phường Thành Nam, Tỉnh Ninh Bình, 42000",10,4.2,department_store,20.416355400000004,106.1493009
"Khăn ướt, Mì gói, Gạo, Sữa bột trẻ em, Ngũ cốc, Đường, Đường, Dầu ăn, Cà phê, Dầu ăn, Dầu ăn, Sữa tươi, Bánh kẹo, Nước mắm, Nước rửa chén, Sữa chua, Sữa tắm, Bột giặt, Nước ngọt, Sữa bột trẻ em",CH Đức Tân,Nam Dinh Province,"Quốc lộ 38B, Tỉnh Ninh Bình",15,3.7,department_store,20.3855986,106.0893192
"Khăn ướt, Bình sữa, Muối, Bột giặt, Ngũ cốc, Bánh kẹo, Nước xả vải, Muối, Bột nêm, Kem đánh răng, Tã em bé, Sữa bột, Bánh ăn dặm, Nước mắm, Muối, Nước lau sàn",CH Mạnh Linh,Nam Dinh Province,"Quốc lộ 21, Mỹ Thuận, Tỉnh Ninh Bình",10,3.8,department_store,20.446284200000004,106.0765912
"Sữa bột trẻ em, Sữa bột trẻ em, Sữa tắm, Nước rửa chén, Kem đánh răng, Ngũ cốc, Nước lau sàn, Sữa bột, Ngũ cốc, Khăn ướt, Sữa bột trẻ em, Tã em bé, Kem đánh răng, Cà phê, Nước mắm, Ngũ cốc, Bột nêm, Nước lau sàn, Tã em bé",CH Hồng Quang,Nam Dinh Province,"5, Bến Thóc, Phường Nam Định, Tỉnh Ninh Bình, 42000",15,3.5,department_store,20.420363799999997,106.1775288
"Dầu gội, Kem đánh răng, Nước xả vải, Bánh ăn dặm, Dầu gội, Cà phê, Nước mắm, Kem đánh răng, Sữa tươi, Nước rửa chén, Nước lau sàn, Nước xả vải, Bánh kẹo, Ngũ cốc, Thực phẩm đóng hộp, Giấy vệ sinh, Nước xả vải",CH Cường Thuận,Nam Dinh Province,"Cửa Trường, Phường Nam Định, Tỉnh Ninh Bình, 42000",20,4.1,department_store,20.4204965,106.1761056
"Tã em bé, Bánh kẹo, Sữa tươi, Khăn giấy, Nước suối, Cà phê, Nước lau sàn, Bánh kẹo, Bình sữa, Sữa chua, Sữa chua, Trà, Tã em bé",CH Lan Thanh,Nam Dinh Province,"1/166, Trần Quang Khải, Phường Nam Định, Tỉnh Ninh Bình, 42000",10,4.2,department_store,20.418111100000004,106.1715162
"Bánh kẹo, Sữa bột, Bánh kẹo, Cà phê, Đường, Gạo, Nước lau sàn, Tã em bé, Nước ngọt, Mì gói, Sữa chua, Bình sữa, Nước suối, Cà phê, Sữa chua",CH Bích Thể,Nam Dinh Province,"57, Tràng Thi, Phường Nam Định, Tỉnh Ninh Bình, 42000",20,3.8,department_store,20.420154199999995,106.165067
"Ngũ cốc, Nước xả vải, Khăn ướt, Muối, Bánh kẹo, Tã em bé, Bột giặt, Tã em bé, Gạo, Nước ngọt",CH Hiền Ái,Nam Dinh Province,"Đường Lương Xá, Phường Đông A, Tỉnh Ninh Bình, 42000",20,4.3,department_store,20.431131599999997,106.1351155
"Nước mắm, Bình sữa, Muối, Cà phê, Bột giặt, Bột nêm, Nước mắm, Mì gói, Mì gói, Nước xả vải, Bột nêm, Khăn giấy, Khăn ướt, Trà, Bánh ăn dặm, Bánh ăn dặm, Trà",CH Huyền Hường,Nam Dinh Province,"Đường tỉnh 486B, Tỉnh Ninh Bình",10,4.3,department_store,20.401682699999995,106.0646085
"Nước suối, Ngũ cốc, Bánh kẹo, Sữa bột, Kem đánh răng, Nước xả vải, Sữa tắm, Nước mắm, Nước ngọt, Nước suối, Sữa tươi, Bột nêm, Nước suối, Tã em bé, Nước suối",CH Tuấn Hoà,Nam Dinh Province,"Quốc lộ 38B, Tỉnh Ninh Bình",15,3.5,department_store,20.376532499999993,106.0957089
"Đường, Nước lau sàn, Sữa tươi, Nước xả vải, Nước mắm, Bình sữa, Bột giặt, Dầu ăn, Khăn giấy, Giấy vệ sinh, Bánh kẹo, Nước mắm, Giấy vệ sinh, Gạo, Bình sữa, Tã em bé, Sữa bột trẻ em, Nước suối, Bột giặt",CH Mai Hoạt,Nam Dinh Province,"Đại An - Đắc Lực, Thành Lợi, Phường Thành Nam, Tỉnh Ninh Bình",10,4.2,department_store,20.3915145,106.1256917
"Sữa tắm, Nước suối, Bình sữa, Bình sữa, Mì gói, Sữa tươi, Cà phê, Bột nêm, Sữa chua, Nước ngọt, Tã em bé, Bánh ăn dặm, Kem đánh răng, Khăn giấy, Sữa tươi, Dầu ăn, Mì gói",CH Hồng Xuân,Nam Dinh Province,"686, Đặng Xuân Bảng, Phường Vị Khê, Tỉnh Ninh Bình, 42000",10,3.8,department_store,20.4199783,106.18279820000001
"Dầu gội, Nước ngọt, Cà phê, Nước mắm, Khăn ướt, Nước mắm, Cà phê, Sữa chua, Sữa bột trẻ em, Sữa tắm, Nước suối, Khăn giấy, Bột nêm, Giấy vệ sinh, Bột giặt, Nước suối, Sữa bột, Ngũ cốc, Dầu gội",bà Thêu,Nam Dinh Province,"Quốc lộ 21, Phường Vị Khê, Tỉnh Ninh Bình",20,3.7,department_store,20.397538999999995,106.2023894
"Dầu gội, Sữa bột trẻ em, Nước suối, Tã em bé, Kem đánh răng, Bình sữa, Nước suối, Sữa tắm, Dầu ăn, Nước ngọt, Giấy vệ sinh, Ngũ cốc, Cà phê, Nước xả vải",CH cô Tám,Nam Dinh Province,"Văn Cao, Phường Trường Thi, Tỉnh Ninh Bình, 42000",20,4.2,department_store,20.410478299999994,106.1592345
"Nước mắm, Gạo, Kem đánh răng, Bánh ăn dặm, Bột giặt, Khăn giấy, Muối, Dầu gội, Nước ngọt, Tã em bé, Dầu ăn, Khăn giấy, Ngũ cốc, Nước lau sàn, Thực phẩm đóng hộp",CH Thắm Hường,Nam Dinh Province,"34, Song Hào, Phường Nam Định, Tỉnh Ninh Bình, 42000",20,3.7,department_store,20.410382400000003,106.1669143
"Dầu gội, Rau củ quả, Ly thủy tinh, Son dưỡng môi, Snack, Snack, Nước trái cây, Trà túi lọc, Bơ thực vật, Bơ thực vật, Bơ thực vật, Kem cạo râu, Bông tẩy trang, Sữa tươi, Dầu gội, Bột ngọt, Khăn giấy, Kem dưỡng da, Đường, Giấy bọc thực phẩm",Vinamart,Nam Dinh Province,"Nguyễn Công Trứ, Phường Đông A, Tỉnh Ninh Bình, 42000",185,3.8,supermarket,20.432821600000008,106.1550683
"Ly thủy tinh, Bột giặt, Thớt, Nước tương, Mì gói, Túi đựng rác, Ly thủy tinh, Bơ thực vật, Son dưỡng môi, Đĩa sứ, Nước rửa chén, Muối, Rau củ quả, Bàn chải, Cà phê hòa tan, Cà phê hòa tan, Bột mì, Snack, Chảo chống dính, Nước lau sàn",WinMart,Nam Dinh Province,"Đông A, Phường Nam Định, Tỉnh Ninh Bình, 42000",115,3.8,supermarket,20.435398999999997,106.16087340000001
"Sữa tươi, Trà túi lọc, Cá hộp, Giấy bọc thực phẩm, Nước trái cây, Nước mắm, Cá hộp, Son dưỡng môi, Cá hộp, Giấy bọc thực phẩm, Dầu ăn, Nước lau sàn, Nước rửa chén, Bàn chải, Đĩa sứ, Khẩu trang y tế",Chợ Nhân Hậu,Nam Dinh Province,"CT.08, Tỉnh Ninh Bình, 07400",85,4.1,supermarket,20.244451799999997,106.1612372
"Đĩa sứ, Mì gói, Bơ thực vật, Muối, Khay nhựa, Bơ thực vật, Nước tương, Bàn chải, Cà phê hòa tan, Nước tương, Rau củ quả, Nước tương, Nước hoa mini, Bột giặt, Nước tương",Cửa hàng quần áo,Nam Dinh Province,"Đường tỉnh 488C, Tỉnh Ninh Bình",120,4.1,supermarket,20.1136373,106.2600188
"Snack, Rau củ quả, Khăn giấy, Mì gói, Kem cạo râu, Sốt cà chua, Bơ thực vật, Trứng gà, Dầu ăn, Khăn giấy, Bàn chải, Ly thủy tinh, Snack, Trứng gà, Gạo, Bột mì",Chợ Viềng,Nam Dinh Province,"Quốc lộ 38B, Tỉnh Ninh Bình",165,4.1,supermarket,20.37913596928179,106.08373081155844
"Túi tote, Lược điện, Túi tote, Máy sấy tóc, Son môi, Tai nghe Bluetooth, Dép sandal, Vali kéo, Laptop mini, Máy sấy tóc, Đồng hồ, Khăn choàng, Sách, Dầu dưỡng tóc, Kính mát, Quần jean, Nước hoa",GO! Nam Định,Nam Dinh Province,"Quốc lộ 10, Phường Đông A, Tỉnh Ninh Bình, 42000",500,4.4,mall,20.437939723374974,106.15217728552778
"Thịt hộp, Bánh quy, Ô dù gấp, Sổ tay nhỏ, Mì ly, Trà đóng chai, Túi nylon, Bánh snack, Kẹo cao su, Bao rác, Bánh mì sandwich, Pin sạc, Sổ tay nhỏ, Bánh quy, Bật lửa, Trà đóng chai",Chợ Hồng Thuận,Ninh Binh Province,"489, Giao Thiện, Tỉnh Ninh Bình",20,4.3,convenience,20.264606599999997,106.4877333
"Muỗng nĩa, Bông tẩy trang, Nước rửa chén, Bông tẩy trang, Sữa chua, Dao bếp, Bàn chải, Bột ngọt, Trứng gà, Muối, Rau củ quả, Nước hoa mini, Cá hộp, Nước mắm, Mì gói",Siêu thị Lan Chi,Ninh Binh Province,"Đường Nguyễn Hữu Tiến, Phường Đồng Văn, Tỉnh Ninh Bình, 03513",190,4,supermarket,20.643959599999995,105.9247533
"Nước lau sàn, Thớt, Nước mắm, Nước rửa chén, Bột mì, Nước lau sàn, Bột giặt, Sốt cà chua, Khăn giấy, Dầu ăn, Bột ngọt, Bột mì, Trà túi lọc",VLXD XuânƯớc - Showroom 2,Ninh Binh Province,"Lô 1, Đường Nguyễn Hữu Tiến, Phường Hà Nam, Tỉnh Ninh Bình, 03513",65,4.2,supermarket,20.643058700000005,105.91268410000002
"Dầu gội, Bột ngọt, Dầu ăn, Bàn chải, Bột ngọt, Bột ngọt, Chảo chống dính, Nước lau sàn, Muỗng nĩa, Giấy bọc thực phẩm, Giấy bọc thực phẩm, Dao bếp, Đường, Nước lau sàn, Trứng gà, Mì gói, Túi đựng rác, Bột mì",GạchỐp Lát XuânƯớc - Showroom 1,Ninh Binh Province,"90, Đường Phạm Ngọc Nhị, Ngọc Động, Phường Hà Nam, Tỉnh Ninh Bình, 03513",80,4,supermarket,20.6407287,105.9156643
"Rau củ quả, Bông tẩy trang, Túi đựng rác, Nước tương, Đường, Nước mắm, Nước xả vải, Giấy vệ sinh, Cà phê hòa tan, Muỗng nĩa, Khẩu trang y tế, Bàn chải, Sữa tắm, Rau củ quả, Nước tương, Sữa tắm, Bơ thực vật",Máy Tính Hoàng Thành,Ninh Binh Province,"Đường Phạm Thận Duật, Tỉnh Ninh Bình",65,3.8,supermarket,20.160064000000002,106.0076517
"Trà túi lọc, Dầu ăn, Dầu gội, Bông tẩy trang, Sữa tươi, Muỗng nĩa, Giấy bọc thực phẩm, Sữa tươi, Đường, Đĩa sứ, Ngũ cốc ăn sáng, Túi đựng rác, Bàn chải, Chảo chống dính, Bàn chải, Sữa tươi, Nước rửa chén, Rau củ quả, Nước tương",Máy Tính Hoàng Thành,Ninh Binh Province,"Đường Phạm Thận Duật, Phường Hoa Lư, Tỉnh Ninh Bình",65,4,supermarket,20.160104199999996,106.0076958
"Nước rửa chén, Thớt, Trứng gà, Sốt cà chua, Sữa tươi, Bông tẩy trang, Cá hộp, Thớt, Bông tẩy trang, Kem dưỡng da, Dầu ăn, Dầu gội, Khẩu trang y tế, Sữa tắm, Thớt, Gạo",GO! Ninh Bình,Ninh Binh Province,"Đường Trần Nhân Tông, Ninh Sơn, Phường Đông Hoa Lư, Tỉnh Ninh Bình",80,4.4,supermarket,20.242378999999996,106.0041496
"Bánh quy, Trà đóng chai, Bánh bao mini, Sổ tay nhỏ, Gối cổ du lịch, Bóng đèn LED mini, Sữa chua uống, Dầu gội, Khẩu trang y tế, Ô dù gấp, Khăn ướt, Bánh snack",Căng Tin,Ninh Binh Province,"Đường Ngô Gia Tự, Nam Thành, Ninh Tiến, Phường Hoa Lư, Tỉnh Ninh Bình, 08212",20,4.5,convenience,20.241805299999992,105.9744584
"Kẹo cao su, Khoai tây chiên, Pin AA, Găng tay nilon, Xà phòng tắm, Găng tay nilon, Bàn chải đánh răng, Khăn giấy, Trà đóng chai, Bánh quy, Trà đóng chai",Mắm Tép Trang Quyết,Ninh Binh Province,"68, Đường tỉnh 477B, Tỉnh Ninh Bình",15,4.2,convenience,20.3470582,105.8397009
"Bông tẩy trang, Cà phê hòa tan, Túi đựng rác, Gạo, Gạo, Dầu ăn, Bột giặt, Giấy vệ sinh, Cà phê hòa tan, Bơ thực vật, Bàn chải, Nước tương, Sữa tắm, Nước trái cây, Cà phê hòa tan, Bàn chải, Thớt, Khẩu trang y tế, Nước trái cây, Nước mắm",Chợ Me,Ninh Binh Province,"Đường tỉnh 477B, Tỉnh Ninh Bình",65,4.3,supermarket,20.348331300000005,105.834055
"Pin AA, Túi nylon, Túi nylon, Bật lửa, Pin sạc, Sữa hộp, Sổ tay nhỏ, Bánh quy, Bánh mì sandwich, Nước tăng lực, Nước tăng lực",Vu truong,Ninh Binh Province,"108, Đường Tô Vĩnh Diện, Tỉnh Ninh Bình, 123",20,3.8,convenience,20.2766777,106.3575854
"Chai nước, Bóng đèn LED mini, Ô dù gấp, Túi nylon, Khăn giấy, Găng tay nilon, Muỗng nhựa, Dao cạo râu, Cốc nhựa, Kẹo cao su, Pin AA, Găng tay nilon, Khăn ướt, Dầu gội, Nước ngọt, Túi nylon, Khoai tây chiên, Gối cổ du lịch, Khăn ướt, Mì ly",Hoan Huong,Ninh Binh Province,"Phát Diệm Đông, Thượng Kiệm, Tỉnh Ninh Bình",20,4.3,convenience,20.0916377,106.0811838
"Ngũ cốc, Bánh ăn dặm, Đường, Sữa chua, Bột nêm, Khăn ướt, Giấy vệ sinh, Dầu gội, Nước ngọt, Trà, Nước rửa chén",Linh sa,Ninh Binh Province,"168, Đường N6, Phường Thành Nam, Tỉnh Ninh Bình, 42000",10,4.1,department_store,20.41752139999999,106.14631300000002
"Khăn ướt, Mì gói, Đường, Gạo, Nước xả vải, Thực phẩm đóng hộp, Sữa chua, Cà phê, Mì gói, Sữa tắm, Giấy vệ sinh, Khăn ướt, Bột nêm, Gạo, Cà phê, Bình sữa, Sữa bột trẻ em, Mì gói",Linh sa,Ninh Binh Province,"Đường N6, Phường Thành Nam, Tỉnh Ninh Bình, 42000",15,4.4,department_store,20.4177108,106.1461192
"Trà, Sữa tắm, Sữa chua, Sữa tươi, Dầu ăn, Thực phẩm đóng hộp, Bánh ăn dặm, Kem đánh răng, Sữa chua, Kem đánh răng, Ngũ cốc, Sữa bột, Dầu ăn, Muối, Ngũ cốc, Nước suối, Sữa chua, Mì gói",Linh sa,Ninh Binh Province,"Đường Thượng Lỗi, Phường Nam Định, Tỉnh Ninh Bình, 42000",10,3.6,department_store,20.439190899999996,106.1717206
"Khăn giấy, Cà phê lon, Thịt hộp, Bánh bao mini, Pin AA, Sữa hộp, Chai nước, Khăn ướt, Dây sạc điện thoại, Bóng đèn LED mini, Dao cạo râu, Nước tăng lực, Nước ngọt",Linh sa,Ninh Binh Province,"Quốc lộ 10, Phường Thành Nam, Tỉnh Ninh Bình, 42000",20,4.3,convenience,20.4175952,106.14610200000001
"Bánh mì sandwich, Xà phòng tắm, Bánh bao mini, Bánh bao mini, Kẹo, Túi nylon, Cà phê lon, Cà phê lon, Gối cổ du lịch, Bật lửa, Găng tay nilon, Bàn chải đánh răng, Túi nylon, Lăn khử mùi, Nước ngọt, Pin AA, Xà phòng tắm, Sữa chua uống, Nước ngọt, Chai nước",Linh saa,Ninh Binh Province,"Đường N6, Phường Thành Nam, Tỉnh Ninh Bình, 42000",20,4.4,convenience,20.4175885,106.1461308
"Giấy vệ sinh, Khăn ướt, Đường, Ngũ cốc, Nước suối, Bình sữa, Muối, Trà, Đường, Ngũ cốc, Nước suối, Nước rửa chén, Giấy vệ sinh, Nước lau sàn, Thực phẩm đóng hộp",Linh sa,Ninh Binh Province,"Quốc lộ 10, Phường Thành Nam, Tỉnh Ninh Bình, 42000",10,4.3,department_store,20.417576399999994,106.1461472
"Bình sữa, Nước ngọt, Sữa bột trẻ em, Bột nêm, Khăn ướt, Dầu ăn, Nước xả vải, Nước lau sàn, Đường, Sữa tắm, Sữa bột trẻ em, Cà phê",Cửa hàng Được Huyền,Ninh Binh Province,"69, Đường Vĩnh Mạc, Phường Nam Định, Tỉnh Ninh Bình, 42000",20,3.7,department_store,20.446115900000002,106.1666546
"Dầu ăn, Nước ngọt, Giấy vệ sinh, Sữa tắm, Khăn giấy, Sữa bột, Bình sữa, Bánh kẹo, Nước lau sàn, Bánh ăn dặm, Thực phẩm đóng hộp, Nước ngọt, Giấy vệ sinh, Nước suối",Cửa hàng Dũng Huyền,Ninh Binh Province,"74, Đường Tức Mạc, Phường Nam Định, Tỉnh Ninh Bình, 42000",20,4.4,department_store,20.4418533,106.1716244
"Cà phê, Mì gói, Nước rửa chén, Sữa bột, Kem đánh răng, Nước suối, Bột nêm, Nước ngọt, Sữa tươi, Thực phẩm đóng hộp",Cửa hàng Vinh The,Ninh Binh Province,"129, Đường Vĩnh Mạc, Phường Nam Định, Tỉnh Ninh Bình, 42000",10,3.7,department_store,20.448171800000004,106.1653146
"Bình sữa, Kem đánh răng, Gạo, Nước mắm, Nước lau sàn, Kem đánh răng, Nước ngọt, Bánh kẹo, Sữa bột, Giấy vệ sinh, Nước xả vải, Thực phẩm đóng hộp, Tã em bé, Bánh ăn dặm, Khăn ướt, Sữa chua, Bánh ăn dặm",CH Vinh The,Ninh Binh Province,"129, Đường Vĩnh Mạc, Phường Nam Định, Tỉnh Ninh Bình, 42000",20,3.6,department_store,20.447975699999994,106.1653735
"Dầu gội, Đường, Nước lau sàn, Nước ngọt, Nước ngọt, Nước mắm, Trà, Bột giặt, Bột nêm, Sữa chua, Đường",Huệ cúc,Ninh Binh Province,"kiot 1 ga ND, Trần Đăng Ninh, Phường Nam Định, Tỉnh Ninh Bình, 42000",15,3.7,department_store,20.421769200000004,106.1644613
"Sữa tươi, Bột giặt, Cà phê, Nước suối, Bột giặt, Khăn ướt, Ngũ cốc, Mì gói, Ngũ cốc, Thực phẩm đóng hộp, Đường, Giấy vệ sinh, Bánh ăn dặm",Cửa hàng Cường Linh,Ninh Binh Province,"92, Mạc Thị Bưởi, Phường Nam Định, Tỉnh Ninh Bình, 42000",15,4,department_store,20.4346803,106.1749155
"Trà, Sữa tắm, Nước mắm, Bột nêm, Tã em bé, Sữa tươi, Tã em bé, Dầu ăn, Nước xả vải, Nước ngọt, Bánh ăn dặm, Trà, Tã em bé, Sữa bột, Tã em bé, Bánh kẹo, Kem đánh răng, Gạo, Gạo",Cửa hàng Hà Vân,Ninh Binh Province,"39, Hưng Yên, Phường Nam Định, Tỉnh Ninh Bình, 42000",20,3.6,department_store,20.431919000000004,106.1723879
"Sữa bột trẻ em, Bánh kẹo, Đường, Nước ngọt, Trà, Bình sữa, Gạo, Tã em bé, Trà, Nước rửa chén, Bình sữa, Nước suối, Dầu ăn, Kem đánh răng, Cà phê, Nước ngọt, Đường",Cửa hàng Chung Thảo,Ninh Binh Province,"169, Hưng Yên, Phường Nam Định, Tỉnh Ninh Bình, 42000",20,4.3,department_store,20.433920300000004,106.1730872
"Bình sữa, Tã em bé, Sữa chua, Nước mắm, Sữa chua, Bột giặt, Trà, Kem đánh răng, Bình sữa, Nước mắm, Muối, Sữa bột trẻ em, Nước lau sàn, Nước lau sàn, Gạo, Sữa bột, Sữa bột trẻ em, Mì gói",Cửa hàng Thanh Hiền,Ninh Binh Province,"323, Hoàng Văn Thụ, Phường Nam Định, Tỉnh Ninh Bình, 42000",15,4.2,department_store,20.4300519,106.1739304
"Dầu gội, Sữa tươi, Mì gói, Bột nêm, Dầu gội, Tã em bé, Nước rửa chén, Bột giặt, Bánh kẹo, Ngũ cốc",CH Tuấn Phương,Ninh Binh Province,"84, Nguyễn Đức Thuận, Phường Nam Định, Tỉnh Ninh Bình, 42000",15,3.7,department_store,20.439430699999996,106.1786404
"Nước xả vải, Nước ngọt, Bánh kẹo, Bột nêm, Dầu ăn, Đường, Khăn giấy, Nước lau sàn, Gạo, Bột giặt, Muối, Dầu gội, Kem đánh răng, Sữa bột, Sữa bột",CH Huyền Đức,Ninh Binh Province,"527, Trường Chinh, Phường Nam Định, Tỉnh Ninh Bình, 42000",15,3.7,department_store,20.437217699999998,106.1797128
"Cốc nhựa, Nước suối, Mì ly, Bánh bao mini, Khăn ướt, Khoai tây chiên, Mì gói, Bật lửa, Cốc nhựa, Lăn khử mùi, Bánh snack, Cà phê lon, Muỗng nhựa, Bút bi, Mì gói, Bánh quy, Mì ly, Cà phê lon, Thịt hộp, Bóng đèn LED mini",Diệp hương,Ninh Binh Province,"Quốc lộ 37B, Tỉnh Ninh Bình, 00000",15,3.8,convenience,20.2904347,106.0985434
"Nước mắm, Nước mắm, Khăn giấy, Sữa bột, Bột giặt, Sữa tươi, Mì gói, Đường, Dầu gội, Bánh ăn dặm, Bình sữa, Sữa tươi, Nước xả vải, Mì gói, Thực phẩm đóng hộp, Bột giặt, Bình sữa",Cửa hàng Luật Hiền,Ninh Binh Province,"Đường Trần Hưng Đạo, Tỉnh Ninh Bình",20,3.8,department_store,20.326520400000003,106.0122474
"Sữa bột, Bột nêm, Bình sữa, Bột giặt, Bột nêm, Nước xả vải, Bánh ăn dặm, Nước suối, Nước rửa chén, Nước mắm, Khăn giấy, Dầu gội, Khăn giấy",Hương  chí,Ninh Binh Province,"Đinh Đức Thiện, Tỉnh Ninh Bình",10,4.1,department_store,20.287904199999993,106.0837186
"Cà phê, Sữa tắm, Bình sữa, Sữa chua, Sữa chua, Nước ngọt, Bột nêm, Nước xả vải, Sữa bột, Nước ngọt, Sữa tươi, Bột giặt",Cửa hàng Huỳnh Phương,Ninh Binh Province,"Đường Trần Hưng Đạo, Tỉnh Ninh Bình",10,3.7,department_store,20.3327142,106.0051843
"Đường, Sữa tươi, Bánh kẹo, Sữa bột, Thực phẩm đóng hộp, Bột giặt, Mì gói, Cà phê, Gạo, Khăn giấy",Hương  chí,Ninh Binh Province,"60, Đinh Đức Thiện, Tỉnh Ninh Bình",10,3.5,department_store,20.287887199999997,106.0837962
"Nước xả vải, Nước mắm, Gạo, Sữa chua, Dầu gội, Nước suối, Gạo, Kem đánh răng, Nước xả vải, Nước suối, Sữa bột, Đường",Cửa hàng Sáng Phi,Ninh Binh Province,"QL.38B, Yên Phong, Tỉnh Ninh Bình",20,4.3,department_store,20.3222175,105.98591
"Ngũ cốc, Kem đánh răng, Dầu ăn, Bột nêm, Giấy vệ sinh, Bột nêm, Thực phẩm đóng hộp, Dầu ăn, Nước ngọt, Sữa tươi, Giấy vệ sinh, Khăn ướt, Sữa bột trẻ em, Sữa tươi, Nước suối, Ngũ cốc, Nước suối, Nước rửa chén, Sữa chua",CH Liên Mơ,Ninh Binh Province,"605, Trường Chinh, Phường Nam Định, Tỉnh Ninh Bình, 42000",20,3.7,department_store,20.4384909,106.1811407
"Nước xả vải, Bánh kẹo, Nước ngọt, Sữa chua, Bánh kẹo, Dầu ăn, Mì gói, Khăn ướt, Tã em bé, Đường, Nước lau sàn, Bột giặt, Sữa tắm, Nước xả vải, Cà phê, Sữa bột trẻ em, Nước mắm, Sữa tắm",CH Quý Ngọ,Ninh Binh Province,"22, Thái Bình, Mỹ Tân, Phường Nam Định, Tỉnh Ninh Bình, 42000",10,3.9,department_store,20.4403881,106.18832010000001
"Kem đánh răng, Nước ngọt, Bột giặt, Gạo, Dầu gội, Dầu ăn, Sữa chua, Khăn ướt, Khăn ướt, Sữa tắm, Khăn ướt, Trà, Sữa tươi",CH Nam Quyên,Ninh Binh Province,"49, Đường 19/5, Phường Nam Định, Tỉnh Ninh Bình, 42000",15,3.7,department_store,20.439493999999996,106.1898932
"Tã em bé, Khăn giấy, Đường, Ngũ cốc, Khăn giấy, Nước ngọt, Trà, Dầu ăn, Bột giặt, Sữa tươi, Bột giặt",Cửa hàng Hoán Hoa,Ninh Binh Province,"Quốc lô 37B, 38B, Xã Minh Tân, Tỉnh Ninh Bình",20,4.5,department_store,20.3713899,106.0705532
"Ngũ cốc, Sữa chua, Nước lau sàn, Ngũ cốc, Dầu ăn, Bánh kẹo, Sữa bột trẻ em, Sữa tắm, Dầu gội, Bột nêm, Nước lau sàn, Ngũ cốc, Sữa bột, Nước suối, Nước rửa chén, Dầu ăn, Bột giặt",Cửa hàng cô Dung,Ninh Binh Province,"Quốc lộ 38B, Tỉnh Ninh Bình",15,3.7,department_store,20.381802999999998,106.0874442
"Sữa tắm, Bánh ăn dặm, Sữa tươi, Nước ngọt, Đường, Dầu gội, Thực phẩm đóng hộp, Sữa tắm, Bánh ăn dặm, Bánh ăn dặm, Gạo, Bột giặt",CH Bình Nga,Ninh Binh Province,"465, Trần Hưng Đạo, Phường Nam Định, Tỉnh Ninh Bình, 42000",15,4.3,department_store,20.432994399999995,106.1703769
"Nước lau sàn, Sữa chua, Trà, Bột giặt, Bình sữa, Sữa chua, Ngũ cốc, Sữa bột, Sữa bột trẻ em, Cà phê, Thực phẩm đóng hộp, Bánh ăn dặm, Thực phẩm đóng hộp, Nước mắm, Kem đánh răng, Cà phê, Nước mắm, Dầu ăn, Trà, Giấy vệ sinh",CH Nga Sỹ,Ninh Binh Province,"205, Hàn Thuyên, Phường Nam Định, Tỉnh Ninh Bình, 42000",10,3.6,department_store,20.435374699999997,106.1819112
"Giấy vệ sinh, Bánh ăn dặm, Dầu ăn, Sữa tươi, Sữa tươi, Nước ngọt, Sữa bột, Nước rửa chén, Sữa chua, Khăn ướt, Dầu gội",CH Tuấn Hường,Ninh Binh Province,"235B, Minh Khai, Phường Nam Định, Tỉnh Ninh Bình, 42000",10,4.1,department_store,20.434519599999998,106.1828083
"Thực phẩm đóng hộp, Dầu ăn, Nước xả vải, Nước rửa chén, Tã em bé, Nước ngọt, Sữa bột trẻ em, Dầu gội, Nước mắm, Nước suối, Nước mắm, Sữa bột",CH Hoàng Trung,Ninh Binh Province,"153, Hùng Vương, Phường Nam Định, Tỉnh Ninh Bình, 42000",15,4,department_store,20.434814699999993,106.1827881
"Sữa chua, Bánh kẹo, Bánh kẹo, Bánh ăn dặm, Bột nêm, Nước suối, Tã em bé, Nước suối, Dầu ăn, Thực phẩm đóng hộp, Đường, Kem đánh răng, Khăn giấy, Cà phê",CH Marina,Ninh Binh Province,"66, Hàng Cấp, Phường Nam Định, Tỉnh Ninh Bình, 42000",20,4.2,department_store,20.432026899999997,106.1780121
"Nước xả vải, Sữa chua, Nước rửa chén, Sữa tươi, Bánh kẹo, Giấy vệ sinh, Bánh ăn dặm, Nước xả vải, Dầu ăn, Bột giặt, Khăn ướt, Kem đánh răng, Kem đánh răng, Muối, Nước lau sàn, Sữa tắm, Cà phê, Khăn ướt",CH Dung Tình,Ninh Binh Province,"196, Quang Trung, Phường Nam Định, Tỉnh Ninh Bình, 42000",15,4.2,department_store,20.431211800000003,106.1758305
"Thực phẩm đóng hộp, Cà phê, Nước xả vải, Bột nêm, Ngũ cốc, Nước rửa chén, Trà, Trà, Kem đánh răng, Bình sữa, Nước lau sàn",Cửa hàng Mai Tuyền,Ninh Binh Province,"34, Đường Trần Thừa, Phường Nam Định, Tỉnh Ninh Bình, 42000",10,3.8,department_store,20.455708299999998,106.1596509
"Ngũ cốc, Sữa tươi, Đường, Gạo, Khăn giấy, Mì gói, Thực phẩm đóng hộp, Nước lau sàn, Sữa tắm, Đường, Khăn ướt, Nước xả vải, Kem đánh răng, Dầu gội, Nước mắm, Bánh ăn dặm",Cửa hàng Hà Anh,Ninh Binh Province,"Quốc lộ 10, Phường Nam Định, Tỉnh Ninh Bình, 42000",20,3.8,department_store,20.4565045,106.1586746
"Dầu gội, Cà phê, Bột nêm, Muối, Đường, Tã em bé, Trà, Mì gói, Ngũ cốc, Bột nêm, Nước xả vải, Tã em bé, Nước lau sàn, Bột nêm, Trà, Bình sữa, Nước xả vải",CH Chiến Hà,Ninh Binh Province,"6, Phan Chu Trinh, Phường Nam Định, Tỉnh Ninh Bình, 42000",10,3.9,department_store,20.424609999999994,106.1808807
"Nước lau sàn, Muối, Tã em bé, Nước xả vải, Bột nêm, Tã em bé, Sữa chua, Kem đánh răng, Bình sữa, Bột nêm, Bột giặt, Nước xả vải, Nước rửa chén, Nước mắm, Khăn ướt, Sữa bột, Cà phê, Tã em bé",CH Trường Sinh,Ninh Binh Province,"48, Phan Đình Phùng, Phường Nam Định, Tỉnh Ninh Bình, 42000",20,4.2,department_store,20.424481400000005,106.17895930000002
"Khăn giấy, Gạo, Ngũ cốc, Bình sữa, Nước xả vải, Mì gói, Dầu ăn, Đường, Nước ngọt, Bánh kẹo",CH bách hoá,Ninh Binh Province,"52, Minh Khai, Phường Nam Định, Tỉnh Ninh Bình, 42000",10,4.2,department_store,20.4308256,106.17795
"Sữa bột trẻ em, Tã em bé, Sữa bột, Nước rửa chén, Nước rửa chén, Bột giặt, Bột nêm, Sữa tắm, Sữa bột, Ngũ cốc, Muối, Muối, Nước lau sàn, Nước suối, Bột nêm, Sữa tắm",CH Thu Hiền,Ninh Binh Province,"100, Nguyễn Trãi, Phường Nam Định, Tỉnh Ninh Bình, 42000",20,4.2,department_store,20.428008999999996,106.1830893
"Đường, Khăn ướt, Ngũ cốc, Bình sữa, Nước xả vải, Sữa tươi, Nước mắm, Kem đánh răng, Muối, Nước mắm, Nước mắm, Bột giặt, Muối, Sữa tươi",CH Minh Hạnh,Ninh Binh Province,"149, Phan Đình Phùng, Phường Nam Định, Tỉnh Ninh Bình, 42000",10,3.5,department_store,20.4263201,106.1811025
"Sữa bột, Sữa tắm, Trà, Tã em bé, Nước mắm, Nước mắm, Thực phẩm đóng hộp, Nước ngọt, Nước ngọt, Sữa bột, Trà",CH Kiên Huyền,Ninh Binh Province,"5, Phố Hồ Tùng Mậu, Phường Nam Định, Tỉnh Ninh Bình, 42000",20,4.2,department_store,20.425859900000003,106.1788544
"Tã em bé, Muối, Bánh ăn dặm, Bột nêm, Dầu gội, Muối, Nước mắm, Nước mắm, Giấy vệ sinh, Sữa tắm, Khăn giấy, Khăn giấy, Bột nêm, Muối, Đường",CH Loan Nhật,Ninh Binh Province,"34, Bến Ngự, Phường Nam Định, Tỉnh Ninh Bình, 42000",20,4.1,department_store,20.4263611,106.1786865
"Cà phê, Nước xả vải, Bột giặt, Nước xả vải, Khăn giấy, Sữa bột, Sữa bột trẻ em, Đường, Sữa tươi, Nước xả vải, Bột nêm, Trà",CH Hoàng Hà,Ninh Binh Province,"32, Bến Ngự, Phường Nam Định, Tỉnh Ninh Bình, 42000",20,4.4,department_store,20.426296,106.1786914
"Cà phê, Cà phê, Bột nêm, Nước mắm, Kem đánh răng, Cà phê, Bánh kẹo, Sữa chua, Muối, Mì gói",CH Loan Nhật,Ninh Binh Province,"34, Bến Ngự, Phường Nam Định, Tỉnh Ninh Bình, 42000",10,3.9,department_store,20.4261425,106.17874070000002
"Sữa tươi, Giấy vệ sinh, Nước suối, Sữa bột trẻ em, Bánh kẹo, Bánh ăn dặm, Sữa tươi, Bánh ăn dặm, Sữa tắm, Trà, Gạo, Thực phẩm đóng hộp, Khăn ướt, Sữa tươi, Nước rửa chén, Sữa bột trẻ em",CH Tuấn Nhung,Ninh Binh Province,"111, Bến Ngự, Phường Nam Định, Tỉnh Ninh Bình, 42000",20,4.3,department_store,20.426219699999997,106.17889220000002
"Bột giặt, Nước lau sàn, Giấy vệ sinh, Nước suối, Bánh ăn dặm, Trà, Ngũ cốc, Bình sữa, Thực phẩm đóng hộp, Khăn ướt, Sữa tắm",CH Tuấn Nhung,Ninh Binh Province,"111, Bến Ngự, Phường Nam Định, Tỉnh Ninh Bình, 42000",10,4,department_store,20.426164300000003,106.1794579
"Nước rửa chén, Đường, Bình sữa, Dầu ăn, Sữa bột, Nước rửa chén, Bình sữa, Nước xả vải, Khăn ướt, Giấy vệ sinh, Cà phê, Mì gói, Sữa tươi, Tã em bé, Sữa tắm, Sữa tươi, Bánh kẹo, Nước lau sàn, Mì gói, Kem đánh răng",CH Trung Thành,Ninh Binh Province,"71, Hàng Sắt, Phường Nam Định, Tỉnh Ninh Bình, 42000",10,4.2,department_store,20.4283391,106.1768724
"Khăn giấy, Tã em bé, Ngũ cốc, Muối, Bình sữa, Nước mắm, Giấy vệ sinh, Gạo, Thực phẩm đóng hộp, Nước suối",CH Thanh Hiền,Ninh Binh Province,"3, Lê Quý Đôn, Phường Nam Định, Tỉnh Ninh Bình, 42000",15,3.7,department_store,20.439231499999998,106.17937560000001
"Dầu ăn, Mì gói, Thực phẩm đóng hộp, Dầu gội, Dầu ăn, Bánh kẹo, Gạo, Thực phẩm đóng hộp, Khăn ướt, Thực phẩm đóng hộp, Kem đánh răng, Sữa tươi, Dầu ăn, Cà phê, Nước ngọt",Cửa hàng Lý Kỳ,Ninh Binh Province,"49, Phù Nghĩa, Phường Nam Định, Tỉnh Ninh Bình, 42000",20,3.9,department_store,20.441661999999997,106.18531540000001
"Nước suối, Bột nêm, Cà phê, Bánh ăn dặm, Sữa tươi, Nước rửa chén, Gạo, Ngũ cốc, Cà phê, Sữa chua, Khăn ướt, Nước ngọt, Sữa bột, Mì gói, Nước suối, Muối",CH Cô Hương,Ninh Binh Province,"18, Lê Quý Đôn, Phường Nam Định, Tỉnh Ninh Bình, 42000",20,3.8,department_store,20.4379434,106.179756
"Sữa bột, Dầu gội, Nước suối, Muối, Sữa tắm, Bột nêm, Bánh ăn dặm, Trà, Sữa chua, Dầu gội, Dầu ăn, Sữa chua, Cà phê, Bột giặt, Dầu ăn, Bánh kẹo, Dầu ăn, Tã em bé",CH Toàn Nhạn,Ninh Binh Province,"5, Nguyễn Thi, Phường Nam Định, Tỉnh Ninh Bình, 42000",20,4.1,department_store,20.439193299999996,106.1797485
"Tã em bé, Muối, Mì gói, Bột giặt, Nước ngọt, Đường, Bánh ăn dặm, Ngũ cốc, Bình sữa, Kem đánh răng, Trà, Dầu gội, Sữa tươi",quán bia Quang Thuỵ,Ninh Binh Province,"ngã 4, Đường Võ Nguyên Giáp, Phường Nam Định, Tỉnh Ninh Bình, 42000",10,4,department_store,20.4370333,106.1751859
"Nước ngọt, Nước lau sàn, Cà phê, Đường, Dầu ăn, Bánh kẹo, Sữa bột, Nước rửa chén, Nước mắm, Sữa tươi, Nước mắm, Nước ngọt, Đường, Sữa tươi, Bột giặt, Sữa tươi, Sữa tắm, Sữa chua",CH Hoà Nga,Ninh Binh Province,"239, Trường Chinh, Phường Nam Định, Tỉnh Ninh Bình, 42000",15,4.1,department_store,20.432554600000003,106.17347
"Cà phê, Gạo, Nước xả vải, Muối, Bột giặt, Nước ngọt, Sữa bột, Nước suối, Thực phẩm đóng hộp, Mì gói, Đường, Trà, Dầu gội, Nước ngọt, Tã em bé, Bột nêm, Dầu gội, Bình sữa, Sữa chua, Dầu ăn",CH Bảo Ngọc,Ninh Binh Province,"216, Trường Chinh, Phường Nam Định, Tỉnh Ninh Bình, 42000",15,4.1,department_store,20.433225799999995,106.1744446
"Kem đánh răng, Giấy vệ sinh, Dầu gội, Khăn ướt, Gạo, Nước lau sàn, Khăn giấy, Thực phẩm đóng hộp, Dầu gội, Nước ngọt, Sữa bột trẻ em, Muối, Tã em bé, Kem đánh răng, Giấy vệ sinh",CH Hưng Tiến,Ninh Binh Province,"16, Hùng Vương, Phường Nam Định, Tỉnh Ninh Bình, 42000",10,3.8,department_store,20.430397500000005,106.18689150000002
"Dầu ăn, Nước xả vải, Nước mắm, Sữa bột trẻ em, Dầu ăn, Bột nêm, Trà, Nước xả vải, Bình sữa, Nước suối, Bánh kẹo",CH chị Dương,Ninh Binh Province,"115, Hoàng Văn Thụ, Phường Nam Định, Tỉnh Ninh Bình, 42000",20,3.9,department_store,20.425891599999996,106.1780323
"Nước rửa chén, Dầu ăn, Sữa tươi, Nước mắm, Tã em bé, Sữa tắm, Thực phẩm đóng hộp, Dầu ăn, Trà, Nước mắm, Dầu ăn, Dầu gội, Dầu gội, Khăn ướt, Nước suối, Nước lau sàn, Cà phê",CH Lê Ngà,Ninh Binh Province,"118, Nguyễn Trãi, Phường Nam Định, Tỉnh Ninh Bình, 42000",15,3.8,department_store,20.428033599999996,106.182471
"Bột giặt, Sữa chua, Sữa chua, Bánh ăn dặm, Bánh kẹo, Bánh ăn dặm, Sữa tắm, Sữa tắm, Nước xả vải, Cà phê, Sữa bột trẻ em, Nước rửa chén, Thực phẩm đóng hộp, Dầu gội, Khăn giấy, Sữa bột trẻ em",CH Cường Linh,Ninh Binh Province,"92, Mạc Thị Bưởi, Phường Nam Định, Tỉnh Ninh Bình, 42000",15,3.8,department_store,20.43468,106.1747819
"Tã em bé, Cà phê, Khăn giấy, Sữa bột trẻ em, Thực phẩm đóng hộp, Cà phê, Nước rửa chén, Cà phê, Dầu ăn, Thực phẩm đóng hộp, Giấy vệ sinh, Sữa tắm, Nước lau sàn, Bình sữa, Dầu ăn, Bình sữa, Gạo, Sữa tắm, Sữa bột trẻ em, Tã em bé",CH chú Đài,Ninh Binh Province,"77, Trần Thái Tông, Phường Nam Định, Tỉnh Ninh Bình, 42000",15,4.1,department_store,20.437733899999998,106.173309
"Sữa chua, Sữa tươi, Kem đánh răng, Bột giặt, Nước suối, Nước lau sàn, Nước rửa chén, Ngũ cốc, Nước mắm, Sữa tươi, Gạo, Bột giặt, Muối, Bình sữa",Ch chị Liên,Ninh Binh Province,"108, Trần Thái Tông, Phường Nam Định, Tỉnh Ninh Bình, 42000",15,4.4,department_store,20.438637799999995,106.17297890000002
"Ngũ cốc, Sữa chua, Bột nêm, Nước rửa chén, Bình sữa, Nước xả vải, Nước rửa chén, Cà phê, Nước ngọt, Nước suối, Dầu gội, Sữa tươi, Sữa bột, Bột nêm, Thực phẩm đóng hộp",CH 116 Vĩnh Mạc,Ninh Binh Province,"116, Đường Tức Mạc, Phường Nam Định, Tỉnh Ninh Bình, 42000",20,3.9,department_store,20.442750300000004,106.1703062
"Tã em bé, Sữa bột, Bánh kẹo, Muối, Bột giặt, Bình sữa, Dầu gội, Ngũ cốc, Đường, Khăn ướt, Bánh ăn dặm, Bánh kẹo, Tã em bé, Nước ngọt",Ch Thanh Trang,Ninh Binh Province,"134, Đường Tức Mạc, Phường Nam Định, Tỉnh Ninh Bình, 42000",10,4.4,department_store,20.443118299999995,106.1700032
"Bột nêm, Sữa tắm, Muối, Sữa tươi, Sữa tươi, Khăn giấy, Khăn giấy, Gạo, Sữa chua, Sữa bột trẻ em, Sữa chua, Khăn giấy, Giấy vệ sinh, Gạo",CH Thanh Doanh,Ninh Binh Province,"122, Trường Chinh, Phường Nam Định, Tỉnh Ninh Bình, 42000",15,4.4,department_store,20.432008599999993,106.1728899
"Dầu gội, Mì gói, Bột giặt, Đường, Dầu gội, Giấy vệ sinh, Muối, Nước mắm, Cà phê, Sữa tắm, Muối, Nước lau sàn, Bột nêm, Cà phê",CH cô Yến,Ninh Binh Province,"101, Hàng Cấp, Phường Nam Định, Tỉnh Ninh Bình, 42000",20,4.4,department_store,20.4323613,106.1785403
"Sữa bột trẻ em, Nước xả vải, Gạo, Nước lau sàn, Bánh kẹo, Sữa chua, Đường, Nước rửa chén, Nước rửa chén, Bột nêm, Bột giặt",CH Cường Huyền,Ninh Binh Province,"9, Hàng Cấp, Phường Nam Định, Tỉnh Ninh Bình, 42000",10,4.3,department_store,20.4312724,106.17727670000001
"Khăn ướt, Ngũ cốc, Nước lau sàn, Bình sữa, Bánh kẹo, Thực phẩm đóng hộp, Đường, Nước xả vải, Ngũ cốc, Dầu ăn, Mì gói, Cà phê, Sữa bột, Cà phê, Thực phẩm đóng hộp, Tã em bé, Sữa bột, Nước mắm",CH Tiên Giang,Ninh Binh Province,"227, Hàn Thuyên, Phường Nam Định, Tỉnh Ninh Bình, 42000",10,4.2,department_store,20.435968899999995,106.1822154
"Dầu ăn, Nước ngọt, Sữa tươi, Trà, Bánh kẹo, Nước rửa chén, Sữa chua, Nước mắm, Khăn giấy, Sữa chua, Bột giặt, Ngũ cốc",CH Thanh Thuỷ,Ninh Binh Province,"482, Trường Chinh, Phường Nam Định, Tỉnh Ninh Bình, 42000",10,4.4,department_store,20.440486099999998,106.18420630000001
"Bột nêm, Sữa bột trẻ em, Dầu ăn, Bánh kẹo, Nước xả vải, Sữa bột, Bánh kẹo, Muối, Khăn ướt, Sữa bột, Nước suối, Bánh kẹo",CH cô Hạnh,Ninh Binh Province,"471, Thái Bình, Mỹ Tân, Phường Thiên Trường, Tỉnh Ninh Bình, 42000",20,3.8,department_store,20.445828400000003,106.20106410000001
"Giấy vệ sinh, Muối, Nước suối, Gạo, Bột nêm, Cà phê, Nước suối, Ngũ cốc, Bánh kẹo, Mì gói, Cà phê, Gạo, Dầu gội",CH Quyết Tâm,Ninh Binh Province,"ngã 3, Old Thái Bình Rd, Mỹ Tân, Phường Thiên Trường, Tỉnh Ninh Bình, 42000",20,3.9,department_store,20.445540099999995,106.2034569
"Bột nêm, Nước ngọt, Kem đánh răng, Bánh ăn dặm, Bình sữa, Khăn giấy, Sữa tươi, Bánh kẹo, Sữa bột, Nước ngọt, Kem đánh răng, Gạo, Muối",CH Hoài Thu,Ninh Binh Province,"173, Thái Bình, Mỹ Tân, Phường Thiên Trường, Tỉnh Ninh Bình, 42000",15,3.7,department_store,20.4425813,106.19280080000001
"Giấy vệ sinh, Sữa bột trẻ em, Gạo, Dầu gội, Tã em bé, Dầu ăn, Sữa bột trẻ em, Bột nêm, Bình sữa, Nước mắm, Bột giặt",CH Tùng Lâm,Ninh Binh Province,"175, Thái Bình, Mỹ Tân, Phường Thiên Trường, Tỉnh Ninh Bình, 42000",15,3.5,department_store,20.442592799999993,106.1928435
"Bột nêm, Sữa chua, Cà phê, Giấy vệ sinh, Bột nêm, Bột giặt, Bình sữa, Sữa tắm, Gạo, Kem đánh răng, Khăn giấy, Tã em bé, Mì gói, Bình sữa, Cà phê",CH bác Thìn - Thuyết,Ninh Binh Province,"184, Thái Bình, Mỹ Tân, Phường Nam Định, Tỉnh Ninh Bình, 42000",15,4.3,department_store,20.4415417,106.1908679
"Ngũ cốc, Nước suối, Nước ngọt, Ngũ cốc, Cà phê, Sữa bột trẻ em, Dầu ăn, Ngũ cốc, Muối, Khăn ướt, Nước xả vải, Kem đánh răng",CH cô Tính - Tuyên,Ninh Binh Province,"59, Lương Văn Can, Phường Nam Định, Tỉnh Ninh Bình, 42000",15,4.4,department_store,20.4426544,106.18704
"Ngũ cốc, Thực phẩm đóng hộp, Sữa bột, Kem đánh răng, Trà, Tã em bé, Tã em bé, Tã em bé, Gạo, Nước ngọt, Muối, Sữa chua, Gạo, Sữa tươi, Ngũ cốc, Sữa bột",CH Vũ Quế,Ninh Binh Province,"331, Giải Phóng, Phường Thành Nam, Tỉnh Ninh Bình, 42000",15,3.7,department_store,20.425863499999995,106.1592805
"Sữa tươi, Khăn giấy, Nước rửa chén, Sữa tươi, Nước suối, Dầu ăn, Kem đánh răng, Muối, Bình sữa, Giấy vệ sinh, Bột giặt, Cà phê, Trà, Khăn giấy, Sữa tắm, Muối, Bánh ăn dặm, Muối",CH chị Liên,Ninh Binh Province,"302, Hùng Vương, Phường Nam Định, Tỉnh Ninh Bình, 42000",15,4.3,department_store,20.436153599999997,106.1812274
"Sữa bột, Khăn ướt, Bột nêm, Nước suối, Thực phẩm đóng hộp, Bột giặt, Nước lau sàn, Sữa chua, Nước rửa chén, Nước lau sàn, Bánh kẹo, Nước mắm, Nước ngọt, Sữa bột trẻ em, Bình sữa",CH bác Hùng,Ninh Binh Province,"347, Giải Phóng, Phường Thành Nam, Tỉnh Ninh Bình, 42000",10,4.3,department_store,20.425575399999992,106.1591677
"Gạo, Giấy vệ sinh, Sữa tắm, Gạo, Muối, Sữa tắm, Mì gói, Muối, Bột giặt, Nước lau sàn, Bánh ăn dặm, Sữa bột trẻ em, Giấy vệ sinh, Nước xả vải",CH Thắng Trang,Ninh Binh Province,"60, Giải Phóng, Phường Nam Định, Tỉnh Ninh Bình, 42000",20,4.4,department_store,20.429507,106.1610553
"Sữa chua, Nước suối, Khăn ướt, Sữa chua, Khăn giấy, Bình sữa, Giấy vệ sinh, Sữa bột trẻ em, Cà phê, Muối, Ngũ cốc, Khăn giấy, Sữa chua, Gạo, Kem đánh răng, Sữa bột, Mì gói",CH Hùng Thu,Ninh Binh Province,"342, Giải Phóng, Phường Thành Nam, Tỉnh Ninh Bình, 42000",15,4.3,department_store,20.4232333,106.1587541
"Thực phẩm đóng hộp, Sữa chua, Cà phê, Tã em bé, Bột giặt, Khăn giấy, Bánh kẹo, Nước rửa chén, Tã em bé, Nước rửa chén, Bột giặt, Nước rửa chén, Sữa tươi, Bình sữa, Muối, Nước rửa chén, Gạo, Kem đánh răng",CH Hùng Mạnh,Ninh Binh Province,"471, Giải Phóng, Phường Thành Nam, Tỉnh Ninh Bình, 42000",10,4,department_store,20.4223832,106.1591645
"Sữa bột, Khăn giấy, Trà, Cà phê, Sữa tắm, Nước rửa chén, Trà, Dầu gội, Sữa bột trẻ em, Sữa bột, Bình sữa, Sữa tắm, Gạo, Dầu gội, Bình sữa, Thực phẩm đóng hộp, Sữa tắm",CH chị Lan,Ninh Binh Province,"58/192, Đường Trần Huy Liệu, Phường Thành Nam, Tỉnh Ninh Bình, 42000",15,3.6,department_store,20.419761299999994,106.1617658
"Tã em bé, Giấy vệ sinh, Khăn giấy, Gạo, Muối, Nước mắm, Gạo, Tã em bé, Cà phê, Trà, Nước suối, Nước xả vải, Sữa bột trẻ em, Bánh kẹo, Bột nêm, Dầu gội, Nước suối, Tã em bé, Nước suối, Bột nêm",CH Minh Tân,Ninh Binh Province,"Đường tỉnh 485B, Tỉnh Ninh Bình, 41000",10,3.5,department_store,20.336179999999995,106.1803172
"Cà phê, Kem đánh răng, Đường, Bình sữa, Nước lau sàn, Thực phẩm đóng hộp, Khăn ướt, Nước xả vải, Bột nêm, Sữa bột trẻ em, Tã em bé, Khăn ướt, Giấy vệ sinh, Sữa tắm, Khăn ướt, Trà, Thực phẩm đóng hộp, Nước ngọt, Sữa bột trẻ em",Pampi,Ninh Binh Province,"32, Phù Nghĩa, Phường Nam Định, Tỉnh Ninh Bình, 42000",10,3.5,department_store,20.4420849,106.1848928
"Túi nylon, Thịt hộp, Gối cổ du lịch, Ô dù gấp, Pin AA, Bật lửa, Sữa chua uống, Túi nylon, Bàn chải đánh răng, Bánh quy, Gối cổ du lịch, Bánh snack, Cốc nhựa, Bút bi, Trà đóng chai, Trà đóng chai",Hương xuân,Ninh Binh Province,"Quốc lộ 21, Hưng Lộc, Phường Mỹ Lộc, Tỉnh Ninh Bình",20,3.7,convenience,20.4412265,106.0958206
"Đường, Nước xả vải, Ngũ cốc, Gạo, Nước mắm, Muối, Kem đánh răng, Sữa bột, Trà, Khăn giấy, Nước lau sàn, Thực phẩm đóng hộp, Sữa bột trẻ em, Nước rửa chén, Nước ngọt, Gạo",Cửa hàng Hoàn Xuyến,Ninh Binh Province,Không rõ,10,4,department_store,20.447953199999997,106.1139939
"Sữa bột trẻ em, Sữa chua, Nước ngọt, Bột giặt, Kem đánh răng, Thực phẩm đóng hộp, Cà phê, Bánh kẹo, Cà phê, Nước rửa chén, Nước ngọt, Nước ngọt, Sữa chua, Nước rửa chén, Muối, Muối, Muối, Dầu ăn, Nước xả vải, Mì gói",Cửa hàng Nga Tính,Ninh Binh Province,"Đại lộ Thiên Trường, Hưng Lộc, Phường Mỹ Lộc, Tỉnh Ninh Bình",20,4.1,department_store,20.4482092,106.11315350000001
"Thực phẩm đóng hộp, Nước xả vải, Bình sữa, Bột nêm, Thực phẩm đóng hộp, Kem đánh răng, Thực phẩm đóng hộp, Dầu ăn, Sữa bột trẻ em, Sữa chua, Sữa tươi, Nước rửa chén, Nước lau sàn, Sữa tắm, Gạo, Bột nêm, Bánh ăn dặm, Bột giặt",CH Sơn Lam,Ninh Binh Province,Không rõ,10,3.9,department_store,20.2433809,106.1798612
"Dầu ăn, Nước lau sàn, Sữa bột trẻ em, Ngũ cốc, Sữa bột trẻ em, Nước rửa chén, Dầu ăn, Nước rửa chén, Mì gói, Ngũ cốc, Nước xả vải, Nước lau sàn, Kem đánh răng, Dầu ăn, Dầu ăn, Thực phẩm đóng hộp, Dầu gội, Sữa bột",CH Thanh Bình,Ninh Binh Province,Không rõ,10,4.1,department_store,20.237067599999996,106.13470860000001
"Dầu gội, Nước xả vải, Nước ngọt, Bột giặt, Muối, Khăn giấy, Nước mắm, Ngũ cốc, Dầu ăn, Đường, Nước suối, Gạo",CH Hương Biên,Ninh Binh Province,"CT.08, Tỉnh Ninh Bình, 07400",15,3.9,department_store,20.245875799999993,106.1610547
"Bột nêm, Giấy vệ sinh, Nước xả vải, Bình sữa, Khăn giấy, Mì gói, Nước xả vải, Đường, Tã em bé, Sữa bột trẻ em, Bánh kẹo, Trà, Sữa bột trẻ em, Cà phê, Sữa tươi, Sữa bột, Kem đánh răng",CH Hải Yến,Ninh Binh Province,"QL.37B cũ, Tỉnh Ninh Bình",10,4,department_store,20.2541396,106.1215697
"Sữa chua, Bột giặt, Gạo, Nước rửa chén, Tã em bé, Dầu gội, Gạo, Bánh ăn dặm, Nước suối, Bột nêm, Muối, Kem đánh răng, Bột nêm, Nước xả vải, Bánh ăn dặm",CH Hoàn Hảo,Ninh Binh Province,"CT.08, Tỉnh Ninh Bình, 07400",10,4.5,department_store,20.244868499999992,106.1662255
"Nước ngọt, Tã em bé, Nước mắm, Bình sữa, Khăn giấy, Sữa tươi, Dầu ăn, Bột nêm, Gạo, Nước suối, Tã em bé, Dầu gội, Gạo, Tã em bé, Gạo, Cà phê, Khăn giấy, Bột nêm, Sữa tắm, Bánh ăn dặm",Cửa hàng Hoàn Thu,Ninh Binh Province,"Đại lộ Thiên Trường, Phường Mỹ Lộc, Tỉnh Ninh Bình, 42000",15,3.8,department_store,20.4577305,106.1324801
"Sữa tắm, Mì gói, Nước suối, Gạo, Bột nêm, Giấy vệ sinh, Sữa tươi, Nước rửa chén, Mì gói, Ngũ cốc",Cửa hàng Phương Thoa,Ninh Binh Province,"Quốc lộ 38B, Tỉnh Ninh Bình, 42000",15,4.4,department_store,20.4615448,106.1377275
"Đường, Đường, Gạo, Nước xả vải, Sữa chua, Khăn ướt, Đường, Kem đánh răng, Đường, Đường, Sữa bột, Cà phê, Khăn giấy, Sữa tắm, Sữa bột trẻ em",Cửa hàng Thanh Hà,Ninh Binh Province,"Quốc lộ 38B, Tỉnh Ninh Bình, 42000",10,3.6,department_store,20.4837916,106.13801830000001
"Trà túi lọc, Khay nhựa, Bông tẩy trang, Kem cạo râu, Giấy bọc thực phẩm, Giấy vệ sinh, Cá hộp, Ngũ cốc ăn sáng, Son dưỡng môi, Snack, Mì gói, Ngũ cốc ăn sáng, Bột giặt, Thớt, Ngũ cốc ăn sáng, Dầu ăn",Country,Ninh Binh Province,"Đường Hùng Vương, Tỉnh Ninh Bình, 07400",175,3.7,supermarket,20.2201525,106.1867113
"Dầu ăn, Khăn giấy, Đường, Tã em bé, Nước ngọt, Bột nêm, Khăn ướt, Nước xả vải, Thực phẩm đóng hộp, Nước rửa chén, Sữa tắm, Mì gói, Sữa bột, Khăn ướt",Cửa hàng Lăng Thủy,Ninh Binh Province,"Quốc lộ 38B, Tỉnh Ninh Bình, 42000",20,4.1,department_store,20.4784686,106.1369636
"Giấy vệ sinh, Dầu ăn, Sữa chua, Thực phẩm đóng hộp, Sữa bột trẻ em, Mì gói, Sữa tươi, Nước suối, Đường, Gạo, Ngũ cốc, Mì gói, Muối, Khăn ướt, Nước rửa chén",Cửa hàng Thanh Hằng,Ninh Binh Province,"Quốc lộ 38B, Tỉnh Ninh Bình, 42000",15,3.7,department_store,20.484180299999995,106.1366442
"Nước rửa chén, Nước rửa chén, Nước ngọt, Nước mắm, Bột giặt, Khăn giấy, Mì gói, Cà phê, Mì gói, Đường, Sữa chua, Gạo, Ngũ cốc, Nước mắm, Sữa tươi",CH Minh Hạnh,Ninh Binh Province,"Đường tỉnh 490C, Tỉnh Ninh Bình, 41000",10,3.6,department_store,20.245782199999997,106.1793182
"Bánh ăn dặm, Sữa bột trẻ em, Dầu ăn, Kem đánh răng, Dầu ăn, Kem đánh răng, Sữa bột, Nước xả vải, Dầu ăn, Muối",CH Toan Chinh,Ninh Binh Province,"Hướng đi Ven Biển --> Lạc Quần --> Nam Định, Xuân Phúc, Tỉnh Ninh Bình",20,4.1,department_store,20.267086999999993,106.33821810000002
"Sữa tươi, Cà phê, Sữa bột trẻ em, Nước ngọt, Khăn ướt, Ngũ cốc, Bột nêm, Bình sữa, Sữa tắm, Kem đánh răng, Bánh ăn dặm",CH Khánh Ly,Ninh Binh Province,"Đường Trường Chinh, Xuân Ngọc, Tỉnh Ninh Bình",10,3.8,department_store,20.266844599999995,106.3368718
"Sữa tươi, Kem đánh răng, Nước xả vải, Bột giặt, Nước mắm, Cà phê, Giấy vệ sinh, Sữa tắm, Dầu ăn, Sữa tắm, Bột nêm, Trà, Nước rửa chén, Gạo, Nước mắm, Bánh kẹo, Kem đánh răng, Muối, Sữa tắm, Sữa bột",CH Thẩm Ngân,Ninh Binh Province,"Hướng đi Ven Biển --> Lạc Quần --> Nam Định, Xuân Phúc, Tỉnh Ninh Bình",10,4.4,department_store,20.269265100000002,106.3417113
"Sữa bột, Cà phê, Sữa bột trẻ em, Nước ngọt, Nước suối, Kem đánh răng, Mì gói, Đường, Bánh kẹo, Dầu ăn, Đường, Bột giặt",CH Mai Khánh,Ninh Binh Province,"Hướng đi Ven Biển --> Lạc Quần --> Nam Định, Xuân Phúc, Tỉnh Ninh Bình",10,3.7,department_store,20.269678600000002,106.34176890000002
"Cà phê lon, Muỗng nhựa, Chai nước, Bánh mì sandwich, Ô dù gấp, Nước tăng lực, Sổ tay nhỏ, Bánh bao mini, Dây sạc điện thoại, Pin sạc, Khẩu trang y tế",Ba huệ,Ninh Binh Province,"Quốc lộ 21, Tỉnh Ninh Bình",15,4.3,convenience,20.028176899999995,106.20894570000002
"Nước ngọt, Bánh mì sandwich, Dao cạo râu, Lăn khử mùi, Bánh quy, Bánh quy, Bánh bao mini, Kem đánh răng, Bật lửa, Sổ tay nhỏ, Dây sạc điện thoại",Ba huệ,Ninh Binh Province,"Quốc lộ 21, Tỉnh Ninh Bình",10,4.1,convenience,20.028464099999997,106.2093103
"Nước ngọt, Sổ tay nhỏ, Gối cổ du lịch, Lăn khử mùi, Khoai tây chiên, Chai nước, Bánh bao mini, Kẹo cao su, Nước ngọt, Bút bi, Găng tay nilon, Mì ly, Sữa hộp",Thành nam,Ninh Binh Province,"Quốc lộ 21, Tỉnh Ninh Bình",20,4.2,convenience,20.0248847,106.2182672
"Kẹo cao su, Bút bi, Ô dù gấp, Kẹo cao su, Sữa hộp, Bánh snack, Bánh snack, Bật lửa, Thịt hộp, Sổ tay nhỏ, Muỗng nhựa, Nước suối, Nước ngọt, Nước ngọt, Dầu gội, Thịt hộp, Cà phê lon",Vĩ toan,Ninh Binh Province,"Đê biển, Tỉnh Ninh Bình",10,3.7,convenience,20.035437599999995,106.2183115
"Nước xả vải, Túi đựng rác, Sốt cà chua, Kem dưỡng da, Son dưỡng môi, Bàn chải, Bột mì, Dầu gội, Muối, Dao bếp, Muối","siêu thị Mini Tân Hạnh, tổ 14 TT Xuân Trường",Ninh Binh Province,"Đường Trường Chinh, Xuân Ngọc, Tỉnh Ninh Bình",135,4.2,supermarket,20.274079699999998,106.3303666
"Sữa tắm, Dầu gội, Dầu ăn, Dầu gội, Nước lau sàn, Nước suối, Kem đánh răng, Nước suối, Nước suối, Khăn ướt",siêu thị Mini Tân Hạnh,Ninh Binh Province,"Đường Trường Chinh, Xuân Ngọc, Tỉnh Ninh Bình",15,4.3,department_store,20.2718963,106.3299346
"Khăn giấy, Sữa tươi, Nước mắm, Nước rửa chén, Đường, Sữa bột, Nước ngọt, Đường, Nước ngọt, Cà phê",CH chị Khuyên (gần nhà thờ),Ninh Binh Province,"Đường Trường Chinh, Xuân Ngọc, Tỉnh Ninh Bình",20,3.5,department_store,20.271315099999995,106.3385141
"Giấy vệ sinh, Khăn giấy, Dầu ăn, Dầu gội, Khăn ướt, Mì gói, Bột nêm, Khăn ướt, Nước lau sàn, Bột nêm, Ngũ cốc, Kem đánh răng, Thực phẩm đóng hộp, Đường",CH Hà Huyền,Ninh Binh Province,"108, Phù Nghĩa, Phường Nam Định, Tỉnh Ninh Bình, 42000",10,4.2,department_store,20.4443548,106.1843969
"Mì gói, Bánh ăn dặm, Sữa tươi, Bình sữa, Bánh kẹo, Đường, Mì gói, Sữa tắm, Thực phẩm đóng hộp, Trà, Bánh kẹo, Ngũ cốc, Muối, Trà, Kem đánh răng",CH Hải Yến,Ninh Binh Province,"106, Phù Nghĩa, Phường Nam Định, Tỉnh Ninh Bình, 42000",15,3.5,department_store,20.4445353,106.184393
"Muối, Dầu gội, Khăn giấy, Dầu ăn, Bột giặt, Nước ngọt, Giấy vệ sinh, Giấy vệ sinh, Dầu gội, Thực phẩm đóng hộp, Sữa tắm, Kem đánh răng, Sữa tắm",CH Hạnh Vấn,Ninh Binh Province,"23, Bùi Huy Đáp, Phường Nam Định, Tỉnh Ninh Bình, 42000",20,3.8,department_store,20.4438481,106.1834474
"Bột giặt, Bột giặt, Bánh ăn dặm, Trà, Bánh ăn dặm, Bánh kẹo, Nước mắm, Sữa bột trẻ em, Nước ngọt, Bột nêm, Ngũ cốc, Tã em bé, Sữa tươi, Khăn giấy, Tã em bé",CH cô Hà,Ninh Binh Province,"25, Bùi Huy Đáp, Phường Nam Định, Tỉnh Ninh Bình, 42000",15,4.3,department_store,20.443730999999996,106.1832453
"Gạo, Nước mắm, Nước lau sàn, Muối, Nước mắm, Kem đánh răng, Sữa bột, Cà phê, Muối, Kem đánh răng",Cửa hàng chị Tươi,Ninh Binh Province,"Đường tỉnh 488B, Tỉnh Ninh Bình",15,4.5,department_store,20.2560184,106.27063810000001
"Sữa chua, Cà phê, Sữa chua, Giấy vệ sinh, Ngũ cốc, Kem đánh răng, Gạo, Sữa bột, Khăn giấy, Nước suối",CH Thanhf Nam,Ninh Binh Province,"160, Đường Võ Nguyên Giáp, Xuân Ngọc, Tỉnh Ninh Bình",10,3.9,department_store,20.2917351,106.3367199
"Bánh ăn dặm, Kem đánh răng, Ngũ cốc, Nước suối, Gạo, Ngũ cốc, Trà, Sữa tươi, Bình sữa, Dầu gội, Bánh ăn dặm, Bánh kẹo, Kem đánh răng",CH Ngocj Thuy',Ninh Binh Province,"116, Đường Võ Nguyên Giáp, Xuân Ngọc, Tỉnh Ninh Bình",15,3.7,department_store,20.291688999999998,106.3360213
"Bột giặt, Mì gói, Đường, Khăn ướt, Nước ngọt, Nước suối, Gạo, Khăn giấy, Nước suối, Nước lau sàn",Cafe Moon,Ninh Binh Province,"137, Bến Thóc, Phường Nam Định, Tỉnh Ninh Bình, 42000",20,4.1,department_store,20.422486899999996,106.1759395
"Nước ngọt, Dầu gội, Khăn giấy, Trà, Sữa tắm, Nước suối, Bình sữa, Khăn ướt, Nước rửa chén, Sữa bột, Nước rửa chén, Bình sữa, Bánh ăn dặm, Sữa bột, Sữa bột, Khăn ướt, Nước mắm",Cửa hàng Bình Sen,Ninh Binh Province,"Đường Trần Hưng Đạo, Bình Hòa, Tỉnh Ninh Bình",10,3.5,department_store,20.278333199999995,106.4453513
"Khoai tây chiên, Bánh quy, Gối cổ du lịch, Kẹo, Bàn chải đánh răng, Ô dù gấp, Bật lửa, Thịt hộp, Khoai tây chiên, Mì gói, Túi nylon",Cửa hàng anh Sơn,Ninh Binh Province,"105, Nguyễn Trãi, Phường Nam Định, Tỉnh Ninh Bình, 42000",15,4.4,convenience,20.427977399999993,106.1829828
"Xà phòng tắm, Sữa hộp, Nước suối, Trà đóng chai, Bật lửa, Lăn khử mùi, Sổ tay nhỏ, Khẩu trang y tế, Túi nylon, Kẹo cao su, Cà phê lon, Bật lửa, Nước tăng lực, Ô dù gấp, Pin sạc, Dây sạc điện thoại, Khăn ướt, Bánh quy",Cửa hàng cô yến,Ninh Binh Province,"292, Đường Tức Mạc, Phường Nam Định, Tỉnh Ninh Bình, 42000",15,4.4,convenience,20.447484900000003,106.1645664
"Kẹo, Gối cổ du lịch, Dầu gội, Chai nước, Muỗng nhựa, Xà phòng tắm, Mì ly, Bánh mì sandwich, Gối cổ du lịch, Mì ly, Bút bi, Bàn chải đánh răng, Chai nước, Kem đánh răng",Hoang hà,Ninh Binh Province,"32, Bến Ngự, Phường Nam Định, Tỉnh Ninh Bình, 42000",20,3.6,convenience,20.42623,106.1786468
"Bóng đèn LED mini, Lăn khử mùi, Khoai tây chiên, Pin sạc, Khoai tây chiên, Pin AA, Dây sạc điện thoại, Sữa chua uống, Nước suối, Nước suối, Gối cổ du lịch, Trà đóng chai, Dao cạo râu, Mì gói, Kem đánh răng, Khoai tây chiên, Bánh bao mini, Sữa chua uống, Cốc nhựa, Kẹo",Trường thi nam định,Ninh Binh Province,"24, Old Thái Bình Rd, Mỹ Tân, Phường Thiên Trường, Tỉnh Ninh Bình, 42000",10,3.7,convenience,20.443402099999993,106.2092194
"Mì ly, Bóng đèn LED mini, Bánh quy, Khoai tây chiên, Túi nylon, Túi nylon, Muỗng nhựa, Bao rác, Kẹo, Dây sạc điện thoại, Kẹo cao su, Gối cổ du lịch",52 nguyễn,Ninh Binh Province,"Phạm Ngũ Lão, Phường Thành Nam, Tỉnh Ninh Bình, 42000",15,3.7,convenience,20.422414900000003,106.1527323
"Sữa chua uống, Kem đánh răng, Bàn chải đánh răng, Xà phòng tắm, Kẹo, Pin AA, Thịt hộp, Muỗng nhựa, Kẹo, Dao cạo râu, Găng tay nilon, Bánh mì sandwich, Kẹo, Dây sạc điện thoại, Gối cổ du lịch, Khăn giấy",Cửa hàng anh namn,Ninh Binh Province,"55, Hoàng Diệu, Phường Nam Định, Tỉnh Ninh Bình, 42000",15,4.3,convenience,20.419469499999998,106.16994730000002
"Sữa chua uống, Xà phòng tắm, Ô dù gấp, Cốc nhựa, Gối cổ du lịch, Găng tay nilon, Bóng đèn LED mini, Dao cạo râu, Khẩu trang y tế, Ô dù gấp, Cốc nhựa",Tạp hóa cô Yến,Ninh Binh Province,"292, Đường Vĩnh Mạc, Phường Nam Định, Tỉnh Ninh Bình, 42000",20,3.5,convenience,20.448237600000002,106.1652872
"Nước ngọt, Dầu gội, Nước suối, Kẹo, Dao cạo râu, Dây sạc điện thoại, Bánh snack, Dao cạo râu, Khăn giấy, Kẹo, Chai nước, Cốc nhựa",Tạp hóa Quyên Minh,Ninh Binh Province,"205, Phù Nghĩa, Phường Nam Định, Tỉnh Ninh Bình, 42000",15,4.2,convenience,20.444859800000003,106.1841578
"Bình sữa, Nước lau sàn, Muối, Cà phê, Tã em bé, Bánh kẹo, Đường, Sữa bột trẻ em, Bình sữa, Cà phê, Sữa bột, Giấy vệ sinh, Gạo, Cà phê, Sữa chua, Cà phê, Đường, Dầu ăn, Gạo, Dầu gội",Siêu thị Minh Hòa,Ninh Binh Province,"428, Văn Cao, Phường Trường Thi, Tỉnh Ninh Bình, 42000",20,4.4,department_store,20.4130997,106.1615131
"Bột giặt, Nước suối, Cà phê, Trà, Nước xả vải, Nước xả vải, Bột nêm, Mì gói, Nước mắm, Kem đánh răng, Bột nêm, Bình sữa, Cà phê, Tã em bé",CH Trần Thu Hằng,Ninh Binh Province,"14, Nguyễn Thiện Thuật, Phường Nam Định, Tỉnh Ninh Bình, 42000",15,4,department_store,20.4232636,106.1798369
"Dầu gội, Khăn giấy, Mì gói, Bánh ăn dặm, Sữa bột trẻ em, Muối, Sữa tươi, Nước suối, Sữa tắm, Dầu ăn, Thực phẩm đóng hộp, Muối, Nước lau sàn, Nước xả vải, Bánh kẹo, Khăn giấy, Bột giặt, Đường, Nước suối, Sữa bột",Ch Bình Duật,Ninh Binh Province,"240, Điện Biên, Phường Nam Định, Tỉnh Ninh Bình, 42000",10,3.7,department_store,20.4298837,106.1642983
"Bột giặt, Sữa tắm, Sữa bột, Gạo, Giấy vệ sinh, Khăn giấy, Bánh kẹo, Sữa tươi, Sữa bột trẻ em, Bột giặt, Bánh kẹo, Tã em bé, Nước rửa chén, Dầu ăn, Nước lau sàn",CH Kim Liên,Ninh Binh Province,"49, Thành Chung, Phường Nam Định, Tỉnh Ninh Bình, 42000",15,4.5,department_store,20.428779399999993,106.1698202
"Nước ngọt, Sữa chua, Khăn ướt, Nước xả vải, Kem đánh răng, Sữa bột trẻ em, Bột nêm, Cà phê, Dầu ăn, Nước lau sàn, Giấy vệ sinh, Sữa bột, Giấy vệ sinh, Dầu ăn, Bột nêm",Cửa Hàng Chú Dương,Ninh Binh Province,"334, Điện Biên, Phường Nam Định, Tỉnh Ninh Bình, 42000",10,4,department_store,20.4303873,106.1624357
"Mì ly, Sữa hộp, Trà đóng chai, Cà phê lon, Nước suối, Kem đánh răng, Bút bi, Muỗng nhựa, Ô dù gấp, Bánh mì sandwich, Bánh mì sandwich, Muỗng nhựa, Nước tăng lực, Túi nylon, Khăn giấy, Sữa chua uống, Bao rác, Gối cổ du lịch, Dây sạc điện thoại, Nước suối",Hồng Long,Ninh Binh Province,"116, Song Hào, Phường Nam Định, Tỉnh Ninh Bình, 42000",10,4.4,convenience,20.4119902,106.16485
"Kẹo, Lăn khử mùi, Mì gói, Dây sạc điện thoại, Dao cạo râu, Bút bi, Kẹo cao su, Bật lửa, Xà phòng tắm, Găng tay nilon",Mạnh Linh,Ninh Binh Province,"Đại lộ Thiên Trường, Hưng Lộc, Phường Mỹ Lộc, Tỉnh Ninh Bình",15,4.3,convenience,20.451663699999997,106.0851126
"Bàn chải đánh răng, Ô dù gấp, Dây sạc điện thoại, Khẩu trang y tế, Mì ly, Trà đóng chai, Thịt hộp, Dầu gội, Bật lửa, Thịt hộp, Thịt hộp, Kẹo cao su, Bút bi, Cà phê lon",Toàn Hương,Ninh Binh Province,"Đường tỉnh 495, Phường Đông A, Tỉnh Ninh Bình",15,4,convenience,20.4967385,106.1329234
"Đường, Tã em bé, Thực phẩm đóng hộp, Gạo, Sữa tắm, Nước mắm, Nước xả vải, Nước suối, Đường, Bột nêm, Đường, Nước ngọt, Dầu gội, Nước lau sàn, Bột giặt, Đường, Mì gói, Ngũ cốc, Dầu ăn, Trà",CH Việt Xô,Ninh Binh Province,"284, Đặng Xuân Bảng, Phường Vị Khê, Tỉnh Ninh Bình, 42000",20,4.4,department_store,20.413018,106.1877913
"Muối, Bột giặt, Thực phẩm đóng hộp, Nước suối, Nước ngọt, Gạo, Tã em bé, Muối, Dầu gội, Muối, Sữa bột",CH Đức Cường,Ninh Binh Province,"91 Đ, Trần Thánh Tông, Phường Nam Định, Tỉnh Ninh Bình, 42000",10,3.6,department_store,20.4420739,106.18223640000001
"Bánh quy, Kẹo cao su, Bánh bao mini, Bao rác, Kẹo, Thịt hộp, Sổ tay nhỏ, Bánh bao mini, Bàn chải đánh răng, Khoai tây chiên, Sổ tay nhỏ, Găng tay nilon, Bàn chải đánh răng",Mai Hoạt,Ninh Binh Province,"Đại An - Đắc Lực, Thành Lợi, Phường Thành Nam, Tỉnh Ninh Bình",20,4.4,convenience,20.391588099999993,106.1257222
"Dầu ăn, Muỗng nĩa, Khẩu trang y tế, Son dưỡng môi, Snack, Sữa tươi, Trứng gà, Muỗng nĩa, Giấy bọc thực phẩm, Bông tẩy trang, Khẩu trang y tế, Gạo, Khăn giấy, Giấy bọc thực phẩm, Chảo chống dính, Sốt cà chua, Khẩu trang y tế, Muỗng nĩa, Nước trái cây, Gạo",Siêu thị Liễu Đề,Ninh Binh Province,"Đường Phạm Văn Đồng, Tỉnh Ninh Bình, 07400",50,3.9,supermarket,20.2198944,106.1816641
"Bánh quy, Dây sạc điện thoại, Bánh quy, Dao cạo râu, Bánh quy, Bánh quy, Nước suối, Bánh bao mini, Pin AA, Bàn chải đánh răng, Gối cổ du lịch, Lăn khử mùi, Nước tăng lực, Nước tăng lực",Mạnh Nga,Ninh Binh Province,"Đường bộ ven biển Nam Định, Tỉnh Ninh Bình",10,3.9,convenience,20.050676,106.175508
"Dao bếp, Trà túi lọc, Đĩa sứ, Son dưỡng môi, Nước xả vải, Thịt heo, Nước tương, Thịt heo, Kem cạo râu, Gạo, Snack, Sốt cà chua, Ly thủy tinh, Gạo, Khay nhựa, Đĩa sứ, Dầu ăn, Kem cạo râu",Siêu Thị Nghĩa Bình,Ninh Binh Province,"Đường bộ ven biển Nam Định, Tỉnh Ninh Bình",195,4,supermarket,20.058048199999998,106.1882895
"Chai nước, Túi nylon, Khẩu trang y tế, Lăn khử mùi, Pin AA, Khăn giấy, Bánh mì sandwich, Pin sạc, Sữa chua uống, Bánh snack, Cốc nhựa, Cà phê lon, Dao cạo râu, Bánh bao mini, Bánh mì sandwich, Gối cổ du lịch, Kẹo, Thịt hộp",Chị Ngoan,Ninh Binh Province,"Đường bộ ven biển Nam Định, Tỉnh Ninh Bình",10,3.8,convenience,20.0109218,106.1745407
"Găng tay nilon, Pin sạc, Túi nylon, Dầu gội, Nước ngọt, Khoai tây chiên, Khoai tây chiên, Bóng đèn LED mini, Kẹo, Sổ tay nhỏ, Chai nước, Lăn khử mùi, Bánh snack",Chị Ngoan,Ninh Binh Province,"Đường tỉnh 490, Tỉnh Ninh Bình",10,4,convenience,20.006319199999997,106.1889818
"Khăn ướt, Bột giặt, Sữa tắm, Muối, Dầu ăn, Khăn ướt, Tã em bé, Bột nêm, Nước lau sàn, Nước ngọt, Nước rửa chén, Bình sữa, Thực phẩm đóng hộp, Dầu gội",CH Nguyễn Thị Dung,Ninh Binh Province,"38, Đường Hùng Vương, Tỉnh Ninh Bình, 07400",20,4.1,department_store,20.220104,106.1820071
"Trà đóng chai, Mì gói, Dây sạc điện thoại, Thịt hộp, Bao rác, Mì gói, Nước ngọt, Sổ tay nhỏ, Xà phòng tắm, Túi nylon, Khăn giấy, Ô dù gấp, Dây sạc điện thoại, Sữa hộp, Khẩu trang y tế, Bao rác",Thanh Thủy,Ninh Binh Province,"Quốc lộ 21, Phường Hồng Quang, Tỉnh Ninh Bình",15,4.1,convenience,20.384690899999995,106.216252
"Bình sữa, Thực phẩm đóng hộp, Sữa bột, Nước rửa chén, Trà, Dầu ăn, Nước mắm, Bột nêm, Sữa chua, Nước xả vải, Bột nêm, Ngũ cốc, Dầu ăn",Sửu Là,Ninh Binh Province,"Quốc lộ 21, Bách Tính, Tỉnh Ninh Bình",15,4.2,department_store,20.3271763,106.259466
"Bột giặt, Dầu gội, Sữa bột trẻ em, Kem đánh răng, Nước rửa chén, Nước ngọt, Muối, Nước ngọt, Nước suối, Nước lau sàn, Thực phẩm đóng hộp, Bánh ăn dặm, Giấy vệ sinh, Nước mắm, Gạo, Sữa bột trẻ em, Sữa tươi, Cà phê, Bột giặt, Giấy vệ sinh",CH Tuân Huyền,Ninh Binh Province,"xóm 2, Quốc lộ 21, Phường Vị Khê, Tỉnh Ninh Bình",15,4.5,department_store,20.3963666,106.2030265
"Nước lau sàn, Trà, Sữa bột trẻ em, Sữa tươi, Mì gói, Khăn giấy, Dầu ăn, Sữa chua, Đường, Sữa tắm, Bánh kẹo, Bình sữa, Nước ngọt, Sữa tắm",CH Quyết Thêu,Ninh Binh Province,"Quốc lộ 21, Bách Tính, Tỉnh Ninh Bình",20,3.9,department_store,20.315148,106.2693992
"Nước xả vải, Kem đánh răng, Đường, Nước xả vải, Sữa chua, Bánh ăn dặm, Tã em bé, Nước suối, Cà phê, Dầu ăn, Đường, Bột nêm, Dầu ăn, Tã em bé, Nước lau sàn",CH Thu Hiên,Ninh Binh Province,"28, Quốc lộ 21, Bách Tính, Tỉnh Ninh Bình",20,4.1,department_store,20.319538399999992,106.2683582
"Cà phê, Sữa chua, Nước xả vải, Nước mắm, Bình sữa, Trà, Bình sữa, Ngũ cốc, Bình sữa, Khăn giấy, Nước lau sàn, Bình sữa, Thực phẩm đóng hộp, Tã em bé, Khăn giấy, Muối, Kem đánh răng",CH Thu Hải,Ninh Binh Province,"Đường Trường Chinh, Xuân Ngọc, Tỉnh Ninh Bình",10,4.5,department_store,20.2655416,106.3320735
"Kẹo, Lăn khử mùi, Nước ngọt, Thịt hộp, Ô dù gấp, Bánh quy, Kem đánh răng, Bánh bao mini, Trà đóng chai, Lăn khử mùi, Bánh bao mini",Hậu Cần,Ninh Binh Province,"Đường tỉnh 489, Xuân Vinh, Tỉnh Ninh Bình",20,3.9,convenience,20.290233700000005,106.3672181
"Gạo, Bột giặt, Gạo, Thực phẩm đóng hộp, Bánh ăn dặm, Ngũ cốc, Thực phẩm đóng hộp, Tã em bé, Muối, Tã em bé, Gạo, Muối, Nước rửa chén, Nước ngọt, Trà, Dầu ăn, Gạo, Bình sữa, Sữa bột trẻ em, Khăn giấy",CH Thanh Hằng,Ninh Binh Province,"Quốc lộ 38B, Tỉnh Ninh Bình, 42000",15,3.7,department_store,20.482562999999995,106.1372556
"Bút bi, Muỗng nhựa, Nước tăng lực, Bóng đèn LED mini, Mì ly, Dây sạc điện thoại, Bánh quy, Khăn giấy, Bật lửa, Dầu gội, Cà phê lon, Kẹo, Mì ly, Bánh bao mini, Găng tay nilon, Bút bi, Chai nước, Bật lửa",Tuấn Thủy,Ninh Binh Province,"Đại lộ Thiên Trường, Hưng Lộc, Phường Mỹ Lộc, Tỉnh Ninh Bình, 42000",10,3.9,convenience,20.4520911,106.1148901
"Nước lau sàn, Thực phẩm đóng hộp, Nước xả vải, Nước ngọt, Nước xả vải, Muối, Sữa chua, Tã em bé, Khăn ướt, Dầu gội, Sữa chua, Mì gói, Sữa tắm, Nước rửa chén, Sữa bột trẻ em, Bình sữa, Trà, Tã em bé, Gạo",CH Hiệp Nga,Ninh Binh Province,"Quốc lộ 21, Phường Vị Khê, Tỉnh Ninh Bình",20,3.5,department_store,20.4000253,106.2237293
"Bánh kẹo, Sữa tắm, Đường, Trà, Muối, Sữa tắm, Dầu gội, Sữa bột trẻ em, Gạo, Muối, Bánh ăn dặm, Bột nêm, Bánh ăn dặm",CH Hiền Khương,Ninh Binh Province,"Quốc lộ 21, Phường Vị Khê, Tỉnh Ninh Bình",10,3.8,department_store,20.399963799999995,106.2275676
"Bình sữa, Gạo, Ngũ cốc, Thực phẩm đóng hộp, Sữa tắm, Muối, Giấy vệ sinh, Kem đánh răng, Nước ngọt, Khăn ướt",CH Kiên Thu,Ninh Binh Province,"Quốc lộ 21, Bách Tính, Tỉnh Ninh Bình",10,4.2,department_store,20.378379999999996,106.2624257
"Giá sách nhỏ, Túi tote vải bố, Túi đan tay, Bàn tre mini, Đồ trang trí vintage, Đèn lồng giấy, Tranh treo tường thủ công, Lồng đèn mây, Đồ trang trí mây tre, Túi đan tay, Khung tre, Đồ trang trí vintage, Đồ trang trí vintage, Tranh treo tường thủ công, Túi đan tay, Ghế đan tay, Lọ mây, Túi tote vải bố",Cơ sở chế tác đá mỹ nghệ Duy Lợi,Ninh Binh Province,"Đường cao tốc Mai Sơn - Quốc lộ 45, Ninh Vân, Phường Hoa Lư, Tỉnh Ninh Bình, 08214",300,4.4,craft,20.1853135,105.9460204
"Kem đánh răng, Nước lau sàn, Trà, Nước rửa chén, Nước xả vải, Bánh kẹo, Bột giặt, Nước suối, Nước rửa chén, Bình sữa, Dầu ăn, Dầu gội, Gạo, Tã em bé, Thực phẩm đóng hộp, Bình sữa",CH Hưởng Là,Ninh Binh Province,"Quốc lộ 21, Bách Tính, Tỉnh Ninh Bình",20,4.5,department_store,20.3345875,106.2528195
"Sữa chua, Trà, Bánh ăn dặm, Sữa tươi, Cà phê, Bột giặt, Nước mắm, Bột giặt, Khăn ướt, Sữa chua, Bột giặt, Dầu gội, Đường, Nước suối, Tã em bé, Nước mắm, Kem đánh răng, Bột nêm, Ngũ cốc, Bột nêm",CH Quang Vinh,Ninh Binh Province,"Quốc lộ 37B, Tỉnh Ninh Bình, 07618",20,4.3,department_store,20.199344099999998,106.2060566
"Nước lau sàn, Sữa tắm, Giấy vệ sinh, Bình sữa, Thực phẩm đóng hộp, Thực phẩm đóng hộp, Gạo, Nước mắm, Giấy vệ sinh, Cà phê, Mì gói, Bánh kẹo, Trà, Thực phẩm đóng hộp, Bình sữa",CH cô Dung,Ninh Binh Province,"Quốc lộ 37B, Tỉnh Ninh Bình, 07618",15,4.4,department_store,20.200248300000002,106.21617830000001
"Bánh kẹo, Sữa tươi, Nước ngọt, Đường, Ngũ cốc, Dầu ăn, Bánh kẹo, Khăn giấy, Tã em bé, Gạo, Nước suối, Dầu ăn, Dầu ăn",CT Liên Tiến,Ninh Binh Province,"66-68, Quang Trung, Phường Nam Định, Tỉnh Ninh Bình, 42000",20,3.6,department_store,20.429639499999993,106.1727467
"Thực phẩm đóng hộp, Nước xả vải, Muối, Nước rửa chén, Sữa tươi, Khăn ướt, Sữa bột trẻ em, Nước suối, Tã em bé, Cà phê, Nước ngọt, Trà, Giấy vệ sinh, Tã em bé",CH Hồng Thọ,Ninh Binh Province,"84, Cầu Đò Quan, Phường Nam Định, Tỉnh Ninh Bình, 42000",15,3.9,department_store,20.4172919,106.1825097
"Trà, Bình sữa, Đường, Muối, Mì gói, Dầu ăn, Nước xả vải, Bột giặt, Dầu gội, Giấy vệ sinh, Nước lau sàn, Ngũ cốc, Bột nêm, Tã em bé, Dầu ăn, Khăn giấy, Trà",CH cô Hồng,Ninh Binh Province,"138, Vũ Hữu Lợi, Phường Nam Định, Tỉnh Ninh Bình, 42000",20,4.5,department_store,20.4137801,106.1802989
"Sữa bột, Bột nêm, Tã em bé, Nước mắm, Sữa bột trẻ em, Sữa tắm, Giấy vệ sinh, Bánh ăn dặm, Nước lau sàn, Thực phẩm đóng hộp, Nước mắm, Dầu ăn, Giấy vệ sinh, Kem đánh răng, Đường, Đường, Bột giặt",Ch Oánh Mười,Ninh Binh Province,"Quốc lộ 21, Bách Tính, Tỉnh Ninh Bình",15,3.9,department_store,20.3225124,106.2653365
"Bánh kẹo, Nước suối, Bột nêm, Mì gói, Dầu ăn, Cà phê, Nước xả vải, Bánh ăn dặm, Khăn ướt, Bánh kẹo, Nước suối, Bột giặt",CH Tâm Châu,Ninh Binh Province,"Quốc lộ 21, Bách Tính, Tỉnh Ninh Bình",10,4.3,department_store,20.325173899999996,106.2632942
"Nước xả vải, Đường, Nước xả vải, Nước suối, Thực phẩm đóng hộp, Bình sữa, Bánh kẹo, Dầu ăn, Nước mắm, Bánh kẹo, Bình sữa, Nước lau sàn, Khăn giấy, Bánh ăn dặm, Đường, Mì gói",CH cô Xuân,Ninh Binh Province,"480, Điện Biên, Phường Đông A, Tỉnh Ninh Bình, 42000",20,4.2,department_store,20.4317181,106.1572098
"Bột nêm, Sữa tắm, Nước rửa chén, Đường, Sữa tươi, Trà, Ngũ cốc, Khăn giấy, Dầu ăn, Thực phẩm đóng hộp",CH cô Giao,Ninh Binh Province,"1040, Điện Biên, Phường Đông A, Tỉnh Ninh Bình, 42000",15,4.2,department_store,20.435726599999995,106.1406877
"Sữa chua, Bột giặt, Gạo, Dầu gội, Bánh ăn dặm, Dầu gội, Bột giặt, Thực phẩm đóng hộp, Thực phẩm đóng hộp, Bánh ăn dặm, Muối, Bình sữa",CH cô May,Ninh Binh Province,"316, Trường Chinh, Phường Nam Định, Tỉnh Ninh Bình, 42000",10,4.3,department_store,20.438110499999997,106.1805563
"Đường, Khăn giấy, Nước mắm, Bột nêm, Tã em bé, Nước ngọt, Nước rửa chén, Bánh ăn dặm, Bột giặt, Nước rửa chén, Nước mắm, Nước ngọt, Bột nêm, Kem đánh răng",CH Cô Lương,Ninh Binh Province,"34, Mạc Thị Bưởi, Phường Nam Định, Tỉnh Ninh Bình, 42000",20,3.6,department_store,20.432245199999997,106.1787322
"Thực phẩm đóng hộp, Sữa tắm, Kem đánh răng, Muối, Dầu gội, Sữa bột, Sữa chua, Trà, Gạo, Ngũ cốc, Thực phẩm đóng hộp, Sữa bột trẻ em, Gạo, Bình sữa, Bột giặt, Bình sữa",CH Dung Bình,Ninh Binh Province,"Trần Nhân Tông, Phường Nam Định, Tỉnh Ninh Bình, 42000",10,3.7,department_store,20.4117372,106.1711598
"Bột nêm, Tã em bé, Sữa chua, Bình sữa, Nước lau sàn, Dầu gội, Mì gói, Dầu gội, Sữa bột trẻ em, Bột giặt, Nước mắm, Ngũ cốc, Nước rửa chén, Tã em bé, Kem đánh răng",CH Tài Chi,Ninh Binh Province,"120, Song Hào, Phường Nam Định, Tỉnh Ninh Bình, 42000",10,4.1,department_store,20.412327800000003,106.1647845
"Nước ngọt, Mì gói, Muối, Bình sữa, Nước lau sàn, Nước suối, Dầu gội, Đường, Thực phẩm đóng hộp, Bánh kẹo",CH chị Lan,Ninh Binh Province,Không rõ,15,4.1,department_store,20.419781600000004,106.1616458
"Dầu ăn, Muối, Dầu gội, Sữa bột trẻ em, Nước xả vải, Trà, Nước rửa chén, Muối, Nước suối, Muối, Dầu gội, Khăn giấy, Mì gói, Cà phê, Nước lau sàn",CH Bích Dũng,Ninh Binh Province,Không rõ,20,3.6,department_store,20.423883099999994,106.1543375
"Nước rửa chén, Sữa tắm, Trà, Khăn giấy, Mì gói, Sữa bột, Cà phê, Khăn ướt, Bột giặt, Khăn ướt, Dầu ăn, Muối, Nước xả vải, Nước lau sàn, Sữa chua, Bình sữa, Muối",CH Bản Vân,Ninh Binh Province,"219, Đường Trần Huy Liệu, Phường Thành Nam, Tỉnh Ninh Bình, 42000",10,3.6,department_store,20.4181583,106.1614094
"Bình sữa, Thực phẩm đóng hộp, Sữa tươi, Nước mắm, Thực phẩm đóng hộp, Gạo, Khăn ướt, Nước xả vải, Nước suối, Nước ngọt, Khăn ướt, Nước xả vải, Trà, Muối, Tã em bé, Nước suối, Nước rửa chén, Bánh ăn dặm, Nước mắm",CH cô Nhung,Ninh Binh Province,"69/192, Ngách 81/102 Đường Trần Huy Liệu, Phường Thành Nam, Tỉnh Ninh Bình, 42000",10,4.4,department_store,20.421228699999997,106.1617257
"Bình sữa, Dầu gội, Dầu gội, Bột giặt, Bánh ăn dặm, Nước lau sàn, Sữa chua, Thực phẩm đóng hộp, Sữa chua, Dầu ăn, Khăn ướt, Ngũ cốc",CH Phương Thủy,Ninh Binh Province,"455, Đường Trần Huy Liệu, Phường Trường Thi, Tỉnh Ninh Bình, 42000",20,4.1,department_store,20.414998,106.1572251
"Nước hoa mini, Ly thủy tinh, Trà túi lọc, Son dưỡng môi, Muỗng nĩa, Ngũ cốc ăn sáng, Bàn chải, Đĩa sứ, Cà phê hòa tan, Dầu gội, Nước lau sàn, Giấy vệ sinh, Bột mì, Dao bếp, Chảo chống dính, Đĩa sứ, Thớt, Bàn chải, Gạo",Siêu Thị Minh Hoà,Ninh Binh Province,"428, Văn Cao, Phường Nam Định, Tỉnh Ninh Bình, 42000",145,3.5,supermarket,20.4166557,106.1653422
"Bánh ăn dặm, Mì gói, Sữa chua, Trà, Bột nêm, Sữa bột, Cà phê, Thực phẩm đóng hộp, Khăn giấy, Khăn ướt, Khăn ướt",CH bác Đức,Ninh Binh Province,"62, Trần Bích San, Phường Nam Định, Tỉnh Ninh Bình, 42000",15,3.7,department_store,20.4120297,106.167694
"Cà phê, Đường, Cà phê, Ngũ cốc, Khăn giấy, Bột nêm, Muối, Bánh kẹo, Sữa tắm, Nước mắm, Đường, Kem đánh răng, Thực phẩm đóng hộp, Nước mắm, Ngũ cốc, Gạo, Bột giặt, Bánh kẹo, Giấy vệ sinh, Đường",CH Kim Huế,Ninh Binh Province,"Nguyễn Văn Trỗi, Phường Nam Định, Tỉnh Ninh Bình, 42000",15,4,department_store,20.4155621,106.1692921
"Bột nêm, Bình sữa, Mì gói, Khăn giấy, Giấy vệ sinh, Nước rửa chén, Bánh kẹo, Nước lau sàn, Dầu ăn, Bánh kẹo, Nước lau sàn, Sữa bột, Trà",CH Nhẫn Điển,Ninh Binh Province,"Quốc lộ 10, Thành Lợi, Phường Trường Thi, Tỉnh Ninh Bình, 00000",20,4.3,department_store,20.3774416,106.1338452
"Sữa tắm, Mì gói, Rau củ quả, Nước mắm, Muỗng nĩa, Trứng gà, Nước lau sàn, Snack, Sữa tắm, Trà túi lọc, Sốt cà chua, Ngũ cốc ăn sáng, Bột mì, Túi đựng rác, Bông tẩy trang",SThi Family,Ninh Binh Province,"Quốc lộ 10, Phường Trường Thi, Tỉnh Ninh Bình, 00000",80,4.1,supermarket,20.3553035,106.1203927
"Nước rửa chén, Sữa tươi, Đường, Dầu ăn, Gạo, Cà phê, Giấy vệ sinh, Bình sữa, Dầu gội, Bột nêm",CH Bá Tuyết,Ninh Binh Province,"Quốc lộ 10, Tỉnh Ninh Bình, 00000",10,4,department_store,20.3433216,106.1120182
"Trà, Mì gói, Giấy vệ sinh, Bột nêm, Kem đánh răng, Bột giặt, Kem đánh răng, Sữa tắm, Nước mắm, Gạo, Nước rửa chén, Nước mắm",CH Tuấn Hạnh,Ninh Binh Province,"Quốc lộ 10, Tỉnh Ninh Bình, 00000",15,3.7,department_store,20.342916099999993,106.1121273
"Khăn ướt, Khăn ướt, Sữa bột, Cà phê, Dầu ăn, Gạo, Mì gói, Sữa bột trẻ em, Bánh ăn dặm, Nước xả vải, Bột nêm, Bình sữa, Sữa tươi, Nước suối, Nước rửa chén, Dầu gội, Sữa bột trẻ em, Sữa chua",CH Hưng Thoa,Ninh Binh Province,"Quốc lộ 38B, Tỉnh Ninh Bình",10,4.1,department_store,20.382527199999995,106.0926973
"Sữa bột trẻ em, Tã em bé, Khăn ướt, Trà, Bột giặt, Muối, Bột giặt, Bánh ăn dặm, Trà, Khăn giấy, Ngũ cốc, Sữa chua, Bột giặt, Sữa tắm, Muối",CH Đức Suốt,Ninh Binh Province,"Quốc lộ 38B, Tỉnh Ninh Bình",20,3.8,department_store,20.381750899999993,106.089168
"Gạo, Tã em bé, Dầu ăn, Bình sữa, Nước rửa chén, Bánh ăn dặm, Đường, Bánh ăn dặm, Kem đánh răng, Sữa tắm, Sữa bột trẻ em, Nước lau sàn",CH Thuý Cường,Ninh Binh Province,"835, Đường Trần Huy Liệu, Phường Thành Nam, Tỉnh Ninh Bình, 42000",10,4,department_store,20.4101286,106.1470583
"Nước mắm, Kem đánh răng, Giấy vệ sinh, Nước rửa chén, Kem đánh răng, Mì gói, Sữa bột, Nước suối, Dầu ăn, Sữa tươi, Sữa bột, Dầu ăn",CH chị Linh,Ninh Binh Province,"1241, Đường Trần Huy Liệu, Phường Thành Nam, Tỉnh Ninh Bình, 42000",10,3.6,department_store,20.404758500000003,106.1356396
"Sữa chua, Nước mắm, Bình sữa, Gạo, Nước rửa chén, Thực phẩm đóng hộp, Bột giặt, Cà phê, Kem đánh răng, Khăn giấy, Thực phẩm đóng hộp, Nước lau sàn, Bánh ăn dặm, Dầu gội, Sữa tươi, Sữa chua, Sữa tắm",Hoán Hoa,Ninh Binh Province,"Quốc lô 37B, 38B, Xã Minh Tân, Tỉnh Ninh Bình",15,3.6,department_store,20.3713002,106.0705339
"Nước mắm, Giấy vệ sinh, Trà, Kem đánh răng, Dầu gội, Sữa bột, Khăn ướt, Nước lau sàn, Cà phê, Bánh kẹo, Sữa bột",Nam Hiền,Ninh Binh Province,"Quốc lô 37B, Tỉnh Ninh Bình",20,4.1,department_store,20.360814299999998,106.0757739
"Muối, Thực phẩm đóng hộp, Cà phê, Gạo, Trà, Sữa tắm, Muối, Giấy vệ sinh, Bánh ăn dặm, Sữa tắm, Ngũ cốc, Mì gói, Nước rửa chén, Trà, Gạo, Nước xả vải, Bột giặt, Khăn ướt, Tã em bé, Tã em bé",Ân Nương,Ninh Binh Province,"136, Quốc lộ 10, Tỉnh Ninh Bình",10,4.3,department_store,20.3307566,106.0723469
"Nước ngọt, Sữa bột, Dầu ăn, Sữa tươi, Nước rửa chén, Nước rửa chén, Sữa bột trẻ em, Nước lau sàn, Khăn ướt, Muối, Nước lau sàn, Nước xả vải, Sữa bột, Bột nêm, Nước rửa chén, Sữa bột, Khăn giấy",Chung Tuyên,Ninh Binh Province,"Quốc lộ 37B, Tỉnh Ninh Bình, 00000",15,3.6,department_store,20.3305293,106.080896
"Nước suối, Trà, Gạo, Bột nêm, Khăn giấy, Ngũ cốc, Dầu gội, Nước ngọt, Dầu gội, Nước rửa chén, Bột giặt, Sữa bột trẻ em",CH Trang Lương,Ninh Binh Province,"44, Trần Đăng Ninh, Phường Nam Định, Tỉnh Ninh Bình, 42000",10,4.1,department_store,20.425226999999996,106.1661874
"Trà, Nước mắm, Nước ngọt, Nước rửa chén, Giấy vệ sinh, Nước mắm, Nước rửa chén, Sữa chua, Sữa tắm, Dầu ăn, Sữa bột trẻ em, Tã em bé, Ngũ cốc, Tã em bé, Sữa chua, Sữa chua, Khăn ướt, Muối, Kem đánh răng, Nước ngọt",CH cô Nga - 791 Vũ Hữu Lợi,Ninh Binh Province,"791, Vũ Hữu Lợi, Phường Vị Khê, Tỉnh Ninh Bình, 42000",10,4.4,department_store,20.398055000000003,106.1801629
"Bình sữa, Đường, Tã em bé, Sữa tắm, Sữa tươi, Sữa chua, Bình sữa, Bột giặt, Muối, Cà phê, Nước rửa chén",CH Hùng Huế,Ninh Binh Province,"Phố Lý Tự Trọng, Phường Thành Nam, Tỉnh Ninh Bình, 42000",10,4.4,department_store,20.416355400000004,106.1493009
"Bình sữa, Bột giặt, Sữa tắm, Bột nêm, Sữa bột trẻ em, Muối, Bột giặt, Thực phẩm đóng hộp, Tã em bé, Muối, Cà phê, Sữa tắm, Sữa bột trẻ em, Bánh ăn dặm, Sữa bột, Nước lau sàn, Nước ngọt, Sữa bột",CH Đức Tân,Ninh Binh Province,"Quốc lộ 38B, Tỉnh Ninh Bình",10,3.9,department_store,20.3855986,106.0893192
"Trà, Nước mắm, Nước rửa chén, Dầu gội, Khăn ướt, Ngũ cốc, Khăn giấy, Muối, Sữa bột trẻ em, Khăn ướt, Dầu gội, Sữa chua, Mì gói, Muối, Nước suối, Thực phẩm đóng hộp, Cà phê, Muối, Mì gói, Gạo",CH Mạnh Linh,Ninh Binh Province,"Quốc lộ 21, Mỹ Thuận, Tỉnh Ninh Bình",10,4,department_store,20.446284200000004,106.0765912
"Sữa tắm, Nước ngọt, Nước xả vải, Tã em bé, Nước mắm, Trà, Sữa tắm, Sữa tươi, Nước ngọt, Muối, Gạo, Đường, Nước mắm",CH Hồng Quang,Ninh Binh Province,"5, Bến Thóc, Phường Nam Định, Tỉnh Ninh Bình, 42000",15,3.6,department_store,20.420363799999997,106.1775288
"Nước xả vải, Tã em bé, Đường, Muối, Dầu ăn, Bánh kẹo, Nước lau sàn, Cà phê, Đường, Thực phẩm đóng hộp, Mì gói, Tã em bé",CH Cường Thuận,Ninh Binh Province,"Cửa Trường, Phường Nam Định, Tỉnh Ninh Bình, 42000",15,4.4,department_store,20.4204965,106.1761056
"Tã em bé, Bột nêm, Sữa tắm, Nước suối, Cà phê, Muối, Cà phê, Cà phê, Ngũ cốc, Nước xả vải, Thực phẩm đóng hộp, Bột giặt",CH Lan Thanh,Ninh Binh Province,"1/166, Trần Quang Khải, Phường Nam Định, Tỉnh Ninh Bình, 42000",10,4.3,department_store,20.418111100000004,106.1715162
"Bánh kẹo, Mì gói, Bánh kẹo, Tã em bé, Nước lau sàn, Sữa bột, Sữa chua, Nước mắm, Tã em bé, Dầu gội, Nước lau sàn, Nước mắm, Mì gói, Sữa bột",CH Bích Thể,Ninh Binh Province,"57, Tràng Thi, Phường Nam Định, Tỉnh Ninh Bình, 42000",20,3.7,department_store,20.420154199999995,106.165067
"Cà phê, Thực phẩm đóng hộp, Khăn giấy, Nước rửa chén, Thực phẩm đóng hộp, Muối, Mì gói, Kem đánh răng, Bình sữa, Dầu gội, Muối, Sữa bột, Giấy vệ sinh, Sữa chua, Khăn giấy, Cà phê, Khăn ướt",CH Hiền Ái,Ninh Binh Province,"Đường Lương Xá, Phường Đông A, Tỉnh Ninh Bình, 42000",15,4.1,department_store,20.431131599999997,106.1351155
"Khăn ướt, Thực phẩm đóng hộp, Nước ngọt, Cà phê, Dầu gội, Muối, Nước xả vải, Ngũ cốc, Cà phê, Sữa bột, Gạo",CH Huyền Hường,Ninh Binh Province,"Đường tỉnh 486B, Tỉnh Ninh Bình",10,4.4,department_store,20.401682699999995,106.0646085
"Sữa tắm, Sữa tươi, Thực phẩm đóng hộp, Ngũ cốc, Khăn ướt, Nước xả vải, Sữa tắm, Giấy vệ sinh, Thực phẩm đóng hộp, Sữa tắm, Bánh ăn dặm, Gạo, Cà phê, Sữa chua, Kem đánh răng, Bánh kẹo, Giấy vệ sinh, Đường, Nước ngọt",CH Tuấn Hoà,Ninh Binh Province,"Quốc lộ 38B, Tỉnh Ninh Bình",15,4.3,department_store,20.376532499999993,106.0957089
"Khăn giấy, Nước lau sàn, Sữa chua, Trà, Dầu gội, Dầu ăn, Bánh kẹo, Nước xả vải, Nước lau sàn, Gạo, Nước xả vải, Đường, Đường, Cà phê",CH Mai Hoạt,Ninh Binh Province,"Đại An - Đắc Lực, Thành Lợi, Phường Thành Nam, Tỉnh Ninh Bình",15,3.8,department_store,20.3915145,106.1256917
"Nước ngọt, Bánh kẹo, Muối, Bột giặt, Nước lau sàn, Bánh kẹo, Sữa chua, Nước lau sàn, Dầu ăn, Khăn giấy",CH Hồng Xuân,Ninh Binh Province,"686, Đặng Xuân Bảng, Phường Vị Khê, Tỉnh Ninh Bình, 42000",15,4.1,department_store,20.4199783,106.18279820000001
"Sữa bột trẻ em, Sữa bột, Bình sữa, Trà, Bột nêm, Nước mắm, Nước rửa chén, Bột nêm, Cà phê, Sữa bột, Nước mắm, Kem đánh răng, Nước ngọt, Bột giặt, Nước lau sàn, Đường, Sữa tắm, Sữa bột, Bột nêm, Bột nêm",bà Thêu,Ninh Binh Province,"Quốc lộ 21, Phường Vị Khê, Tỉnh Ninh Bình",15,4.3,department_store,20.397538999999995,106.2023894
"Khăn giấy, Sữa bột trẻ em, Bánh ăn dặm, Nước xả vải, Thực phẩm đóng hộp, Khăn ướt, Bình sữa, Thực phẩm đóng hộp, Bình sữa, Khăn giấy, Nước mắm, Thực phẩm đóng hộp, Bánh ăn dặm, Thực phẩm đóng hộp, Cà phê, Nước suối, Cà phê, Đường",CH cô Tám,Ninh Binh Province,"Văn Cao, Phường Trường Thi, Tỉnh Ninh Bình, 42000",20,4.5,department_store,20.410478299999994,106.1592345
"Nước mắm, Giấy vệ sinh, Nước rửa chén, Bình sữa, Nước rửa chén, Sữa tươi, Tã em bé, Sữa bột trẻ em, Sữa bột, Trà, Nước xả vải, Nước mắm, Nước rửa chén, Mì gói, Sữa chua, Sữa bột trẻ em, Nước suối",CH Thắm Hường,Ninh Binh Province,"34, Song Hào, Phường Nam Định, Tỉnh Ninh Bình, 42000",15,4,department_store,20.410382400000003,106.1669143
"Nước tương, Sữa tắm, Mì gói, Kem dưỡng da, Đường, Nước rửa chén, Đường, Sữa tắm, Son dưỡng môi, Chảo chống dính, Sốt cà chua, Cá hộp, Chảo chống dính, Khay nhựa, Khăn giấy, Muối, Dao bếp",WinMart,Ninh Binh Province,"Đường Cát Linh, Đông Thành, Phường Hoa Lư, Tỉnh Ninh Bình, 08212",190,4.3,supermarket,20.2592188,105.9701652
"Bút ký cao cấp, Hộp quà tặng, Tranh mini, Sổ tay dễ thương, Cốc đôi, Bưu thiếp, Gối in hình, Đồ thủ công, Đồ thủ công, Khăn lụa, Đồ thủ công",Farmtrip,Ninh Binh Province,"Thai Vi, Ninh Hải, Phường Nam Hoa Lư, Tỉnh Ninh Bình, 08213",300,4.7,gift,20.216850900000004,105.9416374
"Bánh snack, Xà phòng tắm, Mì ly, Mì gói, Mì gói, Nước ngọt, Bánh snack, Pin AA, Bóng đèn LED mini, Khăn giấy, Xà phòng tắm, Lăn khử mùi, Trà đóng chai, Bánh bao mini, Dây sạc điện thoại, Bánh bao mini, Nước suối, Nước suối, Ô dù gấp, Găng tay nilon",Tam Cốc Mart,Ninh Binh Province,"ĐT.491C, Ninh Hải, Phường Nam Hoa Lư, Tỉnh Ninh Bình, 08214",15,4.1,convenience,20.216295499999994,105.9379656
"Thịt hộp, Găng tay nilon, Túi nylon, Khăn giấy, Khẩu trang y tế, Pin AA, Ô dù gấp, Bánh snack, Muỗng nhựa, Dao cạo râu, Pin sạc, Ô dù gấp, Khăn ướt, Bóng đèn LED mini, Bật lửa, Bao rác, Gối cổ du lịch, Nước tăng lực",T Mart,Ninh Binh Province,"ĐT.491C, Ninh Hải, Phường Nam Hoa Lư, Tỉnh Ninh Bình, 08214",10,4.3,convenience,20.216711699999998,105.9385635
"Đường, Đường, Chảo chống dính, Kem cạo râu, Rau củ quả, Nước mắm, Kem dưỡng da, Trà túi lọc, Snack, Thớt, Bột mì",Vinamart,Ninh Binh Province,"Nguyễn Công Trứ, Phường Đông A, Tỉnh Ninh Bình, 42000",65,3.9,supermarket,20.432821600000008,106.1550683
"Bánh quy, Cốc nhựa, Kẹo, Kẹo, Nước tăng lực, Sữa hộp, Trà đóng chai, Sổ tay nhỏ, Kẹo cao su, Bánh mì sandwich, Bút bi",Tin Tin Au Vietnam Tourist Shop,Ninh Binh Province,"Lê Đức Thọ, Xã Thanh Hà, Tỉnh Ninh Bình",10,3.7,convenience,20.4980698,105.9197658
"Snack, Thịt heo, Đĩa sứ, Bàn chải, Nước tương, Mì gói, Nước rửa chén, Son dưỡng môi, Muối, Gạo, Thớt, Bàn chải",WinMart,Ninh Binh Province,"Đông A, Phường Nam Định, Tỉnh Ninh Bình, 42000",65,4.3,supermarket,20.435398999999997,106.16087340000001
"Nước lau sàn, Son dưỡng môi, Nước xả vải, Gạo, Gạo, Bột mì, Khay nhựa, Bột mì, Sữa chua, Nước xả vải, Đường, Nước mắm, Cà phê hòa tan",Chợ Nhân Hậu,Ninh Binh Province,"CT.08, Tỉnh Ninh Bình, 07400",180,3.9,supermarket,20.244451799999997,106.1612372
"Giấy bọc thực phẩm, Kem cạo râu, Trứng gà, Giấy vệ sinh, Sữa chua, Dầu gội, Trà túi lọc, Bông tẩy trang, Bột giặt, Kem cạo râu",Cửa hàng quần áo,Ninh Binh Province,"Đường tỉnh 488C, Tỉnh Ninh Bình",190,4,supermarket,20.1136373,106.2600188
"Trà túi lọc, Thịt heo, Bơ thực vật, Đĩa sứ, Bơ thực vật, Son dưỡng môi, Giấy vệ sinh, Kem dưỡng da, Khẩu trang y tế, Nước trái cây, Bơ thực vật, Trà túi lọc, Khẩu trang y tế, Túi đựng rác, Dầu gội",Tiệm Nhà Hiền CN Đồng Văn Xanh,Ninh Binh Province,"LK25/27, Phố Đào Duy Từ, Ngọc Động, Phường Hà Nam, Tỉnh Ninh Bình, 03513",75,4.3,supermarket,20.641612400000003,105.9085245
"Nước tăng lực, Muỗng nhựa, Dầu gội, Pin AA, Bánh quy, Kẹo cao su, Muỗng nhựa, Trà đóng chai, Sữa hộp, Sổ tay nhỏ, Nước tăng lực, Sổ tay nhỏ",Minimart,Ninh Binh Province,"Tràng An, Phường Tây Hoa Lư, Tỉnh Ninh Bình, 08000",10,4.2,convenience,20.270685899999997,105.9135923
"Trà đóng chai, Kẹo, Khẩu trang y tế, Dao cạo râu, Mì ly, Bánh mì sandwich, Bánh bao mini, Mì ly, Bao rác, Thịt hộp, Mì gói, Bánh quy, Sữa chua uống, Bàn chải đánh răng, Chai nước, Bánh quy, Pin AA, Dao cạo râu, Pin AA",WinMart+,Ninh Binh Province,"Đường Hoàng Hoa Thám, Vân Giang, Phường Hoa Lư, Tỉnh Ninh Bình, 08212",10,3.8,convenience,20.2517637,105.9783454
"Xà phòng tắm, Bánh quy, Lăn khử mùi, Bánh mì sandwich, Bật lửa, Khăn giấy, Pin AA, Khăn giấy, Bút bi, Bật lửa, Bàn chải đánh răng, Bóng đèn LED mini, Bàn chải đánh răng, Bóng đèn LED mini, Kẹo cao su, Khoai tây chiên, Dầu gội, Dây sạc điện thoại",WinMart+,Ninh Binh Province,"Đường Nguyễn Văn Trỗi, Phường Phủ Lý, Tỉnh Ninh Bình",20,3.6,convenience,20.5403214,105.9149816
"Kem cạo râu, Nước xả vải, Nước hoa mini, Muối, Khay nhựa, Kem cạo râu, Nước rửa chén, Túi đựng rác, Bàn chải, Sốt cà chua, Giấy bọc thực phẩm, Sốt cà chua, Sữa chua, Sữa tươi, Son dưỡng môi, Nước xả vải, Bàn chải, Nước rửa chén, Thịt heo",Chợ Viềng,Ninh Binh Province,"Quốc lộ 38B, Tỉnh Ninh Bình",115,3.5,supermarket,20.37913596928179,106.08373081155844
"Bánh bao mini, Bánh bao mini, Cốc nhựa, Kẹo cao su, Khẩu trang y tế, Muỗng nhựa, Bút bi, Khăn ướt, Ô dù gấp, Sữa chua uống, Lăn khử mùi",Liên Thao,Ninh Binh Province,"181, Đường Ngô Thì Nhậm, Phường Tam Điệp, Tỉnh Ninh Bình, 00000",15,4.2,convenience,20.149981182614283,105.92202555879734
"Mascara, Túi xách, Sách, Giày cao gót, Túi xách, Khăn choàng, Nón thời trang, Son môi, Laptop mini, Laptop mini, Mỹ phẩm trang điểm, Ví da, Ba lô thời trang, Kính mát, Ví da",GO! Nam Định,Ninh Binh Province,"Quốc lộ 10, Phường Đông A, Tỉnh Ninh Bình, 42000",300,3.6,mall,20.437939723374974,106.15217728552778
"Nước xả vải, Bột mì, Bàn chải, Trứng gà, Bơ thực vật, Kem cạo râu, Rau củ quả, Trà túi lọc, Đường, Trứng gà, Son dưỡng môi, Bàn chải, Bột giặt, Nước lau sàn, Rau củ quả",Chợ Thẫm,Thai Binh Province,"Đường Hùng Vương, Tỉnh Hưng Yên, 06000",75,3.8,supermarket,20.436829699999997,106.2898302
"Muối, Ly thủy tinh, Son dưỡng môi, Ly thủy tinh, Dầu gội, Đĩa sứ, Son dưỡng môi, Nước mắm, Túi đựng rác, Kem dưỡng da, Kem dưỡng da",Shop hàng thái lan,Thai Binh Province,"315, Đường Trần Nhân Tông, Phường Thái Bình, Tỉnh Hưng Yên, 06000",100,4.5,supermarket,20.449270199999994,106.3395381
"Khẩu trang y tế, Bột ngọt, Mì gói, Nước rửa chén, Muỗng nĩa, Bơ thực vật, Muỗng nĩa, Trà túi lọc, Bột mì, Mì gói, Bơ thực vật, Muối, Muỗng nĩa, Bột giặt, Son dưỡng môi, Gạo",chợ Bo (Thái Bình),Thai Binh Province,"Trần Thái Tông, Phường Thái Bình, Tỉnh Hưng Yên, 06000",180,4.3,supermarket,20.4531587,106.3387299
"Bàn chải, Nước trái cây, Khăn giấy, Khăn giấy, Giấy vệ sinh, Thịt heo, Bơ thực vật, Trà túi lọc, Sữa tươi, Trứng gà, Nước tương, Son dưỡng môi, Thớt, Giấy vệ sinh, Gạo",Chợ Lụ,Thai Binh Province,"Đường tỉnh 457, Tỉnh Hưng Yên",105,3.7,supermarket,20.444183099999997,106.46214940000002
"Tã em bé, Bình sữa, Sữa bột, Sữa tắm, Trà, Giấy vệ sinh, Ngũ cốc, Sữa bột, Tã em bé, Tã em bé, Nước ngọt, Giấy vệ sinh, Sữa chua, Sữa bột, Nước suối, Nước rửa chén, Bột nêm, Bình sữa, Bột giặt, Bánh kẹo",Đóa Huệ,Thai Binh Province,"Phố Đoàn Kết, Tỉnh Hưng Yên",10,3.6,department_store,20.3883429,106.4927457
"Bột nêm, Cà phê, Nước xả vải, Sữa tươi, Tã em bé, Bánh ăn dặm, Nước rửa chén, Cà phê, Nước mắm, Gạo, Trà, Bột nêm, Bánh kẹo, Thực phẩm đóng hộp, Nước ngọt, Bình sữa, Cà phê, Tã em bé, Bánh kẹo",Ch Hoa Hoá,Thai Binh Province,"Quốc lộ 39, Tỉnh Hưng Yên",10,4.5,department_store,20.503616100000002,106.3993459
"Nước mắm, Kem đánh răng, Sữa tươi, Giấy vệ sinh, Khăn giấy, Giấy vệ sinh, Ngũ cốc, Bình sữa, Đường, Trà, Nước suối, Bánh kẹo, Gạo, Khăn ướt, Bánh kẹo, Trà, Nước ngọt, Đường, Sữa tắm, Gạo",CH Mỹ Tho,Thai Binh Province,"Quốc lộ 39, Tỉnh Hưng Yên",20,3.7,department_store,20.503061599999995,106.3986634
"Dầu gội, Gạo, Bột giặt, Dầu ăn, Tã em bé, Cà phê, Nước lau sàn, Tã em bé, Gạo, Tã em bé, Dầu ăn, Ngũ cốc, Dầu gội, Gạo",CH Trung Hương,Thai Binh Province,"Phố Bùi Sĩ Tiêm, Tỉnh Hưng Yên",20,3.9,department_store,20.545475299999996,106.3577537
"Nước xả vải, Bánh kẹo, Khăn ướt, Dầu gội, Ngũ cốc, Đường, Ngũ cốc, Nước lau sàn, Nước rửa chén, Sữa tắm, Sữa chua, Nước xả vải, Dầu ăn, Khăn giấy, Nước ngọt, Nước ngọt",CH Thao Hoa,Thai Binh Province,"67, Phố Bùi Sĩ Tiêm, Tỉnh Hưng Yên",15,3.9,department_store,20.5562474,106.35505340000002
"Sữa bột trẻ em, Sữa bột, Sữa tắm, Sữa tắm, Nước suối, Sữa tắm, Sữa chua, Mì gói, Nước mắm, Sữa chua, Bánh ăn dặm, Bánh kẹo, Giấy vệ sinh, Nước rửa chén, Nước rửa chén, Thực phẩm đóng hộp, Nước ngọt, Nước xả vải",Thành Lụa,Thai Binh Province,"27, Phố Trương Đăng Thuỷ, Tỉnh Hưng Yên",20,4,department_store,20.5572089,106.3551325
"Muỗng nhựa, Bút bi, Xà phòng tắm, Khoai tây chiên, Khăn giấy, Nước tăng lực, Dây sạc điện thoại, Mì ly, Muỗng nhựa, Dầu gội",Long Nhung,Thai Binh Province,"Quốc lộ 10, Tỉnh Hưng Yên",10,4.1,convenience,20.439084199999993,106.23894060000002
"Nước suối, Nước mắm, Bột nêm, Sữa tươi, Khăn giấy, Dầu ăn, Dầu gội, Nước ngọt, Nước ngọt, Nước mắm, Mì gói, Mì gói, Sữa tươi, Đường, Giấy vệ sinh, Thực phẩm đóng hộp, Muối, Thực phẩm đóng hộp",CH Thanh Tùng,Thai Binh Province,"Đường Hùng Vương, Tỉnh Hưng Yên, 06000",10,3.7,department_store,20.431830799999997,106.2873181
"Sữa bột trẻ em, Sữa chua, Nước lau sàn, Sữa chua, Kem đánh răng, Gạo, Muối, Mì gói, Khăn ướt, Tã em bé, Nước mắm, Cà phê, Bình sữa, Nước suối, Khăn giấy, Nước suối",CH Dự Thảo,Thai Binh Province,"Đường Nguyễn Trãi, Phường Vũ Phúc, Tỉnh Hưng Yên, 06000",10,3.5,department_store,20.4107101,106.2993292
"Bột giặt, Khẩu trang y tế, Giấy vệ sinh, Bột giặt, Thớt, Thớt, Sữa tươi, Bột ngọt, Bơ thực vật, Kem dưỡng da, Bột giặt",Siêu thị Mini Market,Thai Binh Province,"Đường tỉnh 489, Xuân Châu, Tỉnh Ninh Bình",180,3.9,supermarket,20.388016799999995,106.3019427
"Bánh mì sandwich, Bàn chải đánh răng, Bóng đèn LED mini, Dầu gội, Muỗng nhựa, Bánh bao mini, Dây sạc điện thoại, Chai nước, Găng tay nilon, Xà phòng tắm, Sữa chua uống, Xà phòng tắm, Găng tay nilon",NPP,Thai Binh Province,"10, Phố Lý Bôn, Phường Trần Hưng Đạo, Tỉnh Hưng Yên, 06000",10,3.9,convenience,20.460110000000004,106.3304445
"Khăn ướt, Khoai tây chiên, Bật lửa, Khẩu trang y tế, Pin sạc, Khăn giấy, Khoai tây chiên, Nước ngọt, Nước suối, Găng tay nilon, Găng tay nilon, Mì ly, Bóng đèn LED mini, Bật lửa, Găng tay nilon, Nước ngọt, Bánh bao mini, Khăn giấy, Pin AA",Abc,Thai Binh Province,"Phố Lý Bôn, Phường Trần Hưng Đạo, Tỉnh Hưng Yên, 06000",10,4.3,convenience,20.459995400000004,106.3306429
"Kem đánh răng, Nước ngọt, Nước xả vải, Khăn ướt, Sữa tắm, Bánh ăn dặm, Dầu gội, Sữa chua, Giấy vệ sinh, Bánh ăn dặm, Mì gói, Nước suối, Bánh kẹo, Mì gói, Bình sữa, Bình sữa",CH Vinh Thơm,Thai Binh Province,"98, Phố Tiểu Hoàng, Tỉnh Hưng Yên",20,4.3,department_store,20.4042671,106.502907
"Muối, Ngũ cốc, Giấy vệ sinh, Sữa tươi, Bánh ăn dặm, Nước lau sàn, Kem đánh răng, Nước lau sàn, Nước lau sàn, Khăn giấy, Sữa tắm, Nước suối, Ngũ cốc, Kem đánh răng",CH Bộ Tứ,Thai Binh Province,"Quốc lộ 37B, Tỉnh Hưng Yên",20,4.3,department_store,20.378861099999998,106.4852143
"Ngũ cốc, Nước mắm, Giấy vệ sinh, Cà phê, Giấy vệ sinh, Sữa tươi, Sữa tắm, Sữa bột, Nước xả vải, Sữa bột, Giấy vệ sinh, Sữa tươi, Dầu ăn, Bình sữa, Bột nêm",CH Xuân Miến,Thai Binh Province,Không rõ,10,4,department_store,20.3875728,106.5071029
"Dầu gội, Kem đánh răng, Sữa bột, Đường, Giấy vệ sinh, Thực phẩm đóng hộp, Bánh ăn dặm, Dầu ăn, Nước mắm, Sữa bột, Dầu ăn, Gạo, Nước lau sàn, Trà, Khăn ướt, Cà phê, Sữa bột",CH Len Phong,Thai Binh Province,Không rõ,10,4.4,department_store,20.3771446,106.5070818
"Nước ngọt, Kem đánh răng, Ngũ cốc, Bánh kẹo, Đường, Sữa bột, Gạo, Khăn ướt, Bánh ăn dặm, Cà phê, Dầu gội, Nước ngọt, Trà, Trà, Kem đánh răng, Sữa tươi, Sữa bột, Bình sữa, Sữa tươi",Đông Nụ Plaza,Thai Binh Province,"Quốc lộ 39, Tỉnh Hưng Yên",10,3.9,department_store,20.5525714,106.2781423
"Bánh kẹo, Bánh ăn dặm, Ngũ cốc, Tã em bé, Nước ngọt, Nước ngọt, Dầu gội, Kem đánh răng, Nước xả vải, Sữa bột trẻ em, Mì gói, Thực phẩm đóng hộp, Nước suối, Dầu gội, Nước mắm, Kem đánh răng",CH Phạm Văn Mậu,Thai Binh Province,"Đường Cozy House - Coffee & Tea, Tỉnh Hưng Yên",10,4,department_store,20.334689500000003,106.5252626
"Khẩu trang y tế, Nước tăng lực, Bánh quy, Cà phê lon, Bóng đèn LED mini, Bóng đèn LED mini, Bóng đèn LED mini, Khăn giấy, Cà phê lon, Muỗng nhựa, Sữa hộp, Khoai tây chiên, Sữa hộp, Nước ngọt, Thịt hộp, Kem đánh răng",Npp,Thai Binh Province,"Phố Lý Bôn, Phường Trần Hưng Đạo, Tỉnh Hưng Yên, 06000",20,3.8,convenience,20.460174800000004,106.3305466
"Bánh kẹo, Dầu ăn, Bánh ăn dặm, Gạo, Sữa tươi, Dầu gội, Dầu ăn, Nước rửa chén, Nước xả vải, Bột giặt, Cà phê, Gạo, Nước rửa chén, Muối, Nước ngọt, Nước lau sàn, Nước rửa chén, Nước xả vải, Nước rửa chén, Nước rửa chén",Nop,Thai Binh Province,"1, Phố Lý Bôn, Phường Trần Hưng Đạo, Tỉnh Hưng Yên, 06000",15,3.8,department_store,20.460237999999993,106.3305913
"Khoai tây chiên, Nước ngọt, Bao rác, Ô dù gấp, Dầu gội, Sổ tay nhỏ, Dây sạc điện thoại, Ô dù gấp, Pin AA, Khăn ướt, Mì gói, Sữa hộp, Bánh quy, Kẹo, Dầu gội",Khanh thắm,Thai Binh Province,"Quốc lộ 39, Tỉnh Hưng Yên",15,4.5,convenience,20.509447,106.5020726
"Dầu gội, Pin sạc, Bánh quy, Chai nước, Kẹo, Túi nylon, Bóng đèn LED mini, Pin AA, Nước ngọt, Kem đánh răng",Thúy thiện,Thai Binh Province,"Quốc lộ 39, Tỉnh Hưng Yên",10,4.4,convenience,20.509960300000003,106.50120930000001
"Dầu gội, Xà phòng tắm, Sữa hộp, Bánh quy, Dây sạc điện thoại, Kẹo, Bao rác, Găng tay nilon, Nước suối, Bánh snack, Bàn chải đánh răng, Bóng đèn LED mini, Bao rác, Bánh quy, Khăn giấy, Kẹo cao su, Nước suối, Kem đánh răng, Sổ tay nhỏ, Thịt hộp",Khu 8 TT Diem Dien,Thai Binh Province,"Đường 3 Tháng 2, Tỉnh Hưng Yên",20,4.4,convenience,20.5637231,106.5704444
"Bàn chải đánh răng, Gối cổ du lịch, Bật lửa, Bóng đèn LED mini, Trà đóng chai, Sữa chua uống, Bao rác, Bao rác, Sữa hộp, Chai nước, Găng tay nilon, Sữa chua uống, Nước tăng lực, Kẹo cao su, Muỗng nhựa, Xà phòng tắm",Xom 4 Thuy Xan,Thai Binh Province,"Đường tỉnh 461, Tỉnh Hưng Yên",20,4.4,convenience,20.595505599999992,106.6073745
"Bánh mì sandwich, Bánh quy, Mì ly, Kẹo cao su, Bánh snack, Bút bi, Kẹo cao su, Pin sạc, Ô dù gấp, Sổ tay nhỏ, Bánh snack, Gối cổ du lịch, Sữa hộp, Kẹo cao su, Khăn giấy, Dầu gội, Mì ly",Đông Nguyệt Xóm 2 Đông Dương,Thai Binh Province,"Quốc lộ 10, Phường Trà Lý, Tỉnh Hưng Yên, 06100",20,4.4,convenience,20.498419900000002,106.3508406
"Cà phê lon, Kẹo, Bàn chải đánh răng, Bánh snack, Pin sạc, Sổ tay nhỏ, Kẹo, Khẩu trang y tế, Bánh bao mini, Kẹo, Trà đóng chai, Sữa hộp, Kẹo cao su, Ô dù gấp, Kem đánh răng, Bánh snack",Cô Tươi Xóm 9 Xã Đông Thọ,Thai Binh Province,"Quốc lộ 10, Phường Trà Lý, Tỉnh Hưng Yên, 06100",15,3.7,convenience,20.488553,106.337439
"Khăn giấy, Pin sạc, Sổ tay nhỏ, Bánh snack, Bóng đèn LED mini, Mì ly, Trà đóng chai, Khăn giấy, Khẩu trang y tế, Túi nylon, Dao cạo râu, Bánh mì sandwich, Bàn chải đánh răng, Khoai tây chiên, Lăn khử mùi, Sổ tay nhỏ, Thịt hộp, Khẩu trang y tế, Bánh quy",Phú Mạnh Xóm 12 Xã Đông Thọ,Thai Binh Province,"Quốc lộ 10, Phường Trà Lý, Tỉnh Hưng Yên, 06100",10,4.4,convenience,20.4945085,106.3395089
"Dầu gội, Dây sạc điện thoại, Dầu gội, Dao cạo râu, Cốc nhựa, Nước tăng lực, Sữa chua uống, Cốc nhựa, Kem đánh răng, Nước tăng lực, Mì ly, Bánh quy",Thuân Hiên Xóm 4 Xã Đông Hòa,Thai Binh Province,"Quốc lộ 10, Phường Trà Lý, Tỉnh Hưng Yên, 06100",20,4.2,convenience,20.4821416,106.3395555
"Túi nylon, Nước tăng lực, Gối cổ du lịch, Mì ly, Sữa hộp, Bàn chải đánh răng, Khẩu trang y tế, Bàn chải đánh răng, Khẩu trang y tế, Dao cạo râu, Bánh bao mini, Bóng đèn LED mini, Dầu gội, Muỗng nhựa, Cốc nhựa, Sổ tay nhỏ, Khẩu trang y tế, Khẩu trang y tế",Hợi Tuyển Xóm 4 Xã Đông Hòa,Thai Binh Province,"Quốc lộ 10, Phường Trà Lý, Tỉnh Hưng Yên, 06100",10,3.9,convenience,20.4797224,106.3398698
"Cốc nhựa, Sổ tay nhỏ, Nước tăng lực, Bật lửa, Gối cổ du lịch, Lăn khử mùi, Dây sạc điện thoại, Bánh mì sandwich, Xà phòng tắm, Ô dù gấp, Bánh mì sandwich, Bật lửa, Mì ly, Ô dù gấp",Chị Duyến Xóm 8 Xã Đông Hòa,Thai Binh Province,"Đường Long Hưng, Phường Trà Lý, Tỉnh Hưng Yên, 06100",20,3.6,convenience,20.468487600000003,106.3432203
"Bao rác, Túi nylon, Cốc nhựa, Chai nước, Bóng đèn LED mini, Găng tay nilon, Bàn chải đánh răng, Bánh quy, Kẹo cao su, Bóng đèn LED mini, Sữa chua uống",Tuấn Chinh Xóm 8 Xã Đông Hòa,Thai Binh Province,"Đường Long Hưng, Phường Trà Lý, Tỉnh Hưng Yên, 06100",15,4,convenience,20.467728199999993,106.3432676
"Bật lửa, Thịt hộp, Thịt hộp, Bút bi, Khẩu trang y tế, Kẹo, Khăn giấy, Lăn khử mùi, Dao cạo râu, Cốc nhựa, Khoai tây chiên, Bao rác",Cô Tư,Thai Binh Province,"Phố Lê Đại Hành, Phường Trần Lãm, Tỉnh Hưng Yên, 06118",20,3.7,convenience,20.446340000000003,106.3484543
"Mì gói, Pin AA, Bao rác, Bánh quy, Chai nước, Găng tay nilon, Kem đánh răng, Khăn giấy, Cốc nhựa, Kẹo cao su, Trà đóng chai, Mì ly, Bàn chải đánh răng, Cà phê lon, Bàn chải đánh răng, Trà đóng chai, Trà đóng chai, Thịt hộp, Gối cổ du lịch, Khẩu trang y tế",Shop Huyền Nguyễn 56 Lê Đại Hành,Thai Binh Province,"Đường Lý Thái Tổ, Phường Trần Lãm, Tỉnh Hưng Yên, 06118",20,4.1,convenience,20.448491099999995,106.3484554
"Bánh quy, Lăn khử mùi, Kẹo, Bao rác, Chai nước, Bao rác, Găng tay nilon, Kem đánh răng, Thịt hộp, Cốc nhựa, Sổ tay nhỏ, Khăn ướt, Gối cổ du lịch, Cà phê lon, Nước suối, Túi nylon, Cà phê lon, Bánh mì sandwich, Mì ly",Phương Linh 37 Lý Thường Kiệt,Thai Binh Province,"Đường Trần Thánh Tông, Phường Thái Bình, Tỉnh Hưng Yên, 06000",15,3.5,convenience,20.4506109,106.3484869
"Găng tay nilon, Khẩu trang y tế, Kẹo cao su, Cốc nhựa, Túi nylon, Bánh bao mini, Kẹo cao su, Sữa hộp, Bánh mì sandwich, Xà phòng tắm, Bánh mì sandwich, Pin sạc, Muỗng nhựa, Mì ly, Ô dù gấp",Thanh Tâm 72 Đỗ Lý Khiêm,Thai Binh Province,"Phố Bồ Xuyên, Phường Thái Bình, Tỉnh Hưng Yên, 06118",15,4,convenience,20.453755799999996,106.342877
"Khăn giấy, Dầu ăn, Nước lau sàn, Nước rửa chén, Gạo, Nước xả vải, Đường, Nước suối, Nước suối, Sữa tươi, Sữa chua, Bột giặt, Mì gói, Bánh kẹo, Sữa bột trẻ em",TH nhật vi,Thai Binh Province,"Đường Long Hưng, Phường Trà Lý, Tỉnh Hưng Yên, 06100",15,3.9,department_store,20.475457499999994,106.36013850000002
"Khăn ướt, Bánh quy, Thịt hộp, Bút bi, Mì ly, Dầu gội, Mì gói, Mì gói, Cà phê lon, Găng tay nilon, Bút bi",Phương vui,Thai Binh Province,"229, Đường Nguyễn Trãi, Phường Vũ Phúc, Tỉnh Hưng Yên, 06000",10,4.3,convenience,20.4372357,106.3139108
"Pin AA, Kẹo, Sổ tay nhỏ, Cốc nhựa, Sổ tay nhỏ, Chai nước, Dây sạc điện thoại, Dây sạc điện thoại, Sữa chua uống, Mì gói, Chai nước",Tuyết hạnh,Thai Binh Province,"Đường Nguyễn Trãi, Phường Vũ Phúc, Tỉnh Hưng Yên, 06000",20,3.6,convenience,20.437490699999998,106.31560410000002
"Kem đánh răng, Pin AA, Nước tăng lực, Lăn khử mùi, Thịt hộp, Trà đóng chai, Khẩu trang y tế, Bàn chải đánh răng, Sổ tay nhỏ, Sữa hộp, Cà phê lon",Sỹ thìn,Thai Binh Province,"Đường Doãn Khuê, Phường Vũ Phúc, Tỉnh Hưng Yên, 06000",15,4,convenience,20.434478099999993,106.3196698
"Thịt hộp, Mì gói, Pin sạc, Sổ tay nhỏ, Sổ tay nhỏ, Bật lửa, Nước tăng lực, Muỗng nhựa, Khăn giấy, Găng tay nilon",Linh linh huyền sỹ minh quang,Thai Binh Province,"Quốc lộ 10, Phường Trần Hưng Đạo, Tỉnh Hưng Yên, 06000",10,4,convenience,20.449062599999998,106.2988532
"Xà phòng tắm, Bút bi, Khẩu trang y tế, Khoai tây chiên, Kem đánh răng, Gối cổ du lịch, Nước suối, Khăn giấy, Mì gói, Khoai tây chiên, Chai nước, Lăn khử mùi, Dao cạo râu, Nước tăng lực, Mì gói, Bánh snack",Hải long,Thai Binh Province,"Phan Bá Vành, Phường Vũ Phúc, Tỉnh Hưng Yên, 06000",15,3.6,convenience,20.431548699999997,106.3234792
"Cà phê lon, Cà phê lon, Khăn ướt, Khăn giấy, Nước tăng lực, Xà phòng tắm, Bàn chải đánh răng, Kẹo, Túi nylon, Bật lửa, Găng tay nilon, Cà phê lon, Xà phòng tắm, Mì gói, Xà phòng tắm",Mai hòa,Thai Binh Province,"Phan Bá Vành, Phường Vũ Phúc, Tỉnh Hưng Yên, 06000",10,3.9,convenience,20.431001899999995,106.3220601
"Ô dù gấp, Bánh bao mini, Cà phê lon, Thịt hộp, Muỗng nhựa, Kẹo, Sổ tay nhỏ, Khăn ướt, Gối cổ du lịch, Lăn khử mùi, Bánh quy, Khẩu trang y tế, Xà phòng tắm, Túi nylon, Pin sạc, Bao rác, Khăn ướt, Sữa chua uống",Minh quang,Thai Binh Province,"Chu Văn An, Phường Trần Hưng Đạo, Tỉnh Hưng Yên, 06000",15,3.7,convenience,20.437114699999995,106.32412020000001
"Nước ngọt, Khoai tây chiên, Bút bi, Chai nước, Dầu gội, Chai nước, Chai nước, Kem đánh răng, Chai nước, Pin AA, Cốc nhựa, Cà phê lon, Bao rác, Bánh snack, Nước suối",Phương mai,Thai Binh Province,"Phố Bùi Thị Xuân, Phường Trần Hưng Đạo, Tỉnh Hưng Yên, 06000",10,3.6,convenience,20.4370567,106.32748
"Bóng đèn LED mini, Bóng đèn LED mini, Lăn khử mùi, Bật lửa, Muỗng nhựa, Bánh bao mini, Găng tay nilon, Chai nước, Sữa hộp, Khăn giấy, Dao cạo râu, Bánh bao mini",Kem tươi,Thai Binh Province,"Quang Trung, Phường Trần Hưng Đạo, Tỉnh Hưng Yên, 06000",20,3.7,convenience,20.4388805,106.3293088
"Khăn giấy, Bật lửa, Bao rác, Dao cạo râu, Cà phê lon, Sữa chua uống, Kẹo, Dây sạc điện thoại, Kem đánh răng, Khăn giấy, Gối cổ du lịch, Ô dù gấp, Dao cạo râu, Gối cổ du lịch, Bánh snack, Mì ly, Kẹo, Dao cạo râu, Kẹo, Trà đóng chai",Hải yến 137 nguyễn danh đới,Thai Binh Province,"Phố Lý Thường Kiệt, Phường Trần Lãm, Tỉnh Hưng Yên, 06100",10,4.3,convenience,20.444742899999994,106.3534857
"Mì gói, Cà phê, Nước rửa chén, Nước suối, Nước lau sàn, Sữa chua, Sữa tắm, Khăn ướt, Sữa bột trẻ em, Thực phẩm đóng hộp, Bánh kẹo, Mì gói, Nước rửa chén, Sữa bột, Nước xả vải, Gạo, Kem đánh răng, Mì gói, Sữa bột trẻ em, Bánh ăn dặm",CH Mạnh Cường TT Diêm Điền,Thai Binh Province,"Quốc lộ 39, Tỉnh Hưng Yên",20,4.1,department_store,20.555568600000004,106.555723
"Bàn chải đánh răng, Mì gói, Trà đóng chai, Gối cổ du lịch, Kẹo, Nước tăng lực, Chai nước, Sữa chua uống, Khăn giấy, Nước ngọt, Dao cạo râu, Bánh snack, Nước suối",Trung oanh,Thai Binh Province,"Ngô Thì Nhậm, Phường Trần Lãm, Tỉnh Hưng Yên, 06000",15,4.4,convenience,20.437000000000005,106.33738
"Xà phòng tắm, Dầu gội, Nước suối, Mì gói, Bút bi, Bánh snack, Khăn ướt, Khẩu trang y tế, Bánh quy, Cốc nhựa, Cốc nhựa, Chai nước, Kẹo cao su, Muỗng nhựa, Muỗng nhựa, Mì ly, Thịt hộp, Thịt hộp, Pin AA, Nước tăng lực",Nga long,Thai Binh Province,"Đường số 18 Trần Hưng Đạo, Phường Trần Hưng Đạo, Tỉnh Hưng Yên, 06000",20,3.9,convenience,20.444155399999996,106.3340542
"Dao cạo râu, Ô dù gấp, Ô dù gấp, Túi nylon, Khăn ướt, Dầu gội, Pin sạc, Cốc nhựa, Khăn ướt, Khăn ướt, Trà đóng chai, Bao rác, Bánh snack, Găng tay nilon, Cốc nhựa, Bao rác",Thúy thiện,Thai Binh Province,"Quốc lộ 37B, Thái Tân, Tỉnh Hưng Yên",20,4.2,convenience,20.5065911,106.5474574
"Dao cạo râu, Sổ tay nhỏ, Bánh snack, Trà đóng chai, Chai nước, Bánh bao mini, Khăn giấy, Túi nylon, Mì gói, Pin AA, Xà phòng tắm, Bao rác",Khanh thắm,Thai Binh Province,"Quốc lộ 37B, Thái Tân, Tỉnh Hưng Yên",15,4,convenience,20.506778299999993,106.5467634
"Mì ly, Bánh quy, Dầu gội, Khoai tây chiên, Cốc nhựa, Muỗng nhựa, Khẩu trang y tế, Nước suối, Cà phê lon, Cốc nhựa, Bút bi, Bàn chải đánh răng, Bật lửa, Kem đánh răng, Sổ tay nhỏ, Khẩu trang y tế, Trà đóng chai, Bánh bao mini, Bánh quy, Thịt hộp",Hiền Quyền Khu 1TT Diêm Điền,Thai Binh Province,"Phố Bùi Quang Thận, Tỉnh Hưng Yên",10,3.7,convenience,20.553305799999997,106.5598234
"Sữa chua uống, Khăn ướt, Kem đánh răng, Mì ly, Dầu gội, Khẩu trang y tế, Mì gói, Muỗng nhựa, Mì ly, Khăn ướt, Cốc nhựa, Mì gói, Bóng đèn LED mini, Khẩu trang y tế, Bánh bao mini, Chai nước, Bật lửa, Găng tay nilon, Dao cạo râu, Sữa hộp",Hà Xuyên 230 Khu5 TT Diêm Điền,Thai Binh Province,"Đường Nguyễn Đức Cảnh, Tỉnh Hưng Yên",15,4.4,convenience,20.558310200000005,106.5691167
"Bút bi, Dầu gội, Kem đánh răng, Dầu gội, Khăn giấy, Chai nước, Khoai tây chiên, Mì ly, Kẹo cao su, Cốc nhựa",Hồng gấm,Thai Binh Province,"Quốc lộ 37B, Thái Tân, Tỉnh Hưng Yên",15,4.2,convenience,20.5144281,106.53664930000001
"Bánh bao mini, Cốc nhựa, Bật lửa, Dây sạc điện thoại, Bánh mì sandwich, Túi nylon, Nước tăng lực, Cốc nhựa, Muỗng nhựa, Kẹo cao su, Gối cổ du lịch",Minh thùy,Thai Binh Province,"Quốc lộ 37B, Thái Tân, Tỉnh Hưng Yên",20,4.1,convenience,20.504295399999997,106.5449607
"Kẹo, Bật lửa, Kẹo cao su, Mì gói, Bánh quy, Thịt hộp, Khẩu trang y tế, Mì ly, Bánh bao mini, Bật lửa, Kem đánh răng, Khăn ướt",Ánh hồng,Thai Binh Province,"Quốc lộ 37B, Thái Tân, Tỉnh Hưng Yên",20,4.1,convenience,20.4895271,106.5354232
"Găng tay nilon, Sữa chua uống, Muỗng nhựa, Cốc nhựa, Bàn chải đánh răng, Bút bi, Dao cạo râu, Khăn giấy, Lăn khử mùi, Chai nước",TH Liễu Chư Xóm 4 Thụy Xuân,Thai Binh Province,"Đường tỉnh 461, Tỉnh Hưng Yên",10,3.7,convenience,20.5974235,106.6056084
"Cốc nhựa, Mì ly, Sổ tay nhỏ, Dây sạc điện thoại, Bóng đèn LED mini, Muỗng nhựa, Lăn khử mùi, Bánh bao mini, Sữa hộp, Nước suối, Khăn ướt, Bao rác, Bánh quy, Kẹo, Dây sạc điện thoại, Kem đánh răng, Khoai tây chiên, Bàn chải đánh răng, Pin AA, Thịt hộp",Nhuần ước,Thai Binh Province,"Quốc lộ 37B, Thái Tân, Tỉnh Hưng Yên",15,3.8,convenience,20.489325600000004,106.5350162
"Bánh snack, Xà phòng tắm, Pin AA, Khăn ướt, Sổ tay nhỏ, Khẩu trang y tế, Bánh quy, Găng tay nilon, Nước suối, Kẹo, Bánh mì sandwich, Khoai tây chiên, Bánh quy, Pin sạc, Kẹo, Khoai tây chiên, Thịt hộp",Hải Tám Xuân Bàng Thụy Xuâ,Thai Binh Province,"Đường tỉnh 461, Tỉnh Hưng Yên",15,4.4,convenience,20.596874000000003,106.60923440000002
"Bánh bao mini, Trà đóng chai, Khăn giấy, Khăn ướt, Bánh mì sandwich, Dầu gội, Xà phòng tắm, Kẹo cao su, Bánh quy, Pin AA",Năm Hiếu Thôn Tri Chỉ Nam Thụy Trường,Thai Binh Province,"Đường tỉnh 461, Tỉnh Hưng Yên",20,4.2,convenience,20.6012754,106.6106713
"Dao cạo râu, Bóng đèn LED mini, Cà phê lon, Bút bi, Bật lửa, Cà phê lon, Xà phòng tắm, Cà phê lon, Khăn giấy, Sữa hộp, Bánh mì sandwich, Bàn chải đánh răng, Khăn ướt, Khăn giấy, Găng tay nilon, Sữa chua uống, Kẹo cao su, Khoai tây chiên, Chai nước",Hải Tám Xuân Bàng Thụy Xuân,Thai Binh Province,"Đường tỉnh 461, Tỉnh Hưng Yên",20,4.1,convenience,20.595315500000005,106.6097418
"Kem đánh răng, Kẹo, Kẹo, Bánh mì sandwich, Bàn chải đánh răng, Găng tay nilon, Mì gói, Bật lửa, Dao cạo râu, Dao cạo râu, Kẹo cao su, Mì ly, Chai nước, Sổ tay nhỏ, Thịt hộp",Thành Khuyên Chợ Bàng Thụy Xuân,Thai Binh Province,"Đường tỉnh 461, Tỉnh Hưng Yên",10,4.2,convenience,20.5939249,106.6092889
"Trà đóng chai, Mì ly, Ô dù gấp, Túi nylon, Kẹo, Khoai tây chiên, Bánh mì sandwich, Bánh mì sandwich, Pin sạc, Nước tăng lực, Dầu gội",Cô măng,Thai Binh Province,"Đường Phạm Ngũ Lão, Tỉnh Hưng Yên",15,3.9,convenience,20.551388,106.5600786
"Thịt hộp, Kẹo, Kem đánh răng, Thịt hộp, Gối cổ du lịch, Trà đóng chai, Khẩu trang y tế, Khăn giấy, Túi nylon, Găng tay nilon, Thịt hộp, Dao cạo râu, Khẩu trang y tế, Lăn khử mùi, Túi nylon",Thúy Đoàn Cầu An Bái Thụy Quỳnh,Thai Binh Province,"Đường tỉnh 461, Tỉnh Hưng Yên",20,3.9,convenience,20.598919299999995,106.5547722
"Bánh mì sandwich, Khoai tây chiên, Trà đóng chai, Găng tay nilon, Dây sạc điện thoại, Bánh quy, Sữa hộp, Kẹo, Trà đóng chai, Pin sạc",Huế ân,Thai Binh Province,"Quốc lộ 37B, Thái Tân, Tỉnh Hưng Yên",20,4.2,convenience,20.4790669,106.5218225
"Dao cạo râu, Bao rác, Nước tăng lực, Cốc nhựa, Cốc nhựa, Ô dù gấp, Lăn khử mùi, Bóng đèn LED mini, Túi nylon, Kem đánh răng, Bao rác, Pin AA, Thịt hộp, Bóng đèn LED mini, Sữa hộp, Mì gói, Kẹo, Nước suối, Nước suối, Thịt hộp",Hải châu,Thai Binh Province,"Quốc lộ 37B, Tỉnh Hưng Yên",15,4,convenience,20.476772699999998,106.5162706
"Khẩu trang y tế, Sổ tay nhỏ, Thịt hộp, Cà phê lon, Kem đánh răng, Găng tay nilon, Bánh quy, Nước tăng lực, Sổ tay nhỏ, Xà phòng tắm, Bánh quy",Hòa lan,Thai Binh Province,"Quốc lộ 37B, Tỉnh Hưng Yên",10,3.9,convenience,20.450544999999995,106.513715
"Thịt hộp, Mì ly, Bật lửa, Túi nylon, Trà đóng chai, Trà đóng chai, Muỗng nhựa, Nước ngọt, Pin sạc, Kẹo cao su",Ngọc khiên,Thai Binh Province,"Quốc lộ 37B, Tỉnh Hưng Yên",10,3.5,convenience,20.4486517,106.514025
"Sữa chua uống, Sổ tay nhỏ, Dây sạc điện thoại, Kẹo cao su, Muỗng nhựa, Găng tay nilon, Nước suối, Bút bi, Mì gói, Sữa hộp, Bàn chải đánh răng, Sữa hộp, Bánh snack, Dây sạc điện thoại, Pin sạc",Hà Thương Cầu Nguyễn Cũ Xã Đông La,Thai Binh Province,"Cầu Nguyễn (cũ), Tỉnh Hưng Yên",15,4,convenience,20.561111399999998,106.3550212
"Dao cạo râu, Dầu gội, Cà phê lon, Cốc nhựa, Bánh snack, Gối cổ du lịch, Bật lửa, Túi nylon, Bàn chải đánh răng, Mì gói, Sổ tay nhỏ, Bóng đèn LED mini, Chai nước, Khăn giấy",Phương Luân Xóm2 Xã Liên Giang ĐH,Thai Binh Province,"Ngõ 36 Nguyễn Hán Đình, Tỉnh Hưng Yên",10,4,convenience,20.577897799999995,106.3404278
"Khoai tây chiên, Kem đánh răng, Gối cổ du lịch, Mì gói, Bánh mì sandwich, Bánh snack, Sổ tay nhỏ, Lăn khử mùi, Khoai tây chiên, Ô dù gấp, Dao cạo râu, Pin AA, Bánh quy, Sữa hộp, Kẹo, Cốc nhựa, Chai nước, Kẹo cao su, Sữa hộp",Thục Thịnh Xóm14 Xã Phú Lương ĐH,Thai Binh Province,"Quốc lộ 39, Tỉnh Hưng Yên",20,4.4,convenience,20.569502300000003,106.3301214
"Sổ tay nhỏ, Bút bi, Ô dù gấp, Dao cạo râu, Dây sạc điện thoại, Dầu gội, Kẹo, Bút bi, Chai nước, Sữa hộp, Kem đánh răng, Mì ly, Kem đánh răng, Sữa hộp, Cốc nhựa, Muỗng nhựa, Gối cổ du lịch, Xà phòng tắm, Pin AA, Mì gói",Dũng Hồng Xóm 2 Đông La ĐH,Thai Binh Province,"Ngõ 36 Nguyễn Hán Đình, Tỉnh Hưng Yên",15,3.8,convenience,20.5722084,106.34857790000001
"Khăn ướt, Thịt hộp, Kẹo, Túi nylon, Ô dù gấp, Cốc nhựa, Bóng đèn LED mini, Sữa chua uống, Pin sạc, Bánh bao mini, Sữa chua uống, Sữa hộp, Ô dù gấp",HƯƠNG GIANG ( CÔ MĂNG),Thai Binh Province,"172, Đường 3 Tháng 2, Tỉnh Hưng Yên",20,3.5,convenience,20.557274999999994,106.5623617
"Sữa hộp, Chai nước, Sổ tay nhỏ, Muỗng nhựa, Dao cạo râu, Mì ly, Dao cạo râu, Khoai tây chiên, Khăn ướt, Bánh bao mini, Găng tay nilon, Bánh mì sandwich, Pin sạc",Tình Thành Xóm1 Xã Liên Giang ĐH,Thai Binh Province,"Phố Đào Vũ Thường, Tỉnh Hưng Yên",20,4.4,convenience,20.5717305,106.3421537
"Bánh quy, Gối cổ du lịch, Dây sạc điện thoại, Bút bi, Sữa hộp, Mì gói, Pin AA, Kẹo, Lăn khử mùi, Bật lửa, Khăn ướt, Bánh snack, Bánh quy",Cồn đen,Thai Binh Province,"Đường bộ ven biển Thái Bình, Tỉnh Hưng Yên",15,4,convenience,20.486195299999995,106.6037015
"Bao rác, Túi nylon, Kẹo, Bàn chải đánh răng, Khăn ướt, Bóng đèn LED mini, Pin sạc, Sữa chua uống, Túi nylon, Bao rác, Muỗng nhựa, Nước ngọt, Nước suối, Cà phê lon",Anh Oát Kim Châu2 Xã An Châu ĐH,Thai Binh Province,"Đường tỉnh 396B, Tỉnh Hưng Yên",15,4.1,convenience,20.5873149,106.31396130000002
"Gối cổ du lịch, Nước tăng lực, Bánh quy, Bút bi, Ô dù gấp, Bút bi, Xà phòng tắm, Bật lửa, Muỗng nhựa, Bánh mì sandwich, Nước ngọt, Mì gói, Muỗng nhựa, Dây sạc điện thoại, Dây sạc điện thoại, Bánh mì sandwich, Thịt hộp",Thương Chuyên Thôn Hữu Xã Mê Linh ĐH,Thai Binh Province,"Quốc lộ 39, Tỉnh Hưng Yên",15,4.3,convenience,20.5761422,106.3062254
"Bật lửa, Bánh mì sandwich, Kem đánh răng, Thịt hộp, Kẹo, Kẹo cao su, Nước suối, Cốc nhựa, Khẩu trang y tế, Bật lửa, Khoai tây chiên, Ô dù gấp, Mì ly, Cốc nhựa, Sổ tay nhỏ, Xà phòng tắm, Kem đánh răng, Kẹo",Kiên Hương Xóm1 Thôn Minh Đức Xã Lô Giang ĐH,Thai Binh Province,"Quốc lộ 39, Tỉnh Hưng Yên",10,3.9,convenience,20.580125699999996,106.2842097
"Nước suối, Bàn chải đánh răng, Bàn chải đánh răng, Dầu gội, Túi nylon, Bánh snack, Kẹo cao su, Khăn ướt, Bánh snack, Túi nylon, Dây sạc điện thoại, Bánh mì sandwich, Sữa chua uống, Kẹo cao su, Bật lửa, Bật lửa, Xà phòng tắm, Pin AA, Khăn giấy",Khánh Linh Ngã4 Tiên Hưng Xã Minh Tân ĐH,Thai Binh Province,"Quốc lộ 39, Tỉnh Hưng Yên",20,3.7,convenience,20.552613,106.2783778
"Bánh mì sandwich, Bóng đèn LED mini, Mì ly, Thịt hộp, Muỗng nhựa, Bật lửa, Ô dù gấp, Khẩu trang y tế, Khăn giấy, Găng tay nilon, Thịt hộp, Túi nylon, Trà đóng chai, Gối cổ du lịch, Bánh snack, Dây sạc điện thoại, Mì gói, Muỗng nhựa, Ô dù gấp, Bật lửa",Yến Tuyết 216 Đường Long Hưng TP,Thai Binh Province,"Đường Long Hưng, Phường Trà Lý, Tỉnh Hưng Yên, 06100",20,3.7,convenience,20.473818,106.3569043
"Cốc nhựa, Xà phòng tắm, Khăn ướt, Mì gói, Bật lửa, Dây sạc điện thoại, Khăn ướt, Dao cạo râu, Xà phòng tắm, Ô dù gấp, Chai nước, Muỗng nhựa, Cốc nhựa, Mì ly",Cường Oanh348 Đường Long Hưng TP,Thai Binh Province,"Đường Long Hưng, Phường Trà Lý, Tỉnh Hưng Yên, 06100",10,3.8,convenience,20.465035299999997,106.3541966
"Khẩu trang y tế, Bánh mì sandwich, Sữa chua uống, Nước suối, Mì ly, Cốc nhựa, Xà phòng tắm, Cà phê lon, Cốc nhựa, Sữa chua uống, Sữa hộp, Bánh mì sandwich, Trà đóng chai, Bánh quy, Pin AA, Khăn giấy",Định Hồng Y Tế trung an,Thai Binh Province,"Đường Vũ Phúc, Phường Vũ Phúc, Tỉnh Hưng Yên, 06000",20,3.6,convenience,20.410042999999998,106.3138257
"Sổ tay nhỏ, Bút bi, Pin AA, Chai nước, Bút bi, Chai nước, Dây sạc điện thoại, Xà phòng tắm, Ô dù gấp, Nước tăng lực, Pin AA, Mì gói, Pin sạc, Bánh mì sandwich, Pin sạc, Thịt hộp",Cô thuận,Thai Binh Province,"Phố Phạm Thế Hiển, Phường Trần Hưng Đạo, Tỉnh Hưng Yên, 06000",10,3.9,convenience,20.441285200000003,106.3324679
"Mì gói, Nước ngọt, Khoai tây chiên, Thịt hộp, Bánh snack, Ô dù gấp, Pin AA, Xà phòng tắm, Dây sạc điện thoại, Nước tăng lực, Sổ tay nhỏ, Sữa hộp, Nước suối",Như ý,Thai Binh Province,"Phố Trần Thái Tông, Phường Trần Hưng Đạo, Tỉnh Hưng Yên, 06000",20,3.9,convenience,20.4451078,106.32769070000002
"Kẹo cao su, Lăn khử mùi, Bánh quy, Lăn khử mùi, Sữa hộp, Lăn khử mùi, Kẹo, Bàn chải đánh răng, Xà phòng tắm, Túi nylon, Nước suối",Dũng Dung Chợ Giá Quỳnh Hưng,Thai Binh Province,"Đường tỉnh 396B, Tỉnh Hưng Yên",10,4.2,convenience,20.631344399999996,106.3377332
"Kẹo cao su, Pin AA, Khoai tây chiên, Mì gói, Kẹo, Bánh quy, Bánh quy, Bao rác, Khăn ướt, Bàn chải đánh răng, Cà phê lon",Hương Chinh Tổ,Thai Binh Province,"Phố Đào Nguyên Phổ, Tỉnh Hưng Yên",15,3.7,convenience,20.652616000000002,106.3225137
"Nước suối, Lăn khử mùi, Bóng đèn LED mini, Kẹo, Kẹo cao su, Găng tay nilon, Thịt hộp, Gối cổ du lịch, Bánh quy, Bánh bao mini, Gối cổ du lịch, Gối cổ du lịch, Găng tay nilon, Khẩu trang y tế",Dung Thể Cầu Dầu Quỳnh Giao,Thai Binh Province,"Đường tỉnh 396B, Tỉnh Hưng Yên",20,3.7,convenience,20.66896699999999,106.3064294
"Chai nước, Bóng đèn LED mini, Bánh quy, Sữa hộp, Găng tay nilon, Bánh bao mini, Mì ly, Ô dù gấp, Bóng đèn LED mini, Bóng đèn LED mini, Sổ tay nhỏ, Bàn chải đánh răng, Khăn ướt, Khăn giấy, Mì gói, Bánh mì sandwich, Kẹo cao su",HOA THAM XÃ Đông Các ĐH,Thai Binh Province,"QL 39A, Đông Các, Tỉnh Hưng Yên",20,3.8,convenience,20.531017499999997,106.3614838
"Nước ngọt, Nước ngọt, Khăn ướt, Khoai tây chiên, Kẹo cao su, Pin sạc, Sữa chua uống, Cốc nhựa, Kẹo, Cà phê lon, Dao cạo râu, Kem đánh răng",Trường giang,Thai Binh Province,"QL.10, Tỉnh Hưng Yên",15,3.8,convenience,20.6499444,106.3811747
"Chai nước, Gối cổ du lịch, Chai nước, Bóng đèn LED mini, Ô dù gấp, Kẹo cao su, Pin sạc, Pin AA, Găng tay nilon, Kẹo cao su, Túi nylon, Sữa chua uống, Muỗng nhựa, Khăn giấy",Ja ko mark Hòa Bình Vũ Thư,Thai Binh Province,"Tỉnh Hưng Yên, 06000",15,4.2,convenience,20.4277406,106.28660140000001
"Ô dù gấp, Xà phòng tắm, Cà phê lon, Kẹo cao su, Dây sạc điện thoại, Kẹo, Bật lửa, Chai nước, Bật lửa, Sữa chua uống, Kẹo, Khăn ướt, Kẹo cao su, Sổ tay nhỏ, Dây sạc điện thoại, Dầu gội",Huy hoàng,Thai Binh Province,"ĐT454, Tỉnh Hưng Yên",20,3.9,convenience,20.4793686,106.2715076
"Bao rác, Bàn chải đánh răng, Khoai tây chiên, Thịt hộp, Kẹo cao su, Kẹo, Cà phê lon, Bóng đèn LED mini, Bao rác, Pin sạc",Thanh Tâm Xóm2 Xã Trung An Vũ Thư,Thai Binh Province,"Đường Doãn Khuê, Phường Vũ Phúc, Tỉnh Hưng Yên, 06000",10,4.3,convenience,20.422347300000002,106.3096009
"Dầu gội, Chai nước, Kẹo cao su, Nước tăng lực, Nước ngọt, Găng tay nilon, Khăn giấy, Dây sạc điện thoại, Chai nước, Thịt hộp",Thanh tẫm Xóm 2 Xã Trung An Vũ Thư,Thai Binh Province,"Đường Doãn Khuê, Phường Vũ Phúc, Tỉnh Hưng Yên, 06000",10,3.8,convenience,20.42234549999999,106.3096201
"Khoai tây chiên, Nước ngọt, Túi nylon, Sữa hộp, Kẹo cao su, Khăn ướt, Bánh snack, Khăn giấy, Dao cạo râu, Gối cổ du lịch",FaMyLyMart Xóm 5 Bồn Thôn Trung An,Thai Binh Province,"Đường Vũ Phúc, Phường Vũ Phúc, Tỉnh Hưng Yên, 06000",10,4.5,convenience,20.409855499999995,106.3138487
"Kẹo cao su, Kẹo, Khoai tây chiên, Bật lửa, Bật lửa, Kẹo cao su, Thịt hộp, Bật lửa, Cốc nhựa, Bao rác, Khẩu trang y tế, Dây sạc điện thoại",Nam Nguyệt Xóm 7 Xã Vũ Phúc,Thai Binh Province,"Đường Vũ Phúc, Phường Vũ Phúc, Tỉnh Hưng Yên, 06000",15,4.3,convenience,20.4202264,106.3258817
"Bánh snack, Cà phê lon, Mì ly, Cà phê lon, Khoai tây chiên, Kem đánh răng, Túi nylon, Mì ly, Bật lửa, Găng tay nilon, Bánh quy, Dây sạc điện thoại, Bánh mì sandwich, Bao rác, Dầu gội, Khăn ướt, Khoai tây chiên",Hoa Dương Thị Tứ Quang Trung,Thai Binh Province,"Quốc lộ 37B, Tỉnh Hưng Yên",10,4,convenience,20.368621599999997,106.4541904
"Sữa chua uống, Khẩu trang y tế, Bàn chải đánh răng, Bật lửa, Thịt hộp, Kem đánh răng, Cốc nhựa, Trà đóng chai, Gối cổ du lịch, Ô dù gấp",Tám hoàn,Thai Binh Province,"Phố Trần Thánh Tông, Tỉnh Hưng Yên",10,4.4,convenience,20.592426899999996,106.2245716
"Dây sạc điện thoại, Bánh bao mini, Kẹo, Bao rác, Pin AA, Thịt hộp, Dao cạo râu, Cà phê lon, Khẩu trang y tế, Kẹo, Thịt hộp, Nước ngọt, Mì ly, Lăn khử mùi, Khăn giấy, Chai nước, Dầu gội",Hương Lúa Xóm 2 Xã Đông Hoàng TH,Thai Binh Province,"Đường tỉnh 464, Tỉnh Hưng Yên",20,3.6,convenience,20.429039499999995,106.5713492
"Nước ngọt, Bánh bao mini, Sữa hộp, Khẩu trang y tế, Mì gói, Khăn giấy, Khăn ướt, Sữa chua uống, Khăn giấy, Lăn khử mùi, Găng tay nilon, Trà đóng chai, Bàn chải đánh răng, Pin AA, Bút bi",Tưởng Thêu Xóm6 vũ lạc,Thai Binh Province,"Đường Vũ Lạc, Phường Trần Lãm, Tỉnh Hưng Yên, 06100",15,4.2,convenience,20.432678799999994,106.3781598
"Khăn ướt, Thịt hộp, Bánh quy, Dao cạo râu, Khăn ướt, Lăn khử mùi, Sữa chua uống, Sổ tay nhỏ, Túi nylon, Bánh quy, Thịt hộp, Bánh bao mini, Bánh bao mini, Nước tăng lực, Bật lửa, Bánh mì sandwich, Bao rác, Ô dù gấp",Tưởng Thêu Xóm6 Vũ Lạc,Thai Binh Province,"Đường tỉnh 458, Tỉnh Hưng Yên, 06100",10,3.8,convenience,20.4233755,106.3726287
"Sổ tay nhỏ, Bút bi, Cà phê lon, Túi nylon, Dầu gội, Thịt hộp, Bánh bao mini, Ô dù gấp, Bánh bao mini, Lăn khử mùi, Bao rác, Pin sạc, Nước ngọt, Cốc nhựa, Sữa hộp, Bóng đèn LED mini, Kẹo cao su, Xà phòng tắm, Pin AA",Thư Đán Xóm3 Thanh Tân KX,Thai Binh Province,"Đường cao tốc Ninh Bình - Hải Phòng, Tỉnh Hưng Yên",20,4.1,convenience,20.4406459,106.4246022
"Bật lửa, Khoai tây chiên, Sổ tay nhỏ, Gối cổ du lịch, Bút bi, Muỗng nhựa, Bút bi, Bóng đèn LED mini, Bánh mì sandwich, Cốc nhựa, Bánh quy, Găng tay nilon, Chai nước, Cốc nhựa, Thịt hộp, Muỗng nhựa",Chú Hồi Xóm 7 Vũ Tây,Thai Binh Province,"Cầu Quảng trường Thái Bình, Phường Trần Lãm, Tỉnh Hưng Yên, 06100",10,3.8,convenience,20.466842499999995,106.3950342
"Kẹo, Khoai tây chiên, Pin AA, Dây sạc điện thoại, Bàn chải đánh răng, Cốc nhựa, Dây sạc điện thoại, Pin sạc, Sữa hộp, Kem đánh răng, Cốc nhựa, Khăn ướt",Cô Thủy 125 Trần Hưng Đạo,Thai Binh Province,"Phố Trần Hưng Đạo, Phường Trần Hưng Đạo, Tỉnh Hưng Yên, 06000",15,3.7,convenience,20.4477316,106.3393882
"Khoai tây chiên, Bánh quy, Bánh mì sandwich, Khoai tây chiên, Pin AA, Dây sạc điện thoại, Bút bi, Túi nylon, Chai nước, Nước ngọt, Gối cổ du lịch, Chai nước, Khăn ướt, Cà phê lon, Kẹo cao su, Bật lửa, Kẹo, Lăn khử mùi",Mỹ Tho Xóm Chùa Đông Á,Thai Binh Province,"Quốc lộ 39, Tỉnh Hưng Yên",10,4.3,convenience,20.5031202,106.398652
"Nước suối, Nước ngọt, Sữa hộp, Bánh quy, Ô dù gấp, Sữa hộp, Bánh quy, Bánh mì sandwich, Bao rác, Sữa hộp, Khẩu trang y tế",Thủy Hiệp Xóm12 Xã Vũ Chính,Thai Binh Province,"Đường Vũ Chính, Phường Trần Lãm, Tỉnh Hưng Yên, 06118",20,4.5,convenience,20.422977699999997,106.3387751
"Pin AA, Khăn ướt, Gối cổ du lịch, Bàn chải đánh răng, Nước suối, Nước ngọt, Kẹo cao su, Khẩu trang y tế, Bánh mì sandwich, Bánh bao mini, Bao rác, Sữa hộp",Miền Tụ 549 Đường Trần Lãm TP TB,Thai Binh Province,"ĐT.454, Phường Trần Lãm, Tỉnh Hưng Yên, 06000",20,3.9,convenience,20.428787899999996,106.33924400000001
"Bật lửa, Bút bi, Bánh bao mini, Pin AA, Bật lửa, Mì gói, Bánh mì sandwich, Cốc nhựa, Muỗng nhựa, Túi nylon, Muỗng nhựa, Ô dù gấp, Mì gói, Dầu gội, Mì ly",Mai Huê 669 Lý Bôn TP TB,Thai Binh Province,"Phố Lý Bôn, Phường Trần Lãm, Tỉnh Hưng Yên, 06000",20,3.8,convenience,20.433629900000003,106.3431904
"Dây sạc điện thoại, Thịt hộp, Găng tay nilon, Trà đóng chai, Xà phòng tắm, Gối cổ du lịch, Bánh mì sandwich, Dầu gội, Sổ tay nhỏ, Bật lửa, Găng tay nilon, Trà đóng chai, Bàn chải đánh răng, Bàn chải đánh răng, Bật lửa, Chai nước",Minimatk,Thai Binh Province,"Đường tỉnh 489, Xuân Châu, Tỉnh Ninh Bình",20,3.6,convenience,20.3880642,106.3020072
"Găng tay nilon, Sữa chua uống, Sữa chua uống, Sữa chua uống, Cốc nhựa, Bánh bao mini, Mì gói, Khăn giấy, Mì ly, Sữa chua uống, Bao rác, Cà phê lon",Thúy nhài,Thai Binh Province,"Đường Hùng Vương, Tỉnh Hưng Yên, 06000",10,4,convenience,20.4361817,106.28965670000001
"Dây sạc điện thoại, Túi nylon, Pin sạc, Nước tăng lực, Dầu gội, Túi nylon, Pin AA, Nước suối, Khăn ướt, Túi nylon, Nước ngọt, Túi nylon, Bánh quy, Mì gói, Muỗng nhựa, Dao cạo râu",Sự vui,Thai Binh Province,"Tỉnh Hưng Yên, 06000",15,4.1,convenience,20.432234,106.2874386
"Bàn chải đánh răng, Lăn khử mùi, Cà phê lon, Bút bi, Muỗng nhựa, Túi nylon, Pin sạc, Khăn ướt, Kẹo, Nước ngọt, Trà đóng chai, Khăn ướt, Kẹo cao su, Nước ngọt, Túi nylon, Sữa hộp, Thịt hộp",Thanh tùng,Thai Binh Province,"Tỉnh Hưng Yên, 06000",15,3.7,convenience,20.431957599999997,106.2872057
"Kẹo, Khẩu trang y tế, Cà phê lon, Dây sạc điện thoại, Kem đánh răng, Dao cạo râu, Sổ tay nhỏ, Pin sạc, Gối cổ du lịch, Nước ngọt, Dây sạc điện thoại, Trà đóng chai, Cốc nhựa, Sữa chua uống, Sữa hộp, Găng tay nilon, Pin AA, Bánh quy",Thanh tùng,Thai Binh Province,"Tỉnh Hưng Yên, 06000",20,4.2,convenience,20.4319142,106.2872005
"Bút bi, Chai nước, Bao rác, Sữa hộp, Pin AA, Nước suối, Bàn chải đánh răng, Bánh bao mini, Khẩu trang y tế, Thịt hộp",H mart,Thai Binh Province,"Old Thái Bình Rd, Tỉnh Hưng Yên",10,3.8,convenience,20.431244999999997,106.2263767
"Khẩu trang y tế, Trà đóng chai, Bật lửa, Khăn giấy, Pin sạc, Mì ly, Nước tăng lực, Dao cạo râu, Túi nylon, Bánh bao mini",Du thao,Thai Binh Province,"Phường Vũ Phúc, Tỉnh Hưng Yên, 06000",10,4.3,convenience,20.410462500000005,106.2993829
"Kẹo cao su, Bánh quy, Kem đánh răng, Khoai tây chiên, Chai nước, Mì gói, Sữa hộp, Túi nylon, Bánh bao mini, Bút bi, Nước tăng lực, Cốc nhựa, Nước suối",Minimart,Thai Binh Province,"Đường Vũ Phúc, Phường Vũ Phúc, Tỉnh Hưng Yên, 06000",15,3.8,convenience,20.40027299999999,106.3034637
"Chai nước, Bánh bao mini, Bao rác, Khăn ướt, Bánh bao mini, Muỗng nhựa, Khăn ướt, Bánh snack, Kẹo cao su, Kẹo cao su, Chai nước, Ô dù gấp, Khăn ướt, Kem đánh răng, Pin AA, Bút bi, Sổ tay nhỏ, Dao cạo râu, Bàn chải đánh răng",Hòa ngát,Thai Binh Province,"Đường Hùng Vương, Tỉnh Hưng Yên, 06000",10,3.6,convenience,20.435649800000004,106.2809583
"Mì gói, Bánh quy, Bóng đèn LED mini, Chai nước, Nước ngọt, Cà phê lon, Mì gói, Túi nylon, Mì ly, Dây sạc điện thoại",Vân nhân,Thai Binh Province,"Cầu Tây, Tỉnh Hưng Yên",20,3.8,convenience,20.652601300000004,106.32265
"Nước tăng lực, Nước suối, Dao cạo râu, Kem đánh răng, Nước ngọt, Kẹo cao su, Sổ tay nhỏ, Kẹo, Kem đánh răng, Bánh snack, Trà đóng chai, Găng tay nilon",Vân đăng,Thai Binh Province,"Đường Trần Hưng Đạo, Tỉnh Hưng Yên",20,4.1,convenience,20.653663,106.3234436
"Pin AA, Khăn ướt, Túi nylon, Nước tăng lực, Muỗng nhựa, Nước tăng lực, Nước tăng lực, Pin sạc, Dầu gội, Kẹo, Mì ly, Chai nước",Thiên quý,Thai Binh Province,"Phố Đoàn Nguyễn Thục, Tỉnh Hưng Yên",10,4.5,convenience,20.6621301,106.3283707
"Thực phẩm đóng hộp, Khăn giấy, Nước mắm, Sữa tươi, Sữa tắm, Đường, Dầu ăn, Trà, Nước ngọt, Thực phẩm đóng hộp",TH Anh Hữu,Thai Binh Province,"Đường Lý Nam Đế, Tỉnh Hưng Yên",15,4.4,department_store,20.5986845,106.2484232
"Dầu ăn, Kem đánh răng, Thực phẩm đóng hộp, Nước mắm, Sữa bột, Thực phẩm đóng hộp, Muối, Nước lau sàn, Bình sữa, Sữa bột trẻ em, Nước mắm, Nước lau sàn, Thực phẩm đóng hộp, Nước ngọt",CH Khả Ngạn,Thai Binh Province,"Đường Lý Nam Đế, Tỉnh Hưng Yên",10,4.1,department_store,20.621739499999997,106.2505877
"Khăn giấy, Bánh mì sandwich, Lăn khử mùi, Găng tay nilon, Gối cổ du lịch, Bánh bao mini, Cà phê lon, Trà đóng chai, Dây sạc điện thoại, Cốc nhựa",Hiếu hiền,Thai Binh Province,"Đường Hoàng Văn Thái, Phường Trần Lãm, Tỉnh Hưng Yên, 06100",20,4.2,convenience,20.433579400000003,106.36486750000002
"Cà phê lon, Gối cổ du lịch, Mì ly, Kẹo, Dao cạo râu, Bánh quy, Lăn khử mùi, Bánh bao mini, Sữa hộp, Khoai tây chiên, Dao cạo râu, Pin sạc, Sữa chua uống, Muỗng nhựa, Túi nylon",WinMart+,Thai Binh Province,"68A, Trần Hưng Đạo, Phường Thái Bình, Tỉnh Hưng Yên, 06100",10,3.7,convenience,20.4564015,106.342592
"Nước ngọt, Bánh bao mini, Pin AA, Lăn khử mùi, Bóng đèn LED mini, Pin AA, Khẩu trang y tế, Mì ly, Cà phê lon, Xà phòng tắm, Kẹo, Lăn khử mùi, Pin sạc",WinMart+,Thai Binh Province,"Đường Long Hưng, Phường Trà Lý, Tỉnh Hưng Yên, 06100",15,4.2,convenience,20.463558599999995,106.3504026
"Ô dù gấp, Ô dù gấp, Găng tay nilon, Ô dù gấp, Mì gói, Sữa chua uống, Pin sạc, Muỗng nhựa, Găng tay nilon, Sữa hộp, Xà phòng tắm, Mì gói, Sữa chua uống, Pin sạc",WinMart+,Thai Binh Province,"115, Đường Hùng Vương, Phường Vũ Phúc, Tỉnh Hưng Yên, 06000",20,4,convenience,20.438105300000004,106.3156841
"Khăn ướt, Khẩu trang y tế, Thịt hộp, Nước tăng lực, Cà phê lon, Nước tăng lực, Bút bi, Bánh bao mini, Ô dù gấp, Pin AA, Khăn giấy, Nước tăng lực, Bàn chải đánh răng, Nước tăng lực, Khoai tây chiên, Dầu gội, Lăn khử mùi, Gối cổ du lịch",WinMart+,Thai Binh Province,"579, Phố Lý Bôn, Phường Trần Lãm, Tỉnh Hưng Yên, 06000",10,3.6,convenience,20.4403573,106.3398454
"Thực phẩm đóng hộp, Sữa bột, Mì gói, Nước mắm, Thực phẩm đóng hộp, Gạo, Kem đánh răng, Nước rửa chén, Đường, Sữa chua, Gạo, Dầu gội, Muối, Kem đánh răng, Trà, Nước rửa chén",Vịnh Lý,Thai Binh Province,"Quốc lộ 37B, Thái Tân, Tỉnh Hưng Yên",20,3.6,department_store,20.4832175,106.5133066
"Thịt heo, Trà túi lọc, Sữa tươi, Chảo chống dính, Khay nhựa, Nước lau sàn, Sữa tươi, Bơ thực vật, Đĩa sứ, Khay nhựa, Khay nhựa, Trứng gà, Nước trái cây, Sữa tươi, Rau củ quả",WinMart,Thai Binh Province,"Phố Lý Bôn, Phường Trần Hưng Đạo, Tỉnh Hưng Yên, 06000",155,4.1,supermarket,20.444573099999992,106.3369849
"Sữa tươi, Nước xả vải, Trứng gà, Cà phê hòa tan, Nước hoa mini, Trứng gà, Sốt cà chua, Ngũ cốc ăn sáng, Nước hoa mini, Cà phê hòa tan, Muối, Ly thủy tinh, Ly thủy tinh",Cửa Hàng Mây Hinh,Thai Binh Province,"Đường tỉnh 489, Xuân Châu, Tỉnh Ninh Bình",90,3.5,supermarket,20.384177500000003,106.2919709
"Kẹo cao su, Nước tăng lực, Xà phòng tắm, Kẹo, Khoai tây chiên, Bóng đèn LED mini, Dây sạc điện thoại, Dầu gội, Bánh snack, Bàn chải đánh răng, Nước ngọt, Nước tăng lực, Sữa hộp, Kẹo",Spar,Thai Binh Province,"Trần Thái Tông, Phường Trần Hưng Đạo, Tỉnh Hưng Yên, 06000",15,3.9,convenience,20.440738999999994,106.3230039
"Mì gói, Chai nước, Pin AA, Pin sạc, Kẹo cao su, Khoai tây chiên, Khẩu trang y tế, Khoai tây chiên, Lăn khử mùi, Khẩu trang y tế, Xà phòng tắm, Nước ngọt, Nước tăng lực, Túi nylon, Khăn ướt, Sữa chua uống, Khẩu trang y tế, Bao rác, Cốc nhựa, Bóng đèn LED mini",Tuấn Ngoãn Thôn An Bình Xã Lô Giang ĐH,Thai Binh Province,"Quốc lộ 39, Tỉnh Hưng Yên",15,4.2,convenience,20.5756048,106.2877277
"Gạo, Đường, Cà phê hòa tan, Nước xả vải, Bơ thực vật, Muỗng nĩa, Bơ thực vật, Bột mì, Khăn giấy, Rau củ quả, Trà túi lọc, Nước lau sàn, Ly thủy tinh",Cửa hàng tạp hoá Lý Hanh,Thai Binh Province,"Quốc lộ 37, Thành phố Hải Phòng, 10000",135,4.1,supermarket,20.598793999999998,106.5064164
"Bàn chải đánh răng, Kẹo, Khẩu trang y tế, Bàn chải đánh răng, Ô dù gấp, Thịt hộp, Trà đóng chai, Bao rác, Cà phê lon, Ô dù gấp, Dây sạc điện thoại, Dao cạo râu, Pin AA, Gối cổ du lịch, Khoai tây chiên, Sữa chua uống, Dao cạo râu, Pin AA",Nam Nguyệt Xóm 7 Xã Vũ Phúc,Thai Binh Province,"Đường Vũ Phúc, Phường Vũ Phúc, Tỉnh Hưng Yên, 06000",10,4.4,convenience,20.420236398094872,106.32588113318103
"Áo thun, Khăn choàng, Lược điện, Vòng tay, Giày thể thao, Mỹ phẩm trang điểm, Quần short, Tai nghe Bluetooth, Đồng hồ thông minh, Vali kéo, Nón thời trang, Kính mát, Đồng hồ thông minh, Ba lô thời trang, Nước hoa, Vali kéo",Vincom Plaza Lý Bôn,Thai Binh Province,"Phố Lý Bôn, Phường Trần Hưng Đạo, Tỉnh Hưng Yên, 06000",250,3.5,mall,20.444694591756555,106.33703494752585
"Nước trái cây, Dầu ăn, Túi đựng rác, Bông tẩy trang, Ly thủy tinh, Cà phê hòa tan, Bột mì, Chảo chống dính, Bông tẩy trang, Trứng gà, Chảo chống dính, Khăn giấy, Dầu ăn, Nước trái cây, Bông tẩy trang, Dao bếp, Sốt cà chua, Mì gói, Đĩa sứ",PHÚC YÊN PLAZA,Vinh Phuc Province,"121, Ngõ 4 Đường An Dương Vương, Phúc Yên, Tỉnh Phú Thọ, 84211",95,4,supermarket,21.240462899999997,105.7064471
"Muỗng nĩa, Trà túi lọc, Trứng gà, Kem dưỡng da, Cà phê hòa tan, Đường, Dao bếp, Nước lau sàn, Túi đựng rác, Nước trái cây, Khẩu trang y tế, Nước lau sàn",Trọng Nhung,Vinh Phuc Province,"2, Đường Nguyễn Khoan, Tỉnh Phú Thọ",200,4.2,supermarket,21.2553413,105.5480598
"Ô dù gấp, Thịt hộp, Túi nylon, Găng tay nilon, Nước tăng lực, Kẹo cao su, Cốc nhựa, Sữa chua uống, Pin sạc, Sữa chua uống, Ô dù gấp, Bao rác, Dao cạo râu, Mì gói, Khoai tây chiên, Pin AA",Tiếp Nghiệp,Vinh Phuc Province,"tiếp nghiệp 01, Đường Nguyễn Khoan, Tỉnh Phú Thọ",15,3.9,convenience,21.2391408,105.5576331
"Ô dù gấp, Bánh quy, Kẹo, Nước tăng lực, Gối cổ du lịch, Dao cạo râu, Sổ tay nhỏ, Bánh snack, Pin AA, Dây sạc điện thoại, Gối cổ du lịch",Bà mây (trung hậu),Vinh Phuc Province,"bà mây 01, Đường Nguyễn Khoan, Tỉnh Phú Thọ",15,3.6,convenience,21.248147,105.55071
"Kem đánh răng, Pin AA, Kẹo cao su, Pin AA, Bao rác, Bóng đèn LED mini, Cốc nhựa, Bánh snack, Bàn chải đánh răng, Nước ngọt, Găng tay nilon, Sổ tay nhỏ",Oanh Hoà,Vinh Phuc Province,"oanh hoa 01, ĐH.01B, Tỉnh Phú Thọ",15,4,convenience,21.257910999999996,105.56199
"Khoai tây chiên, Sữa chua uống, Kem đánh răng, Dao cạo râu, Găng tay nilon, Lăn khử mùi, Dao cạo râu, Mì gói, Trà đóng chai, Dây sạc điện thoại, Bánh quy, Sữa hộp, Khăn giấy, Cốc nhựa",Nam Keo,Vinh Phuc Province,"nam keo 01, ĐH.16B, Tỉnh Phú Thọ",20,3.6,convenience,21.241855,105.55047
"Túi nylon, Bóng đèn LED mini, Kẹo cao su, Chai nước, Kem đánh răng, Sữa chua uống, Thịt hộp, Nước tăng lực, Mì gói, Bánh bao mini, Sữa hộp",Trông Đang,Vinh Phuc Province,"ĐH.01B, Tỉnh Phú Thọ",15,4.2,convenience,21.2590229,105.56620100000002
"Bàn chải, Son dưỡng môi, Trà túi lọc, Bột ngọt, Đường, Nước rửa chén, Dầu ăn, Muối, Bàn chải, Mì gói, Bàn chải",Big C,Vinh Phuc Province,"Đường Đinh Tiên Hoàng, Vĩnh Yên, Tỉnh Phú Thọ",65,4,supermarket,21.29363710000001,105.6295894
"Nước suối, Mì gói, Bánh ăn dặm, Bột giặt, Kem đánh răng, Nước mắm, Nước ngọt, Đường, Sữa bột trẻ em, Sữa tắm, Nước rửa chén, Trà, Gạo, Nước xả vải, Sữa tươi",Soiva Plaza,Vinh Phuc Province,"Đường Mê Linh, Vĩnh Yên, Tỉnh Phú Thọ",20,3.6,department_store,21.312555099999994,105.6138535
"Trứng gà, Sốt cà chua, Bơ thực vật, Dao bếp, Bàn chải, Bông tẩy trang, Gạo, Dao bếp, Nước lau sàn, Sốt cà chua, Bông tẩy trang, Ly thủy tinh",HC,Vinh Phuc Province,"Đường Trần Phú, Vĩnh Yên, Tỉnh Phú Thọ",180,3.8,supermarket,21.321258399999998,105.5996047
"Muối, Snack, Bột mì, Trà túi lọc, Cá hộp, Trứng gà, Thịt heo, Muối, Thớt, Đường, Sữa tươi, Muối, Bột mì",Shop Giày Thế Thao Huy Sneaker,Vinh Phuc Province,"ĐH.47, Tỉnh Phú Thọ, 10000",130,4.3,supermarket,21.418570600000002,105.5143181
"Trà túi lọc, Dao bếp, Nước rửa chén, Rau củ quả, Kem dưỡng da, Đĩa sứ, Giấy vệ sinh, Thớt, Khăn giấy, Túi đựng rác, Chảo chống dính, Bàn chải, Đĩa sứ, Giấy bọc thực phẩm, Sữa tươi",PHÚC YÊN PLAZA,Phu Tho Province,"121, Ngõ 4 Đường An Dương Vương, Phúc Yên, Tỉnh Phú Thọ, 84211",120,4,supermarket,21.240462899999997,105.7064471
"Trà, Ngũ cốc, Sữa chua, Bánh ăn dặm, Bình sữa, Nước ngọt, Sữa tắm, Tã em bé, Bột nêm, Khăn ướt, Khăn ướt, Bột nêm, Nước lau sàn, Gạo, Bột giặt, Cà phê, Thực phẩm đóng hộp, Nước suối",Giống cây trồng Phù Ninh,Phu Tho Province,"IC8 PHÙ NINH, QL.2, Tỉnh Phú Thọ",15,4.3,department_store,21.38888229999999,105.3290242
"Sữa tươi, Sữa tắm, Sữa tắm, Bơ thực vật, Bột giặt, Nước xả vải, Rau củ quả, Dao bếp, Bơ thực vật, Bàn chải, Mì gói, Gạo, Gạo, Đĩa sứ",Trọng Nhung,Phu Tho Province,"2, Đường Nguyễn Khoan, Tỉnh Phú Thọ",170,4.4,supermarket,21.2553413,105.5480598
"Bánh mì sandwich, Mì gói, Ô dù gấp, Nước tăng lực, Nước ngọt, Bánh snack, Khăn giấy, Găng tay nilon, Gối cổ du lịch, Bao rác, Nước suối, Bật lửa, Bút bi, Thịt hộp, Cà phê lon, Muỗng nhựa",Tiếp Nghiệp,Phu Tho Province,"tiếp nghiệp 01, Đường Nguyễn Khoan, Tỉnh Phú Thọ",10,3.6,convenience,21.2391408,105.5576331
"Kem đánh răng, Bật lửa, Nước ngọt, Gối cổ du lịch, Khẩu trang y tế, Sữa hộp, Cà phê lon, Kem đánh răng, Túi nylon, Lăn khử mùi, Bao rác",Bà mây (trung hậu),Phu Tho Province,"bà mây 01, Đường Nguyễn Khoan, Tỉnh Phú Thọ",10,3.8,convenience,21.248147,105.55071
"Pin AA, Kẹo, Pin AA, Kem đánh răng, Cốc nhựa, Cà phê lon, Bật lửa, Bánh snack, Sổ tay nhỏ, Pin AA, Bàn chải đánh răng, Kem đánh răng, Khẩu trang y tế, Kẹo, Bánh snack, Lăn khử mùi, Túi nylon, Sữa chua uống, Sữa chua uống, Sổ tay nhỏ",Oanh Hoà,Phu Tho Province,"oanh hoa 01, ĐH.01B, Tỉnh Phú Thọ",15,3.6,convenience,21.257910999999996,105.56199
"Sổ tay nhỏ, Ô dù gấp, Khăn ướt, Khăn giấy, Bánh bao mini, Khăn giấy, Mì ly, Găng tay nilon, Lăn khử mùi, Sữa chua uống, Dây sạc điện thoại, Dầu gội, Nước suối, Cà phê lon, Nước ngọt",Nam Keo,Phu Tho Province,"nam keo 01, ĐH.16B, Tỉnh Phú Thọ",20,4.5,convenience,21.241855,105.55047
"Cà phê lon, Kẹo cao su, Dầu gội, Nước tăng lực, Xà phòng tắm, Dây sạc điện thoại, Sổ tay nhỏ, Cốc nhựa, Pin sạc, Pin sạc, Nước ngọt, Sổ tay nhỏ, Cốc nhựa, Muỗng nhựa, Bánh snack, Thịt hộp",Trông Đang,Phu Tho Province,"ĐH.01B, Tỉnh Phú Thọ",15,4,convenience,21.2590229,105.56620100000002
"Nước tăng lực, Nước tăng lực, Bánh mì sandwich, Cà phê lon, Bàn chải đánh răng, Chai nước, Gối cổ du lịch, Kẹo, Sữa chua uống, Khẩu trang y tế, Mì ly, Kẹo cao su, Sữa hộp, Nước tăng lực, Khẩu trang y tế, Gối cổ du lịch, Bánh mì sandwich",Vụ bản,Phu Tho Province,"Quốc lộ 12B, Tỉnh Phú Thọ",10,3.6,convenience,20.447680199999997,105.4535562
"Gạo, Nước xả vải, Muối, Sữa tươi, Nước mắm, Nước xả vải, Dầu ăn, Muối, Khăn giấy, Sữa chua",Hùng Giang,Phu Tho Province,"Đường tỉnh 317, Tỉnh Phú Thọ, 36107",15,4.1,department_store,20.8438704,105.343422
"Kem đánh răng, Sữa bột, Tã em bé, Nước ngọt, Sữa tắm, Dầu gội, Dầu ăn, Nước mắm, Trà, Bánh kẹo, Nước rửa chén, Bột giặt",Hải Thu,Phu Tho Province,"Phùng Hưng, Tỉnh Phú Thọ, 36107",20,3.7,department_store,20.840300999999997,105.3426441
"Bàn chải, Bơ thực vật, Bột mì, Giấy vệ sinh, Sốt cà chua, Muỗng nĩa, Sữa tươi, Cá hộp, Nước hoa mini, Nước mắm, Đĩa sứ, Nước trái cây, Bột mì, Bột giặt, Giấy vệ sinh, Rau củ quả",Big C,Phu Tho Province,"Đường Đinh Tiên Hoàng, Vĩnh Yên, Tỉnh Phú Thọ",80,3.7,supermarket,21.29363710000001,105.6295894
"Bình sữa, Kem đánh răng, Nước mắm, Nước ngọt, Sữa tắm, Muối, Trà, Nước lau sàn, Sữa tắm, Sữa bột trẻ em, Sữa bột trẻ em, Bánh ăn dặm, Muối, Sữa bột, Nước xả vải, Cà phê, Đường",Soiva Plaza,Phu Tho Province,"Đường Mê Linh, Vĩnh Yên, Tỉnh Phú Thọ",20,4.1,department_store,21.312555099999994,105.6138535
"Nước trái cây, Gạo, Giấy vệ sinh, Sữa tươi, Muỗng nĩa, Kem dưỡng da, Trà túi lọc, Sốt cà chua, Giấy vệ sinh, Sữa tươi, Kem dưỡng da, Sữa tắm, Cá hộp, Bột mì, Nước xả vải, Ly thủy tinh, Cà phê hòa tan, Sữa chua, Bàn chải",HC,Phu Tho Province,"Đường Trần Phú, Vĩnh Yên, Tỉnh Phú Thọ",145,3.9,supermarket,21.321258399999998,105.5996047
"Tranh màu nước, Tranh canvas, Tranh nghệ thuật 3D, Tranh ký họa, Tranh giấy cuộn, Tượng kim loại, Tranh thư pháp, Tranh đương đại, Tranh sơn mài, Tranh phong cảnh, Tượng đồng nhỏ, Tượng đá cẩm thạch",trạm bảo dưỡng xe Mazda,Phu Tho Province,"Đường Âu Cơ, Tỉnh Phú Thọ",80,4.8,car_parts,21.3080317,105.4361288
"Móc khóa, Nến thơm, Bút ký cao cấp, Móc khóa đôi, Gối in hình, Cốc đôi, Cốc đôi, Tranh mini, Bánh handmade, Khung ảnh, Bánh handmade",Khanh Thinh,Phu Tho Province,"Quốc lộ 15, Xóm Khán, Tỉnh Phú Thọ, 36400",160,4.7,gift,20.652637199999997,105.0717153
"Nước xả vải, Dầu gội, Muỗng nĩa, Nước mắm, Khẩu trang y tế, Nước xả vải, Giấy vệ sinh, Ly thủy tinh, Snack, Khay nhựa, Nước trái cây, Chảo chống dính, Ngũ cốc ăn sáng, Túi đựng rác, Son dưỡng môi",Aloha mall,Phu Tho Province,"Quốc lộ 32C, Tỉnh Phú Thọ",85,4.4,supermarket,21.549494999999997,105.0028702
"Sữa tươi, Bơ thực vật, Thịt heo, Bàn chải, Nước rửa chén, Trứng gà, Bột ngọt, Dầu gội, Mì gói, Giấy vệ sinh, Giấy vệ sinh, Kem dưỡng da, Nước trái cây, Ly thủy tinh, Ly thủy tinh, Thớt",Shop Giày Thế Thao Huy Sneaker,Phu Tho Province,"ĐH.47, Tỉnh Phú Thọ, 10000",200,3.9,supermarket,21.418570600000002,105.5143181
"Cà phê hòa tan, Cà phê hòa tan, Dầu gội, Khay nhựa, Sữa tắm, Bàn chải, Túi đựng rác, Dao bếp, Sữa chua, Thịt heo, Gạo, Nước tương, Bột mì",CHỢ Gia Áo,Phu Tho Province,"ĐT315C, Việt Trì, Tỉnh Phú Thọ, 290000",65,3.9,supermarket,21.366317799999997,105.2458803
"Mì gói, Muỗng nĩa, Nước lau sàn, Thịt heo, Nước rửa chén, Bột ngọt, Nước tương, Bột giặt, Dầu gội, Son dưỡng môi, Muối, Thịt heo, Sữa chua, Kem dưỡng da, Kem cạo râu, Khay nhựa",Chợ VĂN MIẾU,Phu Tho Province,Tỉnh Phú Thọ,155,3.5,supermarket,21.112968499999994,105.112852
"Kem đánh răng, Sữa bột, Đường, Trà, Nước xả vải, Nước rửa chén, Sữa bột, Dầu ăn, Cà phê, Muối, Nước suối, Gạo, Muối",Tất Nụ,Phu Tho Province,"Phùng Hưng, Tỉnh Phú Thọ, 36107",10,3.6,department_store,20.842125199999995,105.3435412
"Sữa hộp, Bao rác, Cốc nhựa, Dây sạc điện thoại, Nước ngọt, Chai nước, Bánh mì sandwich, Lăn khử mùi, Bao rác, Thịt hộp, Khăn giấy, Sữa hộp, Kẹo cao su, Khẩu trang y tế, Khăn giấy, Bánh snack, Khẩu trang y tế, Nước ngọt, Trà đóng chai",Win Mart,Phu Tho Province,"Quốc lộ 15, Xóm Khán, Tỉnh Phú Thọ, 36400",10,3.9,convenience,20.661569199999995,105.0831102
"Sổ tay nhỏ, Sữa hộp, Mì gói, Lăn khử mùi, Mì ly, Sữa hộp, Trà đóng chai, Khoai tây chiên, Bật lửa, Nước tăng lực, Trà đóng chai",TuCu Mini market,Phu Tho Province,"Quốc lộ 15, Xóm Khán, Tỉnh Phú Thọ, 36400",15,3.7,convenience,20.650937799999998,105.0768363
"Ngũ cốc ăn sáng, Kem cạo râu, Nước mắm, Trà túi lọc, Bơ thực vật, Son dưỡng môi, Son dưỡng môi, Bơ thực vật, Thớt, Bông tẩy trang, Trứng gà, Bông tẩy trang, Sốt cà chua, Thớt, Chảo chống dính, Sữa tắm, Bột ngọt, Dao bếp, Nước hoa mini, Túi đựng rác",Xưởng Giày Da GOODFAITH,Phu Tho Province,"Đường tỉnh 312, Tỉnh Phú Thọ",115,3.9,supermarket,21.494402499999993,105.1082166
"Nón thời trang, Áo thun, Dầu dưỡng tóc, Áo sơ mi, Áo khoác, Ví da, Kính mát, Dép sandal, Váy dạ hội, Giày cao gót, Lược điện, Quần jean, Túi xách",Aloha Mall Phú Thọ,Phu Tho Province,"Phố Phú Bình, Tỉnh Phú Thọ",350,4,mall,21.399333487001883,105.22375662858398
"Túi xách, Áo thun, Ốp điện thoại, Sách, Vòng tay, Găng tay, Áo sơ mi, Sách, Ba lô thời trang, Áo sơ mi",Vincom+ Phú Thọ,Phu Tho Province,"Đường Tân Thành, Tỉnh Phú Thọ",200,3.5,mall,21.401999541808557,105.21385324488827
"Trà túi lọc, Gạo, Nước hoa mini, Son dưỡng môi, Nước tương, Ly thủy tinh, Nước rửa chén, Khăn giấy, Túi đựng rác, Khăn giấy, Bàn chải, Nước lau sàn, Ngũ cốc ăn sáng, Nước tương, Nước xả vải, Ngũ cốc ăn sáng, Sữa tươi, Nước hoa mini",Thế giới công nghệ số G8,Thanh Hoa Province,"Lô 01, Ngõ 44 Lê Hoàn, Điện Biên, Phường Hạc Thành, Tỉnh Thanh Hóa, 45000",120,4.4,supermarket,19.811895900000003,105.7802693
"Son dưỡng môi, Dầu gội, Muối, Bông tẩy trang, Sữa tắm, Son dưỡng môi, Nước trái cây, Nước hoa mini, Đường, Dao bếp",Big C supercenter,Thanh Hoa Province,"Đại lộ Nguyễn Hoàng, Đông Hải, Phường Hạc Thành, Tỉnh Thanh Hóa, 45000",70,4.3,supermarket,19.805464599999997,105.8025383
"Cà phê lon, Bao rác, Gối cổ du lịch, Trà đóng chai, Dao cạo râu, Gối cổ du lịch, Lăn khử mùi, Nước tăng lực, Mì ly, Nước ngọt, Mì ly, Chai nước, Chai nước, Bánh mì sandwich, Cốc nhựa, Xà phòng tắm, Thịt hộp, Kẹo cao su",Toan luận,Thanh Hoa Province,"279, Đường Triệu Quốc Đạt, Tỉnh Thanh Hóa",15,3.6,convenience,19.8186065,105.6075205
"Mì gói, Ô dù gấp, Dây sạc điện thoại, Găng tay nilon, Cà phê lon, Khăn ướt, Kẹo cao su, Ô dù gấp, Lăn khử mùi, Sổ tay nhỏ, Pin sạc, Gối cổ du lịch, Pin AA, Bật lửa, Nước ngọt",Toan luận,Thanh Hoa Province,"Đường Triệu Quốc Đạt, Tỉnh Thanh Hóa",15,4.5,convenience,19.820088199999994,105.6068958
"Tranh mini, Tượng nhỏ, Bình hoa nhỏ, Khung ảnh LED, Móc khóa đôi, Cốc đôi, Đèn trang trí nhỏ, Khung ảnh, Khung ảnh, Đồng hồ để bàn",Hằng Xinh,Thanh Hoa Province,"Quốc lộ 10, Tỉnh Thanh Hóa",90,4.2,gift,19.913328099999998,105.8730988
"Kính mát, Thắt lưng, Nước hoa, Lược điện, Găng tay, Găng tay, Quần short, Kính mát, Túi xách, Nước hoa, Áo khoác, Mascara",Vincom Thanh Hoá,Thanh Hoa Province,"Phố Trần Quốc Toản, Điện Biên, Phường Hạc Thành, Tỉnh Thanh Hóa, 45000",500,4.1,mall,19.8095591,105.7778969
"Son dưỡng môi, Bột ngọt, Bông tẩy trang, Dầu ăn, Thịt heo, Dầu ăn, Snack, Gạo, Đường, Bột ngọt, Muỗng nĩa, Khẩu trang y tế, Son dưỡng môi",Siêu Thimiên Tây,Thanh Hoa Province,"Đường Hồ Chí Minh, Tỉnh Thanh Hóa",135,3.8,supermarket,19.66704,105.4368684
"Nước hoa mini, Nước xả vải, Ngũ cốc ăn sáng, Đường, Cá hộp, Cà phê hòa tan, Bột ngọt, Muối, Nước mắm, Bơ thực vật, Khẩu trang y tế, Muối, Bơ thực vật, Khẩu trang y tế, Sữa tươi, Mì gói, Dầu ăn, Khay nhựa",Bà Hoa Shop,Thanh Hoa Province,"Lô 06 MBQH 04, Phố Hàng Nan, Lam Sơn, Phường Hạc Thành, Tỉnh Thanh Hóa, 40000",105,4,supermarket,19.800641,105.7817069
"Mì gói, Sữa tươi, Đĩa sứ, Dầu ăn, Rau củ quả, Bột giặt, Nước trái cây, Nước xả vải, Khay nhựa, Nước tương, Trứng gà, Bơ thực vật, Giấy vệ sinh, Bơ thực vật",Đậu Kids,Thanh Hoa Province,"Thôn Đình Bảng, Đường tỉnh 510, Tỉnh Thanh Hóa, 40000",115,3.9,supermarket,19.8157716,105.8468696
"Nước lau sàn, Giấy bọc thực phẩm, Sữa tắm, Trứng gà, Bông tẩy trang, Nước trái cây, Nước xả vải, Rau củ quả, Nước lau sàn, Mì gói, Nước lau sàn, Rau củ quả, Son dưỡng môi, Dao bếp",A&S mart,Thanh Hoa Province,"Đường Quang Trung, Hải Hòa, Phường Tĩnh Gia, Tỉnh Thanh Hóa",200,3.7,supermarket,19.450163399999994,105.780692
"Tranh màu nước, Tranh nghệ thuật dân gian, Tượng nhỏ, Tranh phong cảnh, Tranh ký họa, Tượng đá cẩm thạch, Tranh chân dung, Tranh tường, Tranh sơn dầu, Tranh, Tượng đồng nhỏ, Tranh canvas, Tranh nghệ thuật hiện đại, Tranh nghệ thuật 3D, Tranh trừu tượng, Tượng kim loại",Motorcycle spares shop,Thanh Hoa Province,"Đường Hồ Chí Minh, Tỉnh Thanh Hóa",70,4.9,motorcycle_parts,19.667550700000003,105.4324646
"Áo sơ mi, Nón thời trang, Tai nghe Bluetooth, Quần short, Phấn má, Dép sandal, Son môi, Thắt lưng, Quần jean, Đầm công sở, Kính mát, Nước hoa, Đồ chơi trẻ em, Áo khoác da, Ba lô thời trang, Sách",Vincom+ Tĩnh Gia,Thanh Hoa Province,"Đường Nguyễn Đôn Tiết, Nguyên Bình, Phường Đào Duy Từ, Tỉnh Thanh Hóa",300,4,mall,19.436340844265324,105.77192096707856
"Gạo, Ly thủy tinh, Giấy vệ sinh, Sữa tươi, Ly thủy tinh, Bột giặt, Nước xả vải, Cà phê hòa tan, Cá hộp, Giấy vệ sinh, Mì gói, Nước xả vải, Trà túi lọc, Gạo, Cà phê hòa tan",Intimex,Nghe An Province,"Nguyễn Thiếp, Phường Trường Vinh, Tỉnh Nghệ An",115,4,supermarket,18.6643627,105.6890298
"Bột mì, Nước hoa mini, Khăn giấy, Nước trái cây, Giấy bọc thực phẩm, Bông tẩy trang, Bàn chải, Nước trái cây, Trà túi lọc, Mì gói, Dầu ăn, Bàn chải, Nước tương, Giấy vệ sinh, Bột giặt, Rau củ quả, Kem cạo râu, Nước lau sàn",Metro,Nghe An Province,"Đường Dũng Quyết, Phường Trường Vinh, Tỉnh Nghệ An",125,4.4,supermarket,18.6614899,105.7079587
"Bánh kẹo, Nước rửa chén, Sữa bột, Khăn ướt, Sữa bột trẻ em, Nước suối, Bột nêm, Bột giặt, Bột nêm, Sữa chua, Dầu ăn, Sữa chua, Kem đánh răng, Bột giặt, Mì gói, Nước xả vải",abc,Nghe An Province,"Đội Cung, Phường Thành Vinh, Tỉnh Nghệ An",15,3.8,department_store,18.676317599999997,105.666657
"Đường, Nước suối, Dầu gội, Giấy vệ sinh, Trà, Sữa tắm, Dầu ăn, Mì gói, Bột giặt, Nước rửa chén, Bột nêm, Khăn giấy",ch sự lê,Nghe An Province,"Quốc lộ 46, Tỉnh Nghệ An",20,4.3,department_store,18.687675499999997,105.5648915
"Đường, Bột ngọt, Bơ thực vật, Bột mì, Trứng gà, Bơ thực vật, Nước hoa mini, Bàn chải, Chảo chống dính, Sữa tươi, Muỗng nĩa, Kem cạo râu, Chảo chống dính, Rau củ quả",Big C Vinh,Nghe An Province,"Đường Trần Phú, Phường Thành Vinh, Tỉnh Nghệ An",30,3.8,supermarket,18.665974299999995,105.6747966
"Nước mắm, Ly thủy tinh, Giấy vệ sinh, Son dưỡng môi, Giấy vệ sinh, Chảo chống dính, Snack, Ly thủy tinh, Nước rửa chén, Đĩa sứ",Chợ Mý,Nghe An Province,"Quốc lộ 46C, Tỉnh Nghệ An",175,4.3,supermarket,18.599567599999993,105.6646391
"Khăn giấy, Nước tăng lực, Bánh bao mini, Bàn chải đánh răng, Ô dù gấp, Gối cổ du lịch, Khoai tây chiên, Ô dù gấp, Mì gói, Khăn giấy, Xà phòng tắm, Xà phòng tắm, Pin sạc, Kem đánh răng",Mini Mart,Nghe An Province,"Đường Hồ Chí Minh, Tỉnh Nghệ An",20,4.2,convenience,19.0449918,105.2686169
"Bột mì, Kem cạo râu, Dầu ăn, Khẩu trang y tế, Sốt cà chua, Nước rửa chén, Nước xả vải, Sốt cà chua, Son dưỡng môi, Bơ thực vật, Nước trái cây, Bàn chải, Nước lau sàn, Cà phê hòa tan, Nước mắm, Thớt, Cà phê hòa tan",Số 7 quang trung.phường quang trung.tp vinh,Nghe An Province,"07, Quang Trung, Phường Thành Vinh, Tỉnh Nghệ An",40,3.6,supermarket,18.667362299999997,105.6740172
"Cà phê, Nước xả vải, Trà, Ngũ cốc, Mì gói, Tã em bé, Giấy vệ sinh, Trà, Sữa chua, Nước rửa chén, Ngũ cốc, Nước rửa chén, Mì gói, Giấy vệ sinh, Nước mắm, Sữa tắm, Sữa tắm, Thực phẩm đóng hộp, Muối",MT Mart,Nghe An Province,"Quốc lộ 1, Tỉnh Nghệ An",15,4.4,department_store,18.9779456,105.601005
"Nước suối, Nước rửa chén, Bình sữa, Dầu ăn, Khăn ướt, Tã em bé, Mì gói, Tã em bé, Sữa bột, Ngũ cốc, Bột nêm, Sữa bột",Cửa hàng Spa thương hiệu Nhật Bản,Nghe An Province,"68, Hồng Bàng, Phường Thành Vinh, Tỉnh Nghệ An",10,4.4,department_store,18.670334499999996,105.6764815
"Dao bếp, Bột ngọt, Muối, Bông tẩy trang, Muối, Khay nhựa, Nước mắm, Rau củ quả, Nước hoa mini, Trà túi lọc, Dầu gội, Nước mắm",Ngôi nhà Đức,Nghe An Province,"36, Lý Thường Kiệt, Phường Thành Vinh, Tỉnh Nghệ An",105,4,supermarket,18.681115899999995,105.6656763
"Kem dưỡng da, Kem dưỡng da, Son dưỡng môi, Thớt, Thớt, Đĩa sứ, Giấy vệ sinh, Sữa tươi, Trứng gà, Khay nhựa, Bông tẩy trang, Đĩa sứ, Bông tẩy trang, Dao bếp, Nước tương",Big C - Shopping Mall and Foodcourd,Nghe An Province,"Ngư Hải, Phường Thành Vinh, Tỉnh Nghệ An",180,3.6,supermarket,18.6663264,105.6748756
"Sốt cà chua, Kem cạo râu, Nước mắm, Thớt, Bơ thực vật, Túi đựng rác, Bột mì, Rau củ quả, Sữa chua, Đĩa sứ, Bột ngọt, Cà phê hòa tan, Khẩu trang y tế, Son dưỡng môi, Sữa tươi",K Market,Nghe An Province,"Nguyễn Thị Minh Khai, Phường Thành Vinh, Tỉnh Nghệ An",30,3.7,supermarket,18.674152899999992,105.6789557
"Ly thủy tinh, Ngũ cốc ăn sáng, Kem cạo râu, Muối, Muối, Đường, Rau củ quả, Sữa tắm, Nước xả vải, Thịt heo",Levi's,Nghe An Province,"Nguyễn Thị Minh Khai, Phường Thành Vinh, Tỉnh Nghệ An",200,4.1,supermarket,18.673029199999995,105.6804537
"Bơ thực vật, Túi đựng rác, Kem dưỡng da, Khay nhựa, Túi đựng rác, Bột giặt, Bột giặt, Muỗng nĩa, Dầu gội, Nước rửa chén, Bông tẩy trang, Nước rửa chén, Sốt cà chua, Giấy bọc thực phẩm, Nước hoa mini, Sốt cà chua",Nike Outlet,Nghe An Province,"Nguyễn Thị Minh Khai, Phường Thành Vinh, Tỉnh Nghệ An",130,4.4,supermarket,18.671481899999996,105.6823062
"Nước lau sàn, Khay nhựa, Muỗng nĩa, Sữa tắm, Kem cạo râu, Khay nhựa, Sốt cà chua, Chảo chống dính, Nước hoa mini, Mì gói, Sữa tươi, Nước tương, Chảo chống dính, Snack, Son dưỡng môi, Bột giặt, Rau củ quả, Rau củ quả, Túi đựng rác",Minimart,Nghe An Province,"Phan Chu Trinh, Phường Thành Vinh, Tỉnh Nghệ An",85,4.1,supermarket,18.674722599999996,105.6719971
"Trà túi lọc, Bơ thực vật, Trà túi lọc, Sữa tươi, Đường, Thịt heo, Ngũ cốc ăn sáng, Dầu ăn, Sữa tươi, Sữa tươi, Bông tẩy trang, Sữa tươi, Túi đựng rác, Trà túi lọc, Nước mắm, Nước trái cây, Nước hoa mini, Nước hoa mini, Sốt cà chua",Minimart - German Brands,Nghe An Province,"Phan Chu Trinh, Phường Thành Vinh, Tỉnh Nghệ An",170,4.3,supermarket,18.6747149,105.6721319
"Nước trái cây, Thớt, Nước tương, Muỗng nĩa, Kem dưỡng da, Sốt cà chua, Đĩa sứ, Bột mì, Bàn chải, Khăn giấy, Dao bếp, Sữa tắm, Bông tẩy trang, Son dưỡng môi",Cho Ga Market,Nghe An Province,"Trường Chinh, Phường Thành Vinh, Tỉnh Nghệ An",165,3.8,supermarket,18.687261700000004,105.6656927
"Nước xả vải, Mì gói, Chảo chống dính, Sữa tươi, Cà phê hòa tan, Muối, Snack, Nước hoa mini, Bàn chải, Bột ngọt, Nước trái cây, Bột mì, Trà túi lọc, Nước mắm",Minimart,Nghe An Province,"Phan Bội Châu, Phường Thành Vinh, Tỉnh Nghệ An",140,3.6,supermarket,18.686855,105.6705561
"Khăn giấy, Chảo chống dính, Sốt cà chua, Giấy vệ sinh, Bông tẩy trang, Sữa tươi, Muối, Khẩu trang y tế, Dầu gội, Kem dưỡng da, Muối",truemart,Nghe An Province,"Quang Trung, Phường Thành Vinh, Tỉnh Nghệ An",45,4.5,supermarket,18.676008799999995,105.6741837
"Khay nhựa, Nước xả vải, Snack, Thịt heo, Trà túi lọc, Cà phê hòa tan, Cà phê hòa tan, Cá hộp, Bột mì, Nước mắm, Bông tẩy trang, Cà phê hòa tan, Sữa chua, Muỗng nĩa, Khay nhựa, Nước mắm",465 Mart,Nghe An Province,"Nguyễn Đình Chiểu, Phường Thành Vinh, Tỉnh Nghệ An",140,3.6,supermarket,18.6869195,105.6685573
"Muối, Sữa chua, Khẩu trang y tế, Nước xả vải, Ly thủy tinh, Muối, Nước tương, Thớt, Mì gói, Nước xả vải, Bột giặt, Chảo chống dính",Intimex - Home and Food,Nghe An Province,"Phan Bội Châu, Phường Thành Vinh, Tỉnh Nghệ An",65,3.6,supermarket,18.6864259,105.6735909
"Nước rửa chén, Nước xả vải, Sữa tươi, Khăn giấy, Mì gói, Nước ngọt, Sữa bột, Nước mắm, Nước suối, Giấy vệ sinh, Giấy vệ sinh, Mì gói, Sữa bột, Sữa bột, Ngũ cốc, Nước ngọt, Nước lau sàn, Nước xả vải, Trà",Thuý Toản,Nghe An Province,"96, Lê Huân, Phường Trường Vinh, Tỉnh Nghệ An, 46000",20,4.1,department_store,18.6647331,105.67503980000001
"Dầu ăn, Son dưỡng môi, Thịt heo, Sữa tươi, Sữa tắm, Thớt, Khẩu trang y tế, Bàn chải, Nước mắm, Bột ngọt, Dao bếp, Snack, Muỗng nĩa, Gạo, Nước trái cây, Bơ thực vật, Sữa chua, Túi đựng rác",Mẹ Và Bé Dũng Nga,Nghe An Province,"Quốc lộ 48E, Tỉnh Nghệ An, 43212",185,4.2,supermarket,18.785054999999996,105.66889060000001
"Kẹo cao su, Bánh bao mini, Muỗng nhựa, Chai nước, Mì gói, Gối cổ du lịch, Trà đóng chai, Khoai tây chiên, Bàn chải đánh răng, Pin sạc, Lăn khử mùi, Khoai tây chiên, Bánh snack, Bao rác, Lăn khử mùi, Pin AA, Sổ tay nhỏ, Bật lửa, Găng tay nilon",Provision store,Nghe An Province,"Quốc lộ 1, Tỉnh Nghệ An",20,4,convenience,18.9851538,105.5993523
"Pin sạc, Ô dù gấp, Bánh snack, Pin AA, Khăn ướt, Nước ngọt, Khăn ướt, Nước suối, Nước suối, Bánh mì sandwich, Xà phòng tắm, Nước ngọt, Lăn khử mùi, Bóng đèn LED mini, Dao cạo râu, Pin AA, Kem đánh răng",Provision store,Nghe An Province,"Quốc lộ 1, Tỉnh Nghệ An",20,4.2,convenience,18.836997200000003,105.6513473
"Mì gói, Khoai tây chiên, Trà đóng chai, Khẩu trang y tế, Sữa chua uống, Bút bi, Xà phòng tắm, Nước suối, Nước suối, Bánh snack, Cốc nhựa, Mì ly, Cốc nhựa, Kẹo, Túi nylon, Túi nylon, Sữa chua uống, Dao cạo râu",Xanh mart,Nghe An Province,"Nguyễn Sỹ Sách, Phường Vinh Phú, Tỉnh Nghệ An",10,3.6,convenience,18.6866825,105.677347
"Ngũ cốc, Khăn ướt, Mì gói, Sữa tươi, Giấy vệ sinh, Kem đánh răng, Bánh kẹo, Cà phê, Trà, Nước lau sàn, Bánh ăn dặm",thìn hải,Nghe An Province,"Đường Liên Xã, Tỉnh Nghệ An",15,3.9,department_store,19.2223358,105.6422562
"Đĩa sứ, Dầu ăn, Nước tương, Thớt, Sốt cà chua, Thịt heo, Đường, Trứng gà, Muối, Thớt, Nước rửa chén, Nước hoa mini, Muối, Khăn giấy, Khay nhựa, Ly thủy tinh",Nhà máy Ngũ cốc LoliFood,Nghe An Province,"Đường tỉnh 538, Đồng Lầy, Tỉnh Nghệ An, 43632",45,4.3,supermarket,19.1155723,105.515246
"Sữa chua, Sữa tươi, Sữa bột, Bột nêm, Nước mắm, Sữa tắm, Giấy vệ sinh, Thực phẩm đóng hộp, Bột giặt, Khăn giấy, Nước ngọt, Trà, Khăn giấy, Bình sữa, Ngũ cốc, Khăn giấy, Bánh kẹo",Lotte Department Store,Nghe An Province,"V.I Lênin, Phường Vinh Phú, Tỉnh Nghệ An",10,3.6,department_store,18.693941399999996,105.6891511
"Khẩu trang y tế, Bột mì, Trứng gà, Nước xả vải, Bơ thực vật, Cá hộp, Khăn giấy, Giấy vệ sinh, Sữa tươi, Trứng gà, Bàn chải, Đường, Snack, Khay nhựa",Mini Mart,Nghe An Province,"Bùi Hiển, Phường Vinh Hưng, Tỉnh Nghệ An",150,4.2,supermarket,18.726326699999998,105.6676505
"Nước mắm, Cà phê hòa tan, Nước xả vải, Thịt heo, Nước xả vải, Nước tương, Thớt, Giấy vệ sinh, Nước trái cây, Trà túi lọc, Sốt cà chua, Sữa tươi, Nước hoa mini, Nước tương, Cà phê hòa tan, Khẩu trang y tế, Nước mắm, Nước hoa mini, Đường, Son dưỡng môi",Mini Mart,Nghe An Province,"Bùi Hiển, Phường Vinh Hưng, Tỉnh Nghệ An",125,3.6,supermarket,18.726326799991863,105.66765210002042
"Muối, Nước lau sàn, Nước trái cây, Son dưỡng môi, Chảo chống dính, Ngũ cốc ăn sáng, Bột mì, Nước hoa mini, Bột giặt, Nước rửa chén, Khăn giấy, Gạo, Thớt, Ly thủy tinh, Son dưỡng môi",WinMart,Ha Noi,"191, Phố Bà Triệu, Phường Hai Bà Trưng, Thành phố Hà Nội, 10058",195,3.6,supermarket,21.011575899999997,105.8495236
"Mì gói, Dao cạo râu, Trà đóng chai, Cà phê lon, Mì ly, Dầu gội, Túi nylon, Kẹo, Kem đánh răng, Kẹo, Muỗng nhựa",Circle K,Ha Noi,"Phố Đinh Tiên Hoàng, Phường Hoàn Kiếm, Thành phố Hà Nội, 11011",15,4.4,convenience,21.031982299999996,105.8525735
"Rau củ quả, Sữa tươi, Khăn giấy, Chảo chống dính, Thớt, Snack, Giấy vệ sinh, Bơ thực vật, Sữa tắm, Bơ thực vật, Nước tương, Ly thủy tinh, Đường, Trà túi lọc",Japan Supermarket,Ha Noi,"131, Phố Hàng Bông, Phường Hoàn Kiếm, Thành phố Hà Nội, 11017",125,4,supermarket,21.029427299999995,105.8458111
"Chảo chống dính, Sốt cà chua, Cá hộp, Dầu gội, Bột mì, Kem dưỡng da, Sữa tươi, Ly thủy tinh, Nước xả vải, Giấy bọc thực phẩm, Khăn giấy, Sữa tắm, Giấy bọc thực phẩm, Kem dưỡng da, Khăn giấy, Nước tương, Sốt cà chua, Ly thủy tinh, Muỗng nĩa, Trứng gà",Siêu Thị Hapro,Ha Noi,"35, Phố Hàng Bông, Phường Hoàn Kiếm, Thành phố Hà Nội, 11015",125,4.5,supermarket,21.030706699999996,105.8482851
"Bánh snack, Túi nylon, Gối cổ du lịch, Bóng đèn LED mini, Kẹo, Pin sạc, Khoai tây chiên, Cà phê lon, Sữa chua uống, Gối cổ du lịch, Bánh quy, Bao rác, Lăn khử mùi, Khăn ướt",Shop & Go,Ha Noi,"33, Phố Phủ Doãn, Phường Hoàn Kiếm, Thành phố Hà Nội, 11017",10,4.1,convenience,21.0293607,105.8478856
"Bao rác, Bao rác, Bật lửa, Trà đóng chai, Sữa hộp, Thịt hộp, Bánh bao mini, Bàn chải đánh răng, Bánh bao mini, Sữa chua uống, Bánh bao mini",Siêu Thị Hapro,Ha Noi,"65, Phố Cầu Gỗ, Phường Hoàn Kiếm, Thành phố Hà Nội, 11011",10,4.5,convenience,21.032168399999996,105.8523953
"Nước rửa chén, Nước mắm, Dầu gội, Cá hộp, Bơ thực vật, Nước mắm, Muối, Sốt cà chua, Bột mì, Trà túi lọc, Khay nhựa, Sữa chua, Giấy bọc thực phẩm, Chảo chống dính, Giấy vệ sinh",Siêu Thị Trần Anh,Ha Noi,"1283, Đường Giải Phóng, Phường Hoàng Mai, Thành phố Hà Nội, 12506",35,4.5,supermarket,20.970025299999996,105.84189730000001
"Giấy bọc thực phẩm, Dao bếp, Muối, Giấy bọc thực phẩm, Khăn giấy, Son dưỡng môi, Thịt heo, Nước tương, Rau củ quả, Khăn giấy, Cá hộp, Ngũ cốc ăn sáng, Dầu gội, Cà phê hòa tan, Kem cạo râu, Trứng gà, Dầu ăn, Mì gói, Son dưỡng môi, Khay nhựa",WinMart,Ha Noi,"27A, Phố Lý Thái Tổ, Phường Hoàn Kiếm, Thành phố Hà Nội, 11007",125,4.4,supermarket,21.029586000000002,105.8553923
"Dao bếp, Nước tương, Muối, Gạo, Ngũ cốc ăn sáng, Nước hoa mini, Nước mắm, Giấy bọc thực phẩm, Cà phê hòa tan, Bột giặt",SFarm©,Ha Noi,"24, Phố Hoàng Sâm, Phường Nghĩa Đô, Thành phố Hà Nội, 10072",110,3.8,supermarket,21.045184699999997,105.7992667
"Sốt cà chua, Bột mì, Giấy vệ sinh, Mì gói, Chảo chống dính, Dầu gội, Sốt cà chua, Ngũ cốc ăn sáng, Thịt heo, Ly thủy tinh, Nước xả vải, Nước trái cây, Bột mì, Trứng gà, Muỗng nĩa",Hệ Thống Siêu Thị Mái Ấm Online,Ha Noi,"Ngõ 2 Đường 6 Km, Vĩnh Ngọc, Thành phố Hà Nội, 12323",125,3.9,supermarket,21.118306499999992,105.8142732
"Sữa tươi, Trứng gà, Muỗng nĩa, Dầu ăn, Nước xả vải, Bàn chải, Gạo, Mì gói, Ngũ cốc ăn sáng, Giấy vệ sinh, Sữa tươi, Bột giặt, Cá hộp, Cà phê hòa tan, Đĩa sứ, Bột giặt",Xưởng tranh kính nghệ thuật,Ha Noi,"Tổ dân phố 7, Ngõ 183 Phố Trung Sơn Trầm, Trung Sơn Trầm, Phường Tùng Thiện, Thành phố Hà Nội",90,3.9,supermarket,21.1108861,105.4856939
"Muỗng nĩa, Muối, Ly thủy tinh, Bột giặt, Nước mắm, Nước tương, Chảo chống dính, Nước tương, Gạo, Snack, Túi đựng rác, Nước xả vải, Sữa tươi",Cửa Hàng Tiện Ích Bảo Long,Ha Noi,"kiot 3 Nơ 5, Phố Đạm Phương, Phường Hoàng Liệt, Thành phố Hà Nội, 11718",135,4.4,supermarket,20.9648945,105.8320905
"Nước xả vải, Nước xả vải, Bàn chải, Kem dưỡng da, Dao bếp, Khay nhựa, Giấy vệ sinh, Ly thủy tinh, Nước tương, Chảo chống dính, Giấy bọc thực phẩm, Bàn chải, Muỗng nĩa, Đường, Khăn giấy, Nước tương, Bàn chải, Túi đựng rác",Pet Mart Kim Mã,Ha Noi,"206, Phố Kim Mã, Phường Ngọc Hà, Thành phố Hà Nội, 10060",100,3.7,supermarket,21.031849099999995,105.8246645
"Dao bếp, Nước xả vải, Khăn giấy, Sữa tươi, Sốt cà chua, Bàn chải, Bột mì, Nước xả vải, Nước mắm, Túi đựng rác, Sốt cà chua, Trứng gà",Pet Mart Đại Cồ Việt,Ha Noi,"3, Đường Đại Cồ Việt, Phường Bạch Mai, Thành phố Hà Nội, 10058",180,3.5,supermarket,21.008442700000003,105.8511563
"Mì gói, Túi đựng rác, Sốt cà chua, Mì gói, Snack, Nước tương, Nước trái cây, Ly thủy tinh, Muối, Nước trái cây, Giấy bọc thực phẩm, Ngũ cốc ăn sáng, Sữa tươi, Thịt heo, Khăn giấy, Giấy vệ sinh",Pizza Hut,Ha Noi,"609, Trương Định (Đường Bờ Sông Sét), Phường Hoàng Mai, Thành phố Hà Nội, 11617",65,4.4,supermarket,20.980513399999992,105.84476210000001
"Giấy vệ sinh, Dầu gội, Sữa tắm, Khăn giấy, Sữa chua, Ngũ cốc ăn sáng, Bàn chải, Giấy vệ sinh, Bơ thực vật, Túi đựng rác, Chảo chống dính, Nước xả vải, Kem cạo râu, Nước lau sàn, Khăn giấy, Nước mắm",Street Market,Ha Noi,"Phố Nguyễn Như Đổ, Phường Văn Miếu - Quốc Tử Giám, Thành phố Hà Nội, 11018",140,3.6,supermarket,21.026708,105.8387225
"Đồ chơi trẻ em, Kem nền, Son môi, Áo khoác da, Son môi, Váy dạ hội, Bông tai, Bông tai, Nước hoa, Váy dạ hội, Vòng tay, Giày cao gót, Quần short, Quần jean, Ví da, Áo thun",Vincom Mega Mall Royal City,Ha Noi,"Ngõ 72 Đường Nguyễn Trãi, Phường Thanh Xuân, Thành phố Hà Nội, 10167",100,4.2,mall,21.002283300000002,105.8160462
"Trà túi lọc, Ngũ cốc ăn sáng, Nước mắm, Cà phê hòa tan, Nước hoa mini, Nước tương, Kem dưỡng da, Nước hoa mini, Cá hộp, Khẩu trang y tế",VNJ,Ha Noi,"21b-250, Ngách 214/33, Phường Thanh Liệt, Thành phố Hà Nội, 10135",145,3.8,supermarket,20.986387899999997,105.8052876
"Trứng gà, Đĩa sứ, Ngũ cốc ăn sáng, Bàn chải, Thịt heo, Bơ thực vật, Đĩa sứ, Dầu ăn, Đĩa sứ, Thịt heo, Khăn giấy, Cá hộp, Sốt cà chua",Xuan Mai Market,Ha Noi,"Đường Quốc Lộ 6 Cũ, Xã Xuân Mai, Thành phố Hà Nội",115,4,supermarket,20.9010961,105.57951560000001
"Nước xả vải, Cà phê hòa tan, Đĩa sứ, Bông tẩy trang, Muỗng nĩa, Túi đựng rác, Rau củ quả, Túi đựng rác, Dầu ăn, Bột ngọt, Cà phê hòa tan, Khay nhựa, Muỗng nĩa",Siêu Thị Lan Chi,Ha Noi,"Cầu Xuân Mai, Xã Xuân Mai, Thành phố Hà Nội",75,3.7,supermarket,20.893107099999998,105.5812071
"Cá hộp, Thớt, Thịt heo, Bông tẩy trang, Sữa chua, Sữa tắm, Đường, Khăn giấy, Sữa chua, Sốt cà chua, Khăn giấy, Nước mắm, Thớt, Bàn chải, Khay nhựa, Sữa chua, Chảo chống dính, Cá hộp, Chảo chống dính, Giấy bọc thực phẩm",Chợ Phúc Đồng,Ha Noi,"Ngõ 99 Phố Chu Huy Mân, Phường Phúc Lợi, Thành phố Hà Nội, 08443",150,4.3,supermarket,21.039775700000003,105.9027786
"Pin sạc, Xà phòng tắm, Xà phòng tắm, Khoai tây chiên, Mì gói, Pin sạc, Trà đóng chai, Ô dù gấp, Dao cạo râu, Bao rác, Mì ly, Bánh mì sandwich, Nước ngọt, Pin sạc, Dao cạo râu, Bánh mì sandwich, Khoai tây chiên",Circle K,Ha Noi,"Phố Hàng Buồm, Phường Hoàn Kiếm, Thành phố Hà Nội, 11010",15,4.3,convenience,21.0356608,105.8509028
"Bánh quy, Nước ngọt, Khẩu trang y tế, Khăn ướt, Cốc nhựa, Kẹo, Găng tay nilon, Khăn ướt, Bao rác, Bút bi, Túi nylon, Gối cổ du lịch, Bóng đèn LED mini, Bánh snack, Pin sạc, Ô dù gấp",Circle K,Ha Noi,"Phố Hàng Bè, Phường Hoàn Kiếm, Thành phố Hà Nội, 11011",15,4.1,convenience,21.032581300000004,105.8539001
"Tranh sơn dầu, Tranh nghệ thuật 3D, Tranh thêu tay, Tượng đá cẩm thạch, Tranh trừu tượng, Tranh phong cảnh, Tranh thư pháp, Tượng nhân vật cổ điển, Tranh thư pháp, Tranh ký họa, Tranh sơn dầu, Tranh canvas, Tranh chân dung, Tranh thêu tay, Tranh thư pháp, Tranh nghệ thuật 3D, Tranh",Công Ty CP Én Vàng,Ha Noi,"Phố Huỳnh Văn Nghệ, Phường Phúc Lợi, Thành phố Hà Nội, 08443",80,4.8,car_parts,21.038686099999996,105.910289
"Bánh mì sandwich, Bàn chải đánh răng, Khăn ướt, Bao rác, Găng tay nilon, Nước tăng lực, Găng tay nilon, Khẩu trang y tế, Khăn giấy, Cốc nhựa, Kẹo cao su",Circle K,Ha Noi,"Phố Đào Duy Từ, Phường Hoàn Kiếm, Thành phố Hà Nội, 11010",15,4.2,convenience,21.035940800000002,105.8527988
"Cốc nhựa, Bánh mì sandwich, Gối cổ du lịch, Nước ngọt, Mì ly, Dao cạo râu, Kẹo cao su, Bánh snack, Bao rác, Mì gói, Mì ly, Bật lửa, Bánh bao mini, Sữa hộp, Sữa hộp, Bút bi, Khăn ướt",WinMart+,Ha Noi,"49, Đường Lê Duẩn, Phường Văn Miếu - Quốc Tử Giám, Thành phố Hà Nội, 11018",10,3.5,convenience,21.0238652,105.841142
"Kem dưỡng da, Nước mắm, Nước trái cây, Sữa tươi, Giấy bọc thực phẩm, Nước trái cây, Túi đựng rác, Giấy bọc thực phẩm, Khay nhựa, Nước lau sàn, Dao bếp, Nước xả vải, Sốt cà chua, Dầu gội, Cá hộp, Trứng gà",Big C,Ha Noi,"Phố Đỗ Đình Thiện, Phường Từ Liêm, Thành phố Hà Nội, 10074",200,4.2,supermarket,21.015536099999995,105.77819960000001
"Dầu gội, Khăn giấy, Trứng gà, Đĩa sứ, Rau củ quả, Cà phê hòa tan, Sữa tắm, Đĩa sứ, Snack, Dầu ăn, Rau củ quả",Siêu thị V+,Ha Noi,"Phố Minh Khai, Phường Vĩnh Tuy, Thành phố Hà Nội, 11622",70,4.5,supermarket,20.9994822,105.870358
"Dầu ăn, Nước lau sàn, Bình sữa, Nước mắm, Nước xả vải, Thực phẩm đóng hộp, Bình sữa, Bột giặt, Kem đánh răng, Trà, Bột giặt, Muối, Sữa bột, Thực phẩm đóng hộp, Nước lau sàn, Tã em bé, Bình sữa, Nước lau sàn, Dầu ăn",Công Ty TNHH Hoá Chất Xây Dựng Việt Nam,Ha Noi,"Đường Đông Mỹ, Xã Nam Phù, Thành phố Hà Nội, 12506",15,4.5,department_store,20.919501800000003,105.873954
"Gối cổ du lịch, Pin sạc, Dầu gội, Dao cạo râu, Pin sạc, Bánh bao mini, Bánh bao mini, Khăn ướt, Khẩu trang y tế, Khăn ướt, Sữa chua uống, Thịt hộp",Oriberry Coffee,Ha Noi,"36, Phố Ấu Triệu, Phường Hoàn Kiếm, Thành phố Hà Nội, 11006",20,4.3,convenience,21.028847100000004,105.8486547
"Sữa chua, Dầu ăn, Trà, Sữa bột trẻ em, Bánh ăn dặm, Trà, Dầu ăn, Nước xả vải, Khăn ướt, Bột nêm, Gạo, Nước rửa chén, Ngũ cốc, Cà phê, Bột nêm, Tã em bé, Bột nêm, Thực phẩm đóng hộp",văn phòng phẩm khắc dấu Minh Khuê,Ha Noi,"3/251, Đường Nguyễn Khang, Phường Yên Hòa, Thành phố Hà Nội, 10298",15,3.8,department_store,21.022418999999996,105.79844630000001
"Gạo, Khẩu trang y tế, Trứng gà, Sữa chua, Khay nhựa, Ngũ cốc ăn sáng, Sữa chua, Nước trái cây, Cà phê hòa tan, Sữa tươi, Trà túi lọc, Son dưỡng môi, Nước lau sàn, Đường, Túi đựng rác",Nội Thất Đồ Gỗ Được Phát,Ha Noi,"Đường cao tốc Hà Nội - Thái Nguyên, Liên Hà, Thành phố Hà Nội, 10000",175,3.7,supermarket,21.140050499999997,105.90757730000001
"Ly thủy tinh, Son dưỡng môi, Giấy bọc thực phẩm, Sữa tắm, Nước rửa chén, Thịt heo, Cá hộp, Nước xả vải, Giấy vệ sinh, Cá hộp",Siêu Thị Đầm Trấu,Ha Noi,"Dãy A3 Đầm Trấu, Phường Hồng Hà, Thành phố Hà Nội, 10078",120,4.1,supermarket,21.012295900000005,105.8647486
"Nước suối, Bình sữa, Cà phê, Khăn ướt, Cà phê, Sữa chua, Gạo, Nước rửa chén, Muối, Sữa bột trẻ em, Khăn giấy, Nước lau sàn, Bánh ăn dặm, Nước ngọt, Cà phê, Gạo, Giấy vệ sinh, Sữa tắm, Sữa bột trẻ em",Đại Lý Nga Kiên,Ha Noi,"85, Đường Thạch Bàn, Phường Long Biên, Thành phố Hà Nội, 08443",10,3.9,department_store,21.0261624,105.9099554
"Nước ngọt, Tã em bé, Nước xả vải, Sữa tắm, Sữa bột, Nước suối, Gạo, Mì gói, Nước ngọt, Trà, Dầu gội, Bột giặt, Ngũ cốc, Bột giặt, Nước mắm, Khăn ướt, Bánh ăn dặm, Nước rửa chén, Bánh ăn dặm",Đại Lý Hoàng Huy,Ha Noi,"307, Đường Thạch Bàn, Phường Long Biên, Thành phố Hà Nội, 08443",10,3.7,department_store,21.021738999999997,105.9033831
"Nước lau sàn, Dầu gội, Nước rửa chén, Bột nêm, Sữa tươi, Bình sữa, Dầu gội, Ngũ cốc, Thực phẩm đóng hộp, Sữa bột trẻ em, Dầu gội, Bánh kẹo, Nước ngọt, Nước ngọt, Sữa bột, Ngũ cốc, Bánh ăn dặm, Dầu gội",Đại Lý Hoàng Dung,Ha Noi,"115, Đường Thạch Bàn, Phường Long Biên, Thành phố Hà Nội, 08443",10,3.9,department_store,21.0257194,105.9091983
"Nước xả vải, Mì gói, Giấy vệ sinh, Bột nêm, Kem đánh răng, Bột giặt, Nước ngọt, Gạo, Mì gói, Kem đánh răng",Đại Lý Nam Anh,Ha Noi,"52 ngõ 85, Phố Hoàng Thế Thiện, Phường Phúc Lợi, Thành phố Hà Nội, 08443",10,4.4,department_store,21.0360282,105.9097446
"Khăn giấy, Sữa tắm, Sữa chua, Trà, Muối, Cà phê, Sữa tắm, Nước mắm, Tã em bé, Nước mắm, Dầu gội, Nước xả vải, Tã em bé, Cà phê",Tiến hương,Ha Noi,"39 ngách 95/34, Ngách 95/34 Phố Vũ Xuân Thiều, Phường Phúc Lợi, Thành phố Hà Nội, 08443",15,4.5,department_store,21.033992100000003,105.91685770000001
"Kem đánh răng, Sữa tắm, Tã em bé, Nước mắm, Gạo, Nước lau sàn, Ngũ cốc, Ngũ cốc, Bình sữa, Tã em bé, Muối, Nước rửa chén",Đại Lý Khang Anh,Ha Noi,"71, Ngõ 89 Phố Đàm Quang Trung, Phường Long Biên, Thành phố Hà Nội, 08443",10,3.7,department_store,21.0251451,105.8949096
"Khẩu trang y tế, Muỗng nhựa, Cốc nhựa, Bánh mì sandwich, Khẩu trang y tế, Găng tay nilon, Trà đóng chai, Bánh snack, Bóng đèn LED mini, Cốc nhựa, Bật lửa, Gối cổ du lịch, Trà đóng chai, Cà phê lon, Chai nước",Đại Lý Dũng Liên,Ha Noi,"99 lâm dụ, Đường Lâm Du, Phường Bồ Đề, Thành phố Hà Nội, 11023",15,3.8,convenience,21.036933099999995,105.8707718
"Ngũ cốc, Sữa bột, Giấy vệ sinh, Nước mắm, Sữa tắm, Cà phê, Sữa bột, Bột nêm, Bột nêm, Nước rửa chén, Nước xả vải, Sữa bột, Khăn giấy, Sữa chua, Nước xả vải",Đại Lý Phú Hiền,Ha Noi,"116 ngõ 1, Đường Long Biên – Xuân Quan, Phường Bồ Đề, Thành phố Hà Nội, 11008",20,3.7,department_store,21.038112599999998,105.868331
"Nước mắm, Bánh kẹo, Nước mắm, Ngũ cốc, Sữa bột, Sữa bột, Sữa tắm, Nước rửa chén, Sữa tươi, Bánh kẹo, Tã em bé, Muối, Kem đánh răng, Thực phẩm đóng hộp, Sữa bột trẻ em, Tã em bé, Trà, Khăn giấy, Nước xả vải, Sữa bột",Đại Lý Liên,Ha Noi,"120 ngõ 1, Đường Long Biên – Xuân Quan, Phường Bồ Đề, Thành phố Hà Nội, 11008",10,4.4,department_store,21.0380277,105.8684803
"Đường, Khăn giấy, Bột nêm, Ngũ cốc, Nước ngọt, Khăn ướt, Nước mắm, Nước xả vải, Bánh ăn dặm, Sữa chua, Cà phê, Sữa bột trẻ em, Cà phê, Sữa chua, Khăn ướt, Khăn giấy, Muối, Nước lau sàn",Đại Lý Sơn Nhàn,Ha Noi,"Đường Lâm Du, Phường Bồ Đề, Thành phố Hà Nội, 11023",15,4.4,department_store,21.035033499999997,105.8737226
"Nước xả vải, Nước suối, Giấy vệ sinh, Bột giặt, Đường, Bánh ăn dặm, Mì gói, Khăn giấy, Khăn giấy, Bột giặt, Sữa tươi, Nước suối, Tã em bé, Mì gói, Thực phẩm đóng hộp, Muối",Phúc hưng,Ha Noi,"Ngõ 60 Phố Ái Mộ, Phường Bồ Đề, Thành phố Hà Nội, 11008",15,4.4,department_store,21.041108099999995,105.8746176
"Khăn giấy, Khăn giấy, Cà phê, Sữa bột, Dầu gội, Trà, Sữa bột trẻ em, Thực phẩm đóng hộp, Nước suối, Nước lau sàn, Trà, Nước suối",Thái tuyết,Ha Noi,"Phố Ái Mộ, Phường Bồ Đề, Thành phố Hà Nội, 11008",10,3.8,department_store,21.041023499999998,105.8745949
"Bột nêm, Bánh kẹo, Cà phê, Kem đánh răng, Trà, Khăn giấy, Tã em bé, Sữa tươi, Nước rửa chén, Nước rửa chén, Sữa tắm",Thúy huống ( cô thúy),Ha Noi,"Phố Tư Đình, Phường Long Biên, Thành phố Hà Nội, 11023",10,3.6,department_store,21.028997099999998,105.88459480000002
"Khăn giấy, Nước rửa chén, Sữa chua, Khăn ướt, Nước suối, Bột nêm, Bình sữa, Sữa chua, Giấy vệ sinh, Bột nêm",Kun's Mart,Ha Noi,"60, Phố Hàng Cót, Phường Hoàn Kiếm, Thành phố Hà Nội, 11000",15,4.5,department_store,21.036962000000003,105.8470348
"Pin AA, Sữa chua uống, Nước tăng lực, Nước tăng lực, Sổ tay nhỏ, Sữa chua uống, Găng tay nilon, Pin AA, Sữa chua uống, Sổ tay nhỏ, Gối cổ du lịch, Bàn chải đánh răng, Pin AA, Bánh bao mini",HT-Mart,Ha Noi,"48, Phố Lương Ngọc Quyến, Phường Hoàn Kiếm, Thành phố Hà Nội, 11010",10,3.6,convenience,21.0348472,105.8516567
"Bình sữa, Nước rửa chén, Kem đánh răng, Bột giặt, Tã em bé, Đường, Tã em bé, Nước ngọt, Mì gói, Bình sữa, Đường, Muối, Bánh kẹo, Nước mắm, Dầu gội",Siêu Thị Easy Mart,Ha Noi,"137, Phố Hàng Bạc, Phường Hoàn Kiếm, Thành phố Hà Nội, 11010",10,4.3,department_store,21.033952300000003,105.8512213
"Trà, Ngũ cốc, Tã em bé, Khăn ướt, Dầu ăn, Nước rửa chén, Khăn giấy, Kem đánh răng, Bánh ăn dặm, Nước rửa chén, Bình sữa, Nước mắm, Sữa chua, Mì gói",Cửa Hàng Ben,Ha Noi,"62, Phố Hàng Cót, Phường Hoàn Kiếm, Thành phố Hà Nội, 11000",20,4,department_store,21.036891199999996,105.8470351
"Cốc nhựa, Kẹo, Khẩu trang y tế, Xà phòng tắm, Mì ly, Bánh snack, Khăn giấy, Xà phòng tắm, Pin sạc, Pin AA, Bánh quy, Ô dù gấp, Thịt hộp, Nước suối, Muỗng nhựa, Gối cổ du lịch, Muỗng nhựa, Bánh snack, Bàn chải đánh răng, Bánh snack",Circle K,Ha Noi,"Phố Nguyễn Trường Tộ, Phường Ba Đình, Thành phố Hà Nội, 11009",20,4.3,convenience,21.0420295,105.8471361
"Gạo, Nước ngọt, Muối, Mì gói, Sữa bột, Cà phê, Tã em bé, Sữa bột, Bột nêm, Mì gói, Bột giặt, Giấy vệ sinh",phương anh,Ha Noi,"62, Phố Nguyễn Hữu Huân, Phường Hoàn Kiếm, Thành phố Hà Nội, 11011",10,4.2,department_store,21.0331387,105.8543325
"Gạo, Gạo, Nước mắm, Sữa bột trẻ em, Dầu gội, Gạo, Khăn ướt, Muối, Tã em bé, Sữa tươi, Đường",Bách Hoá Chú Cường,Ha Noi,"63, Phố Lò Sũ, Phường Hoàn Kiếm, Thành phố Hà Nội, 10147",20,4.3,department_store,21.031454399999998,105.8545617
"Sữa chua uống, Pin AA, Dầu gội, Sổ tay nhỏ, Cà phê lon, Khăn giấy, Khẩu trang y tế, Bánh quy, Pin AA, Bật lửa, Bánh snack, Bánh bao mini, Thịt hộp, Khoai tây chiên, Khăn ướt, Gối cổ du lịch, Xà phòng tắm",yến vân,Ha Noi,"101, Phố Vũ Tông Phan, Phường Khương Đình, Thành phố Hà Nội, 11718",15,4.1,convenience,20.986952500000005,105.8138152
"Sữa chua uống, Cà phê lon, Pin sạc, Kem đánh răng, Thịt hộp, Kem đánh răng, Cà phê lon, Cốc nhựa, Sổ tay nhỏ, Nước ngọt, Nước suối, Nước tăng lực, Gối cổ du lịch, Mì ly, Bật lửa, Lăn khử mùi, Gối cổ du lịch",vpp cô thuỷ,Ha Noi,"14, Phố Khương Hạ, Phường Khương Đình, Thành phố Hà Nội, 11718",15,4,convenience,20.9923319,105.8161313
"Túi nylon, Dây sạc điện thoại, Bánh mì sandwich, Nước suối, Lăn khử mùi, Khoai tây chiên, Bánh quy, Xà phòng tắm, Gối cổ du lịch, Pin AA, Cốc nhựa, Chai nước, Bàn chải đánh răng",Cửa Hàng Bibi Mart,Ha Noi,"76, Phố Khương Trung, Phường Khương Đình, Thành phố Hà Nội, 11718",20,4.4,convenience,20.998342699999995,105.8186263
"Bật lửa, Ô dù gấp, Kem đánh răng, Bánh bao mini, Dây sạc điện thoại, Pin sạc, Bút bi, Kem đánh răng, Bao rác, Muỗng nhựa, Chai nước, Sữa chua uống",yến anh,Ha Noi,"110, Phố Khương Trung, Phường Khương Đình, Thành phố Hà Nội, 11718",15,3.8,convenience,20.997628,105.8181726
"Nước tăng lực, Bao rác, Bóng đèn LED mini, Mì gói, Pin sạc, Sữa hộp, Mì gói, Khăn giấy, Sữa chua uống, Bánh bao mini, Dầu gội, Chai nước, Sữa hộp, Cà phê lon, Sữa chua uống, Cốc nhựa",thanh hảo,Ha Noi,"122, Phố Khương Trung, Phường Khương Đình, Thành phố Hà Nội, 11718",15,3.6,convenience,20.997357399999995,105.8181824
"Đường, Đường, Sữa bột trẻ em, Nước rửa chén, Sữa tươi, Nước xả vải, Sữa bột, Nước ngọt, Bột nêm, Gạo, Sữa tắm, Ngũ cốc, Ngũ cốc, Thực phẩm đóng hộp, Nước xả vải, Sữa bột, Sữa bột, Gạo, Trà",số 8 nguyễn khắc cần,Ha Noi,"8, Phố Nguyễn Khắc Cần, Phường Cửa Nam, Thành phố Hà Nội, 10210",20,4.5,department_store,21.0229422,105.855337
"Gạo, Sữa chua, Sữa bột trẻ em, Muối, Cà phê, Dầu ăn, Dầu gội, Sữa bột, Nước mắm, Gạo, Giấy vệ sinh, Nước suối, Nước rửa chén, Sữa bột trẻ em, Mì gói",thu trà,Ha Noi,"17, Phố Hai Bà Trưng, Phường Cửa Nam, Thành phố Hà Nội, 11022",20,3.8,department_store,21.023722999999997,105.8543292
"Gạo, Bánh ăn dặm, Bình sữa, Mì gói, Thực phẩm đóng hộp, Nước xả vải, Muối, Ngũ cốc, Đường, Cà phê, Nước suối, Gạo, Trà, Sữa chua, Nước xả vải, Khăn giấy, Bánh ăn dặm, Bột giặt",thanh hương,Ha Noi,"107, Phố Phủ Doãn, Phường Hoàn Kiếm, Thành phố Hà Nội, 10041",20,3.7,department_store,21.0277923,105.8477651
"Sổ tay nhỏ, Gối cổ du lịch, Bóng đèn LED mini, Bật lửa, Khẩu trang y tế, Khẩu trang y tế, Bật lửa, Bật lửa, Bánh mì sandwich, Túi nylon, Dây sạc điện thoại",thành lộc,Ha Noi,"38, Ngõ 164 Phố Vương Thừa Vũ, Phường Khương Đình, Thành phố Hà Nội, 11415",10,3.6,convenience,20.996237000000004,105.8209543
"Thịt hộp, Muỗng nhựa, Bánh bao mini, Dây sạc điện thoại, Bút bi, Kẹo, Khăn giấy, Mì gói, Mì ly, Bánh snack, Khăn ướt, Ô dù gấp, Pin sạc, Bao rác, Bàn chải đánh răng, Trà đóng chai, Mì ly",thanh tâm,Ha Noi,"57, Phố Hoàng Văn Thái, Phường Phương Liệt, Thành phố Hà Nội, 11415",10,3.6,convenience,20.9966877,105.8280734
"Ô dù gấp, Túi nylon, Bật lửa, Dầu gội, Túi nylon, Khẩu trang y tế, Sổ tay nhỏ, Xà phòng tắm, Nước ngọt, Khăn ướt, Găng tay nilon, Bóng đèn LED mini, Sổ tay nhỏ, Lăn khử mùi, Bóng đèn LED mini, Sữa hộp",Đại Lý Tuyết Minh,Ha Noi,"77, Ngõ 164 Phố Vương Thừa Vũ, Phường Khương Đình, Thành phố Hà Nội, 11415",20,3.8,convenience,20.996101999999997,105.8196238
"Bánh ăn dặm, Muối, Giấy vệ sinh, Thực phẩm đóng hộp, Khăn giấy, Sữa bột trẻ em, Muối, Khăn ướt, Đường, Cà phê, Nước suối, Khăn ướt, Nước mắm",nhật linh,Ha Noi,"14, Phố Hàng Điếu, Phường Hoàn Kiếm, Thành phố Hà Nội, 11016",20,4,department_store,21.033619700000003,105.8470967
"Nước suối, Bút bi, Ô dù gấp, Gối cổ du lịch, Dao cạo râu, Bánh mì sandwich, Bánh mì sandwich, Xà phòng tắm, Nước suối, Găng tay nilon, Kẹo, Bánh quy, Bàn chải đánh răng, Bao rác, Bật lửa, Dao cạo râu, Pin AA, Kẹo",Bách Hoá An,Ha Noi,"40, Ngõ 69A Phố Hoàng Văn Thái, Phường Phương Liệt, Thành phố Hà Nội, 11415",20,3.8,convenience,20.995441,105.8287591
"Găng tay nilon, Bút bi, Khoai tây chiên, Nước tăng lực, Xà phòng tắm, Xà phòng tắm, Pin AA, Bánh mì sandwich, Kẹo, Thịt hộp, Bật lửa, Ô dù gấp",wold mart 31/69a,Ha Noi,"Phố Hoàng Văn Thái, Phường Phương Liệt, Thành phố Hà Nội, 11415",10,4.1,convenience,20.995910899999995,105.8282148
"Khăn ướt, Sữa chua uống, Pin sạc, Găng tay nilon, Kẹo, Kem đánh răng, Kẹo cao su, Kẹo, Chai nước, Dao cạo râu",Đại Lý 169,Ha Noi,"169, Phố Hoàng Văn Thái, Phường Phương Liệt, Thành phố Hà Nội, 11415",10,4.2,convenience,20.997577299999993,105.82326
"Muối, Bánh ăn dặm, Nước ngọt, Giấy vệ sinh, Sữa bột, Bột nêm, Muối, Bột nêm, Cà phê, Khăn ướt, Nước lau sàn, Tã em bé, Khăn ướt, Ngũ cốc, Bột nêm",thai an,Ha Noi,"1, Phố Hàng Mã, Phường Hoàn Kiếm, Thành phố Hà Nội, 11000",10,3.9,department_store,21.03666339999999,105.84722990000002
"Gạo, Trà, Dầu ăn, Nước rửa chén, Tã em bé, Dầu ăn, Sữa chua, Sữa bột trẻ em, Kem đánh răng, Khăn giấy, Nước suối, Sữa tươi",sakura,Ha Noi,"23, Phố Hàng Gà, Phường Hoàn Kiếm, Thành phố Hà Nội, 11000",15,3.7,department_store,21.035862200000004,105.8469539
"Sữa chua uống, Bánh snack, Sổ tay nhỏ, Cà phê lon, Pin AA, Mì gói, Pin sạc, Cà phê lon, Bút bi, Bàn chải đánh răng, Túi nylon, Cà phê lon, Nước ngọt, Khăn ướt, Dao cạo râu, Nước ngọt, Bánh snack, Nước suối",zoo mart,Ha Noi,"102, Phố Tô Vĩnh Diện, Phường Khương Đình, Thành phố Hà Nội, 11415",20,3.8,convenience,20.9987259,105.8201203
"Bánh quy, Bật lửa, Bóng đèn LED mini, Lăn khử mùi, Dây sạc điện thoại, Bao rác, Bánh bao mini, Bao rác, Bánh bao mini, Bao rác, Xà phòng tắm, Khăn giấy, Dây sạc điện thoại, Cà phê lon",vinamart,Ha Noi,"208, Ngõ 210 Phố Hoàng Văn Thái, Phường Phương Liệt, Thành phố Hà Nội, 11415",15,4.1,convenience,20.997867900000003,105.8227031
"Giấy vệ sinh, Mì gói, Sữa tươi, Dầu ăn, Bánh kẹo, Bột giặt, Bánh kẹo, Sữa bột, Dầu ăn, Nước xả vải, Cà phê, Bánh ăn dặm, Khăn ướt, Bột nêm",sữa gia đình,Ha Noi,"103c7b, Phố Quỳnh Mai, Phường Bạch Mai, Thành phố Hà Nội, 11617",15,3.5,department_store,21.001076100000002,105.8599067
"Sữa tắm, Nước lau sàn, Sữa bột, Bánh kẹo, Bột nêm, Nước ngọt, Bột nêm, Cà phê, Sữa tắm, Bánh ăn dặm",Subi,Ha Noi,"48/10, Ngõ 68 Phố 8 Tháng 3, Phường Bạch Mai, Thành phố Hà Nội, 11617",20,3.9,department_store,20.998939000000007,105.8601899
"Bột nêm, Muối, Khăn giấy, Sữa bột, Mì gói, Sữa bột, Ngũ cốc, Khăn ướt, Sữa tươi, Nước lau sàn, Muối, Bánh ăn dặm, Nước rửa chén",Tạp hoá @,Ha Noi,"110 K2 ngõ 48, Phố Tạ Quang Bửu, Phường Bạch Mai, Thành phố Hà Nội, 10999",15,3.9,department_store,21.000816600000004,105.8496459
"Chai nước, Sữa hộp, Chai nước, Nước tăng lực, Kẹo, Nước tăng lực, Bao rác, Nước tăng lực, Sữa hộp, Pin AA, Găng tay nilon, Mì ly, Muỗng nhựa, Muỗng nhựa, Nước ngọt, Mì gói, Bao rác",tạp hoá,Ha Noi,"83 ngõ tự do, Ngõ 231 Phố Trần Đại Nghĩa, Phường Bạch Mai, Thành phố Hà Nội, 10999",10,4.4,convenience,20.997991599999995,105.8465381
"Bánh bao mini, Xà phòng tắm, Dầu gội, Sữa chua uống, Kem đánh răng, Gối cổ du lịch, Bánh mì sandwich, Gối cổ du lịch, Dao cạo râu, Nước ngọt, Lăn khử mùi, Nước suối",Tạp hoá Anh Lộc,Ha Noi,"39/293, Đường Tam Trinh, Phường Tương Mai, Thành phố Hà Nội, 11617",10,3.6,convenience,20.986666299999996,105.8658782
"Kem đánh răng, Dầu ăn, Nước lau sàn, Gạo, Dầu ăn, Bình sữa, Sữa tắm, Kem đánh răng, Bình sữa, Nước mắm, Kem đánh răng, Bình sữa",Tạp hoá,Ha Noi,"107 C7, Phố Quỳnh Mai, Phường Bạch Mai, Thành phố Hà Nội, 11617",20,4.4,department_store,21.001105099999997,105.8603447
"Tã em bé, Thực phẩm đóng hộp, Cà phê, Bình sữa, Khăn giấy, Mì gói, Dầu gội, Cà phê, Dầu gội, Mì gói",Việt hương,Ha Noi,"104 C7A, Phố Quỳnh Mai, Phường Bạch Mai, Thành phố Hà Nội, 11617",20,3.8,department_store,21.0010245,105.85923410000001
"Ngũ cốc, Dầu gội, Giấy vệ sinh, Tã em bé, Gạo, Bình sữa, Giấy vệ sinh, Nước xả vải, Kem đánh răng, Bột nêm, Bình sữa, Kem đánh răng, Tã em bé, Nước xả vải, Khăn giấy, Nước ngọt, Cà phê, Muối, Bánh ăn dặm, Bánh ăn dặm",Thành Loan,Ha Noi,"27, Phố Nguyễn Hiền, Phường Bạch Mai, Thành phố Hà Nội, 10999",20,4,department_store,21.001151800000002,105.8457693
"Kem cạo râu, Bông tẩy trang, Nước rửa chén, Thịt heo, Nước trái cây, Nước mắm, Khay nhựa, Khay nhựa, Bột mì, Bơ thực vật, Giấy vệ sinh, Nước hoa mini, Nước tương, Khăn giấy, Nước trái cây, Ngũ cốc ăn sáng, Sữa tắm",Cửa Hàng Tự Chọn GT Mart,Ha Noi,"44/30, Hẻm 40/2/3 Phố Tạ Quang Bửu, Phường Bạch Mai, Thành phố Hà Nội, 10999",50,3.8,supermarket,21.004064299999996,105.8465822
"Dầu gội, Đường, Sữa chua, Bột giặt, Bình sữa, Dầu gội, Nước suối, Bánh ăn dặm, Sữa tươi, Thực phẩm đóng hộp, Bột nêm, Tã em bé, Bánh ăn dặm, Bột giặt, Giấy vệ sinh, Gạo, Ngũ cốc, Khăn giấy, Sữa tươi",Safe & save,Ha Noi,"107 C8, Phố Quỳnh Mai, Phường Bạch Mai, Thành phố Hà Nội, 11617",20,3.6,department_store,21.001064400000008,105.8606681
"Thịt hộp, Lăn khử mùi, Sữa chua uống, Mì gói, Bao rác, Lăn khử mùi, Dầu gội, Pin sạc, Bánh quy, Cà phê lon, Thịt hộp",Thanh xuân,Ha Noi,"103 C9, Ngõ 10 Phố 8 Tháng 3, Phường Bạch Mai, Thành phố Hà Nội, 11617",15,4.3,convenience,21.000839800000005,105.8604224
"Thịt hộp, Sổ tay nhỏ, Mì gói, Cà phê lon, Ô dù gấp, Nước ngọt, Nước ngọt, Bao rác, Sữa hộp, Mì gói, Sổ tay nhỏ, Muỗng nhựa, Lăn khử mùi, Lăn khử mùi, Bánh quy",Tuấn anh,Ha Noi,"37, Ngõ 40 Phố Tạ Quang Bửu, Phường Bạch Mai, Thành phố Hà Nội, 10999",15,4.1,convenience,21.003084399999995,105.8460772
"Bao rác, Khẩu trang y tế, Dây sạc điện thoại, Thịt hộp, Găng tay nilon, Bút bi, Bánh mì sandwich, Khoai tây chiên, Găng tay nilon, Cà phê lon, Ô dù gấp",Thanh dung,Ha Noi,"223, Phố Thanh Nhàn, Phường Bạch Mai, Thành phố Hà Nội, 11617",20,3.6,convenience,21.002772099999998,105.8548238
"Pin AA, Bánh bao mini, Bút bi, Bàn chải đánh răng, Dao cạo râu, Cốc nhựa, Bánh quy, Găng tay nilon, Bút bi, Sổ tay nhỏ, Mì gói, Lăn khử mùi, Kẹo cao su, Xà phòng tắm, Sữa chua uống",Thuỷ Linh,Ha Noi,"3/57, Ngõ 57 Phố Vĩnh Tuy, Phường Vĩnh Tuy, Thành phố Hà Nội, 11622",15,4,convenience,21.001405299999995,105.8719278
"Dao cạo râu, Dao cạo râu, Lăn khử mùi, Xà phòng tắm, Muỗng nhựa, Túi nylon, Xà phòng tắm, Mì gói, Dây sạc điện thoại, Khăn giấy, Sữa hộp, Bút bi, Túi nylon, Bóng đèn LED mini, Bóng đèn LED mini, Lăn khử mùi, Nước ngọt",tạp hoá,Ha Noi,"83, Ngách 624/12 Phố Minh Khai, Phường Vĩnh Tuy, Thành phố Hà Nội, 11622",10,3.9,convenience,20.9982386,105.8713549
"Pin AA, Ô dù gấp, Nước suối, Dây sạc điện thoại, Bánh mì sandwich, Sổ tay nhỏ, Nước suối, Bao rác, Chai nước, Ô dù gấp, Khăn giấy, Bóng đèn LED mini, Sữa chua uống",Trung Dũng,Ha Noi,"184, Ngõ 622 Phố Minh Khai, Phường Vĩnh Tuy, Thành phố Hà Nội, 11622",15,4,convenience,20.997670099999997,105.8708974
"Găng tay nilon, Bật lửa, Bánh bao mini, Sữa hộp, Sữa chua uống, Nước tăng lực, Chai nước, Bàn chải đánh răng, Cà phê lon, Găng tay nilon",tạp hoá,Ha Noi,"91, Ngõ 622 Phố Minh Khai, Phường Vĩnh Tuy, Thành phố Hà Nội, 11622",15,4.1,convenience,20.997481200000003,105.8712286
"Kem đánh răng, Bao rác, Nước tăng lực, Muỗng nhựa, Khăn giấy, Bánh snack, Pin AA, Khăn giấy, Sổ tay nhỏ, Bật lửa, Mì ly, Xà phòng tắm, Trà đóng chai, Bóng đèn LED mini, Mì gói, Dao cạo râu, Bánh snack, Nước suối, Lăn khử mùi",Tạp hoá,Ha Noi,"365, Phố Trần Đại Nghĩa, Phường Tương Mai, Thành phố Hà Nội, 11617",20,4.2,convenience,20.99407469999999,105.8446401
"Gối cổ du lịch, Gối cổ du lịch, Bóng đèn LED mini, Bánh bao mini, Bánh bao mini, Lăn khử mùi, Túi nylon, Sữa chua uống, Kẹo cao su, Nước ngọt, Dầu gội",Thanh tú,Ha Noi,"192, Ngõ 622 Phố Minh Khai, Phường Vĩnh Tuy, Thành phố Hà Nội, 11622",15,4,convenience,20.997032399999995,105.8709259
"Bánh bao mini, Bao rác, Nước tăng lực, Lăn khử mùi, Bánh bao mini, Bánh bao mini, Mì gói, Gối cổ du lịch, Nước suối, Pin sạc, Nước ngọt, Ô dù gấp, Dầu gội, Khăn giấy",Tạp hoá,Ha Noi,"552, Đường Trần Khát Chân, Phường Hai Bà Trưng, Thành phố Hà Nội, 10058",15,4.1,convenience,21.008792899999996,105.8522023
"Bao rác, Kẹo cao su, Túi nylon, Mì gói, Nước suối, Trà đóng chai, Chai nước, Pin AA, Dầu gội, Cà phê lon, Dầu gội",tạp hoá,Ha Noi,"58/281, Đường Tam Trinh, Phường Tương Mai, Thành phố Hà Nội, 11617",10,4,convenience,20.987445499999996,105.8651815
"Kẹo cao su, Bao rác, Khăn ướt, Bánh snack, Dây sạc điện thoại, Cà phê lon, Ô dù gấp, Kẹo, Kem đánh răng, Trà đóng chai",Tâm Bính,Ha Noi,"241, Đường Tam Trinh, Phường Tương Mai, Thành phố Hà Nội, 11617",15,3.6,convenience,20.988550599999996,105.8635475
"Bình sữa, Sữa chua, Sữa bột trẻ em, Muối, Bánh ăn dặm, Bánh ăn dặm, Mì gói, Nước xả vải, Sữa bột, Khăn ướt, Sữa bột trẻ em, Cà phê, Muối, Bánh ăn dặm, Giấy vệ sinh, Sữa tắm",số 1 ngõ trạm,Ha Noi,"1, Ngõ Trạm, Phường Hoàn Kiếm, Thành phố Hà Nội, 11016",10,4.5,department_store,21.0311698,105.8461285
"Găng tay nilon, Chai nước, Dầu gội, Khẩu trang y tế, Bàn chải đánh răng, Sổ tay nhỏ, Muỗng nhựa, Túi nylon, Bao rác, Chai nước, Chai nước, Khăn giấy, Nước tăng lực, Sữa chua uống, Thịt hộp, Bánh snack, Bánh quy, Ô dù gấp, Xà phòng tắm, Khẩu trang y tế",tạp hoá,Ha Noi,"2/293, Đường Tam Trinh, Phường Tương Mai, Thành phố Hà Nội, 11617",10,3.5,convenience,20.98534589999999,105.8638433
"Muỗng nhựa, Khẩu trang y tế, Sữa hộp, Kem đánh răng, Dao cạo râu, Ô dù gấp, Bánh snack, Muỗng nhựa, Sổ tay nhỏ, Xà phòng tắm, Sổ tay nhỏ, Gối cổ du lịch, Túi nylon, Sổ tay nhỏ, Mì ly, Lăn khử mùi, Bánh quy, Bánh quy, Bánh mì sandwich",tuyết huân,Ha Noi,"190, Ngõ 192 Phố Lê Trọng Tấn, Phường Phương Liệt, Thành phố Hà Nội, 11718",20,4.3,convenience,20.988120099999993,105.82623220000002
"Bánh bao mini, Găng tay nilon, Bánh bao mini, Khăn giấy, Xà phòng tắm, Nước tăng lực, Dao cạo râu, Kẹo, Bánh bao mini, Ô dù gấp, Bánh bao mini, Găng tay nilon, Bánh snack, Bao rác",tạp hoá bánh kẹo,Ha Noi,"174, Phố Lê Trọng Tấn, Phường Phương Liệt, Thành phố Hà Nội, 11415",20,4.3,convenience,20.994636900000003,105.8309847
"Bánh bao mini, Sữa hộp, Muỗng nhựa, Kẹo, Nước tăng lực, Nước ngọt, Bánh quy, Mì gói, Bánh snack, Pin sạc, Kẹo cao su, Bàn chải đánh răng, Kẹo cao su, Sổ tay nhỏ, Nước suối",tạp hoá,Ha Noi,"29B/293, Đường Tam Trinh, Phường Tương Mai, Thành phố Hà Nội, 11617",10,4.1,convenience,20.9863814,105.8652418
"Pin AA, Pin sạc, Dầu gội, Sổ tay nhỏ, Pin sạc, Kẹo cao su, Thịt hộp, Dây sạc điện thoại, Bánh bao mini, Kẹo, Cốc nhựa, Gối cổ du lịch, Sữa hộp, Nước tăng lực",Mini Mart,Ha Noi,"21, Ngõ 17 Đường Trung Văn, Phường Đại Mỗ, Thành phố Hà Nội, 12011",10,4,convenience,20.9919168,105.7938416
"Cà phê lon, Mì ly, Bóng đèn LED mini, Thịt hộp, Bật lửa, Mì gói, Bánh snack, Trà đóng chai, Bút bi, Mì gói, Găng tay nilon, Lăn khử mùi, Dao cạo râu",Thu Trang,Ha Noi,"2/72, Ngõ 188 Lĩnh Nam, Phường Tương Mai, Thành phố Hà Nội, 11622",20,4.2,convenience,20.9866137,105.8684907
"Muỗng nhựa, Dầu gội, Kẹo, Nước ngọt, Cà phê lon, Dao cạo râu, Pin sạc, Pin AA, Lăn khử mùi, Nước ngọt, Kẹo",phú gia mini mart,Ha Noi,"60, Phố Nguyễn Huy Tưởng, Phường Thanh Xuân, Thành phố Hà Nội, 10055",20,3.7,convenience,20.9991222,105.806906
"Kẹo, Bánh bao mini, Cà phê lon, Cà phê lon, Bánh bao mini, Ô dù gấp, Bật lửa, Dầu gội, Gối cổ du lịch, Chai nước, Bánh quy, Xà phòng tắm, Bánh mì sandwich, Gối cổ du lịch, Sổ tay nhỏ",Tạp Hoá 106,Ha Noi,"106, Phố Nguyễn Huy Tưởng, Phường Thanh Xuân, Thành phố Hà Nội, 10055",10,3.7,convenience,20.9982567,105.805559
"Bàn chải đánh răng, Bật lửa, Găng tay nilon, Mì ly, Trà đóng chai, Pin sạc, Nước tăng lực, Khẩu trang y tế, Bút bi, Gối cổ du lịch, Sổ tay nhỏ, Dây sạc điện thoại, Cà phê lon",Orimart,Ha Noi,"57, Phố Vân Đồn, Phường Hồng Hà, Thành phố Hà Nội, 10078",15,4.5,convenience,21.013629899999994,105.8638435
"Bánh kẹo, Nước ngọt, Nước ngọt, Giấy vệ sinh, Bánh ăn dặm, Ngũ cốc, Nước mắm, Đường, Sữa tắm, Nước xả vải, Ngũ cốc",số 4 đinh lễ,Ha Noi,"4, Phố Đinh Lễ, Phường Hoàn Kiếm, Thành phố Hà Nội, 11054",20,3.5,department_store,21.025886199999995,105.8539897
"Bánh quy, Kẹo cao su, Xà phòng tắm, Bút bi, Bánh mì sandwich, Cà phê lon, Sữa chua uống, Găng tay nilon, Gối cổ du lịch, Muỗng nhựa, Chai nước, Lăn khử mùi, Bút bi, Nước suối, Nước suối",tạp hoá,Ha Noi,"94A, Phố Trần Hưng Đạo, Phường Cửa Nam, Thành phố Hà Nội, 11018",20,4.4,convenience,21.023614099999993,105.84361120000001
"Khăn giấy, Nước rửa chén, Khăn ướt, Nước lau sàn, Sữa chua, Sữa chua, Bình sữa, Nước mắm, Bột giặt, Đường, Sữa chua, Sữa chua, Bột giặt, Thực phẩm đóng hộp, Thực phẩm đóng hộp, Kem đánh răng, Bánh ăn dặm",nhật toàn,Ha Noi,"02, Phố Tô Hiến Thành, Phường Hai Bà Trưng, Thành phố Hà Nội, 10058",15,3.5,department_store,21.013351499999988,105.8512944
"Nước mắm, Bột giặt, Giấy vệ sinh, Ngũ cốc, Kem đánh răng, Trà, Nước ngọt, Sữa bột, Đường, Đường, Dầu gội",siêu thị á âu,Ha Noi,"314, Phố Huế, Phường Hai Bà Trưng, Thành phố Hà Nội, 10058",15,3.9,department_store,21.010774899999998,105.8517613
"Sữa bột trẻ em, Đường, Giấy vệ sinh, Tã em bé, Đường, Nước rửa chén, Sữa bột, Nước lau sàn, Giấy vệ sinh, Giấy vệ sinh, Mì gói, Nước suối, Đường",thế giới hoá mỹ phẩm,Ha Noi,"13, Phố Hàm Long, Phường Cửa Nam, Thành phố Hà Nội, 10233",10,4.1,department_store,21.018801099999997,105.8543226
"Sữa chua uống, Chai nước, Dao cạo râu, Bánh mì sandwich, Khoai tây chiên, Bánh snack, Pin sạc, Trà đóng chai, Bánh quy, Khoai tây chiên, Lăn khử mùi, Bút bi, Sữa chua uống, Dây sạc điện thoại, Mì ly, Sổ tay nhỏ, Sữa hộp, Nước suối",tạp hoá,Ha Noi,"4, Ngõ 37 Phố Lê Thanh Nghị, Phường Bạch Mai, Thành phố Hà Nội, 10999",20,4.2,convenience,21.001492099999997,105.8464378
"Tranh màu nước, Tranh, Tượng điêu khắc, Tranh acrylic, Tranh sơn dầu, Tranh nghệ thuật hiện đại, Tranh sơn mài, Tượng đồng nhỏ, Tượng đá cẩm thạch, Tranh trừu tượng, Tranh nghệ thuật 3D, Tranh thêu tay, Tranh đương đại, Tranh chân dung, Tranh canvas, Tranh màu nước",Old Propaganda Posters,Ha Noi,"43a, Phố Hàng Bạc, Phường Hoàn Kiếm, Thành phố Hà Nội, 11011",170,4.1,art,21.033837499999997,105.8536598
"Dầu gội, Son dưỡng môi, Sữa chua, Khẩu trang y tế, Nước xả vải, Muối, Ly thủy tinh, Nước lau sàn, Trứng gà, Bột mì, Dầu ăn, Nước rửa chén, Nước tương, Dao bếp, Son dưỡng môi, Khẩu trang y tế, Son dưỡng môi",Siêu thị gia đình,Ha Noi,"118, Phố Hồng Mai, Phường Bạch Mai, Thành phố Hà Nội, 11617",145,3.6,supermarket,20.998617299999996,105.8525636
"Mì ly, Bánh bao mini, Túi nylon, Pin sạc, Bóng đèn LED mini, Bánh mì sandwich, Túi nylon, Bật lửa, Bàn chải đánh răng, Kẹo, Bánh snack, Sữa chua uống, Trà đóng chai",Shop tự chọn,Ha Noi,"115/295, Ngõ 295 Phố Bạch Mai, Phường Bạch Mai, Thành phố Hà Nội, 10053",10,4.4,convenience,21.001957500000003,105.8533704
"Nước mắm, Ngũ cốc, Thực phẩm đóng hộp, Nước lau sàn, Thực phẩm đóng hộp, Sữa tắm, Nước suối, Nước xả vải, Bánh kẹo, Dầu ăn, Gạo, Gạo, Sữa bột trẻ em, Muối",Halo Mart,Ha Noi,"40, Phố Nguyễn Hữu Huân, Phường Hoàn Kiếm, Thành phố Hà Nội, 11011",20,4.3,department_store,21.0340699,105.8545911
"Nước ngọt, Dầu gội, Dầu gội, Pin sạc, Dầu gội, Bóng đèn LED mini, Khẩu trang y tế, Túi nylon, Thịt hộp, Gối cổ du lịch, Bánh snack, Muỗng nhựa",thanh loan,Ha Noi,"79, Ngõ 58 Phố 8 Tháng 3, Phường Bạch Mai, Thành phố Hà Nội, 11617",10,4.1,convenience,20.998589900000006,105.859911
"Thực phẩm đóng hộp, Đường, Nước lau sàn, Nước suối, Thực phẩm đóng hộp, Giấy vệ sinh, Đường, Bột giặt, Sữa chua, Mì gói",số 7 yên thái,Ha Noi,"7, Ngõ Yên Thái, Phường Hoàn Kiếm, Thành phố Hà Nội, 11016",10,4.2,department_store,21.032026199999994,105.8478967
"Bánh bao mini, Kem đánh răng, Khẩu trang y tế, Cốc nhựa, Gối cổ du lịch, Kem đánh răng, Lăn khử mùi, Mì ly, Khăn ướt, Muỗng nhựa, Khăn giấy, Pin sạc",Tạp hoá,Ha Noi,"31, Trương Định, Phường Tương Mai, Thành phố Hà Nội, 11617",10,4.4,convenience,20.9924346,105.849864
"Sổ tay nhỏ, Cà phê lon, Thịt hộp, Bật lửa, Sổ tay nhỏ, Bàn chải đánh răng, Chai nước, Sổ tay nhỏ, Thịt hộp, Găng tay nilon, Cà phê lon, Mì ly, Chai nước, Bút bi, Pin AA, Sổ tay nhỏ, Bánh quy, Khăn ướt",tạp hoá,Ha Noi,"240, Đường Hoàng Mai, Phường Tương Mai, Thành phố Hà Nội, 11617",20,4.1,convenience,20.992319899999995,105.8523617
"Sữa chua uống, Sổ tay nhỏ, Pin AA, Găng tay nilon, Găng tay nilon, Kẹo cao su, Ô dù gấp, Dao cạo râu, Nước ngọt, Gối cổ du lịch",Tiêu dùng 24h,Ha Noi,"328, Phố Lạc Trung, Phường Vĩnh Tuy, Thành phố Hà Nội, 11622",15,3.8,convenience,21.003149099999995,105.8687313
"Xà phòng tắm, Trà đóng chai, Cốc nhựa, Cà phê lon, Bánh bao mini, Nước ngọt, Túi nylon, Nước tăng lực, Dầu gội, Nước ngọt, Dây sạc điện thoại, Sữa hộp, Kẹo, Kem đánh răng, Thịt hộp",Tạp hoá,Ha Noi,"4/116, Ngách 116 Ngõ Trại Cá, Phường Tương Mai, Thành phố Hà Nội, 11617",15,3.8,convenience,20.994152299999996,105.8463196
"Bao rác, Dao cạo râu, Bánh mì sandwich, Thịt hộp, Muỗng nhựa, Khăn giấy, Dao cạo râu, Khẩu trang y tế, Cốc nhựa, Túi nylon, Trà đóng chai, Bàn chải đánh răng, Khăn ướt, Bánh quy, Kem đánh răng, Khăn ướt, Pin sạc, Sữa chua uống, Dây sạc điện thoại",Siêu Thị HD Mart,Ha Noi,"13, Đường Khương Đình, Phường Khương Đình, Thành phố Hà Nội, 11718",15,4.1,convenience,20.997969499999996,105.8135146
"Bóng đèn LED mini, Ô dù gấp, Pin sạc, Ô dù gấp, Muỗng nhựa, Sữa chua uống, Pin AA, Bánh snack, Kem đánh răng, Khoai tây chiên, Muỗng nhựa, Bánh mì sandwich, Cà phê lon",Trí Anh,Ha Noi,"118, Đường Trương Định, Phường Tương Mai, Thành phố Hà Nội, 11715",10,4.3,convenience,20.994003799999998,105.8495939
"Bánh snack, Kem đánh răng, Dao cạo râu, Xà phòng tắm, Cốc nhựa, Bánh quy, Bánh bao mini, Bút bi, Kẹo, Nước tăng lực, Sữa chua uống, Chai nước, Cà phê lon, Nước ngọt, Mì ly, Cà phê lon",tạp hoá,Ha Noi,"120, Đường Trương Định, Phường Tương Mai, Thành phố Hà Nội, 11715",15,3.9,convenience,20.993746299999998,105.8495688
"Khẩu trang y tế, Nước suối, Nước tăng lực, Nước suối, Nước ngọt, Cốc nhựa, Muỗng nhựa, Kem đánh răng, Nước tăng lực, Nước ngọt, Nước ngọt, Kẹo, Khẩu trang y tế",Thắng Quang,Ha Noi,"146, Đường Trương Định, Phường Tương Mai, Thành phố Hà Nội, 11715",10,3.6,convenience,20.993290299999998,105.8495198
"Cà phê lon, Dầu gội, Kẹo cao su, Khăn giấy, Khoai tây chiên, Mì gói, Dao cạo râu, Pin AA, Mì ly, Dao cạo râu, Xà phòng tắm, Khăn ướt, Dầu gội, Kẹo, Kẹo cao su, Pin sạc, Cốc nhựa",tạp hoá,Ha Noi,"136, Đường Trương Định, Phường Tương Mai, Thành phố Hà Nội, 11715",15,4.5,convenience,20.9934976,105.849563
"Bánh kẹo, Sữa bột, Bột nêm, Bột giặt, Bình sữa, Sữa tắm, Dầu ăn, Bình sữa, Thực phẩm đóng hộp, Tã em bé, Thực phẩm đóng hộp, Nước mắm, Sữa tắm, Nước mắm, Bột nêm, Bột nêm, Ngũ cốc, Ngũ cốc, Sữa tươi, Khăn ướt",30 cầu gỗ,Ha Noi,"30, Phố Cầu Gỗ, Phường Hoàn Kiếm, Thành phố Hà Nội, 11011",20,3.9,department_store,21.0319861,105.8533404
"Bánh snack, Dây sạc điện thoại, Bánh quy, Mì ly, Sữa chua uống, Gối cổ du lịch, Nước tăng lực, Bao rác, Sữa hộp, Sữa chua uống, Mì ly, Nước ngọt, Mì ly",Tạp hoá,Ha Noi,"74, Ngách 20 Ngõ Trại Cá, Phường Tương Mai, Thành phố Hà Nội, 11617",15,4.3,convenience,20.9946242,105.8469804
"Pin sạc, Sổ tay nhỏ, Bánh mì sandwich, Thịt hộp, Bóng đèn LED mini, Bánh mì sandwich, Bút bi, Dây sạc điện thoại, Dầu gội, Sữa hộp, Sữa chua uống",Đại Lý Minh Dũng,Ha Noi,"21/71, Ngõ 71 Phố Hoàng Văn Thái, Phường Phương Liệt, Thành phố Hà Nội, 11415",10,3.6,convenience,20.99556679999999,105.8272924
"Sữa hộp, Sữa hộp, Nước tăng lực, Bàn chải đánh răng, Xà phòng tắm, Kẹo, Dây sạc điện thoại, Nước suối, Trà đóng chai, Cốc nhựa, Xà phòng tắm, Ô dù gấp, Túi nylon",Tạp hoá,Ha Noi,"32/57, Ngõ 18 Phố Lương Yên, Phường Hai Bà Trưng, Thành phố Hà Nội, 10078",20,3.8,convenience,21.012990200000004,105.8620066
"Khẩu trang y tế, Lăn khử mùi, Bánh quy, Mì gói, Mì ly, Mì ly, Muỗng nhựa, Kẹo, Bóng đèn LED mini, Găng tay nilon, Lăn khử mùi, Nước tăng lực, Găng tay nilon, Dầu gội",Quán trà đá,Ha Noi,"1A ngõ 365/105, Ngõ 325 Kim Ngưu, Phường Vĩnh Tuy, Thành phố Hà Nội, 11622",10,4.4,convenience,21.005161800000003,105.8650498
"Nước rửa chén, Gạo, Sữa bột, Ngũ cốc, Nước suối, Cà phê, Khăn ướt, Dầu gội, Thực phẩm đóng hộp, Nước mắm, Khăn ướt, Bánh kẹo, Bột nêm",thêm triển,Ha Noi,"128, Đường Hồng Hà, Phường Hồng Hà, Thành phố Hà Nội, 10262",20,4.4,department_store,21.030088099999993,105.857588
"Nước suối, Bột nêm, Khăn ướt, Nước suối, Khăn giấy, Bánh kẹo, Nước ngọt, Gạo, Mì gói, Dầu gội, Giấy vệ sinh, Cà phê, Sữa chua, Giấy vệ sinh, Gạo",Cửa Hàng Tự Chọn BGA Mart,Ha Noi,"126, Đường Hồng Hà, Phường Hồng Hà, Thành phố Hà Nội, 10262",10,4.3,department_store,21.030199399999997,105.8575294
"Khăn ướt, Sữa chua uống, Trà đóng chai, Sổ tay nhỏ, Găng tay nilon, Sữa chua uống, Bánh mì sandwich, Bàn chải đánh răng, Lăn khử mùi, Pin AA, Cà phê lon, Dây sạc điện thoại, Găng tay nilon, Khẩu trang y tế, Dây sạc điện thoại, Mì gói, Cà phê lon, Bánh bao mini, Bánh mì sandwich",Tâm Thành Mart,Ha Noi,"73, Đường Nguyễn Khoái, Phường Hồng Hà, Thành phố Hà Nội, 10078",15,3.9,convenience,21.009010899999996,105.8659779
"Khẩu trang y tế, Sổ tay nhỏ, Găng tay nilon, Dầu gội, Bánh quy, Thịt hộp, Sổ tay nhỏ, Dầu gội, Trà đóng chai, Lăn khử mùi, Sữa hộp, Bóng đèn LED mini, Ô dù gấp, Sữa chua uống, Dao cạo râu, Nước tăng lực, Pin AA, Dao cạo râu, Khăn ướt, Bàn chải đánh răng",Circle K,Ha Noi,"Phố Hàng Bông, Phường Hoàn Kiếm, Thành phố Hà Nội, 11017",10,3.9,convenience,21.029204599999996,105.8453421
"Thực phẩm đóng hộp, Sữa tắm, Ngũ cốc, Dầu gội, Sữa tắm, Sữa tắm, Nước suối, Nước xả vải, Bánh kẹo, Đường, Nước mắm, Nước xả vải, Khăn giấy, Sữa tắm, Mì gói, Nước lau sàn, Dầu gội",Cửa Hàng Tiện Lợi Green,Ha Noi,"12, Phố Hàng Vôi, Phường Hoàn Kiếm, Thành phố Hà Nội, 11007",20,4,department_store,21.030971400000002,105.8560336
"Dầu gội, Ngũ cốc, Bột giặt, Tã em bé, Nước mắm, Nước suối, Khăn giấy, Bột giặt, Sữa bột trẻ em, Gạo",Cửa Hàng Tiện Lợi BB Mart,Ha Noi,"214, Đường Trần Quang Khải, Phường Hoàn Kiếm, Thành phố Hà Nội, 10269",20,4.1,department_store,21.026262300000003,105.8588721
"Bánh kẹo, Cà phê, Bánh ăn dặm, Giấy vệ sinh, Sữa chua, Nước rửa chén, Nước lau sàn, Bột giặt, Bột giặt, Sữa bột trẻ em, Nước xả vải, Sữa bột trẻ em, Bột nêm, Nước rửa chén, Sữa bột, Tã em bé, Kem đánh răng, Sữa tắm",ngân minh,Ha Noi,"7, Phố Nguyễn Khắc Cần, Phường Cửa Nam, Thành phố Hà Nội, 10210",20,3.9,department_store,21.0231599,105.8551448
"Ngũ cốc, Sữa chua, Khăn giấy, Trà, Gạo, Khăn giấy, Kem đánh răng, Gạo, Sữa tắm, Sữa tắm, Khăn ướt, Ngũ cốc, Mì gói, Nước rửa chén, Dầu gội, Sữa chua",anh hiển,Ha Noi,"4, Ngõ Cầu Gỗ, Phường Hoàn Kiếm, Thành phố Hà Nội, 11011",20,3.9,department_store,21.032735800000005,105.8529315
"Túi nylon, Dây sạc điện thoại, Khoai tây chiên, Chai nước, Nước suối, Bánh quy, Nước ngọt, Bánh snack, Khoai tây chiên, Trà đóng chai, Lăn khử mùi, Dây sạc điện thoại, Dao cạo râu, Trà đóng chai, Khẩu trang y tế, Dao cạo râu, Mì ly, Bánh bao mini",song linh 46/25/358,Ha Noi,"Ngách 25 Ngõ 358 Phố Bùi Xương Trạch, Phường Khương Đình, Thành phố Hà Nội, 11718",20,4.1,convenience,20.9830344,105.8187579
"Kẹo, Lăn khử mùi, Bút bi, Sổ tay nhỏ, Mì gói, Mì ly, Pin sạc, Sổ tay nhỏ, Kem đánh răng, Kẹo, Bóng đèn LED mini, Kem đánh răng, Pin AA, Sữa hộp, Nước tăng lực, Bật lửa",phú thắg,Ha Noi,"157, Phố Bùi Xương Trạch, Phường Khương Đình, Thành phố Hà Nội, 11718",15,3.7,convenience,20.988282699999996,105.8183831
"Bút bi, Sữa chua uống, Lăn khử mùi, Xà phòng tắm, Mì gói, Xà phòng tắm, Khoai tây chiên, Bánh mì sandwich, Mì ly, Bàn chải đánh răng, Gối cổ du lịch, Chai nước, Pin AA, Mì ly, Xà phòng tắm, Kẹo cao su, Pin AA, Dao cạo râu, Dây sạc điện thoại, Sữa chua uống",phương uyên,Ha Noi,"62, Phố Bùi Xương Trạch, Phường Khương Đình, Thành phố Hà Nội, 11718",15,3.8,convenience,20.9906505,105.8174536
"Bàn chải đánh răng, Mì gói, Kẹo, Nước tăng lực, Lăn khử mùi, Pin AA, Bánh quy, Dao cạo râu, Xà phòng tắm, Khăn ướt, Khăn giấy, Túi nylon, Ô dù gấp, Dao cạo râu, Bật lửa, Kẹo, Lăn khử mùi",Trường Hường,Ha Noi,"346, Ngõ Quỳnh, Phường Bạch Mai, Thành phố Hà Nội, 11617",15,4.4,convenience,20.995953699999994,105.8588767
"Trà đóng chai, Muỗng nhựa, Dầu gội, Mì gói, Khăn giấy, Nước suối, Nước tăng lực, Sữa chua uống, Gối cổ du lịch, Thịt hộp, Bút bi, Mì ly, Pin AA, Khẩu trang y tế, Mì gói, Gối cổ du lịch, Nước ngọt, Khẩu trang y tế",Trà sữa trân châu,Ha Noi,"285, Ngõ Quỳnh, Phường Bạch Mai, Thành phố Hà Nội, 11617",20,4.2,convenience,20.996245699999992,105.8587327
"Khẩu trang y tế, Mì ly, Gối cổ du lịch, Cốc nhựa, Túi nylon, Nước ngọt, Bàn chải đánh răng, Lăn khử mùi, Sổ tay nhỏ, Lăn khử mùi, Khăn giấy, Bánh quy, Nước suối, Nước suối, Sổ tay nhỏ, Ô dù gấp, Sổ tay nhỏ, Kem đánh răng, Muỗng nhựa",Ngọc Vân,Ha Noi,"985, Đường Bạch Đằng, Phường Hồng Hà, Thành phố Hà Nội, 10078",10,3.7,convenience,21.013103499999993,105.8663343
"Cốc nhựa, Sữa hộp, Khăn ướt, Sổ tay nhỏ, Pin AA, Dây sạc điện thoại, Găng tay nilon, Nước ngọt, Sữa chua uống, Sữa hộp, Trà đóng chai, Mì ly, Bánh quy, Sổ tay nhỏ, Thịt hộp, Bóng đèn LED mini, Sổ tay nhỏ, Kẹo, Bánh bao mini, Gối cổ du lịch",Tạp hoá,Ha Noi,"151, Phố Chùa Quỳnh, Phường Bạch Mai, Thành phố Hà Nội, 11617",10,4.4,convenience,20.998971299999997,105.8533562
"Xà phòng tắm, Mì gói, Mì ly, Cà phê lon, Bánh bao mini, Nước ngọt, Nước ngọt, Bóng đèn LED mini, Bật lửa, Dầu gội, Pin AA, Kẹo, Pin AA, Túi nylon, Nước tăng lực, Bật lửa, Túi nylon, Khẩu trang y tế, Bánh quy",Tạp hoá,Ha Noi,"220, Ngõ Quỳnh, Phường Bạch Mai, Thành phố Hà Nội, 11617",10,4.2,convenience,21.000741399999995,105.8560602
"Bút bi, Pin AA, Bàn chải đánh răng, Khăn ướt, Pin AA, Nước tăng lực, Nước tăng lực, Bánh bao mini, Bánh snack, Lăn khử mùi, Bánh snack, Sữa hộp, Dầu gội, Túi nylon",Vpp Hồng Hạnh,Ha Noi,"101 A3, Ngõ 128C Phố Đại La (cũ), Phường Bạch Mai, Thành phố Hà Nội, 10999",20,3.7,convenience,20.997608200000002,105.8439977
"Xà phòng tắm, Dầu gội, Bánh snack, Dao cạo râu, Sữa hộp, Nước suối, Dao cạo râu, Gối cổ du lịch, Dao cạo râu, Nước ngọt, Nước ngọt, Nước tăng lực, Nước suối, Xà phòng tắm, Dây sạc điện thoại, Bóng đèn LED mini",tạp hoá,Ha Noi,"148, Ngõ Quỳnh, Phường Bạch Mai, Thành phố Hà Nội, 10053",20,4.4,convenience,21.003241199999998,105.8537316
"Mì ly, Bánh bao mini, Sữa chua uống, Cà phê lon, Bao rác, Dầu gội, Lăn khử mùi, Khoai tây chiên, Mì gói, Gối cổ du lịch, Chai nước, Khoai tây chiên, Kẹo, Bật lửa, Bao rác, Bao rác, Bao rác, Chai nước, Kẹo",Ngọc Sơn,Ha Noi,"49/104, Ngõ 118 Phố Nguyễn An Ninh, Phường Tương Mai, Thành phố Hà Nội, 11617",20,3.8,convenience,20.991886200000003,105.8456633
"Khăn ướt, Bánh bao mini, Khẩu trang y tế, Cà phê lon, Kẹo cao su, Bánh quy, Trà đóng chai, Mì gói, Gối cổ du lịch, Muỗng nhựa, Nước tăng lực, Khăn ướt",Tạp hoá,Ha Noi,"đối diện ngõ 29, Ngõ Trại Găng, Phường Bạch Mai, Thành phố Hà Nội, 10053",10,4,convenience,21.003324199999994,105.8527533
"Pin sạc, Bánh snack, Kem đánh răng, Khẩu trang y tế, Sữa chua uống, Sổ tay nhỏ, Xà phòng tắm, Bàn chải đánh răng, Mì gói, Mì gói, Bánh quy, Bánh bao mini, Chai nước, Sữa chua uống, Sữa chua uống, Lăn khử mùi, Bút bi",Tạp hoá,Ha Noi,"106, Ngõ 128C Phố Đại La (cũ), Phường Bạch Mai, Thành phố Hà Nội, 10999",10,3.8,convenience,20.997654800000003,105.8436877
"Xà phòng tắm, Bánh snack, Khoai tây chiên, Cốc nhựa, Pin AA, Ô dù gấp, Dây sạc điện thoại, Bánh snack, Bật lửa, Khẩu trang y tế, Xà phòng tắm, Khăn giấy, Pin sạc, Trà đóng chai, Gối cổ du lịch, Dao cạo râu",Siêu Thị Tiện Lợi Moon Mart,Ha Noi,"71, Phố Tuệ Tĩnh, Phường Hai Bà Trưng, Thành phố Hà Nội, 10212",10,3.6,convenience,21.0152876,105.8481995
"Bình sữa, Bột nêm, Khăn giấy, Muối, Nước xả vải, Khăn giấy, Sữa chua, Dầu gội, Sữa bột, Bánh ăn dặm, Sữa bột trẻ em, Khăn giấy, Muối, Nước lau sàn, Giấy vệ sinh",Tiến dũng,Ha Noi,"Ngõ 12 Phố Nguyễn Khiêm Ích, Xã Gia Lâm, Thành phố Hà Nội, 08443",10,4.5,department_store,21.0139421,105.9370431
"Dầu gội, Mì gói, Bánh quy, Gối cổ du lịch, Trà đóng chai, Nước suối, Pin AA, Thịt hộp, Khẩu trang y tế, Bàn chải đánh răng, Dao cạo râu, Kem đánh răng, Chai nước, Chai nước, Thịt hộp",Tạp hoá,Ha Noi,"đối diện 13/119, Đường Tam Trinh, Phường Vĩnh Tuy, Thành phố Hà Nội, 11617",15,3.9,convenience,20.993402599999996,105.8636578
"Chai nước, Nước ngọt, Dầu gội, Khẩu trang y tế, Khẩu trang y tế, Sữa hộp, Pin AA, Bật lửa, Bật lửa, Bóng đèn LED mini, Mì gói",Thuỳ dung,Ha Noi,"232B, Phố Hồng Mai, Phường Bạch Mai, Thành phố Hà Nội, 11617",15,3.7,convenience,20.999416099999998,105.8565015
"Chai nước, Kẹo, Bút bi, Bút bi, Găng tay nilon, Túi nylon, Bao rác, Dầu gội, Sổ tay nhỏ, Bánh quy",Tuấn ngọc,Ha Noi,"79/254, Ngõ 254 Minh Khai, Phường Tương Mai, Thành phố Hà Nội, 11617",20,4.1,convenience,20.990603099999994,105.8598611
"Dây sạc điện thoại, Bật lửa, Bút bi, Muỗng nhựa, Bóng đèn LED mini, Bóng đèn LED mini, Bánh bao mini, Bánh snack, Bánh quy, Khẩu trang y tế",Tiện ích gia đình,Ha Noi,"33, Ngách 299/48 Đường Hoàng Mai, Phường Tương Mai, Thành phố Hà Nội, 11617",10,4.5,convenience,20.987470699999996,105.86177
"Muỗng nhựa, Gối cổ du lịch, Bánh mì sandwich, Khẩu trang y tế, Bánh mì sandwich, Kẹo cao su, Bàn chải đánh răng, Dây sạc điện thoại, Bánh mì sandwich, Khăn ướt",Thu nga,Ha Noi,"2/15, Ngõ Gốc Đề, Phường Tương Mai, Thành phố Hà Nội, 11617",20,4,convenience,20.9929529,105.85875430000002
"Khăn giấy, Kem đánh răng, Kẹo, Bao rác, Kẹo, Kem đánh răng, Nước ngọt, Sổ tay nhỏ, Bánh bao mini, Sổ tay nhỏ, Ô dù gấp, Kẹo, Lăn khử mùi, Pin sạc, Cà phê lon, Khoai tây chiên",Tạp Hoá Green Land,Ha Noi,"30/63, Ngõ 10 Đường Trần Khát Chân, Phường Hai Bà Trưng, Thành phố Hà Nội, 10078",20,3.6,convenience,21.009813200000004,105.86419420000001
"Son dưỡng môi, Khăn giấy, Sữa chua, Nước lau sàn, Nước trái cây, Nước xả vải, Khay nhựa, Sốt cà chua, Rau củ quả, Thớt",Siêu Thị Hapro,Ha Noi,"119, Đường Lê Duẩn, Phường Cửa Nam, Thành phố Hà Nội, 11018",200,4,supermarket,21.024540499999997,105.8416221
"Chai nước, Pin sạc, Thịt hộp, Dầu gội, Khăn ướt, Bóng đèn LED mini, Bàn chải đánh răng, Chai nước, Sữa chua uống, Bánh mì sandwich, Bàn chải đánh răng, Găng tay nilon, Trà đóng chai, Dầu gội, Dầu gội, Khăn ướt, Bút bi, Khẩu trang y tế",Siêu Thị An An,Ha Noi,"38/20, Phố Ngụy Như Kon Tum, Phường Thanh Xuân, Thành phố Hà Nội, 10055",20,4.4,convenience,20.9981294,105.7994278
"Thịt hộp, Bật lửa, Bánh mì sandwich, Bật lửa, Mì gói, Bánh bao mini, Muỗng nhựa, Sổ tay nhỏ, Mì ly, Nước tăng lực, Thịt hộp, Pin AA, Sữa chua uống, Gối cổ du lịch, Thịt hộp, Kem đánh răng, Khoai tây chiên, Kẹo",Tạp hoá,Ha Noi,"67, Ngách 20 Ngõ Trại Cá, Phường Tương Mai, Thành phố Hà Nội, 11617",20,3.6,convenience,20.993858799999995,105.8481615
"Găng tay nilon, Kẹo cao su, Bật lửa, Kem đánh răng, Bóng đèn LED mini, Bao rác, Lăn khử mùi, Khoai tây chiên, Bánh quy, Nước ngọt, Mì gói, Sữa chua uống, Chai nước, Khoai tây chiên, Sữa chua uống",Việt anh,Ha Noi,"103, Ngõ E4 Phố Kim Ngưu, Phường Bạch Mai, Thành phố Hà Nội, 11617",20,4.3,convenience,21.0004413,105.8610775
"Nước ngọt, Ô dù gấp, Lăn khử mùi, Mì gói, Nước suối, Khoai tây chiên, Thịt hộp, Khăn ướt, Bàn chải đánh răng, Mì ly, Gối cổ du lịch, Mì gói, Bút bi, Kem đánh răng, Kẹo",Cửa Hàng Bánh Kẹo Thanh Hà,Ha Noi,"117, Phố Lãng Yên, Phường Vĩnh Tuy, Thành phố Hà Nội, 10078",15,3.5,convenience,21.008423999999998,105.86433
"Xà phòng tắm, Khoai tây chiên, Xà phòng tắm, Khẩu trang y tế, Nước ngọt, Dao cạo râu, Pin AA, Kẹo, Dầu gội, Ô dù gấp, Bút bi, Nước tăng lực, Nước ngọt, Khăn ướt, Bóng đèn LED mini, Khoai tây chiên, Chai nước, Khoai tây chiên",Tạp hoá,Ha Noi,"1, Đê Trần Khát Chân, Phường Vĩnh Tuy, Thành phố Hà Nội, 11622",15,4.3,convenience,21.007904800000006,105.8640404
"Bánh bao mini, Dao cạo râu, Bánh quy, Bánh snack, Xà phòng tắm, Lăn khử mùi, Nước tăng lực, Muỗng nhựa, Pin AA, Bút bi, Khoai tây chiên, Cà phê lon, Bàn chải đánh răng, Túi nylon, Pin AA",Tạp hoá,Ha Noi,"67, Đê Trần Khát Chân, Phường Vĩnh Tuy, Thành phố Hà Nội, 11622",20,4.3,convenience,21.0074668,105.8647632
"Bánh snack, Nước tăng lực, Lăn khử mùi, Sổ tay nhỏ, Bao rác, Kem đánh răng, Pin AA, Ô dù gấp, Thịt hộp, Bút bi, Bao rác, Dây sạc điện thoại, Thịt hộp",Phú Thanh,Ha Noi,"42 ngõ 459, Ngõ Hòa Bình 1, Phường Bạch Mai, Thành phố Hà Nội, 11617",20,4.2,convenience,20.9963379,105.8518563
"Sữa bột, Sữa bột trẻ em, Thực phẩm đóng hộp, Bánh ăn dặm, Kem đánh răng, Sữa tươi, Nước mắm, Nước suối, Kem đánh răng, Kem đánh răng, Bánh kẹo, Đường",Quang phát( c hòa),Ha Noi,"Phố Nguyễn Khiêm Ích, Xã Gia Lâm, Thành phố Hà Nội, 08443",20,4.2,department_store,21.0141428,105.9364253
"Xà phòng tắm, Mì ly, Khẩu trang y tế, Mì ly, Nước tăng lực, Muỗng nhựa, Mì ly, Muỗng nhựa, Cà phê lon, Bánh bao mini, Chai nước, Gối cổ du lịch, Bánh bao mini, Khẩu trang y tế, Cốc nhựa, Pin AA",tạp hoá,Ha Noi,"41 ngõ 63, Ngõ 6 Nguyễn Khoái, Phường Hai Bà Trưng, Thành phố Hà Nội, 10078",20,4.4,convenience,21.0099893,105.8642628
"Ô dù gấp, Lăn khử mùi, Thịt hộp, Găng tay nilon, Bánh snack, Bánh mì sandwich, Bóng đèn LED mini, Xà phòng tắm, Gối cổ du lịch, Trà đóng chai, Nước tăng lực, Ô dù gấp, Cốc nhựa, Chai nước, Túi nylon, Mì gói, Chai nước",tạo hoá,Ha Noi,"1, Phố Nguyễn Cao, Phường Hai Bà Trưng, Thành phố Hà Nội, 10078",15,3.5,convenience,21.012858999999995,105.8610047
"Gạo, Nước ngọt, Bánh ăn dặm, Bình sữa, Sữa bột, Sữa chua, Thực phẩm đóng hộp, Dầu ăn, Nước lau sàn, Nước xả vải, Kem đánh răng",Tam hằng,Ha Noi,"Đường Nguyễn Đức Thuận, Xã Gia Lâm, Thành phố Hà Nội, 08443",15,3.6,department_store,21.015926899999997,105.9456456
"Lăn khử mùi, Pin AA, Nước suối, Ô dù gấp, Ô dù gấp, Bút bi, Pin sạc, Sữa chua uống, Sữa hộp, Khăn ướt, Kem đánh răng, Pin sạc, Gối cổ du lịch, Muỗng nhựa, Sữa hộp, Pin sạc, Bao rác",TN MART,Ha Noi,"72, Ngõ 299 Đường Hoàng Mai, Phường Tương Mai, Thành phố Hà Nội, 11617",20,3.9,convenience,20.987909100000003,105.86224120000001
"Khăn giấy, Ô dù gấp, Thịt hộp, Găng tay nilon, Túi nylon, Xà phòng tắm, Lăn khử mùi, Lăn khử mùi, Găng tay nilon, Bánh bao mini, Bánh quy, Kẹo, Kẹo cao su, Dây sạc điện thoại, Khoai tây chiên, Cà phê lon, Khoai tây chiên, Bóng đèn LED mini",tạp hoá,Ha Noi,"15, Phố Lê Ngọc Hân, Phường Hai Bà Trưng, Thành phố Hà Nội, 10092",20,4.3,convenience,21.0163926,105.8555285
"Kẹo, Túi nylon, Bao rác, Dây sạc điện thoại, Bánh mì sandwich, Bao rác, Dao cạo râu, Bút bi, Pin sạc, Nước ngọt, Lăn khử mùi",Siêu Thị Aki,Ha Noi,"40A, Phố Trần Xuân Soạn, Phường Hai Bà Trưng, Thành phố Hà Nội, 10047",15,4.1,convenience,21.01709,105.8543279
"Khăn ướt, Nước xả vải, Bột nêm, Giấy vệ sinh, Muối, Thực phẩm đóng hộp, Ngũ cốc, Nước xả vải, Mì gói, Bánh ăn dặm, Sữa tắm, Bình sữa, Thực phẩm đóng hộp",smart kid,Ha Noi,"205, Phố Phúc Tân, Phường Hồng Hà, Thành phố Hà Nội, 11008",20,4.4,department_store,21.0351589,105.8556804
"Sổ tay nhỏ, Mì ly, Gối cổ du lịch, Bao rác, Bánh snack, Pin AA, Nước tăng lực, Túi nylon, Cà phê lon, Mì gói, Dao cạo râu, Túi nylon, Khăn giấy, Kẹo, Dây sạc điện thoại, Khẩu trang y tế, Cốc nhựa, Lăn khử mùi",Sữa tươi mộc châu,Ha Noi,"50, Phố Hàng Chuối, Phường Hai Bà Trưng, Thành phố Hà Nội, 10092",20,4,convenience,21.0151407,105.85810490000001
"Bánh snack, Pin sạc, Pin AA, Gối cổ du lịch, Khoai tây chiên, Sữa chua uống, Bàn chải đánh răng, Nước tăng lực, Kem đánh răng, Dao cạo râu, Lăn khử mùi, Bút bi, Dao cạo râu, Sữa chua uống, Gối cổ du lịch, Sữa hộp, Gối cổ du lịch",phúc hưng,Ha Noi,"14D, Phố Hàng Chuối, Phường Hai Bà Trưng, Thành phố Hà Nội, 10092",20,4,convenience,21.017950599999995,105.8568398
"Cá hộp, Giấy vệ sinh, Giấy vệ sinh, Bơ thực vật, Nước rửa chén, Trà túi lọc, Đường, Khẩu trang y tế, Chảo chống dính, Nước tương, Nước rửa chén, Đĩa sứ, Rau củ quả, Mì gói, Nước hoa mini, Nước mắm, Rau củ quả, Gạo",Siêu Thị Hapro,Ha Noi,"13, Phố Hàn Thuyên, Phường Hai Bà Trưng, Thành phố Hà Nội, 10151",55,4.2,supermarket,21.018920200000004,105.8583853
"Bàn chải đánh răng, Khẩu trang y tế, Cà phê lon, Nước suối, Khăn giấy, Nước ngọt, Mì gói, Túi nylon, Mì gói, Bánh quy, Nước ngọt, Bóng đèn LED mini, Khăn ướt, Pin sạc",Tạp hoá,Ha Noi,"96, Đường Đại Cồ Việt, Phường Hai Bà Trưng, Thành phố Hà Nội, 10053",20,4.3,convenience,21.0083072,105.84679550000001
"Sổ tay nhỏ, Gối cổ du lịch, Muỗng nhựa, Sữa hộp, Mì gói, Ô dù gấp, Khoai tây chiên, Nước ngọt, Cà phê lon, Sữa chua uống, Dầu gội, Bánh quy, Dầu gội, Bánh snack, Bật lửa, Bánh quy, Khăn giấy","Rượu bia, bánh kẹo",Ha Noi,"25, Phố Lê Đại Hành, Phường Hai Bà Trưng, Thành phố Hà Nội, 10058",15,3.9,convenience,21.0098037,105.849833
"Ô dù gấp, Mì ly, Trà đóng chai, Ô dù gấp, Thịt hộp, Cà phê lon, Bàn chải đánh răng, Khẩu trang y tế, Kẹo, Cốc nhựa, Sữa hộp",Tạp hoá,Ha Noi,"10 ngõ 40, Ngõ 9 Võ Thị Sáu, Phường Bạch Mai, Thành phố Hà Nội, 10078",20,4.1,convenience,21.0082863,105.8551965
"Túi nylon, Cốc nhựa, Bao rác, Bật lửa, Bật lửa, Bóng đèn LED mini, Dao cạo râu, Dầu gội, Bàn chải đánh răng, Thịt hộp, Kẹo cao su, Gối cổ du lịch, Bóng đèn LED mini, Bàn chải đánh răng, Bánh snack, Khăn giấy, Pin sạc, Bánh snack, Cốc nhựa",Tạp hoá,Ha Noi,"60, Ngõ 42 Phố Võ Thị Sáu, Phường Bạch Mai, Thành phố Hà Nội, 10053",10,4.1,convenience,21.0066279,105.8544553
"Kẹo cao su, Cà phê lon, Bánh quy, Pin sạc, Khăn giấy, Khăn giấy, Nước suối, Pin sạc, Nước ngọt, Sổ tay nhỏ",Tr mart,Ha Noi,"434, Đường Trần Khát Chân, Phường Hai Bà Trưng, Thành phố Hà Nội, 10078",20,4.3,convenience,21.009407,105.8553287
"Bánh mì sandwich, Muỗng nhựa, Dao cạo râu, Bánh mì sandwich, Kem đánh răng, Bánh snack, Nước suối, Cà phê lon, Túi nylon, Cà phê lon, Khăn giấy, Bao rác, Sữa hộp, Sổ tay nhỏ, Sổ tay nhỏ, Nước tăng lực",phở bò gà,Ha Noi,"49, Phố Lê Gia Đỉnh, Phường Hai Bà Trưng, Thành phố Hà Nội, 10078",20,4.1,convenience,21.0108625,105.854718
"Nước suối, Dầu gội, Kem đánh răng, Cà phê lon, Bánh mì sandwich, Thịt hộp, Khăn giấy, Thịt hộp, Bàn chải đánh răng, Ô dù gấp, Muỗng nhựa, Bao rác, Trà đóng chai, Dao cạo râu, Xà phòng tắm, Cốc nhựa",Thái lan,Ha Noi,"112, Phố Lê Gia Đỉnh, Phường Hai Bà Trưng, Thành phố Hà Nội, 10078",20,4.4,convenience,21.0103228,105.8547341
"Sữa hộp, Kẹo cao su, Bánh snack, Thịt hộp, Bánh bao mini, Khoai tây chiên, Cà phê lon, Gối cổ du lịch, Khẩu trang y tế, Bút bi, Kem đánh răng, Bóng đèn LED mini, Bút bi, Bàn chải đánh răng, Nước tăng lực",Tạp hoá,Ha Noi,"78 ngõ 121, Ngõ 121 Phố Lê Thanh Nghị, Phường Bạch Mai, Thành phố Hà Nội, 10999",20,3.9,convenience,21.001167099999996,105.842807
"Bánh mì sandwich, Khăn giấy, Dao cạo râu, Bút bi, Kẹo, Dây sạc điện thoại, Sổ tay nhỏ, Kẹo cao su, Kem đánh răng, Mì ly, Mì ly, Sữa chua uống, Bật lửa, Khăn ướt, Sữa chua uống, Mì gói, Mì ly, Mì gói, Nước tăng lực, Kẹo",Tạp hoá,Ha Noi,"349, Đường Giải Phóng, Phường Tương Mai, Thành phố Hà Nội, 10999",15,3.9,convenience,20.9965849,105.841666
"Xà phòng tắm, Nước ngọt, Thịt hộp, Xà phòng tắm, Nước ngọt, Muỗng nhựa, Xà phòng tắm, Kem đánh răng, Bật lửa, Khăn giấy, Bánh mì sandwich, Xà phòng tắm",Thúy mỵ,Ha Noi,"10, Ngõ 12 Phan Đình Giót, Phường Phương Liệt, Thành phố Hà Nội, 11617",20,4,convenience,20.991084,105.8403287
"Khoai tây chiên, Kẹo cao su, Nước suối, Cà phê lon, Cà phê lon, Gối cổ du lịch, Nước tăng lực, Kẹo, Pin sạc, Sữa chua uống, Dây sạc điện thoại, Dầu gội, Nước tăng lực, Khoai tây chiên, Khăn giấy, Bánh bao mini",Tạp hoá,Ha Noi,"155, Phố Đại La, Phường Tương Mai, Thành phố Hà Nội, 10999",10,4.2,convenience,20.996530799999995,105.8453276
"Bóng đèn LED mini, Cà phê lon, Túi nylon, Thịt hộp, Xà phòng tắm, Nước suối, Khăn ướt, Bánh bao mini, Kẹo cao su, Kẹo cao su, Muỗng nhựa, Kẹo, Bao rác, Nước ngọt",Tạp hoá,Ha Noi,"26, Phố Mã Mây, Phường Hoàn Kiếm, Thành phố Hà Nội, 11010",20,3.7,convenience,21.0357154,105.85329
"Khăn ướt, Bao rác, Găng tay nilon, Găng tay nilon, Sổ tay nhỏ, Khăn giấy, Dây sạc điện thoại, Dao cạo râu, Sữa chua uống, Xà phòng tắm, Kẹo cao su, Khăn ướt",Quán nước,Ha Noi,"34, Phố Mã Mây, Phường Hoàn Kiếm, Thành phố Hà Nội, 11010",10,3.7,convenience,21.035647699999995,105.85331800000002
"Nước tăng lực, Kem đánh răng, Muỗng nhựa, Bàn chải đánh răng, Bóng đèn LED mini, Trà đóng chai, Nước tăng lực, Khẩu trang y tế, Mì gói, Cà phê lon, Chai nước, Kẹo, Sữa hộp, Cà phê lon, Trà đóng chai",Tạp phẩm,Ha Noi,"39, Phố Hàng Chĩnh, Phường Hoàn Kiếm, Thành phố Hà Nội, 11010",15,4.2,convenience,21.035456599999996,105.8534607
"Bánh mì sandwich, Dao cạo râu, Khẩu trang y tế, Sữa hộp, Khăn giấy, Cốc nhựa, Cốc nhựa, Trà đóng chai, Gối cổ du lịch, Sổ tay nhỏ",Tạp phẩm 39 mã mây,Ha Noi,"39, Phố Hàng Chĩnh, Phường Hoàn Kiếm, Thành phố Hà Nội, 11010",10,3.8,convenience,21.035484999999998,105.8536015
"Nước tăng lực, Muỗng nhựa, Bánh bao mini, Bánh quy, Túi nylon, Dao cạo râu, Khăn giấy, Muỗng nhựa, Ô dù gấp, Bánh mì sandwich, Sữa chua uống, Nước tăng lực, Khoai tây chiên",Chợ Sạch,Ha Noi,"2, Phố Phủ Doãn, Phường Hoàn Kiếm, Thành phố Hà Nội, 11015",20,4.3,convenience,21.0301765,105.8474866
"Kem đánh răng, Bánh snack, Kem đánh răng, Lăn khử mùi, Gối cổ du lịch, Khoai tây chiên, Sữa chua uống, Kẹo cao su, Xà phòng tắm, Kẹo cao su, Kẹo cao su, Mì gói, Ô dù gấp",uni mart,Ha Noi,"1, Phố Lý Nam Đế, Phường Hoàn Kiếm, Thành phố Hà Nội, 11000",15,4.3,convenience,21.0396297,105.8461835
"Lăn khử mùi, Bánh quy, Pin AA, Nước tăng lực, Lăn khử mùi, Nước ngọt, Bóng đèn LED mini, Dây sạc điện thoại, Mì gói, Kẹo, Sổ tay nhỏ, Cà phê lon, Dầu gội, Khăn ướt, Gối cổ du lịch, Khăn ướt, Nước suối",tạp hoá,Ha Noi,"5, Phố Lý Nam Đế, Phường Hoàn Kiếm, Thành phố Hà Nội, 11000",10,4.4,convenience,21.038666100000004,105.8458531
"Khăn giấy, Nước tăng lực, Bóng đèn LED mini, Nước tăng lực, Xà phòng tắm, Chai nước, Kem đánh răng, Khoai tây chiên, Dao cạo râu, Kem đánh răng, Dây sạc điện thoại, Kẹo cao su, Mì gói, Túi nylon, Xà phòng tắm",Thanh hà,Ha Noi,"41, Phố Lý Quốc Sư, Phường Hoàn Kiếm, Thành phố Hà Nội, 11006",20,4.4,convenience,21.0296949,105.8489541
"Bánh quy, Dao cạo râu, Túi nylon, Khăn ướt, Bánh bao mini, Gối cổ du lịch, Bao rác, Lăn khử mùi, Cốc nhựa, Sữa chua uống, Lăn khử mùi, Bật lửa, Khẩu trang y tế, Túi nylon, Mì ly, Gối cổ du lịch",Siêu Thị Mini Best Mart,Ha Noi,"2, Phố Lý Quốc Sư, Phường Hoàn Kiếm, Thành phố Hà Nội, 11006",10,3.9,convenience,21.030979599999995,105.8486064
"Ngũ cốc, Khăn giấy, Bánh ăn dặm, Sữa bột, Bột giặt, Bình sữa, Dầu ăn, Bột giặt, Mì gói, Cà phê, Gạo",Đại Lý Minh Anh,Ha Noi,"Phố Nguyễn Văn Hưởng, Phường Việt Hưng, Thành phố Hà Nội, 08443",15,4.4,department_store,21.0593454,105.9154183
"Ngũ cốc ăn sáng, Bột giặt, Gạo, Son dưỡng môi, Muỗng nĩa, Nước mắm, Khẩu trang y tế, Ngũ cốc ăn sáng, Trà túi lọc, Thịt heo, Mì gói, Kem cạo râu, Thớt, Khăn giấy, Nước rửa chén, Thớt, Giấy bọc thực phẩm, Bột mì, Bột giặt, Bơ thực vật",Siêu thị Hằng Vui,Ha Noi,"Nơ 2, Phố Đạm Phương, Phường Hoàng Liệt, Thành phố Hà Nội, 11718",55,4.3,supermarket,20.965335200000002,105.83271650000002
"Gạo, Ngũ cốc, Bánh kẹo, Sữa chua, Sữa bột trẻ em, Nước ngọt, Sữa bột, Giấy vệ sinh, Gạo, Cà phê, Dầu gội, Dầu ăn, Nước mắm, Nước suối, Muối",ô mai vạn lợi,Ha Noi,"Phố Hàng Da, Phường Hoàn Kiếm, Thành phố Hà Nội, 11016",20,4.2,department_store,21.030945,105.8466714
"Khăn ướt, Tã em bé, Tã em bé, Sữa chua, Bình sữa, Khăn ướt, Nước mắm, Dầu ăn, Thực phẩm đóng hộp, Sữa chua, Nước lau sàn, Sữa tươi, Đường, Tã em bé, Mì gói, Giấy vệ sinh, Nước rửa chén, Trà, Tã em bé, Cà phê",Thành,Ha Noi,"Ngõ 40 Phố Tạ Quang Bửu, Phường Bạch Mai, Thành phố Hà Nội, 10999",15,3.5,department_store,21.004032599999995,105.8471332
"Snack, Muỗng nĩa, Sữa chua, Nước tương, Ngũ cốc ăn sáng, Chảo chống dính, Thớt, Sữa chua, Sữa tươi, Nước trái cây, Đường, Bông tẩy trang, Chảo chống dính, Muỗng nĩa, Nước rửa chén, Cá hộp, Chảo chống dính, Thịt heo, Trứng gà",Co-op Mart,Ha Noi,"2, Phố Long Biên 2, Phường Bồ Đề, Thành phố Hà Nội, 11008",65,4.1,supermarket,21.0452716,105.86633690000001
"Khăn giấy, Sữa bột, Sữa tươi, Nước lau sàn, Nước rửa chén, Sữa tươi, Ngũ cốc, Nước suối, Mì gói, Sữa chua",Bách Hoá Hùng Hiền,Ha Noi,"Ngõ 42 Thanh Bình, Phường Hà Đông, Thành phố Hà Nội, 12100",20,4.4,department_store,20.9783373,105.7806227
"Bánh bao mini, Dao cạo râu, Khăn giấy, Khăn giấy, Bút bi, Nước tăng lực, Sữa hộp, Găng tay nilon, Pin sạc, Kem đánh răng, Cà phê lon, Sổ tay nhỏ, Kem đánh răng, Thịt hộp, Trà đóng chai, Mì ly, Lăn khử mùi, Bàn chải đánh răng, Dây sạc điện thoại, Nước tăng lực",Như ý,Ha Noi,"Quốc lộ 21B, Xã Bình Minh, Thành phố Hà Nội",15,4.3,convenience,20.890785499999996,105.7636437
"Dao cạo râu, Mì ly, Bật lửa, Dầu gội, Nước tăng lực, Gối cổ du lịch, Dao cạo râu, Mì gói, Dầu gội, Pin sạc",Sơn Phượng,Ha Noi,"ĐT.419, Xã Hưng Đạo, Thành phố Hà Nội, 01234",20,4.5,convenience,20.978212699999993,105.6507811
"Pin sạc, Bút bi, Sổ tay nhỏ, Ô dù gấp, Ô dù gấp, Nước tăng lực, Xà phòng tắm, Thịt hộp, Bao rác, Muỗng nhựa, Pin AA, Xà phòng tắm, Bao rác, Khẩu trang y tế, Cà phê lon, Kẹo cao su, Muỗng nhựa, Bánh bao mini",Chợ Chúc Sơn,Ha Noi,"Quốc lộ 6, Phường Chương Mỹ, Thành phố Hà Nội, 13400",15,4,convenience,20.91902139999999,105.7029956
"Sổ tay nhỏ, Kem đánh răng, Lăn khử mùi, Khăn giấy, Sổ tay nhỏ, Dây sạc điện thoại, Muỗng nhựa, Bánh mì sandwich, Bánh quy, Dầu gội, Chai nước",Vinh hoa,Ha Noi,"Đường Chùa Trầm, Phường Chương Mỹ, Thành phố Hà Nội, 13400",15,3.6,convenience,20.920696799999998,105.6964137
"Khoai tây chiên, Bao rác, Nước tăng lực, Kem đánh răng, Muỗng nhựa, Găng tay nilon, Khăn giấy, Sữa chua uống, Túi nylon, Bóng đèn LED mini, Túi nylon, Kem đánh răng, Bật lửa",Oanh xinh,Ha Noi,"Đường Tỉnh 419, Xã Quảng Bị, Thành phố Hà Nội, 13400",20,4,convenience,20.878648999999992,105.702105
"Bánh mì sandwich, Nước suối, Pin AA, Bật lửa, Thịt hộp, Dầu gội, Chai nước, Khăn giấy, Bánh mì sandwich, Nước tăng lực, Khăn giấy, Khẩu trang y tế, Dao cạo râu, Bánh snack, Nước tăng lực, Găng tay nilon, Pin sạc",Tuấn vinh,Ha Noi,"Đường Tỉnh 419, Phường Chương Mỹ, Thành phố Hà Nội, 13400",20,3.6,convenience,20.887268,105.7000881
"Kẹo cao su, Dao cạo râu, Ô dù gấp, Bút bi, Mì gói, Găng tay nilon, Sữa hộp, Khoai tây chiên, Muỗng nhựa, Lăn khử mùi, Khăn ướt, Khăn giấy",Thiện chiến,Ha Noi,"Đường tỉnh 429, Xã Phúc Sơn, Thành phố Hà Nội",20,4.5,convenience,20.7958938,105.6714447
"Chai nước, Bánh quy, Sổ tay nhỏ, Trà đóng chai, Dầu gội, Sữa chua uống, Nước ngọt, Bao rác, Dây sạc điện thoại, Bút bi, Kem đánh răng, Bóng đèn LED mini",Sang hà,Ha Noi,"Đường tỉnh 429, Xã Phúc Sơn, Thành phố Hà Nội",20,4,convenience,20.799497699999996,105.6724396
"Sữa chua uống, Nước tăng lực, Sữa hộp, Gối cổ du lịch, Muỗng nhựa, Bánh snack, Dầu gội, Sữa chua uống, Muỗng nhựa, Khẩu trang y tế, Nước suối, Nước suối, Bàn chải đánh răng",Thế lan,Ha Noi,"Đường Tỉnh 419, Xã Hòa Phú, Thành phố Hà Nội",10,4.3,convenience,20.825072799999997,105.7138933
"Bao rác, Lăn khử mùi, Dầu gội, Khăn ướt, Sữa hộp, Bánh snack, Gối cổ du lịch, Kẹo cao su, Ô dù gấp, Thịt hộp, Chai nước, Bật lửa, Khăn ướt, Sữa hộp",Sự tích,Ha Noi,"Đường Tỉnh 419, Xã Hòa Phú, Thành phố Hà Nội",20,3.9,convenience,20.8194485,105.71406960000002
"Muỗng nhựa, Nước tăng lực, Dây sạc điện thoại, Pin AA, Dao cạo râu, Bánh snack, Kem đánh răng, Bàn chải đánh răng, Kẹo, Thịt hộp, Bao rác, Kẹo, Chai nước, Mì gói, Ô dù gấp",Thế an,Ha Noi,"Đường Tỉnh 419, Xã Hòa Phú, Thành phố Hà Nội",20,4.2,convenience,20.8167117,105.7159682
"Túi nylon, Kẹo, Bánh bao mini, Găng tay nilon, Dao cạo râu, Bút bi, Mì gói, Khoai tây chiên, Pin sạc, Bánh bao mini, Nước tăng lực, Sổ tay nhỏ, Nước tăng lực, Khẩu trang y tế, Dây sạc điện thoại, Kẹo, Bàn chải đánh răng, Bánh quy",Thanh nụ,Ha Noi,"Đường Tỉnh 419, Xã Hòa Phú, Thành phố Hà Nội",10,4.1,convenience,20.8147282,105.7107884
"Cà phê lon, Pin sạc, Bánh quy, Dao cạo râu, Bánh quy, Sữa chua uống, Nước tăng lực, Ô dù gấp, Dao cạo râu, Bánh quy, Bánh bao mini, Pin AA, Dao cạo râu, Pin sạc, Găng tay nilon, Nước tăng lực, Bóng đèn LED mini, Túi nylon",Thứ nhất,Ha Noi,"Đường Tỉnh 419, Xã Hòa Phú, Thành phố Hà Nội",15,3.8,convenience,20.8109572,105.7116325
"Bánh snack, Ô dù gấp, Sữa hộp, Bánh quy, Muỗng nhựa, Bánh snack, Bánh quy, Trà đóng chai, Dây sạc điện thoại, Găng tay nilon, Khăn giấy, Bánh bao mini, Bánh snack, Chai nước, Túi nylon, Găng tay nilon",Phú mỹ,Ha Noi,"Đường Hồ Chí Minh, Xã Trần Phú, Thành phố Hà Nội",20,3.8,convenience,20.819159600000003,105.6461727
"Dầu ăn, Cà phê, Sữa bột, Dầu ăn, Gạo, Mì gói, Cà phê, Nước rửa chén, Sữa bột trẻ em, Tã em bé",Siêu thị dũng bình,Ha Noi,"Đường tỉnh 419, Xã Hồng Sơn, Thành phố Hà Nội",15,4.1,department_store,20.7601501,105.6985779
"Bánh snack, Khăn giấy, Pin sạc, Mì gói, Nước tăng lực, Ô dù gấp, Chai nước, Cà phê lon, Gối cổ du lịch, Găng tay nilon",Ý an,Ha Noi,"Đường tỉnh 429, Xã Ứng Thiên, Thành phố Hà Nội",10,3.8,convenience,20.8076309,105.7296464
"Bánh quy, Khẩu trang y tế, Nước suối, Xà phòng tắm, Sổ tay nhỏ, Kẹo, Bánh quy, Kẹo, Bánh snack, Dao cạo râu, Lăn khử mùi, Nước ngọt, Bao rác, Kẹo cao su, Dao cạo râu, Khăn giấy, Muỗng nhựa, Sổ tay nhỏ, Kẹo cao su",Tự  hạnh,Ha Noi,"Đường tỉnh 429, Xã Dân Hòa, Thành phố Hà Nội, 13524",20,4.4,convenience,20.813919799999997,105.7836264
"Bóng đèn LED mini, Bánh mì sandwich, Ô dù gấp, Bánh quy, Kem đánh răng, Muỗng nhựa, Ô dù gấp, Chai nước, Chai nước, Bao rác, Bóng đèn LED mini, Sổ tay nhỏ, Bút bi, Muỗng nhựa, Bao rác, Nước suối, Bao rác, Bánh mì sandwich, Trà đóng chai, Khăn giấy",Thế  tâm,Ha Noi,"Quốc lộ 21B, Xã Thanh Oai, Thành phố Hà Nội, 10000",20,3.8,convenience,20.8159501,105.7706533
"Bánh mì sandwich, Cà phê lon, Lăn khử mùi, Dầu gội, Găng tay nilon, Kẹo, Bánh quy, Chai nước, Bánh snack, Nước ngọt, Găng tay nilon, Bánh mì sandwich, Bàn chải đánh răng, Pin AA, Trà đóng chai, Sữa chua uống, Bật lửa, Pin sạc",Tự hà,Ha Noi,"Đường Hồ Chí Minh, Xã Trần Phú, Thành phố Hà Nội",20,3.7,convenience,20.8176586,105.6443087
"Bánh quy, Bật lửa, Sữa hộp, Nước suối, Sổ tay nhỏ, Bút bi, Khăn giấy, Khăn giấy, Bánh quy, Nước tăng lực, Bàn chải đánh răng, Pin AA, Cốc nhựa, Khăn ướt, Khẩu trang y tế, Bóng đèn LED mini, Bánh bao mini, Xà phòng tắm",Thế  mĩ,Ha Noi,"Đường Hồ Chí Minh, Xã Trần Phú, Thành phố Hà Nội",10,4,convenience,20.814109399999992,105.6452183
"Trà đóng chai, Khẩu trang y tế, Túi nylon, Bật lửa, Mì ly, Sữa chua uống, Khẩu trang y tế, Gối cổ du lịch, Dây sạc điện thoại, Mì gói, Trà đóng chai, Bánh bao mini, Gối cổ du lịch",Tâm mart,Ha Noi,"Đường Làng Chuông, Xã Thanh Oai, Thành phố Hà Nội, 10000",20,4.4,convenience,20.827432099999996,105.763735
"Cốc nhựa, Cốc nhựa, Khăn giấy, Thịt hộp, Găng tay nilon, Nước ngọt, Khẩu trang y tế, Sữa chua uống, Chai nước, Bánh bao mini, Muỗng nhựa, Bánh quy, Dầu gội, Nước ngọt, Kẹo, Bánh snack, Bánh mì sandwich",Quán dung,Ha Noi,"Quốc lộ 21B, Xã Ứng Thiên, Thành phố Hà Nội, 13524",20,4,convenience,20.7603792,105.7664103
"Sổ tay nhỏ, Kem đánh răng, Pin sạc, Sổ tay nhỏ, Chai nước, Pin AA, Găng tay nilon, Kẹo, Thịt hộp, Sữa chua uống, Sữa hộp, Sữa hộp, Bút bi, Pin AA, Muỗng nhựa, Bàn chải đánh răng, Khẩu trang y tế",Vịnh tuân,Ha Noi,"Quốc lộ 21B mở rộng, Xã Hòa Xá, Thành phố Hà Nội",20,3.7,convenience,20.708565399999998,105.765983
"Muỗng nhựa, Xà phòng tắm, Dây sạc điện thoại, Gối cổ du lịch, Lăn khử mùi, Sữa hộp, Bàn chải đánh răng, Chai nước, Khoai tây chiên, Bánh mì sandwich, Kẹo cao su, Cà phê lon",Quốc Anh,Ha Noi,"Quốc lộ 21B, Xã Vân Đình, Thành phố Hà Nội",20,3.8,convenience,20.733166,105.7703356
"Mì ly, Gối cổ du lịch, Kẹo cao su, Mì ly, Găng tay nilon, Bánh quy, Kem đánh răng, Bánh mì sandwich, Cốc nhựa, Bàn chải đánh răng, Chai nước, Sữa chua uống, Ô dù gấp, Ô dù gấp, Bánh mì sandwich",Thế  mơ,Ha Noi,"Cầu Đề, Xã Hòa Xá, Thành phố Hà Nội",15,4.4,convenience,20.6938586,105.7693251
"Bánh mì sandwich, Bật lửa, Kẹo cao su, Khẩu trang y tế, Nước tăng lực, Sổ tay nhỏ, Ô dù gấp, Bút bi, Găng tay nilon, Khẩu trang y tế, Xà phòng tắm, Khăn giấy, Trà đóng chai, Dầu gội, Kẹo, Pin sạc, Chai nước, Dao cạo râu, Khoai tây chiên, Bánh quy",Ngân khánh,Ha Noi,"Đường Đại Nghĩa, Xã Mỹ Đức, Thành phố Hà Nội",15,4.3,convenience,20.684590499999995,105.7426908
"Dây sạc điện thoại, Bóng đèn LED mini, Kẹo cao su, Khăn ướt, Sữa chua uống, Kẹo cao su, Khăn giấy, Kem đánh răng, Trà đóng chai, Bánh snack, Nước tăng lực, Bàn chải đánh răng, Kem đánh răng, Ô dù gấp, Thịt hộp, Túi nylon, Khoai tây chiên, Trà đóng chai, Sổ tay nhỏ",Túy nhiên,Ha Noi,"Đường tỉnh 419, Xã Mỹ Đức, Thành phố Hà Nội",10,3.8,convenience,20.685894,105.74087250000001
"Bánh snack, Mì gói, Pin sạc, Bánh quy, Bút bi, Cà phê lon, Trà đóng chai, Sữa chua uống, Khẩu trang y tế, Bánh quy, Bánh snack, Khăn giấy, Mì gói, Sổ tay nhỏ, Bánh snack, Khăn ướt, Dầu gội, Ô dù gấp, Trà đóng chai, Ô dù gấp",WinMart+,Ha Noi,"Thôn Quỳnh Đô, Đường Vĩnh Quỳnh, Xã Thanh Trì, Thành phố Hà Nội, 12506",20,4.1,convenience,20.9387796,105.8399343
"Mì ly, Lăn khử mùi, Khăn giấy, Lăn khử mùi, Trà đóng chai, Khăn giấy, Ô dù gấp, Sữa chua uống, Bánh quy, Khăn giấy, Pin AA, Sữa chua uống, Cà phê lon, Khẩu trang y tế, Dao cạo râu, Khăn ướt, Pin AA, Dầu gội, Cà phê lon",Phan,Ha Noi,"21, Đường Phan Trọng Tuệ, Xã Thanh Trì, Thành phố Hà Nội, 12506",20,4.2,convenience,20.9428687,105.8432742
"Sữa hộp, Khoai tây chiên, Dao cạo râu, Ô dù gấp, Bao rác, Khăn giấy, Sữa hộp, Cà phê lon, Nước ngọt, Túi nylon, Bóng đèn LED mini, Bánh quy, Khăn giấy, Bánh quy, Cốc nhựa, Bóng đèn LED mini, Bao rác, Ô dù gấp, Cốc nhựa",Ngọc Linh,Ha Noi,"Xóm 4 Quỳnh Đô, Đường Vĩnh Quỳnh, Xã Thanh Trì, Thành phố Hà Nội, 12506",10,4.2,convenience,20.934340599999995,105.837044
"Mì gói, Bóng đèn LED mini, Kẹo, Lăn khử mùi, Găng tay nilon, Chai nước, Lăn khử mùi, Bóng đèn LED mini, Mì ly, Lăn khử mùi, Trà đóng chai, Nước suối, Kẹo cao su, Lăn khử mùi, Túi nylon, Sổ tay nhỏ",Vũ Hương,Ha Noi,"13 Vĩnh Ninh, Đường Đại Hưng, Xã Ngọc Hồi, Thành phố Hà Nội, 12506",10,4.3,convenience,20.932543200000005,105.8297063
"Sữa hộp, Bánh snack, Trà đóng chai, Kem đánh răng, Bánh snack, Cốc nhựa, Chai nước, Bánh bao mini, Bóng đèn LED mini, Cà phê lon, Mì ly, Bóng đèn LED mini, Sữa hộp, Nước suối, Xà phòng tắm, Sữa hộp, Bánh bao mini, Bánh mì sandwich, Mì ly, Sữa chua uống",WinMart+,Ha Noi,"Phố Nguyễn Hữu Liêu, Phường Xuân Đỉnh, Thành phố Hà Nội, 10264",15,4.5,convenience,21.064216699999996,105.8011152
"Đĩa sứ, Bột ngọt, Bột giặt, Thịt heo, Nước hoa mini, Cá hộp, Snack, Sữa chua, Khăn giấy, Nước rửa chén, Nước rửa chén, Thịt heo, Ngũ cốc ăn sáng, Giấy bọc thực phẩm, Túi đựng rác, Bột ngọt, Muối, Muỗng nĩa, Nước hoa mini, Thớt",Siêu thị Đức Thành,Ha Noi,"KĐT Đền Lừ II, Phường Tương Mai, Thành phố Hà Nội, 11617",155,4.4,supermarket,20.983901599999996,105.859713
"Dây sạc điện thoại, Sổ tay nhỏ, Bánh snack, Dao cạo râu, Nước suối, Nước tăng lực, Bật lửa, Sổ tay nhỏ, Bật lửa, Dây sạc điện thoại, Kẹo cao su, Bút bi, Sổ tay nhỏ, Thịt hộp, Bút bi, Nước suối",FamilyMart,Ha Noi,"Đường Yên Sở, Xã Dương Hòa, Thành phố Hà Nội, 34000",20,4,convenience,21.042807599999996,105.6786202
"Bật lửa, Nước ngọt, Nước ngọt, Thịt hộp, Nước ngọt, Trà đóng chai, Bút bi, Găng tay nilon, Bóng đèn LED mini, Găng tay nilon, Khẩu trang y tế, Kẹo cao su, Bật lửa, Xà phòng tắm, Kẹo cao su, Kẹo cao su, Túi nylon, Mì ly, Khăn ướt, Xà phòng tắm",Phương di,Ha Noi,"Đường Di Trạch, Xã Hoài Đức, Thành phố Hà Nội, 34000",15,4.3,convenience,21.0468776,105.7184345
"Bút bi, Nước suối, Nước ngọt, Sổ tay nhỏ, Ô dù gấp, Lăn khử mùi, Xà phòng tắm, Bánh mì sandwich, Dây sạc điện thoại, Khăn giấy, Bao rác, Gối cổ du lịch, Dao cạo râu, Chai nước, Chai nước, Muỗng nhựa, Dao cạo râu, Dầu gội, Bật lửa, Mì ly",Thảo mộc,Ha Noi,"Đường Lý Phục Man, Xã Dương Hòa, Thành phố Hà Nội, 34000",10,3.8,convenience,21.040219900000004,105.6730782
"Kẹo, Bóng đèn LED mini, Lăn khử mùi, Kem đánh răng, Dao cạo râu, Dầu gội, Bao rác, Nước suối, Găng tay nilon, Dao cạo râu, Gối cổ du lịch, Túi nylon, Găng tay nilon, Bút bi, Kẹo, Bánh bao mini, Mì ly, Mì gói",Vân sinh,Ha Noi,"Đường Thôn 7, Xã Dương Hòa, Thành phố Hà Nội, 34000",20,4,convenience,21.040082499999997,105.6806991
"Pin AA, Khăn ướt, Bao rác, Xà phòng tắm, Trà đóng chai, Sữa hộp, Bánh bao mini, Bánh snack, Pin AA, Sữa hộp",Tùng tiến,Ha Noi,"Đường Yên Sở, Xã Dương Hòa, Thành phố Hà Nội, 34000",10,3.6,convenience,21.042895099999992,105.6795877
"Bóng đèn LED mini, Sữa hộp, Sữa hộp, Muỗng nhựa, Gối cổ du lịch, Chai nước, Sữa chua uống, Mì gói, Sữa chua uống, Bánh bao mini, Xà phòng tắm, Pin sạc, Túi nylon, Bật lửa, Bánh quy, Kẹo cao su",Thu hiền,Ha Noi,"Đường tỉnh 422, Xã Hoài Đức, Thành phố Hà Nội, 34000",10,3.5,convenience,21.0694468,105.707577
"Túi nylon, Bánh quy, Kẹo, Sữa hộp, Bật lửa, Dầu gội, Ô dù gấp, Muỗng nhựa, Xà phòng tắm, Găng tay nilon, Kem đánh răng",Thủy Tiên,Ha Noi,"Ngõ 58 Phúc Diễn, Phường Xuân Phương, Thành phố Hà Nội, 10085",20,4.1,convenience,21.040893799999996,105.7595077
"Kẹo cao su, Khăn giấy, Khẩu trang y tế, Dao cạo râu, Ô dù gấp, Mì gói, Dao cạo râu, Thịt hộp, Bật lửa, Muỗng nhựa, Khoai tây chiên, Pin AA, Khăn giấy, Bao rác, Bật lửa, Chai nước, Muỗng nhựa, Sữa hộp, Bánh bao mini, Lăn khử mùi",Phương uyên,Ha Noi,"Ngõ 156 Đường Tỉnh 422B, Xã Sơn Đồng, Thành phố Hà Nội, 34000",20,3.7,convenience,21.0368429,105.7350447
"Chai nước, Bàn chải đánh răng, Cà phê lon, Bánh mì sandwich, Dao cạo râu, Bánh bao mini, Bánh mì sandwich, Bàn chải đánh răng, Kem đánh răng, Sữa hộp, Kẹo cao su, Kẹo cao su, Trà đóng chai, Túi nylon, Khăn giấy, Sữa hộp",Thực phẩm sạch,Ha Noi,"Đường Phúc Diễn, Phường Xuân Phương, Thành phố Hà Nội, 10085",20,3.9,convenience,21.0348573,105.758441
"Sữa hộp, Lăn khử mùi, Bánh snack, Nước tăng lực, Cà phê lon, Khăn giấy, Chai nước, Sữa hộp, Khăn giấy, Túi nylon, Bánh mì sandwich, Khăn giấy, Khăn giấy, Bánh quy, Sữa hộp, Kẹo, Bánh mì sandwich, Chai nước",Việt anh,Ha Noi,"Đường Cầu Diễn, Phường Tây Tựu, Thành phố Hà Nội, 34000",10,4,convenience,21.050790899999996,105.73829180000001
"Sổ tay nhỏ, Dao cạo râu, Nước tăng lực, Nước tăng lực, Bút bi, Thịt hộp, Trà đóng chai, Kẹo, Khoai tây chiên, Bao rác, Sổ tay nhỏ, Bóng đèn LED mini, Găng tay nilon, Sữa chua uống, Kẹo",Phương linh,Ha Noi,"Ngõ 1 Khu tập thể Trung tâm 75, Xã Hoài Đức, Thành phố Hà Nội, 34000",15,4.5,convenience,21.0647177,105.718709
"Lăn khử mùi, Bánh bao mini, Sổ tay nhỏ, Bóng đèn LED mini, Kẹo cao su, Dây sạc điện thoại, Kẹo cao su, Găng tay nilon, Sổ tay nhỏ, Nước suối",Việt hải,Ha Noi,"Phố Phượng Trì, Xã Đan Phượng, Thành phố Hà Nội",10,4.1,convenience,21.086698199999997,105.6644748
"Ô dù gấp, Khẩu trang y tế, Dây sạc điện thoại, Kem đánh răng, Dây sạc điện thoại, Sữa chua uống, Bật lửa, Bao rác, Nước tăng lực, Bàn chải đánh răng, Bánh quy, Bút bi, Thịt hộp",Nhung hợi,Ha Noi,"Quốc lộ 32, Xã Hát Môn, Thành phố Hà Nội",15,3.8,convenience,21.0753217,105.64298020000001
"Bánh mì sandwich, Bút bi, Khăn ướt, Dầu gội, Gối cổ du lịch, Sổ tay nhỏ, Bao rác, Túi nylon, Sổ tay nhỏ, Bánh bao mini, Khăn ướt, Pin sạc, Túi nylon, Khăn ướt, Thịt hộp",Phương dung,Ha Noi,"Đường Lý Đàm Nghiên, Xã Hoài Đức, Thành phố Hà Nội, 34000",10,4,convenience,21.0556391,105.7021641
"Dây sạc điện thoại, Thịt hộp, Sữa chua uống, Nước ngọt, Dao cạo râu, Bàn chải đánh răng, Dao cạo râu, Bánh bao mini, Bút bi, Bánh bao mini",Vân dũng,Ha Noi,"Thu Thuận, Xã Đan Phượng, Thành phố Hà Nội",10,3.7,convenience,21.077391500000004,105.6644786
"Kẹo, Thịt hộp, Nước tăng lực, Thịt hộp, Lăn khử mùi, Sổ tay nhỏ, Lăn khử mùi, Ô dù gấp, Xà phòng tắm, Bánh quy, Muỗng nhựa, Bút bi, Sổ tay nhỏ, Sữa chua uống, Dầu gội, Kem đánh răng, Bánh bao mini, Bánh bao mini, Khẩu trang y tế",Phạm thịnh,Ha Noi,"Đường Quế Dương, Xã Dương Hòa, Thành phố Hà Nội, 34000",15,4.5,convenience,21.046757199999995,105.6746667
"Khẩu trang y tế, Kẹo cao su, Sữa hộp, Sữa hộp, Bút bi, Găng tay nilon, Bật lửa, Mì ly, Kem đánh răng, Bàn chải đánh răng, Bút bi, Chai nước",Thanh hợi,Ha Noi,"Đường Quế Dương, Xã Dương Hòa, Thành phố Hà Nội, 34000",10,3.7,convenience,21.0467247,105.6765318
"Sữa bột, Bột nêm, Đường, Cà phê, Dầu gội, Nước xả vải, Cà phê, Bánh kẹo, Tã em bé, Nước lau sàn, Gạo, Sữa bột, Sữa bột trẻ em, Sữa tươi, Bình sữa, Đường, Muối, Ngũ cốc, Giấy vệ sinh, Bình sữa",Chị hằng,Ha Noi,"Phố Nguyễn Khuyến, Phường Hà Đông, Thành phố Hà Nội, 12100",15,3.6,department_store,20.978295399999997,105.7871551
"Nước ngọt, Chai nước, Pin AA, Muỗng nhựa, Kẹo cao su, Thịt hộp, Nước tăng lực, Nước tăng lực, Bánh mì sandwich, Kẹo cao su, Nước ngọt, Mì ly",Mini Mart,Ha Noi,"Đường Sơn Đồng, Xã Sơn Đồng, Thành phố Hà Nội, 34000",15,3.9,convenience,21.04716959999999,105.7033843
"Bóng đèn LED mini, Bánh snack, Pin AA, Chai nước, Găng tay nilon, Dầu gội, Khăn giấy, Dầu gội, Sữa chua uống, Chai nước, Pin sạc, Bánh mì sandwich, Cốc nhựa, Khăn ướt, Pin AA, Sữa chua uống, Sữa chua uống, Bao rác, Trà đóng chai, Gối cổ du lịch",Tiến hòa,Ha Noi,"Cát Quế, Xã Dương Hòa, Thành phố Hà Nội, 34000",10,3.8,convenience,21.0532315,105.67536
"Sữa bột, Tã em bé, Nước suối, Bình sữa, Sữa tươi, Nước xả vải, Nước xả vải, Bình sữa, Muối, Sữa bột trẻ em, Sữa chua, Sữa chua, Khăn giấy, Sữa chua, Nước ngọt",Quán ăn,Ha Noi,"Ngõ 86 đường Trâu Quỳ, Xã Gia Lâm, Thành phố Hà Nội, 08443",15,4.2,department_store,21.005315799999995,105.935509
"Sổ tay nhỏ, Nước suối, Khẩu trang y tế, Kem đánh răng, Khăn ướt, Khoai tây chiên, Muỗng nhựa, Chai nước, Nước suối, Bánh mì sandwich, Sổ tay nhỏ, Muỗng nhựa, Nước suối, Bật lửa, Bật lửa",Mini Mart,Ha Noi,"Đường Triệu Túc, Xã Hoài Đức, Thành phố Hà Nội, 34000",10,4.4,convenience,21.048725899999997,105.70519
"Bánh bao mini, Xà phòng tắm, Bánh mì sandwich, Bánh mì sandwich, Khoai tây chiên, Khăn ướt, Khoai tây chiên, Khăn giấy, Kẹo, Ô dù gấp, Khoai tây chiên",Ninh nam,Ha Noi,"Ngõ 92 Hữu Nghị, Xã Tây Phương, Thành phố Hà Nội",15,4,convenience,21.0332786,105.6096658
"Trà đóng chai, Sổ tay nhỏ, Khoai tây chiên, Bút bi, Bánh snack, Nước ngọt, Kẹo cao su, Dây sạc điện thoại, Túi nylon, Xà phòng tắm, Nước tăng lực, Muỗng nhựa, Kem đánh răng, Pin AA, Khoai tây chiên, Dầu gội, Khẩu trang y tế, Chai nước, Khăn giấy, Lăn khử mùi",Phượng mai,Ha Noi,"Ngõ 1, Xã Tây Phương, Thành phố Hà Nội",10,3.9,convenience,21.038334599999995,105.6002019
"Túi nylon, Bàn chải đánh răng, Mì ly, Bao rác, Sổ tay nhỏ, Kẹo, Cốc nhựa, Muỗng nhựa, Nước tăng lực, Nước tăng lực, Cà phê lon, Bật lửa, Sữa chua uống, Bàn chải đánh răng, Thịt hộp, Xà phòng tắm, Bàn chải đánh răng, Dầu gội, Dây sạc điện thoại, Khăn giấy",Thanh nhàn,Ha Noi,"Đường Vạn Xuân, Xã Hoài Đức, Thành phố Hà Nội, 34000",10,3.9,convenience,21.060429700000004,105.7238736
"Trà túi lọc, Dầu gội, Bơ thực vật, Cà phê hòa tan, Ngũ cốc ăn sáng, Bơ thực vật, Giấy bọc thực phẩm, Bông tẩy trang, Dầu gội, Son dưỡng môi, Nước xả vải",Gấu Bon Sumo,Ha Noi,"Phố Đội Cấn, Phường Ba Đình, Thành phố Hà Nội, 11112",65,4.3,supermarket,21.0343991,105.8314415
"Mì ly, Nước suối, Sữa chua uống, Bàn chải đánh răng, Bánh bao mini, Khăn giấy, Mì ly, Ô dù gấp, Kẹo cao su, Thịt hộp, Bật lửa, Lăn khử mùi, Bánh quy",Sợi bien,Ha Noi,"Phố Thợ Nhuộm, Phường Cửa Nam, Thành phố Hà Nội, 10271",20,3.6,convenience,21.0255059,105.8455012
"Nước hoa mini, Bột mì, Bơ thực vật, Ngũ cốc ăn sáng, Son dưỡng môi, Trứng gà, Chảo chống dính, Dầu gội, Thớt, Khăn giấy, Sữa chua, Bột mì",WinMart,Ha Noi,"Ngõ 133 Đường Nguyễn Văn Cừ, Phường Bồ Đề, Thành phố Hà Nội, 11008",100,4.4,supermarket,21.042027899999997,105.8700266
"Nước lau sàn, Khăn giấy, Cà phê hòa tan, Muỗng nĩa, Nước xả vải, Thớt, Bột giặt, Nước rửa chén, Sữa tắm, Bột mì, Cá hộp, Đĩa sứ, Thịt heo, Khẩu trang y tế, Dao bếp, Kem dưỡng da, Sữa chua, Bơ thực vật, Dầu gội",Nông sản sạch miền núi phía Bắc,Ha Noi,"8, Ngõ 138 Đường Phú Diễn, Phường Phú Diễn, Thành phố Hà Nội, 10085",120,3.9,supermarket,21.0445738,105.7625887
"Cà phê lon, Găng tay nilon, Ô dù gấp, Ô dù gấp, Dây sạc điện thoại, Bóng đèn LED mini, Kẹo cao su, Bánh bao mini, Khăn ướt, Nước ngọt, Găng tay nilon, Dây sạc điện thoại, Túi nylon, Khăn ướt, Nước ngọt, Sữa chua uống",Circle K,Ha Noi,"Phố Hàng Gai, Phường Hoàn Kiếm, Thành phố Hà Nội, 11057",10,3.9,convenience,21.032389400000003,105.8508423
"Giấy vệ sinh, Nước lau sàn, Sữa tươi, Bông tẩy trang, Đĩa sứ, Ly thủy tinh, Ly thủy tinh, Khăn giấy, Ngũ cốc ăn sáng, Thịt heo, Muối, Thớt, Dầu ăn, Bột ngọt, Rau củ quả, Sữa tắm, Bột giặt",Siêu Thị Long Biên,Ha Noi,"Đường Hồng Hà, Phường Hồng Hà, Thành phố Hà Nội, 11009",135,4.4,supermarket,21.041035299999997,105.8509208
"Bút bi, Dầu gội, Pin sạc, Pin AA, Thịt hộp, Dây sạc điện thoại, Bàn chải đánh răng, Kẹo cao su, Găng tay nilon, Bóng đèn LED mini, Nước ngọt, Kẹo cao su, Xà phòng tắm, Dao cạo râu, Mì gói",GS25,Ha Noi,"66, Phố Hà Trung, Phường Hoàn Kiếm, Thành phố Hà Nội, 11017",10,3.6,convenience,21.030137099999994,105.8449139
"Gối cổ du lịch, Bánh mì sandwich, Xà phòng tắm, Bánh mì sandwich, Trà đóng chai, Cốc nhựa, Chai nước, Nước ngọt, Nước suối, Pin AA, Bút bi, Sữa hộp, Nước ngọt, Ô dù gấp, Pin AA",Circle K,Ha Noi,"85, Phố Hàng Điếu, Phường Hoàn Kiếm, Thành phố Hà Nội, 11016",15,4.4,convenience,21.031998800000004,105.8468624
"Nước rửa chén, Kem cạo râu, Đĩa sứ, Gạo, Cà phê hòa tan, Đĩa sứ, Nước tương, Ngũ cốc ăn sáng, Nước tương, Nước lau sàn, Khăn giấy, Sốt cà chua, Rau củ quả, Bột mì, Nước trái cây, Dao bếp, Túi đựng rác, Giấy bọc thực phẩm",Strassenmarkt,Ha Noi,"Phố Cao Thắng, Phường Hoàn Kiếm, Thành phố Hà Nội, 11009",70,3.8,supermarket,21.038718199999995,105.8510354
"Cà phê lon, Dao cạo râu, Túi nylon, Muỗng nhựa, Bao rác, Sữa hộp, Bánh quy, Bao rác, Dây sạc điện thoại, Bánh snack, Bút bi, Cốc nhựa",Tạp hóa Minh Châu,Ha Noi,"72, Phố Duy Tân, Phường Cầu Giấy, Thành phố Hà Nội, 10192",10,4.2,convenience,21.0308446,105.7841754
"Túi nylon, Mì ly, Xà phòng tắm, Khẩu trang y tế, Nước ngọt, Sữa chua uống, Thịt hộp, Khẩu trang y tế, Sữa chua uống, Bánh snack, Kem đánh răng, Túi nylon, Túi nylon, Bàn chải đánh răng, Muỗng nhựa, Pin sạc, Xà phòng tắm, Bút bi, Gối cổ du lịch",Hmart - Chợ Mới Phú Diễn,Ha Noi,"Ngõ 193 Đường Phú Diễn, Phường Phú Diễn, Thành phố Hà Nội, 12500",15,3.7,convenience,21.0519874,105.7578854
"Khăn ướt, Cà phê lon, Mì gói, Pin AA, Kẹo, Xà phòng tắm, Nước tăng lực, Xà phòng tắm, Bóng đèn LED mini, Sữa hộp, Dây sạc điện thoại",Circle K,Ha Noi,"Đường Hồ Tùng Mậu, Phường Phú Diễn, Thành phố Hà Nội, 10085",10,4.3,convenience,21.036774200000004,105.7792733
"Kem đánh răng, Bánh mì sandwich, Bánh quy, Bàn chải đánh răng, Bật lửa, Lăn khử mùi, Chai nước, Sữa chua uống, Muỗng nhựa, Chai nước, Cà phê lon, Mì gói, Túi nylon, Bánh mì sandwich, Mì ly, Sổ tay nhỏ, Bóng đèn LED mini, Kem đánh răng, Găng tay nilon",WinMart+,Ha Noi,"138, Đường Phú Diễn, Phường Phú Diễn, Thành phố Hà Nội, 10085",15,3.5,convenience,21.044734699999992,105.7623394
"Sổ tay nhỏ, Bánh bao mini, Kem đánh răng, Pin AA, Xà phòng tắm, Găng tay nilon, Sữa chua uống, Nước ngọt, Trà đóng chai, Kẹo cao su, Sổ tay nhỏ, Khăn giấy",Circle K,Ha Noi,"91, Phố Trung Kính, Phường Yên Hòa, Thành phố Hà Nội, 10055",10,4.3,convenience,21.0139905,105.79814530000002
"Dầu gội, Mì gói, Bánh kẹo, Mì gói, Nước ngọt, Sữa bột, Tã em bé, Dầu ăn, Thực phẩm đóng hộp, Cà phê, Trà, Gạo, Bánh kẹo, Thực phẩm đóng hộp, Bánh ăn dặm, Nước xả vải, Sữa chua, Bình sữa",Seika Mart,Ha Noi,"D2, Phố Giảng Võ, Phường Giảng Võ, Thành phố Hà Nội, 10178",15,3.7,department_store,21.026111099999994,105.8225112
"Gạo, Muỗng nĩa, Thớt, Dầu gội, Nước hoa mini, Ly thủy tinh, Dầu ăn, Ngũ cốc ăn sáng, Đĩa sứ, Nước mắm, Ngũ cốc ăn sáng, Muỗng nĩa, Nước lau sàn, Cà phê hòa tan, Cá hộp, Dầu gội, Ngũ cốc ăn sáng, Son dưỡng môi",Mỹ Phẩm Jesse Store,Ha Noi,"56, đường 15, Phường Đông Ngạc, Thành phố Hà Nội, 12500",55,4.4,supermarket,21.077139699999996,105.7737717
"Sữa chua uống, Chai nước, Gối cổ du lịch, Dây sạc điện thoại, Gối cổ du lịch, Túi nylon, Bánh mì sandwich, Chai nước, Dây sạc điện thoại, Xà phòng tắm, Sữa hộp, Bàn chải đánh răng, Sữa chua uống, Nước ngọt, Dao cạo râu",WinMart+,Ha Noi,"12B1, Phố Nguyễn Cảnh Dị, Phường Định Công, Thành phố Hà Nội, 11718",10,3.5,convenience,20.974578999999995,105.8360778
"Muối, Dao bếp, Túi đựng rác, Nước rửa chén, Ngũ cốc ăn sáng, Mì gói, Đĩa sứ, Bột ngọt, Nước lau sàn, Sữa tươi, Nước rửa chén, Nước xả vải, Bột giặt, Nước lau sàn, Khẩu trang y tế, Rau củ quả, Nước tương, Nước mắm, Sữa chua, Mì gói",Siêu Thị T-Mart,Ha Noi,"Lô 9B, Phố Nguyễn Công Thái, Phường Định Công, Thành phố Hà Nội, 11718",90,3.7,supermarket,20.975321100000002,105.83613470000002
"Nước suối, Kem đánh răng, Bánh kẹo, Dầu gội, Bánh kẹo, Mì gói, Bình sữa, Ngũ cốc, Khăn giấy, Dầu ăn, Ngũ cốc, Gạo",Bách Hoá An Huy,Ha Noi,"Phố Giảng Võ, Phường Giảng Võ, Thành phố Hà Nội, 10178",10,4.2,department_store,21.026375,105.8215812
"Đĩa sứ, Sốt cà chua, Kem dưỡng da, Cà phê hòa tan, Kem cạo râu, Chảo chống dính, Giấy vệ sinh, Nước lau sàn, Trà túi lọc, Nước mắm, Thịt heo, Gạo, Kem dưỡng da, Khăn giấy, Kem cạo râu",Siêu thị Minh Hoa,Ha Noi,"12, Phố Đặng Tiến Đông, Phường Đống Đa, Thành phố Hà Nội, 11415",145,3.6,supermarket,21.013239,105.822998
"Bàn chải, Nước rửa chén, Đường, Túi đựng rác, Khay nhựa, Rau củ quả, Khay nhựa, Son dưỡng môi, Khăn giấy, Bơ thực vật, Thớt, Nước trái cây, Trà túi lọc, Cá hộp, Bột ngọt",Siêu Thị T-Mart,Ha Noi,"Phố Đại Từ, Phường Định Công, Thành phố Hà Nội, 11718",170,4.2,supermarket,20.971314500000002,105.83615960000002
"Sữa tươi, Snack, Dao bếp, Gạo, Dầu ăn, Dầu ăn, Chảo chống dính, Nước lau sàn, Đường, Bột mì, Dầu ăn, Nước hoa mini, Đường, Bột mì",T Mart,Ha Noi,"Phố Phạm Tiến Duật, Phường Đông Ngạc, Thành phố Hà Nội, 12500",140,3.6,supermarket,21.064493100000004,105.7826551
"Nước xả vải, Kem cạo râu, Snack, Khăn giấy, Gạo, Dao bếp, Rau củ quả, Sữa chua, Khăn giấy, Bàn chải, Khay nhựa, Bàn chải, Ngũ cốc ăn sáng, Muỗng nĩa, Cá hộp, Đường, Mì gói, Son dưỡng môi",FPT Shop,Ha Noi,"886, Đường Láng, Phường Láng, Thành phố Hà Nội, 11513",135,4.2,supermarket,21.02013369999999,105.80203890000001
"Xà phòng tắm, Sữa chua uống, Gối cổ du lịch, Dầu gội, Pin sạc, Trà đóng chai, Găng tay nilon, Khẩu trang y tế, Bánh quy, Lăn khử mùi, Bánh bao mini, Dầu gội, Cà phê lon, Trà đóng chai",Viet Aroma,Ha Noi,"33A, Phố Gia Ngư, Phường Hoàn Kiếm, Thành phố Hà Nội, 11011",10,4.2,convenience,21.032992899999993,105.85255050000002
"Dầu gội, Cà phê lon, Cốc nhựa, Bánh snack, Nước suối, Xà phòng tắm, Kẹo cao su, Kem đánh răng, Bút bi, Dao cạo râu, Kẹo cao su, Kẹo cao su, Bao rác, Bút bi, Bánh quy, Mì ly, Pin AA, Bánh snack, Bánh mì sandwich",WinMart+,Ha Noi,"317, Phố Vọng, Phường Tương Mai, Thành phố Hà Nội, 10999",15,4,convenience,20.994053199999993,105.8422004
"Găng tay nilon, Bóng đèn LED mini, Nước ngọt, Bóng đèn LED mini, Chai nước, Kẹo cao su, Bánh bao mini, Muỗng nhựa, Sữa chua uống, Khẩu trang y tế, Dầu gội, Bánh mì sandwich, Nước tăng lực, Pin sạc, Sữa chua uống, Bánh quy, Găng tay nilon",WinMart+,Ha Noi,"198, Đường Hoàng Mai, Phường Tương Mai, Thành phố Hà Nội, 11617",15,3.8,convenience,20.9899775,105.853948
"Bánh snack, Nước ngọt, Túi nylon, Khăn ướt, Thịt hộp, Kem đánh răng, Khăn giấy, Kem đánh răng, Kẹo, Khăn ướt, Dao cạo râu",WinMart+,Ha Noi,"Đền Lừ 2, Phường Tương Mai, Thành phố Hà Nội, 11617",15,4.1,convenience,20.9874802,105.8586452
"Mì gói, Bàn chải đánh răng, Khăn giấy, Nước tăng lực, Mì gói, Pin AA, Chai nước, Mì ly, Chai nước, Thịt hộp, Bóng đèn LED mini, Muỗng nhựa, Bánh snack",WinMart+,Ha Noi,"Ngõ 13 Đường Lĩnh Nam, Phường Vĩnh Tuy, Thành phố Hà Nội, 11622",20,4.5,convenience,20.990793499999995,105.8683417
"Sữa hộp, Găng tay nilon, Bàn chải đánh răng, Xà phòng tắm, Pin sạc, Nước ngọt, Gối cổ du lịch, Kem đánh răng, Dây sạc điện thoại, Bánh quy, Bánh snack",WinMart+,Ha Noi,"T4-L1-07, Đường Số 5 Times City, Phường Vĩnh Tuy, Thành phố Hà Nội, 11622",15,4.3,convenience,20.9949153,105.8696571
"Khẩu trang y tế, Khăn giấy, Kẹo, Lăn khử mùi, Sữa chua uống, Dầu gội, Thịt hộp, Khoai tây chiên, Sữa hộp, Nước ngọt, Bóng đèn LED mini, Mì gói, Thịt hộp, Cà phê lon, Bàn chải đánh răng, Sổ tay nhỏ",WinMart+,Ha Noi,"T2 L1, Minh Khai, Phường Vĩnh Tuy, Thành phố Hà Nội, 11622",20,4.5,convenience,20.996250700000004,105.86930500000001
"Gối cổ du lịch, Pin sạc, Pin sạc, Bánh quy, Trà đóng chai, Găng tay nilon, Sổ tay nhỏ, Bánh quy, Kẹo cao su, Kẹo cao su, Bàn chải đánh răng, Nước ngọt, Găng tay nilon, Khẩu trang y tế, Pin sạc, Bánh mì sandwich",WinMart+,Ha Noi,"Phố Đạm Phương, Phường Hoàng Liệt, Thành phố Hà Nội, 11718",15,3.8,convenience,20.9651138,105.8314656
"Trà đóng chai, Khoai tây chiên, Găng tay nilon, Lăn khử mùi, Lăn khử mùi, Bao rác, Sữa chua uống, Dao cạo râu, Kem đánh răng, Dây sạc điện thoại, Mì gói, Dao cạo râu, Túi nylon, Pin AA, Nước suối, Mì ly, Bàn chải đánh răng",WinMart+,Ha Noi,"Phố Trịnh Đình Cửu, Phường Định Công, Thành phố Hà Nội, 11717",10,4.2,convenience,20.9793506,105.8352243
"Nước ngọt, Bánh quy, Sổ tay nhỏ, Túi nylon, Kẹo, Khẩu trang y tế, Kẹo cao su, Túi nylon, Nước suối, Khoai tây chiên, Muỗng nhựa, Găng tay nilon, Túi nylon",WinMart+,Ha Noi,"Phố Tô Hiệu, Phường Hà Đông, Thành phố Hà Nội, 10189",20,3.9,convenience,20.9664803,105.7773435
"Khoai tây chiên, Kẹo, Bút bi, Sữa chua uống, Bánh mì sandwich, Bánh quy, Kẹo cao su, Bánh quy, Sữa chua uống, Kem đánh răng, Khăn ướt, Khoai tây chiên, Găng tay nilon, Kẹo, Pin sạc, Ô dù gấp, Bánh snack, Nước ngọt, Sữa hộp",WinMart+,Ha Noi,"148, Phố Lê Lợi, Phường Hà Đông, Thành phố Hà Nội, 12100",10,4.3,convenience,20.967606999999997,105.78046730000001
"Bánh mì sandwich, Kẹo cao su, Kẹo, Pin AA, Dầu gội, Cà phê lon, Bánh mì sandwich, Chai nước, Gối cổ du lịch, Muỗng nhựa, Thịt hộp, Cốc nhựa, Khăn giấy, Khoai tây chiên",WinMart+,Ha Noi,"227, Phố Thanh Nhàn, Phường Bạch Mai, Thành phố Hà Nội, 11617",20,3.8,convenience,21.002751699999997,105.8547414
"Pin sạc, Sổ tay nhỏ, Nước tăng lực, Mì ly, Dầu gội, Sữa chua uống, Mì ly, Mì gói, Muỗng nhựa, Lăn khử mùi, Bao rác, Sổ tay nhỏ, Bao rác, Kẹo cao su, Xà phòng tắm, Mì gói, Bàn chải đánh răng, Khẩu trang y tế, Bao rác",WinMart+,Ha Noi,"57, Phố 8 Tháng 3, Phường Bạch Mai, Thành phố Hà Nội, 11617",10,3.9,convenience,20.998517699999997,105.8601992
"Khoai tây chiên, Cà phê lon, Nước tăng lực, Cà phê lon, Bàn chải đánh răng, Bánh quy, Bàn chải đánh răng, Dao cạo râu, Cà phê lon, Túi nylon, Muỗng nhựa, Bút bi, Dao cạo râu, Khăn giấy, Cà phê lon",WinMart+,Ha Noi,"Phố Trần Hòa, Phường Định Công, Thành phố Hà Nội, 11718",20,4.3,convenience,20.975065899999993,105.8256365
"Kẹo cao su, Bóng đèn LED mini, Bật lửa, Bánh mì sandwich, Pin AA, Dây sạc điện thoại, Nước suối, Khăn giấy, Dây sạc điện thoại, Lăn khử mùi",WinMart+,Ha Noi,"532, Đường Kim Giang, Phường Thanh Liệt, Thành phố Hà Nội, 11718",20,4,convenience,20.968965699999995,105.8235382
"Bông tẩy trang, Ngũ cốc ăn sáng, Bơ thực vật, Ngũ cốc ăn sáng, Nước xả vải, Nước lau sàn, Khẩu trang y tế, Ly thủy tinh, Sữa tươi, Nước lau sàn",WinMart,Ha Noi,"Phố Văn Tân, Phường Hoàng Liệt, Thành phố Hà Nội, 11718",35,3.7,supermarket,20.964139500000005,105.82250740000002
"Mì gói, Kẹo cao su, Thịt hộp, Cà phê lon, Cốc nhựa, Kẹo cao su, Lăn khử mùi, Găng tay nilon, Kem đánh răng, Bàn chải đánh răng, Cà phê lon, Kem đánh răng, Dao cạo râu, Nước ngọt, Trà đóng chai, Bánh snack",WinMart+,Ha Noi,"Ngõ 42 Thịnh Liệt, Phường Hoàng Mai, Thành phố Hà Nội, 12506",20,4.5,convenience,20.971677099999997,105.8495638
"Găng tay nilon, Dầu gội, Cốc nhựa, Bóng đèn LED mini, Gối cổ du lịch, Dây sạc điện thoại, Khẩu trang y tế, Bao rác, Bật lửa, Mì ly, Trà đóng chai, Pin AA, Găng tay nilon",WinMart+,Ha Noi,"Ngách 42/94 Phố Thịnh Liệt, Phường Hoàng Mai, Thành phố Hà Nội, 12506",15,4.5,convenience,20.9718286,105.8475171
"Sữa hộp, Mì ly, Khẩu trang y tế, Kẹo cao su, Kẹo cao su, Bút bi, Khăn giấy, Nước ngọt, Sữa hộp, Muỗng nhựa, Ô dù gấp, Sổ tay nhỏ",WinMart+,Ha Noi,"90, Ngõ 24 Phố Kim Đồng, Phường Hoàng Mai, Thành phố Hà Nội, 11617",10,3.8,convenience,20.981324999999995,105.8438362
"Dầu gội, Ô dù gấp, Mì gói, Gối cổ du lịch, Bánh quy, Chai nước, Dầu gội, Chai nước, Dao cạo râu, Sổ tay nhỏ, Ô dù gấp",WinMart+,Ha Noi,"118, Ngõ Hòa Bình 7, Phường Bạch Mai, Thành phố Hà Nội, 11617",10,4.3,convenience,20.997392299999994,105.8580953
"Mì ly, Pin sạc, Trà đóng chai, Bút bi, Bánh quy, Bao rác, Thịt hộp, Thịt hộp, Nước ngọt, Sổ tay nhỏ, Sổ tay nhỏ, Lăn khử mùi, Xà phòng tắm",WinMart+,Ha Noi,"7, Phố Nguyễn Cao, Phường Hai Bà Trưng, Thành phố Hà Nội, 10078",10,4.1,convenience,21.0121421,105.8604574
"Mì ly, Khẩu trang y tế, Găng tay nilon, Mì gói, Khoai tây chiên, Ô dù gấp, Mì ly, Bánh snack, Thịt hộp, Bánh mì sandwich, Cà phê lon",WinMart+,Ha Noi,"777, Đường Bạch Đằng, Phường Hồng Hà, Thành phố Hà Nội, 10078",15,3.7,convenience,21.017935,105.8645092
"Khẩu trang y tế, Dầu gội, Chai nước, Khoai tây chiên, Khăn giấy, Khăn giấy, Bật lửa, Sổ tay nhỏ, Mì ly, Gối cổ du lịch, Túi nylon, Khoai tây chiên, Khoai tây chiên, Kem đánh răng, Gối cổ du lịch, Nước suối, Lăn khử mùi",WinMart+,Ha Noi,"70, Vạn Kiếp, Phường Hồng Hà, Thành phố Hà Nội, 10151",15,3.9,convenience,21.018899699999995,105.8637633
"Túi nylon, Mì ly, Nước suối, Cà phê lon, Muỗng nhựa, Khoai tây chiên, Dầu gội, Ô dù gấp, Pin AA, Khẩu trang y tế, Bánh bao mini, Sữa chua uống, Mì ly, Bánh snack, Bóng đèn LED mini, Bàn chải đánh răng, Kẹo, Kẹo cao su, Bật lửa, Pin AA",WinMart+,Ha Noi,"453, Đường Bạch Đằng, Phường Hồng Hà, Thành phố Hà Nội, 11023",10,4.4,convenience,21.0248226,105.8620452
"Sữa hộp, Dầu gội, Bánh quy, Khoai tây chiên, Kem đánh răng, Pin sạc, Pin sạc, Sữa hộp, Xà phòng tắm, Dao cạo râu, Bật lửa, Pin AA, Bóng đèn LED mini, Thịt hộp, Nước suối",WinMart+,Ha Noi,"122, Đường Đê La Thành, Phường Văn Miếu - Quốc Tử Giám, Thành phố Hà Nội, 10306",10,4.1,convenience,21.014136199999996,105.83486160000001
"Pin AA, Nước ngọt, Bút bi, Khăn ướt, Bàn chải đánh răng, Nước ngọt, Muỗng nhựa, Bật lửa, Dầu gội, Mì gói, Bút bi, Cà phê lon, Mì ly, Dao cạo râu, Xà phòng tắm, Pin sạc",WinMart+,Ha Noi,"20, Phố Ngô Thì Nhậm, Phường Hà Đông, Thành phố Hà Nội, 10189",15,3.6,convenience,20.968793200000004,105.7692286
"Bánh mì sandwich, Dao cạo râu, Bao rác, Bánh mì sandwich, Khăn giấy, Nước suối, Xà phòng tắm, Dầu gội, Nước suối, Lăn khử mùi, Bật lửa, Khăn ướt, Sổ tay nhỏ, Chai nước, Thịt hộp, Bút bi, Dầu gội, Kem đánh răng, Bóng đèn LED mini",WinMart+,Ha Noi,"77, Phố Dương Văn Bé, Phường Vĩnh Tuy, Thành phố Hà Nội, 11622",15,4,convenience,20.999137099999995,105.87309250000001
"Kem đánh răng, Bánh quy, Cốc nhựa, Găng tay nilon, Bánh quy, Bàn chải đánh răng, Cốc nhựa, Bàn chải đánh răng, Khăn ướt, Cốc nhựa, Bánh mì sandwich, Ô dù gấp, Mì gói, Muỗng nhựa",WinMart+,Ha Noi,"Phố Lê Gia Đỉnh, Phường Hai Bà Trưng, Thành phố Hà Nội, 10078",20,4.2,convenience,21.011850799999998,105.8540074
"Khoai tây chiên, Bàn chải đánh răng, Khẩu trang y tế, Nước suối, Túi nylon, Bánh quy, Ô dù gấp, Bánh bao mini, Găng tay nilon, Túi nylon, Nước suối, Găng tay nilon, Xà phòng tắm, Ô dù gấp, Cà phê lon, Chai nước, Bóng đèn LED mini, Khăn ướt, Gối cổ du lịch",WinMart+,Ha Noi,"93, Ngõ Núi Trúc, Phường Giảng Võ, Thành phố Hà Nội, 10060",10,4.2,convenience,21.030246799999997,105.8252872
"Bàn chải đánh răng, Bao rác, Dao cạo râu, Dầu gội, Bút bi, Mì gói, Mì ly, Sổ tay nhỏ, Mì gói, Pin AA, Bánh bao mini, Mì gói, Pin AA, Kẹo, Mì gói, Sữa chua uống",WinMart+,Ha Noi,"30, Phố Cửa Nam, Phường Cửa Nam, Thành phố Hà Nội, 11060",15,4.3,convenience,21.027811899999996,105.8420999
"Sữa chua uống, Nước ngọt, Sữa hộp, Khăn ướt, Cốc nhựa, Găng tay nilon, Gối cổ du lịch, Pin AA, Chai nước, Sổ tay nhỏ",WinMart+,Ha Noi,"69, Phố Vạn Phúc, Phường Ngọc Hà, Thành phố Hà Nội, 10299",20,3.9,convenience,21.033307099999995,105.8168085
"Nước suối, Trà đóng chai, Bánh mì sandwich, Bóng đèn LED mini, Bật lửa, Trà đóng chai, Bút bi, Muỗng nhựa, Cà phê lon, Bánh mì sandwich, Cà phê lon, Bật lửa, Pin sạc, Lăn khử mùi, Mì gói, Nước tăng lực",WinMart+,Ha Noi,"443, Ngõ 443 Phố Đội Cấn, Phường Ngọc Hà, Thành phố Hà Nội, 10071",10,3.9,convenience,21.0379284,105.81103680000001
"Nước tăng lực, Bao rác, Bánh snack, Lăn khử mùi, Bánh quy, Bút bi, Muỗng nhựa, Sổ tay nhỏ, Muỗng nhựa, Bao rác, Cà phê lon, Cà phê lon, Kem đánh răng, Sữa hộp, Mì gói, Bánh mì sandwich",WinMart+,Ha Noi,"38, Phố Linh Lang, Phường Ngọc Hà, Thành phố Hà Nội, 10303",15,3.8,convenience,21.0358391,105.8104796
"Khăn giấy, Găng tay nilon, Xà phòng tắm, Bút bi, Găng tay nilon, Bút bi, Khăn giấy, Lăn khử mùi, Nước tăng lực, Kẹo cao su, Bánh mì sandwich, Lăn khử mùi",WinMart+,Ha Noi,"628, Đường Hoàng Hoa Thám, Phường Ngọc Hà, Thành phố Hà Nội, 10072",20,3.9,convenience,21.0469892,105.80921040000001
"Xà phòng tắm, Pin AA, Nước suối, Bóng đèn LED mini, Bao rác, Túi nylon, Sữa hộp, Khăn ướt, Bánh snack, Cốc nhựa, Pin sạc, Bút bi, Cà phê lon, Mì ly, Nước tăng lực, Kem đánh răng, Chai nước, Kem đánh răng, Dao cạo râu",WinMart+,Ha Noi,"Phố Đốc Ngữ, Phường Ngọc Hà, Thành phố Hà Nội, 10071",10,4.2,convenience,21.040590500000004,105.8130841
"Nước suối, Cốc nhựa, Nước ngọt, Nước ngọt, Cà phê lon, Kẹo cao su, Sữa hộp, Xà phòng tắm, Kẹo, Khăn giấy, Khăn ướt, Gối cổ du lịch, Mì gói, Sữa chua uống, Bánh bao mini, Muỗng nhựa, Bóng đèn LED mini",WinMart+,Ha Noi,"140, Phó Đức Chính, Phường Ba Đình, Thành phố Hà Nội, 11009",10,4,convenience,21.045969099999997,105.8430817
"Chai nước, Găng tay nilon, Cốc nhựa, Găng tay nilon, Sổ tay nhỏ, Bóng đèn LED mini, Bút bi, Bánh quy, Dây sạc điện thoại, Dao cạo râu, Pin sạc, Khăn giấy",WinMart+,Ha Noi,"31, Phố Tân Ấp, Phường Hồng Hà, Thành phố Hà Nội, 11117",15,3.7,convenience,21.0460667,105.8463489
"Bánh bao mini, Muỗng nhựa, Chai nước, Bóng đèn LED mini, Mì gói, Túi nylon, Bút bi, Bao rác, Chai nước, Bật lửa, Bánh snack, Bóng đèn LED mini, Sữa chua uống, Bóng đèn LED mini, Khẩu trang y tế, Bánh quy, Bút bi",WinMart+,Ha Noi,"219, Đường Thụy Khuê, Phường Tây Hồ, Thành phố Hà Nội, 10071",15,4.3,convenience,21.043539099999997,105.8197014
"Kem đánh răng, Kem đánh răng, Bánh bao mini, Lăn khử mùi, Chai nước, Bóng đèn LED mini, Khăn ướt, Kem đánh răng, Sữa hộp, Bao rác, Bánh mì sandwich, Gối cổ du lịch, Lăn khử mùi, Mì gói, Bật lửa, Bật lửa, Bật lửa, Muỗng nhựa",WinMart+,Ha Noi,"55, Đường Thụy Khuê, Phường Tây Hồ, Thành phố Hà Nội, 10287",10,4,convenience,21.041131000000004,105.8271005
"Sữa chua uống, Nước suối, Khăn giấy, Sữa chua uống, Bánh mì sandwich, Bàn chải đánh răng, Pin sạc, Sổ tay nhỏ, Gối cổ du lịch, Bao rác, Sổ tay nhỏ, Bóng đèn LED mini, Pin AA, Kẹo cao su, Túi nylon",WinMart+,Ha Noi,"387, Đường Thụy Khuê, Phường Tây Hồ, Thành phố Hà Nội, 10071",15,4.2,convenience,21.0470816,105.8111922
"Găng tay nilon, Nước ngọt, Gối cổ du lịch, Mì ly, Lăn khử mùi, Dầu gội, Bật lửa, Dầu gội, Nước tăng lực, Nước suối",WinMart+,Ha Noi,"671, Đường Hoàng Hoa Thám, Phường Ngọc Hà, Thành phố Hà Nội, 10072",20,3.7,convenience,21.04707899999999,105.807751
"Bút bi, Bật lửa, Bao rác, Bao rác, Sữa chua uống, Khăn ướt, Bóng đèn LED mini, Bút bi, Trà đóng chai, Nước ngọt, Muỗng nhựa, Xà phòng tắm",WinMart+,Ha Noi,"175, Phố An Dương, Phường Hồng Hà, Thành phố Hà Nội, 10266",20,3.6,convenience,21.0554142,105.8391549
"Sữa chua uống, Bật lửa, Nước ngọt, Cốc nhựa, Chai nước, Gối cổ du lịch, Dầu gội, Găng tay nilon, Găng tay nilon, Bật lửa, Khăn giấy, Găng tay nilon, Dao cạo râu, Kẹo cao su, Lăn khử mùi, Khăn ướt, Nước ngọt, Nước ngọt",WinMart+,Ha Noi,"11C, Phố Tứ Liên, Phường Hồng Hà, Thành phố Hà Nội, 10202",20,4.2,convenience,21.06323989999999,105.8326873
"Cà phê lon, Khoai tây chiên, Mì gói, Mì ly, Nước ngọt, Pin AA, Bánh quy, Mì ly, Dao cạo râu, Kem đánh răng, Bánh snack, Gối cổ du lịch, Trà đóng chai, Khăn ướt, Bánh bao mini",WinMart+,Ha Noi,"19, Đường Tô Ngọc Vân, Phường Tây Hồ, Thành phố Hà Nội, 10219",15,4.3,convenience,21.068251,105.8249443
"Bàn chải đánh răng, Pin AA, Kem đánh răng, Khoai tây chiên, Túi nylon, Bánh mì sandwich, Mì gói, Bánh snack, Dao cạo râu, Kẹo, Ô dù gấp, Kẹo",WinMart+,Ha Noi,"16, Ngõ 67 Tô Ngọc Vân, Phường Tây Hồ, Thành phố Hà Nội, 10201",10,3.9,convenience,21.067207900000003,105.8227552
"Nước suối, Bật lửa, Trà đóng chai, Sữa hộp, Pin AA, Kẹo cao su, Gối cổ du lịch, Kẹo, Bánh bao mini, Kẹo, Kẹo cao su, Kẹo, Pin sạc, Gối cổ du lịch, Ô dù gấp, Cốc nhựa, Nước suối, Cà phê lon, Sổ tay nhỏ",WinMart+,Ha Noi,"227, Đường Ngọc Lâm, Phường Bồ Đề, Thành phố Hà Nội, 11810",10,4.2,convenience,21.0464492,105.8709629
"Khoai tây chiên, Thịt hộp, Bánh snack, Dao cạo râu, Kẹo, Bao rác, Chai nước, Muỗng nhựa, Khăn ướt, Xà phòng tắm, Nước tăng lực, Dầu gội, Gối cổ du lịch, Muỗng nhựa, Khoai tây chiên, Bóng đèn LED mini, Muỗng nhựa, Pin AA, Kem đánh răng, Gối cổ du lịch",WinMart+,Ha Noi,"Phố Nguyễn Cao Luyện, Phường Việt Hưng, Thành phố Hà Nội, 08443",10,4.3,convenience,21.064986299999997,105.9081713
"Thịt hộp, Mì ly, Cà phê lon, Nước suối, Túi nylon, Bánh quy, Trà đóng chai, Nước ngọt, Sữa hộp, Sổ tay nhỏ",WinMart+,Ha Noi,"195, Phố Hoa Lâm, Phường Việt Hưng, Thành phố Hà Nội, 08443",20,4.1,convenience,21.0547744,105.8970035
"Mì ly, Bật lửa, Muỗng nhựa, Kẹo, Sữa hộp, Túi nylon, Pin sạc, Sữa chua uống, Bánh mì sandwich, Bánh mì sandwich, Gối cổ du lịch, Chai nước, Túi nylon, Thịt hộp, Chai nước",WinMart+,Ha Noi,"103, Phố Sài Đồng, Phường Phúc Lợi, Thành phố Hà Nội, 08443",10,4.2,convenience,21.0360945,105.9110153
"Bật lửa, Mì gói, Xà phòng tắm, Nước suối, Sổ tay nhỏ, Muỗng nhựa, Bánh snack, Sữa hộp, Bánh snack, Kem đánh răng, Pin sạc, Pin AA, Mì ly, Khẩu trang y tế, Bút bi, Túi nylon, Túi nylon, Sổ tay nhỏ, Bàn chải đánh răng",WinMart+,Ha Noi,"22, Đường Thạch Bàn, Phường Long Biên, Thành phố Hà Nội, 08443",20,3.8,convenience,21.0271448,105.910931
"Trà đóng chai, Cốc nhựa, Kẹo cao su, Dầu gội, Bao rác, Bật lửa, Pin AA, Mì gói, Cà phê lon, Kem đánh răng, Gối cổ du lịch, Chai nước",WinMart+,Ha Noi,"211, Đường Thạch Bàn, Phường Long Biên, Thành phố Hà Nội, 08443",10,3.6,convenience,21.0224981,105.905024
"Pin AA, Chai nước, Kẹo cao su, Khăn ướt, Kẹo cao su, Cà phê lon, Thịt hộp, Dầu gội, Bánh snack, Bánh bao mini, Chai nước, Mì ly, Cà phê lon, Dây sạc điện thoại, Bánh snack, Chai nước, Ô dù gấp, Bàn chải đánh răng, Kẹo cao su, Khăn giấy",WinMart+,Ha Noi,"51, Ngõ 53 phố Vũ Xuân Thiều, Phường Phúc Lợi, Thành phố Hà Nội, 08443",20,3.6,convenience,21.032473999999997,105.9131742
"Cốc nhựa, Khăn ướt, Gối cổ du lịch, Bánh snack, Nước suối, Khoai tây chiên, Sữa hộp, Nước tăng lực, Sổ tay nhỏ, Sữa chua uống, Kẹo, Kẹo, Bóng đèn LED mini, Bật lửa",WinMart+,Ha Noi,"Phố Phạm Khắc Quảng, Phường Việt Hưng, Thành phố Hà Nội, 08443",15,4.5,convenience,21.0591628,105.9147147
"Bật lửa, Bóng đèn LED mini, Dầu gội, Dây sạc điện thoại, Kem đánh răng, Kẹo, Dầu gội, Trà đóng chai, Bao rác, Găng tay nilon, Nước ngọt",WinMart+,Ha Noi,"42, Đường Ỷ Lan, Xã Gia Lâm, Thành phố Hà Nội, 17710",15,3.6,convenience,21.017891600000002,105.9649315
"Thịt hộp, Dầu gội, Nước suối, Gối cổ du lịch, Dầu gội, Nước suối, Bánh quy, Pin AA, Mì gói, Nước suối, Chai nước, Trà đóng chai, Bánh bao mini, Xà phòng tắm, Khăn giấy, Kem đánh răng, Bánh mì sandwich, Dầu gội",WinMart+,Ha Noi,"254, Đường Cổ Bi, Xã Gia Lâm, Thành phố Hà Nội, 08443",10,3.6,convenience,21.031546599999995,105.9425698
"Dây sạc điện thoại, Sữa hộp, Muỗng nhựa, Trà đóng chai, Sữa hộp, Mì ly, Gối cổ du lịch, Lăn khử mùi, Túi nylon, Gối cổ du lịch, Túi nylon, Khăn ướt",WinMart+,Ha Noi,"652, Đường Nguyễn Văn Cừ, Phường Bồ Đề, Thành phố Hà Nội, 11810",15,4.1,convenience,21.0521933,105.8859586
"Bánh snack, Kẹo cao su, Pin AA, Bánh snack, Pin sạc, Bóng đèn LED mini, Pin sạc, Nước tăng lực, Kẹo cao su, Túi nylon, Sữa chua uống, Nước tăng lực, Bánh quy, Bóng đèn LED mini, Bánh mì sandwich, Lăn khử mùi, Kẹo, Dao cạo râu, Khoai tây chiên",WinMart+,Ha Noi,"6, Ngõ 22 Phố Phú Viên, Phường Bồ Đề, Thành phố Hà Nội, 11008",10,3.8,convenience,21.038895199999995,105.866054
"Cốc nhựa, Bàn chải đánh răng, Trà đóng chai, Kẹo, Mì gói, Khăn ướt, Găng tay nilon, Sổ tay nhỏ, Nước suối, Pin AA, Kem đánh răng, Muỗng nhựa, Dao cạo râu, Pin sạc, Nước tăng lực, Gối cổ du lịch",WinMart+,Ha Noi,"15, Ngõ 68 Đường Ngọc Thụy, Phường Bồ Đề, Thành phố Hà Nội, 11810",20,4.3,convenience,21.0496249,105.8660677
"Gối cổ du lịch, Khẩu trang y tế, Mì ly, Mì ly, Muỗng nhựa, Bao rác, Nước tăng lực, Sữa chua uống, Nước tăng lực, Mì ly, Khẩu trang y tế, Bút bi, Cà phê lon",WinMart+,Ha Noi,"3, Ngách 268/58 Đường Ngọc Thụy, Phường Bồ Đề, Thành phố Hà Nội, 11810",15,3.6,convenience,21.057411799999993,105.8690137
"Chai nước, Bánh bao mini, Bóng đèn LED mini, Bánh quy, Bánh quy, Bao rác, Kem đánh răng, Bóng đèn LED mini, Nước tăng lực, Túi nylon",WinMart+,Ha Noi,"Phố Phạm Khắc Quảng, Phường Việt Hưng, Thành phố Hà Nội, 08443",15,4.2,convenience,21.060729299999995,105.9151485
"Bàn chải đánh răng, Mì ly, Kẹo, Trà đóng chai, Dầu gội, Gối cổ du lịch, Trà đóng chai, Bật lửa, Túi nylon, Lăn khử mùi, Sổ tay nhỏ, Cốc nhựa, Khăn giấy, Muỗng nhựa, Ô dù gấp, Xà phòng tắm, Bật lửa",WinMart+,Ha Noi,"Phố Hoàng Thế Thiện, Phường Phúc Lợi, Thành phố Hà Nội, 08443",15,3.8,convenience,21.038689099999996,105.9042765
"Sổ tay nhỏ, Dao cạo râu, Thịt hộp, Khẩu trang y tế, Sữa chua uống, Khoai tây chiên, Khẩu trang y tế, Khoai tây chiên, Nước tăng lực, Sữa hộp, Găng tay nilon, Xà phòng tắm, Găng tay nilon, Kẹo, Chai nước, Khoai tây chiên, Bánh bao mini, Bánh quy, Xà phòng tắm",WinMart+,Ha Noi,"Phường Tương Mai, Thành phố Hà Nội, 11617",20,4.1,convenience,20.9936646,105.8570998
"Găng tay nilon, Gối cổ du lịch, Dầu gội, Túi nylon, Kẹo cao su, Túi nylon, Lăn khử mùi, Bao rác, Trà đóng chai, Thịt hộp, Mì gói, Găng tay nilon, Mì ly, Lăn khử mùi, Kẹo, Găng tay nilon, Gối cổ du lịch, Ô dù gấp, Pin sạc",WinMart+,Ha Noi,"66, Đường Đại Cồ Việt, Phường Hai Bà Trưng, Thành phố Hà Nội, 10053",15,3.9,convenience,21.008371300000004,105.8475617
"Chai nước, Bánh quy, Bút bi, Thịt hộp, Cà phê lon, Mì gói, Khăn ướt, Bóng đèn LED mini, Dầu gội, Pin AA, Trà đóng chai, Xà phòng tắm, Bánh quy, Kẹo, Cà phê lon",WinMart+,Ha Noi,"125, Đường Đông Mỹ, Xã Nam Phù, Thành phố Hà Nội, 12506",10,3.5,convenience,20.9156079,105.8690979
"Sữa chua, Thớt, Bột mì, Bột mì, Khăn giấy, Snack, Đường, Nước lau sàn, Thịt heo, Son dưỡng môi, Nước hoa mini, Bột mì, Sữa tươi, Chảo chống dính",Seikamart,Ha Noi,"51, Phố Hoa Lư, Phường Hai Bà Trưng, Thành phố Hà Nội, 10058",110,4.2,supermarket,21.011597800000004,105.8477851
"Giấy vệ sinh, Khăn giấy, Sốt cà chua, Dầu ăn, Nước tương, Thịt heo, Bột ngọt, Nước lau sàn, Kem cạo râu, Dầu ăn, Giấy bọc thực phẩm, Sữa chua, Cá hộp",Siêu Thị Hapro,Ha Noi,"Phố Đức Giang, Phường Việt Hưng, Thành phố Hà Nội, 11810",145,4.1,supermarket,21.0647882,105.8937923
"Nước hoa mini, Nước mắm, Sữa tươi, Giấy vệ sinh, Bàn chải, Bông tẩy trang, Bàn chải, Son dưỡng môi, Bột mì, Bột mì, Kem dưỡng da, Bột ngọt, Nước rửa chén, Nước mắm, Giấy bọc thực phẩm, Sữa tươi, Sữa tươi, Kem dưỡng da, Thịt heo",WinMart,Ha Noi,"Hoa Phượng, Phường Phúc Lợi, Thành phố Hà Nội, 08443",75,3.9,supermarket,21.050732999999997,105.9162056
"Thịt hộp, Kẹo, Bật lửa, Pin AA, Dao cạo râu, Dây sạc điện thoại, Dao cạo râu, Mì ly, Muỗng nhựa, Mì gói, Xà phòng tắm, Muỗng nhựa, Sữa hộp, Túi nylon",WinMart+,Ha Noi,"4, Phố Hàng Chiếu, Phường Hoàn Kiếm, Thành phố Hà Nội, 11010",20,3.5,convenience,21.0373183,105.8520942
"Bàn chải đánh răng, Lăn khử mùi, Bút bi, Chai nước, Cốc nhựa, Kẹo, Kẹo cao su, Kẹo cao su, Mì gói, Găng tay nilon, Xà phòng tắm, Găng tay nilon",WinMart+,Ha Noi,"23, Phố Gia Ngư, Phường Hoàn Kiếm, Thành phố Hà Nội, 11011",15,4,convenience,21.032991,105.852719
"Giấy vệ sinh, Gạo, Trà túi lọc, Nước rửa chén, Nước hoa mini, Thịt heo, Mì gói, Mì gói, Son dưỡng môi, Túi đựng rác, Nước rửa chén",WinMart,Ha Noi,"Đường Chung Cư Nam Đô Complex CT1, Phường Hoàng Mai, Thành phố Hà Nội, 11617",140,4.3,supermarket,20.979471699999998,105.8443272
"Ngũ cốc ăn sáng, Dao bếp, Ly thủy tinh, Dầu ăn, Thịt heo, Giấy vệ sinh, Đĩa sứ, Thịt heo, Túi đựng rác, Son dưỡng môi, Khay nhựa, Dao bếp",Siêu thị Mường Thanh H1,Ha Noi,"Phố Linh Đường, Phường Hoàng Liệt, Thành phố Hà Nội, 12506",110,4.1,supermarket,20.964275899999997,105.8259662
"Túi đựng rác, Thớt, Nước xả vải, Bàn chải, Khẩu trang y tế, Bơ thực vật, Sốt cà chua, Nước trái cây, Muỗng nĩa, Trà túi lọc, Snack, Muối, Bơ thực vật, Đường",Siêu thị Mường Thanh H2,Ha Noi,"Phố Nguyễn Phan Chánh, Phường Hoàng Liệt, Thành phố Hà Nội, 11718",165,3.6,supermarket,20.964899199999998,105.8273063
"Đường, Bột mì, Gạo, Nước mắm, Bột mì, Thịt heo, Gạo, Nước xả vải, Bàn chải, Muỗng nĩa, Bàn chải, Nước trái cây, Khẩu trang y tế, Khăn giấy, Cá hộp",Siêu Thị Hapro,Ha Noi,"Phố Cát Linh, Phường Ô Chợ Dừa, Thành phố Hà Nội, 10081",100,4.4,supermarket,21.028184899999996,105.8328793
"Cà phê, Muối, Thực phẩm đóng hộp, Ngũ cốc, Sữa bột, Nước mắm, Bột nêm, Bình sữa, Nước suối, Khăn giấy, Khăn ướt, Sữa bột trẻ em, Cà phê, Cà phê, Bột nêm, Nước suối, Nước xả vải, Bột giặt",Lotte Department Store,Ha Noi,"Phố Đào Tấn, Phường Giảng Võ, Thành phố Hà Nội, 10252",10,4,department_store,21.0323169,105.8125541
"Bột ngọt, Dầu ăn, Chảo chống dính, Khăn giấy, Nước mắm, Trứng gà, Nước lau sàn, Bơ thực vật, Giấy bọc thực phẩm, Nước xả vải",WinMart,Ha Noi,"2, Phố Phạm Ngọc Thạch, Phường Kim Liên, Thành phố Hà Nội, 11415",85,4.2,supermarket,21.006094499999996,105.8321759
"Bánh mì sandwich, Khăn giấy, Xà phòng tắm, Dao cạo râu, Ô dù gấp, Dầu gội, Chai nước, Sổ tay nhỏ, Bút bi, Lăn khử mùi, Khăn giấy, Bánh snack",WinMart+,Ha Noi,"105 K2, Đường Nội Khu Tập Thể Vĩnh Phúc, Phường Ngọc Hà, Thành phố Hà Nội, 10072",20,4.1,convenience,21.042836799999996,105.8082123
"Sốt cà chua, Khăn giấy, Ngũ cốc ăn sáng, Bột mì, Muối, Bột mì, Khẩu trang y tế, Khẩu trang y tế, Bột ngọt, Ly thủy tinh, Dầu gội, Trứng gà, Dầu gội, Cà phê hòa tan, Đĩa sứ, Cá hộp, Mì gói, Sữa chua",Qmart Vĩnh Hưng,Ha Noi,"Phố Vĩnh Hưng, Phường Vĩnh Hưng, Thành phố Hà Nội, 11622",155,3.6,supermarket,20.999033799999996,105.88006230000002
"Giấy vệ sinh, Sốt cà chua, Giấy bọc thực phẩm, Sữa tươi, Trứng gà, Đường, Cà phê hòa tan, Sữa tắm, Sốt cà chua, Nước xả vải, Bàn chải, Muỗng nĩa, Bột ngọt, Giấy vệ sinh, Sốt cà chua, Dầu gội, Nước rửa chén",Siêu thị Minh Hoa Thái Hà,Ha Noi,"Phố Thái Hà, Phường Đống Đa, Thành phố Hà Nội, 10167",90,3.6,supermarket,21.013352999999995,105.8197131
"Đĩa sứ, Trứng gà, Sữa chua, Khăn giấy, Sữa tươi, Dầu ăn, Trứng gà, Sữa chua, Khay nhựa, Dầu gội, Khăn giấy, Bột mì, Dầu ăn, Ngũ cốc ăn sáng, Dao bếp",Siêu thị Hoàng Cầu,Ha Noi,"Phố Trần Quang Diệu, Phường Đống Đa, Thành phố Hà Nội, 10265",85,4.4,supermarket,21.0176252,105.8258285
"Nước ngọt, Kẹo, Khăn giấy, Bánh quy, Gối cổ du lịch, Bánh quy, Bút bi, Muỗng nhựa, Khẩu trang y tế, Nước ngọt, Dao cạo râu, Ô dù gấp, Bánh mì sandwich, Thịt hộp, Nước tăng lực",WinMart+,Ha Noi,"1088, Đường La Thành, Phường Giảng Võ, Thành phố Hà Nội, 10080",20,3.5,convenience,21.027613,105.8090228
"Nước suối, Nước ngọt, Khăn ướt, Nước tăng lực, Khẩu trang y tế, Sữa chua uống, Khăn ướt, Gối cổ du lịch, Khăn ướt, Sổ tay nhỏ",WinMart+,Ha Noi,"38, Phố Ô Cách, Phường Việt Hưng, Thành phố Hà Nội, 11810",15,4.3,convenience,21.060555299999997,105.895288
"Khăn giấy, Bột mì, Bột mì, Dao bếp, Giấy bọc thực phẩm, Khẩu trang y tế, Bột giặt, Bột mì, Bơ thực vật, Snack, Nước xả vải, Snack, Trà túi lọc",Siêu Thị Intimex,Ha Noi,"Phố Ngọc Khánh, Phường Giảng Võ, Thành phố Hà Nội, 10178",200,4.1,supermarket,21.0293755,105.81779240000002
"Đường, Đường, Bột mì, Khăn giấy, Nước xả vải, Muối, Khẩu trang y tế, Ngũ cốc ăn sáng, Giấy vệ sinh, Đường, Dầu ăn, Sốt cà chua, Thớt, Túi đựng rác",Siêu Thị Intimex,Ha Noi,"Phố Giảng Võ, Phường Giảng Võ, Thành phố Hà Nội, 10060",200,4.3,supermarket,21.028135000000002,105.82519820000002
"Sữa tươi, Mì gói, Ngũ cốc ăn sáng, Nước trái cây, Khẩu trang y tế, Thớt, Dao bếp, Nước lau sàn, Muỗng nĩa, Bơ thực vật, Sữa tắm, Cà phê hòa tan, Đĩa sứ, Muỗng nĩa, Mì gói, Mì gói, Sữa chua, Mì gói, Khay nhựa",Unimart Giảng Võ,Ha Noi,"Phố Giảng Võ, Phường Giảng Võ, Thành phố Hà Nội, 10178",75,4.4,supermarket,21.0260451,105.8226439
"Bao rác, Pin sạc, Trà đóng chai, Cà phê lon, Thịt hộp, Cốc nhựa, Bánh quy, Khoai tây chiên, Bánh quy, Khăn giấy, Ô dù gấp",WinMart+,Ha Noi,"Phố Giảng Võ, Phường Giảng Võ, Thành phố Hà Nội, 10060",10,4.2,convenience,21.027578199999994,105.8239325
"Nước xả vải, Bơ thực vật, Nước tương, Kem dưỡng da, Bơ thực vật, Đĩa sứ, Muối, Đường, Trà túi lọc, Ngũ cốc ăn sáng, Cà phê hòa tan, Sữa tươi, Thớt, Túi đựng rác",Siêu thị Thành Đô - Hồ Tùng Mậu,Ha Noi,"Đường Hồ Tùng Mậu, Phường Phú Diễn, Thành phố Hà Nội, 10085",195,4,supermarket,21.040619199999995,105.7648531
"Bật lửa, Muỗng nhựa, Nước ngọt, Pin AA, Bàn chải đánh răng, Ô dù gấp, Muỗng nhựa, Bóng đèn LED mini, Pin AA, Bật lửa",WinMart+,Ha Noi,"12, Ngõ 253 Đường Nguyễn Văn Linh, Phường Phúc Lợi, Thành phố Hà Nội, 08443",10,4.4,convenience,21.037446599999996,105.9001495
"Khoai tây chiên, Muỗng nhựa, Khăn giấy, Khăn ướt, Pin sạc, Gối cổ du lịch, Gối cổ du lịch, Nước suối, Sữa chua uống, Khoai tây chiên, Bánh mì sandwich, Pin AA, Trà đóng chai, Sữa hộp, Dây sạc điện thoại, Khẩu trang y tế, Khẩu trang y tế, Ô dù gấp, Găng tay nilon",WinMart+,Ha Noi,"464, Đường Hoàng Công Chất, Phường Phú Diễn, Thành phố Hà Nội, 10085",20,3.8,convenience,21.0484973,105.76932630000002
"Bóng đèn LED mini, Cốc nhựa, Trà đóng chai, Kẹo cao su, Bao rác, Kem đánh răng, Khẩu trang y tế, Khăn giấy, Bóng đèn LED mini, Sữa hộp, Kẹo cao su, Bật lửa, Kẹo, Kẹo, Mì ly, Pin AA, Bút bi, Dây sạc điện thoại",Npp Sơn Tây,Ha Noi,"321, Phố Lê Lợi, Viên Sơn, Phường Sơn Tây, Thành phố Hà Nội",20,3.6,convenience,21.1522365,105.5053026
"Mì gói, Bông tẩy trang, Cá hộp, Đĩa sứ, Dầu ăn, Dầu gội, Muối, Sữa tươi, Kem cạo râu, Khay nhựa, Ngũ cốc ăn sáng, Ngũ cốc ăn sáng, Nước rửa chén, Son dưỡng môi",Tops Market,Ha Noi,"3, Phố Lê Trọng Tấn, Phường Phương Liệt, Thành phố Hà Nội, 11415",160,3.7,supermarket,20.9998667,105.8286292
"Cà phê hòa tan, Giấy vệ sinh, Nước rửa chén, Nước xả vải, Giấy bọc thực phẩm, Nước lau sàn, Kem dưỡng da, Bàn chải, Nước rửa chén, Dầu ăn, Kem dưỡng da, Nước lau sàn, Mì gói, Muối, Dầu ăn, Dầu ăn, Ngũ cốc ăn sáng, Giấy bọc thực phẩm, Mì gói",BRG Mart,Ha Noi,"Phố Lương Định Của, Phường Kim Liên, Thành phố Hà Nội, 11415",145,4.2,supermarket,21.0063252,105.8351653
"Dao cạo râu, Xà phòng tắm, Cốc nhựa, Nước ngọt, Găng tay nilon, Kẹo cao su, Bánh bao mini, Nước ngọt, Khẩu trang y tế, Khoai tây chiên, Bánh quy, Sữa chua uống",WinMart+,Ha Noi,"3, Phố Tô Vĩnh Diện, Phường Khương Đình, Thành phố Hà Nội, 11415",10,4.1,convenience,21.0002256,105.82203960000001
"Ô dù gấp, Xà phòng tắm, Bút bi, Chai nước, Bánh bao mini, Kẹo, Gối cổ du lịch, Bao rác, Muỗng nhựa, Thịt hộp, Kẹo",WinMart+,Ha Noi,"5, Phố Nhật Tảo, Phường Phú Thượng, Thành phố Hà Nội, 11909",20,4.1,convenience,21.0895344,105.791854
"Bàn chải đánh răng, Khăn ướt, Găng tay nilon, Khăn ướt, Lăn khử mùi, Bóng đèn LED mini, Thịt hộp, Nước suối, Nước tăng lực, Dây sạc điện thoại, Gối cổ du lịch, Bóng đèn LED mini, Bánh snack, Bàn chải đánh răng, Kẹo cao su, Sổ tay nhỏ, Dao cạo râu",WinMart+,Ha Noi,"2, Ngách 61/2 Phố Lạc Trung, Phường Vĩnh Tuy, Thành phố Hà Nội, 11622",10,4.4,convenience,21.002647299999996,105.8667418
"Pin sạc, Bánh mì sandwich, Khẩu trang y tế, Nước ngọt, Túi nylon, Mì gói, Kẹo, Sổ tay nhỏ, Sổ tay nhỏ, Bao rác, Dầu gội, Túi nylon, Bàn chải đánh răng, Dầu gội",WinMart+,Ha Noi,"688, Đường Lạc Long Quân, Phường Tây Hồ, Thành phố Hà Nội, 10206",15,4.4,convenience,21.0790442,105.8164821
"Khăn ướt, Nước ngọt, Cà phê lon, Mì gói, Bánh bao mini, Cốc nhựa, Sổ tay nhỏ, Kem đánh răng, Chai nước, Mì gói, Kẹo cao su, Bàn chải đánh răng, Chai nước, Chai nước",WinMart+,Ha Noi,"27, Phố Phạm Hồng Thái, Phường Ba Đình, Thành phố Hà Nội, 11117",10,4.5,convenience,21.043984999999992,105.8440445
"Dao cạo râu, Nước ngọt, Dầu gội, Ô dù gấp, Khoai tây chiên, Bóng đèn LED mini, Khăn giấy, Cốc nhựa, Sữa hộp, Sữa chua uống, Cà phê lon, Bật lửa, Bánh bao mini, Khoai tây chiên, Nước suối, Bút bi, Bao rác, Gối cổ du lịch, Pin AA, Túi nylon",WinMart+,Ha Noi,"18, Phố Lệ Mật, Phường Việt Hưng, Thành phố Hà Nội, 08443",15,4,convenience,21.053640599999998,105.9004624
"Kẹo, Khẩu trang y tế, Lăn khử mùi, Lăn khử mùi, Pin sạc, Bàn chải đánh răng, Trà đóng chai, Thịt hộp, Túi nylon, Mì gói, Sổ tay nhỏ, Thịt hộp, Mì gói, Găng tay nilon, Xà phòng tắm, Chai nước, Bánh bao mini, Bật lửa",WinMart+,Ha Noi,"16, Ngõ 12 Phố Trần Quý Kiên, Phường Cầu Giấy, Thành phố Hà Nội, 10141",15,4.1,convenience,21.0363734,105.7922792
"Sữa hộp, Bàn chải đánh răng, Khoai tây chiên, Bật lửa, Bật lửa, Pin sạc, Khăn giấy, Dây sạc điện thoại, Sổ tay nhỏ, Khăn ướt, Dầu gội",WinMart+,Ha Noi,"Ngõ 43 Đường Cổ Nhuế, Phường Đông Ngạc, Thành phố Hà Nội, 12500",10,4.1,convenience,21.0575017,105.7773593
"Bánh bao mini, Khoai tây chiên, Khăn giấy, Thịt hộp, Nước tăng lực, Ô dù gấp, Thịt hộp, Mì gói, Nước suối, Muỗng nhựa, Bánh quy",WinMart+,Ha Noi,"502, Phố Đội Cấn, Phường Ngọc Hà, Thành phố Hà Nội, 11150",20,3.6,convenience,21.037821999999995,105.808203
"Bàn chải đánh răng, Nước suối, Thịt hộp, Sữa hộp, Nước suối, Pin sạc, Muỗng nhựa, Dầu gội, Pin sạc, Nước tăng lực, Nước ngọt, Mì ly, Găng tay nilon, Dao cạo râu, Nước suối, Thịt hộp",WinMart+,Ha Noi,"348, Phố Lạc Trung, Phường Vĩnh Tuy, Thành phố Hà Nội, 11622",10,4.3,convenience,21.0030924,105.8692088
"Chai nước, Bút bi, Nước suối, Khẩu trang y tế, Ô dù gấp, Mì ly, Bật lửa, Muỗng nhựa, Bàn chải đánh răng, Nước suối, Khẩu trang y tế, Bánh mì sandwich, Sữa chua uống, Sữa hộp, Bánh bao mini, Khoai tây chiên, Sữa chua uống, Muỗng nhựa, Cốc nhựa",WinMart+,Ha Noi,"Ngõ 50 Trung Văn, Phường Đại Mỗ, Thành phố Hà Nội, 12011",15,3.9,convenience,20.990494399999996,105.78783490000001
"Dao cạo râu, Pin sạc, Thịt hộp, Pin AA, Pin AA, Khoai tây chiên, Dầu gội, Bút bi, Khăn giấy, Trà đóng chai, Kẹo, Túi nylon",WinMart+,Ha Noi,"18, Phố Nguyễn Biểu, Phường Ba Đình, Thành phố Hà Nội, 10075",10,4.4,convenience,21.041655700000003,105.8400345
"Bánh bao mini, Bật lửa, Kem đánh răng, Sổ tay nhỏ, Ô dù gấp, Cốc nhựa, Trà đóng chai, Mì ly, Bút bi, Xà phòng tắm, Gối cổ du lịch, Mì gói, Khăn giấy, Bàn chải đánh răng, Gối cổ du lịch",WinMart+,Ha Noi,"31, Phố Nguyễn Khả Trạc, Phường Phú Diễn, Thành phố Hà Nội, 10065",10,3.7,convenience,21.044926599999997,105.7764348
"Dao cạo râu, Muỗng nhựa, Pin sạc, Sữa chua uống, Bao rác, Nước ngọt, Xà phòng tắm, Bao rác, Nước ngọt, Bánh quy, Trà đóng chai, Ô dù gấp, Cà phê lon, Khẩu trang y tế, Dây sạc điện thoại, Kẹo cao su, Bóng đèn LED mini",WinMart+,Ha Noi,"101-A1, Phố Nguyễn Quý Đức, Phường Thanh Xuân, Thành phố Hà Nội, 12011",20,3.7,convenience,20.992971799999996,105.7975856
"Khăn giấy, Bút bi, Sữa chua uống, Bóng đèn LED mini, Nước ngọt, Kẹo cao su, Ô dù gấp, Bóng đèn LED mini, Nước suối, Bánh mì sandwich, Khăn ướt, Sữa chua uống, Nước suối, Xà phòng tắm, Sổ tay nhỏ, Bánh snack, Pin AA, Túi nylon, Pin AA, Sữa hộp",WinMart+,Ha Noi,"528/528, Đường Ngô Gia Tự, Phường Việt Hưng, Thành phố Hà Nội, 11810",10,3.7,convenience,21.067674499999995,105.8997915
"Cốc nhựa, Bánh quy, Kẹo, Bàn chải đánh răng, Bánh mì sandwich, Sữa hộp, Bánh bao mini, Sổ tay nhỏ, Ô dù gấp, Dao cạo râu, Bánh snack, Khẩu trang y tế, Dây sạc điện thoại",WinMart+,Ha Noi,"81, Phố Thanh Nhàn, Phường Bạch Mai, Thành phố Hà Nội, 11617",20,4,convenience,21.0026593,105.8586218
"Muỗng nhựa, Nước tăng lực, Túi nylon, Mì gói, Khẩu trang y tế, Bút bi, Nước suối, Khăn ướt, Sữa chua uống, Kem đánh răng, Ô dù gấp, Chai nước, Muỗng nhựa, Mì ly, Bật lửa, Pin sạc, Thịt hộp",WinMart+,Ha Noi,"Ngõ 12 Chính Kinh, Phường Thanh Xuân, Thành phố Hà Nội, 11313",10,4.3,convenience,20.9990263,105.8114174
"Kẹo, Khăn giấy, Pin sạc, Lăn khử mùi, Bật lửa, Bánh mì sandwich, Bánh snack, Bánh quy, Sữa chua uống, Kem đánh răng, Cà phê lon, Bánh snack",WinMart+,Ha Noi,"92, Phố Lạc Trung, Phường Vĩnh Tuy, Thành phố Hà Nội, 11622",15,3.5,convenience,21.0030661,105.86370920000002
"Sữa hộp, Dao cạo râu, Bánh quy, Cốc nhựa, Pin sạc, Pin sạc, Bánh bao mini, Khoai tây chiên, Kẹo cao su, Bánh mì sandwich, Lăn khử mùi, Sữa hộp",WinMart+,Ha Noi,"Ngách 1/2 Phố Đỗ Nhuận, Phường Xuân Đỉnh, Thành phố Hà Nội, 12500",10,3.7,convenience,21.067127,105.7882477
"Bàn chải đánh răng, Dây sạc điện thoại, Khăn ướt, Thịt hộp, Nước ngọt, Bao rác, Trà đóng chai, Bánh quy, Dầu gội, Sữa chua uống, Thịt hộp, Kẹo, Pin sạc, Cốc nhựa, Bật lửa, Khoai tây chiên, Kẹo cao su, Kem đánh răng, Mì ly",WinMart+,Ha Noi,"17, Phố Hoà Mã, Phường Hai Bà Trưng, Thành phố Hà Nội, 10092",20,4.3,convenience,21.015206300000003,105.852804
"Bánh bao mini, Gối cổ du lịch, Trà đóng chai, Bàn chải đánh răng, Kem đánh răng, Bút bi, Bánh quy, Bật lửa, Muỗng nhựa, Cà phê lon, Bánh mì sandwich, Sổ tay nhỏ, Bút bi",WinMart+,Ha Noi,"42, Phố Vĩnh Tuy, Phường Vĩnh Tuy, Thành phố Hà Nội, 11622",10,3.7,convenience,21.001010299999997,105.8720124
"Trà đóng chai, Bàn chải đánh răng, Sổ tay nhỏ, Bao rác, Dầu gội, Pin sạc, Bàn chải đánh răng, Lăn khử mùi, Bánh bao mini, Khoai tây chiên, Sổ tay nhỏ, Dầu gội, Khăn ướt, Kẹo",WinMart+,Ha Noi,"207, Phố Đức Giang, Phường Việt Hưng, Đông Hội, Thành phố Hà Nội, 11810",15,3.8,convenience,21.069803499999995,105.8815449
"Kẹo, Khoai tây chiên, Khăn giấy, Nước ngọt, Sữa hộp, Dao cạo râu, Bao rác, Sữa chua uống, Chai nước, Mì ly, Găng tay nilon, Bật lửa, Pin AA, Kem đánh răng, Bánh bao mini, Dây sạc điện thoại",WinMart+,Ha Noi,"157, Phố Đình Thôn, Phường Từ Liêm, Thành phố Hà Nội, 10074",15,3.9,convenience,21.018130699999993,105.77629
"Muỗng nhựa, Kẹo cao su, Kẹo cao su, Bánh quy, Ô dù gấp, Chai nước, Mì ly, Bánh bao mini, Cà phê lon, Kem đánh răng, Khăn ướt, Kẹo cao su, Pin sạc, Kẹo, Dao cạo râu, Bánh bao mini",WinMart+,Ha Noi,"59, Phố Mai Hắc Đế, Phường Hai Bà Trưng, Thành phố Hà Nội, 10058",10,3.8,convenience,21.014562099999996,105.8510751
"Dây sạc điện thoại, Ô dù gấp, Bao rác, Nước ngọt, Bánh bao mini, Bao rác, Lăn khử mùi, Nước tăng lực, Nước tăng lực, Khẩu trang y tế, Cốc nhựa, Túi nylon, Bao rác",WinMart+,Ha Noi,"31, Ngõ 260 Đường Cầu Giấy, Phường Cầu Giấy, Thành phố Hà Nội, 10141",15,4.2,convenience,21.035134199999998,105.7961242
"Nước ngọt, Trà đóng chai, Khăn ướt, Bánh quy, Nước suối, Mì ly, Dao cạo râu, Muỗng nhựa, Sữa chua uống, Chai nước, Dầu gội, Bàn chải đánh răng, Nước suối, Túi nylon, Bánh mì sandwich, Dầu gội, Cà phê lon",WinMart+,Ha Noi,"11, Đường Nguyễn Sơn, Phường Bồ Đề, Thành phố Hà Nội, 11810",10,4.2,convenience,21.048078200000003,105.8757059
"Dầu gội, Bật lửa, Gối cổ du lịch, Găng tay nilon, Bàn chải đánh răng, Bánh quy, Pin AA, Bánh quy, Sổ tay nhỏ, Dầu gội, Khăn giấy",WinMart+,Ha Noi,"17A, Phố Hàn Thuyên, Phường Hai Bà Trưng, Thành phố Hà Nội, 10151",15,3.6,convenience,21.018640500000007,105.857025
"Pin AA, Bao rác, Khăn ướt, Găng tay nilon, Bánh mì sandwich, Bánh mì sandwich, Găng tay nilon, Bàn chải đánh răng, Dao cạo râu, Kẹo, Túi nylon, Pin sạc",WinMart+,Ha Noi,"37, Phố Doãn Kế Thiện, Phường Phú Diễn, Thành phố Hà Nội, 10065",10,4.2,convenience,21.040951399999997,105.7792812
"Pin AA, Cốc nhựa, Bánh quy, Lăn khử mùi, Nước ngọt, Mì ly, Bánh bao mini, Khẩu trang y tế, Bật lửa, Lăn khử mùi, Bánh quy, Kem đánh răng",WinMart+,Ha Noi,"90, Đường Kim Giang, Phường Định Công, Thành phố Hà Nội, 10000",10,3.6,convenience,20.982323099999995,105.8159267
"Nước ngọt, Khăn giấy, Bánh bao mini, Pin sạc, Kẹo cao su, Bánh quy, Dây sạc điện thoại, Nước suối, Kẹo, Túi nylon, Kẹo cao su, Khẩu trang y tế, Ô dù gấp, Nước ngọt, Lăn khử mùi, Gối cổ du lịch, Bút bi, Pin AA, Nước ngọt",WinMart+,Ha Noi,"29A, Phố Nguyễn Công Hoan, Phường Giảng Võ, Thành phố Hà Nội, 10067",10,3.7,convenience,21.027245800000003,105.8144167
"Muỗng nhựa, Bánh mì sandwich, Túi nylon, Khăn giấy, Bánh bao mini, Cốc nhựa, Bóng đèn LED mini, Chai nước, Trà đóng chai, Mì gói, Bật lửa, Mì ly, Nước ngọt, Lăn khử mùi, Ô dù gấp, Găng tay nilon, Bánh mì sandwich, Cốc nhựa",WinMart+,Ha Noi,"Phố Nguyễn Phan Chánh, Phường Hoàng Liệt, Thành phố Hà Nội, 11718",15,4.3,convenience,20.964568499999995,105.826655
"Sổ tay nhỏ, Bánh snack, Trà đóng chai, Bánh snack, Túi nylon, Túi nylon, Khoai tây chiên, Bánh bao mini, Bàn chải đánh răng, Chai nước, Khăn ướt, Kẹo",WinMart+,Ha Noi,"Ngõ 19 Tố Hữu, Phường Đại Mỗ, Thành phố Hà Nội, 10070",10,3.8,convenience,20.9962554,105.7930785
"Bật lửa, Nước tăng lực, Trà đóng chai, Ô dù gấp, Túi nylon, Bánh mì sandwich, Bóng đèn LED mini, Xà phòng tắm, Gối cổ du lịch, Sữa hộp, Bút bi, Sữa hộp, Cà phê lon",WinMart+,Ha Noi,"141, Đường Nguyễn Ngọc Vũ, Phường Yên Hòa, Thành phố Hà Nội, 11313",20,4,convenience,21.011407199999997,105.8087605
"Lăn khử mùi, Chai nước, Ô dù gấp, Dây sạc điện thoại, Nước tăng lực, Lăn khử mùi, Bật lửa, Kẹo cao su, Găng tay nilon, Khoai tây chiên",WinMart+,Ha Noi,"76, Phố Nhân Hòa, Phường Thanh Xuân, Thành phố Hà Nội, 11313",10,4,convenience,21.0020899,105.8082262
"Bàn chải đánh răng, Bút bi, Dầu gội, Gối cổ du lịch, Ô dù gấp, Sổ tay nhỏ, Pin sạc, Bánh quy, Chai nước, Khoai tây chiên, Sổ tay nhỏ, Bánh bao mini",WinMart+,Ha Noi,"Đường Hoàng Công Chất, Phường Phú Diễn, Thành phố Hà Nội, 10085",10,4.1,convenience,21.045298599999995,105.7675346
"Ô dù gấp, Nước ngọt, Sữa hộp, Bánh bao mini, Cà phê lon, Kem đánh răng, Sổ tay nhỏ, Pin AA, Ô dù gấp, Gối cổ du lịch, Khoai tây chiên, Chai nước, Sữa chua uống, Kẹo cao su, Kẹo, Nước tăng lực",WinMart+,Ha Noi,"121-123, Phố Tô Hiệu, Phường Nghĩa Đô, Thành phố Hà Nội, 10072",15,3.6,convenience,21.0437108,105.7967736
"Trà đóng chai, Bao rác, Bánh bao mini, Túi nylon, Mì ly, Khăn ướt, Dầu gội, Bật lửa, Cà phê lon, Túi nylon, Cà phê lon, Ô dù gấp, Gối cổ du lịch, Xà phòng tắm, Túi nylon, Bàn chải đánh răng, Bút bi, Khoai tây chiên",WinMart+,Ha Noi,"11, Phố Ngô Sĩ Liên, Phường Văn Miếu - Quốc Tử Giám, Thành phố Hà Nội, 10329",10,3.9,convenience,21.0275159,105.8389173
"Bánh quy, Khẩu trang y tế, Sữa hộp, Khoai tây chiên, Sữa chua uống, Sữa hộp, Thịt hộp, Muỗng nhựa, Pin AA, Nước tăng lực, Pin sạc, Chai nước, Sữa chua uống, Nước suối, Chai nước, Bánh quy, Cốc nhựa, Kem đánh răng",WinMart+,Ha Noi,"123, Phố Trịnh Công Sơn, Phường Tây Hồ, Thành phố Hà Nội, 10206",20,3.8,convenience,21.078796999999998,105.8186831
"Túi nylon, Bàn chải đánh răng, Khoai tây chiên, Chai nước, Túi nylon, Bật lửa, Nước tăng lực, Nước ngọt, Túi nylon, Chai nước, Cà phê lon, Lăn khử mùi, Ô dù gấp, Nước ngọt, Bóng đèn LED mini, Pin AA, Sữa chua uống",WinMart+,Ha Noi,"79, Ngõ 1194 Đường Láng, Phường Láng, Thành phố Hà Nội, 10298",20,4.1,convenience,21.026929000000003,105.8013492
"Khẩu trang y tế, Pin sạc, Dao cạo râu, Sổ tay nhỏ, Mì gói, Thịt hộp, Sữa chua uống, Cà phê lon, Thịt hộp, Pin sạc, Khăn ướt, Bánh mì sandwich, Kem đánh răng, Dây sạc điện thoại, Pin sạc, Dao cạo râu, Khăn ướt",WinMart+,Ha Noi,"164, Đường Trương Định, Phường Tương Mai, Thành phố Hà Nội, 11617",10,4.3,convenience,20.991678399999998,105.849043
"Pin AA, Bật lửa, Mì ly, Khăn ướt, Dao cạo râu, Bóng đèn LED mini, Cà phê lon, Bao rác, Bánh snack, Kẹo cao su, Chai nước, Bánh mì sandwich, Sữa chua uống",WinMart+,Ha Noi,"232, Đường Khương Đình, Phường Khương Đình, Thành phố Hà Nội, 11718",10,3.7,convenience,20.992473500000003,105.81360510000002
"Chai nước, Bóng đèn LED mini, Sữa chua uống, Nước suối, Nước tăng lực, Mì gói, Nước tăng lực, Bàn chải đánh răng, Mì gói, Dao cạo râu, Muỗng nhựa, Khẩu trang y tế",WinMart+,Ha Noi,"Phố Trung Kính, Phường Yên Hòa, Thành phố Hà Nội, 10037",15,4.4,convenience,21.018844700000002,105.7930485
"Bàn chải đánh răng, Ô dù gấp, Xà phòng tắm, Khăn ướt, Muỗng nhựa, Kẹo cao su, Bánh bao mini, Chai nước, Bánh bao mini, Sữa chua uống, Kem đánh răng, Nước ngọt, Bàn chải đánh răng, Kem đánh răng, Lăn khử mùi, Bao rác, Sổ tay nhỏ, Dây sạc điện thoại, Khăn ướt",WinMart+,Ha Noi,"31, Phố Mạc Thị Bưởi, Phường Vĩnh Tuy, Thành phố Hà Nội, 11622",20,4.4,convenience,21.000673800000005,105.8691768
"Sổ tay nhỏ, Pin sạc, Bánh snack, Lăn khử mùi, Mì gói, Sổ tay nhỏ, Lăn khử mùi, Trà đóng chai, Gối cổ du lịch, Chai nước, Sổ tay nhỏ, Pin AA, Bao rác, Gối cổ du lịch, Dao cạo râu, Pin AA, Bút bi, Mì gói, Xà phòng tắm",WinMart+,Ha Noi,"Phố Yên Phụ, Phường Tây Hồ, Thành phố Hà Nội, 10266",20,3.7,convenience,21.053331599999996,105.8369451
"Sữa hộp, Sữa hộp, Trà đóng chai, Nước suối, Bóng đèn LED mini, Găng tay nilon, Xà phòng tắm, Ô dù gấp, Cốc nhựa, Bánh bao mini, Kem đánh răng, Nước ngọt, Nước ngọt, Bật lửa, Nước suối, Bật lửa, Nước ngọt, Sữa hộp, Dao cạo râu",WinMart+,Ha Noi,"38, Ngõ 76 Phố Mai Dịch, Phường Phú Diễn, Thành phố Hà Nội, 10085",10,3.7,convenience,21.0406982,105.77558720000002
"Trà đóng chai, Găng tay nilon, Bánh bao mini, Chai nước, Bật lửa, Ô dù gấp, Bánh quy, Bàn chải đánh răng, Bao rác, Kẹo, Bàn chải đánh răng, Bóng đèn LED mini, Dây sạc điện thoại",WinMart+,Ha Noi,"121B, Phố Quan Hoa, Phường Nghĩa Đô, Thành phố Hà Nội, 10198",20,4,convenience,21.034280899999995,105.8040867
"Cà phê lon, Kẹo cao su, Sữa chua uống, Pin AA, Bật lửa, Kem đánh răng, Xà phòng tắm, Xà phòng tắm, Khoai tây chiên, Bánh quy, Pin sạc, Sổ tay nhỏ, Mì ly, Kẹo, Bóng đèn LED mini, Thịt hộp, Khăn giấy",WinMart+,Ha Noi,"100/10A, Ngõ 4 Phố Nghĩa Đô, Phường Nghĩa Đô, Thành phố Hà Nội, 10072",15,4.2,convenience,21.047609799999996,105.795593
"Chai nước, Bánh bao mini, Bật lửa, Pin sạc, Khăn giấy, Nước ngọt, Pin AA, Chai nước, Bánh quy, Bánh quy, Trà đóng chai, Bút bi, Dao cạo râu, Bóng đèn LED mini, Bánh mì sandwich, Bút bi, Gối cổ du lịch, Pin AA",WinMart+,Ha Noi,"66, Phố Hoàng Sâm, Phường Nghĩa Đô, Thành phố Hà Nội, 10072",20,4.1,convenience,21.0444272,105.7993084
"Ô dù gấp, Bánh bao mini, Bánh snack, Sổ tay nhỏ, Muỗng nhựa, Sổ tay nhỏ, Kem đánh răng, Pin sạc, Chai nước, Bánh mì sandwich, Bật lửa, Sổ tay nhỏ, Găng tay nilon, Bánh mì sandwich, Pin AA, Kẹo cao su, Cốc nhựa, Bánh snack, Kẹo, Bánh quy",WinMart+,Ha Noi,"16-19, Phố Ngô Thì Nhậm, Phường Hai Bà Trưng, Thành phố Hà Nội, 10047",10,4.1,convenience,21.017788000000003,105.8528958
"Mì gói, Thịt hộp, Gối cổ du lịch, Kẹo, Sổ tay nhỏ, Kẹo cao su, Kẹo, Kem đánh răng, Khẩu trang y tế, Cà phê lon, Sổ tay nhỏ, Cà phê lon, Sữa chua uống, Bút bi, Gối cổ du lịch, Khoai tây chiên, Mì ly, Găng tay nilon, Sữa chua uống",WinMart+,Ha Noi,"12, Phố Ngô Thì Nhậm, Phường Cửa Nam, Thành phố Hà Nội, 10047",20,4.1,convenience,21.018338799999995,105.8529172
"Găng tay nilon, Khoai tây chiên, Nước ngọt, Thịt hộp, Nước suối, Mì gói, Bao rác, Xà phòng tắm, Dao cạo râu, Kẹo, Lăn khử mùi, Ô dù gấp, Khăn ướt",WinMart+,Ha Noi,"142, Phố Phương Liệt, Phường Phương Liệt, Thành phố Hà Nội, 10999",15,3.9,convenience,20.996202799999995,105.8383862
"Sữa hộp, Găng tay nilon, Kẹo, Ô dù gấp, Ô dù gấp, Sổ tay nhỏ, Dây sạc điện thoại, Bật lửa, Bật lửa, Bóng đèn LED mini, Pin AA, Nước tăng lực, Pin AA, Kẹo cao su, Khăn giấy, Pin sạc, Khăn ướt, Dao cạo râu",WinMart+,Ha Noi,"20, Phố Văn Phú, Phường Kiến Hưng, Thành phố Hà Nội, 10189",15,4,convenience,20.962882399999998,105.7681476
"Găng tay nilon, Dầu gội, Khăn giấy, Bánh bao mini, Khăn ướt, Bánh snack, Kẹo, Găng tay nilon, Mì gói, Kẹo, Nước ngọt, Khẩu trang y tế, Cà phê lon, Pin AA, Trà đóng chai",WinMart+,Ha Noi,"167/2, Phố Phương Mai, Phường Kim Liên, Thành phố Hà Nội, 11415",15,4.2,convenience,21.003626099999995,105.8362768
"Nước suối, Bật lửa, Kẹo cao su, Khẩu trang y tế, Kem đánh răng, Gối cổ du lịch, Bánh quy, Sữa chua uống, Xà phòng tắm, Bánh quy, Bao rác, Sữa chua uống, Bánh bao mini, Bật lửa, Kẹo cao su, Dao cạo râu, Khoai tây chiên, Sữa hộp, Dao cạo râu, Khăn ướt",WinMart+,Ha Noi,"152, Phố Yên Hòa, Phường Yên Hòa, Thành phố Hà Nội, 10079",10,3.9,convenience,21.023401299999996,105.7943861
"Pin AA, Khoai tây chiên, Nước ngọt, Thịt hộp, Túi nylon, Sổ tay nhỏ, Dây sạc điện thoại, Sữa hộp, Nước tăng lực, Sổ tay nhỏ, Dao cạo râu, Sổ tay nhỏ, Cà phê lon",WinMart+,Ha Noi,"140, Đường Nguyễn Sơn, Phường Bồ Đề, Thành phố Hà Nội, 11810",15,4,convenience,21.0463531,105.8790446
"Pin sạc, Bàn chải đánh răng, Dầu gội, Muỗng nhựa, Pin AA, Kẹo cao su, Sổ tay nhỏ, Khăn giấy, Mì gói, Dầu gội, Bánh mì sandwich, Cốc nhựa, Thịt hộp, Sữa hộp, Mì ly, Nước suối, Sữa chua uống, Dầu gội",WinMart+,Ha Noi,"409, Phố Bạch Mai, Phường Bạch Mai, Thành phố Hà Nội, 11617",15,3.8,convenience,20.9992201,105.8504476
"Dao cạo râu, Thịt hộp, Muỗng nhựa, Khẩu trang y tế, Găng tay nilon, Khăn ướt, Bánh bao mini, Muỗng nhựa, Khăn ướt, Bánh snack, Cà phê lon, Bút bi, Bật lửa",WinMart+,Ha Noi,"601, Phố Kim Ngưu, Phường Vĩnh Tuy, Thành phố Hà Nội, 11617",15,3.5,convenience,20.9978781,105.86234650000002
"Sổ tay nhỏ, Sổ tay nhỏ, Khăn ướt, Chai nước, Bàn chải đánh răng, Khẩu trang y tế, Cà phê lon, Khăn giấy, Pin AA, Pin sạc, Cà phê lon, Bánh bao mini, Bàn chải đánh răng, Pin sạc, Lăn khử mùi, Nước ngọt, Pin sạc",WinMart+,Ha Noi,"103, Phố Thanh Đàm, Phường Vĩnh Hưng, Thành phố Hà Nội, 11622",10,3.8,convenience,20.9940076,105.8877878
"Bánh snack, Cà phê lon, Bánh mì sandwich, Cà phê lon, Bánh snack, Bàn chải đánh răng, Khăn giấy, Kẹo cao su, Sữa chua uống, Khoai tây chiên, Cốc nhựa, Cốc nhựa, Nước ngọt, Pin sạc, Nước ngọt",WinMart+,Ha Noi,"28, Phố Nguyễn Thái Học, Phường Ba Đình, Thành phố Hà Nội, 10247",10,3.7,convenience,21.029220299999995,105.8405114
"Bánh mì sandwich, Bật lửa, Mì gói, Dầu gội, Kem đánh răng, Sữa chua uống, Dao cạo râu, Sữa hộp, Nước tăng lực, Dây sạc điện thoại",WinMart+,Ha Noi,"1132, Đường Láng, Phường Láng, Thành phố Hà Nội, 10298",15,3.9,convenience,21.0251458,105.7983034
"Dầu gội, Bàn chải đánh răng, Xà phòng tắm, Bánh mì sandwich, Nước suối, Bao rác, Sổ tay nhỏ, Ô dù gấp, Bánh quy, Cà phê lon, Khẩu trang y tế",WinMart+,Ha Noi,"62, Phố Nguyễn Đức Cảnh, Phường Tương Mai, Thành phố Hà Nội, 11617",15,3.7,convenience,20.9872483,105.8500781
"Chai nước, Bút bi, Pin AA, Mì gói, Sữa hộp, Bóng đèn LED mini, Dầu gội, Ô dù gấp, Dầu gội, Bàn chải đánh răng, Ô dù gấp, Túi nylon, Mì ly, Mì gói, Bàn chải đánh răng, Bánh mì sandwich, Bánh quy, Bánh quy, Găng tay nilon",Circle K,Ha Noi,"1A, Phố Hồ Đắc Di, Phường Đống Đa, Thành phố Hà Nội, 10306",20,4.1,convenience,21.0111154,105.8305996
"Túi nylon, Mì ly, Gối cổ du lịch, Sổ tay nhỏ, Gối cổ du lịch, Kẹo, Xà phòng tắm, Xà phòng tắm, Mì ly, Gối cổ du lịch, Trà đóng chai, Dầu gội, Chai nước, Pin AA, Mì gói",WinMart+,Ha Noi,"55/3, Ngõ 55 Phố Đỗ Quang, Phường Yên Hòa, Thành phố Hà Nội, 11313",20,3.5,convenience,21.010784299999997,105.8025447
"Sữa chua uống, Dao cạo râu, Trà đóng chai, Sổ tay nhỏ, Sữa chua uống, Thịt hộp, Nước ngọt, Túi nylon, Găng tay nilon, Khăn giấy, Khoai tây chiên, Lăn khử mùi, Gối cổ du lịch, Nước ngọt, Kẹo cao su, Muỗng nhựa, Bao rác, Pin sạc, Dao cạo râu, Khẩu trang y tế",WinMart+,Ha Noi,"Đường Số 4, Phường Vĩnh Tuy, Thành phố Hà Nội, 11622",10,4,convenience,20.995768,105.8684824
"Khoai tây chiên, Bánh quy, Dây sạc điện thoại, Sổ tay nhỏ, Xà phòng tắm, Bao rác, Khăn ướt, Bánh mì sandwich, Khẩu trang y tế, Khoai tây chiên, Khăn ướt, Găng tay nilon, Bánh quy, Bánh bao mini, Bánh mì sandwich, Gối cổ du lịch",WinMart+,Ha Noi,"9, Phố Thịnh Liệt, Phường Hoàng Mai, Thành phố Hà Nội, 11718",15,3.9,convenience,20.9740685,105.8412617
"Dây sạc điện thoại, Sữa chua uống, Túi nylon, Pin AA, Bánh snack, Găng tay nilon, Túi nylon, Bánh snack, Khoai tây chiên, Khăn ướt, Bánh quy, Nước ngọt, Xà phòng tắm",WinMart+,Ha Noi,"10, Phố Đức Giang, Phường Việt Hưng, Thành phố Hà Nội, 11810",15,3.9,convenience,21.0636298,105.8954946
"Nước suối, Muỗng nhựa, Khẩu trang y tế, Nước ngọt, Cà phê lon, Muỗng nhựa, Dây sạc điện thoại, Khoai tây chiên, Dầu gội, Thịt hộp, Khăn ướt, Xà phòng tắm, Bánh bao mini, Bàn chải đánh răng, Lăn khử mùi, Xà phòng tắm, Lăn khử mùi, Khăn ướt, Pin sạc, Khăn ướt",WinMart+,Ha Noi,"23, Phố Cửa Bắc, Phường Ba Đình, Thành phố Hà Nội, 10075",10,3.7,convenience,21.044089,105.8430288
"Bánh snack, Muỗng nhựa, Bao rác, Túi nylon, Bút bi, Khăn ướt, Nước suối, Cà phê lon, Mì gói, Mì gói",WinMart+,Ha Noi,"Ngách 397/2 Đường Phạm Văn Đồng, Phường Xuân Đỉnh, Thành phố Hà Nội, 12500",20,4.4,convenience,21.068748099999997,105.786552
"Kẹo cao su, Pin sạc, Túi nylon, Mì ly, Lăn khử mùi, Dây sạc điện thoại, Lăn khử mùi, Kem đánh răng, Bóng đèn LED mini, Dao cạo râu, Bánh bao mini, Bánh bao mini, Nước tăng lực",WinMart+,Ha Noi,"38, Phố Trường Lâm, Phường Việt Hưng, Thành phố Hà Nội, 11810",20,4.3,convenience,21.062071399999997,105.8962953
"Pin AA, Gối cổ du lịch, Kem đánh răng, Trà đóng chai, Khẩu trang y tế, Bánh mì sandwich, Xà phòng tắm, Bánh mì sandwich, Trà đóng chai, Kem đánh răng",WinMart+,Ha Noi,"133, Đường Thụy Khuê, Phường Tây Hồ, Thành phố Hà Nội, 10071",20,4.3,convenience,21.043178399999995,105.8220517
"Xà phòng tắm, Sữa hộp, Khăn giấy, Kẹo, Sữa chua uống, Sữa hộp, Sổ tay nhỏ, Bánh snack, Nước suối, Chai nước, Bánh quy, Lăn khử mùi, Mì gói",WinMart+,Ha Noi,"Đường Số 4, Phường Vĩnh Tuy, Thành phố Hà Nội, 11622",15,4.4,convenience,20.994054200000004,105.8683539
"Bóng đèn LED mini, Khăn giấy, Nước suối, Bánh mì sandwich, Bóng đèn LED mini, Cà phê lon, Sữa chua uống, Nước suối, Dây sạc điện thoại, Bao rác, Bánh quy, Kem đánh răng, Cà phê lon, Pin sạc",WinMart+,Ha Noi,"Đường Văn Tiến Dũng, Phường Phú Diễn, Thành phố Hà Nội, 34000",15,4.2,convenience,21.0491799,105.7488924
"Dây sạc điện thoại, Nước tăng lực, Thịt hộp, Cà phê lon, Lăn khử mùi, Kẹo, Cà phê lon, Dầu gội, Kẹo, Cốc nhựa, Muỗng nhựa, Ô dù gấp, Bật lửa, Bật lửa, Sữa chua uống, Sữa hộp, Nước tăng lực",WinMart+,Ha Noi,"652, Đường Nguyễn Văn Cừ, Phường Bồ Đề, Thành phố Hà Nội, 11810",20,4.3,convenience,21.0449663,105.8741281
"Bao rác, Nước suối, Găng tay nilon, Ô dù gấp, Lăn khử mùi, Sữa hộp, Kẹo cao su, Pin AA, Khẩu trang y tế, Cốc nhựa, Bánh snack, Trà đóng chai, Nước suối, Sổ tay nhỏ, Khoai tây chiên, Bánh mì sandwich, Dầu gội, Khẩu trang y tế, Chai nước",WinMart+,Ha Noi,"38, Đường Đê Tô Hoàng, Phường Bạch Mai, Thành phố Hà Nội, 10053",20,4.4,convenience,21.0074851,105.8499971
"Cà phê lon, Bao rác, Nước tăng lực, Sổ tay nhỏ, Bật lửa, Sữa chua uống, Bóng đèn LED mini, Kem đánh răng, Bàn chải đánh răng, Gối cổ du lịch, Dây sạc điện thoại, Bóng đèn LED mini, Bút bi, Nước ngọt, Trà đóng chai, Mì ly, Muỗng nhựa, Khăn giấy",K Mart,Ha Noi,"271, Đường Nguyễn Hoàng Tôn, Phường Phú Thượng, Thành phố Hà Nội, 10206",10,4.5,convenience,21.073807000000002,105.8009323
"Nước tăng lực, Bánh mì sandwich, Sữa chua uống, Khăn ướt, Dây sạc điện thoại, Nước tăng lực, Khoai tây chiên, Bật lửa, Cốc nhựa, Bánh quy",WinMart+,Ha Noi,"47, Phó Đức Chính, Phường Tây Hồ, Thành phố Hà Nội, 10266",15,3.7,convenience,21.0490166,105.8409492
"Mì gói, Kẹo cao su, Kem đánh răng, Mì gói, Muỗng nhựa, Kẹo cao su, Mì gói, Bánh snack, Pin sạc, Pin sạc, Lăn khử mùi, Bóng đèn LED mini, Bật lửa, Ô dù gấp, Sữa hộp, Bàn chải đánh răng",WinMart+,Ha Noi,"848, Đường Trương Định, Phường Hoàng Mai, Thành phố Hà Nội, 11617",15,4.3,convenience,20.978394899999998,105.8427343
"Lăn khử mùi, Pin AA, Sữa chua uống, Bánh mì sandwich, Gối cổ du lịch, Nước tăng lực, Sữa hộp, Bật lửa, Găng tay nilon, Khăn giấy, Bút bi, Sổ tay nhỏ, Bánh quy, Bật lửa, Muỗng nhựa, Sữa hộp, Bật lửa, Dầu gội, Bao rác, Nước ngọt",WinMart+,Ha Noi,"166, Phố Kim Hoa, Phường Văn Miếu - Quốc Tử Giám, Thành phố Hà Nội, 10306",15,4,convenience,21.011237,105.8377154
"Bàn chải đánh răng, Mì gói, Chai nước, Nước suối, Lăn khử mùi, Sổ tay nhỏ, Bánh snack, Muỗng nhựa, Túi nylon, Mì ly, Pin AA, Găng tay nilon, Bút bi, Sữa chua uống, Bàn chải đánh răng, Nước tăng lực, Dầu gội",WinMart+,Ha Noi,"404, Đường Kim Giang, Phường Định Công, Thành phố Hà Nội, 11718",15,4.1,convenience,20.9744364,105.824725
"Dao cạo râu, Muỗng nhựa, Cốc nhựa, Sữa hộp, Chai nước, Ô dù gấp, Sữa chua uống, Nước ngọt, Khăn giấy, Lăn khử mùi, Pin AA, Bàn chải đánh răng, Nước ngọt, Khăn giấy, Mì gói, Nước ngọt, Bánh mì sandwich, Găng tay nilon",WinMart+,Ha Noi,"210, Phố Đội Cấn, Phường Ngọc Hà, Thành phố Hà Nội, 10229",20,3.7,convenience,21.035182700000004,105.8210759
"Bút bi, Bao rác, Lăn khử mùi, Chai nước, Sữa hộp, Bánh snack, Khăn ướt, Bánh bao mini, Sổ tay nhỏ, Khăn giấy, Găng tay nilon, Mì ly, Khoai tây chiên, Khẩu trang y tế, Khăn giấy, Sữa chua uống, Gối cổ du lịch",WinMart+,Ha Noi,"167, Phố Trần Đại Nghĩa, Phường Bạch Mai, Thành phố Hà Nội, 10999",10,4.2,convenience,21.000909600000004,105.8454402
"Dao cạo râu, Cốc nhựa, Lăn khử mùi, Dây sạc điện thoại, Bao rác, Cốc nhựa, Cà phê lon, Pin sạc, Bật lửa, Kẹo cao su, Chai nước, Mì ly",WinMart+,Ha Noi,"29, Ngõ 126 Xuân Đỉnh, Phường Xuân Đỉnh, Thành phố Hà Nội, 10264",15,4,convenience,21.072156699999997,105.7986089
"Mì gói, Nước suối, Xà phòng tắm, Pin sạc, Kẹo cao su, Khăn ướt, Muỗng nhựa, Kẹo, Bánh quy, Mì gói, Sữa hộp, Pin sạc, Bánh mì sandwich, Muỗng nhựa",WinMart+,Ha Noi,"33, Phố Lương Khánh Thiện, Phường Tương Mai, Thành phố Hà Nội, 11617",15,3.8,convenience,20.9861779,105.8510681
"Khăn ướt, Túi nylon, Nước suối, Bàn chải đánh răng, Khăn ướt, Mì gói, Kẹo, Cốc nhựa, Gối cổ du lịch, Bánh bao mini",WinMart+,Ha Noi,"Đường Trần Phú, Phường Hà Đông, Thành phố Hà Nội, 12100",15,4.3,convenience,20.977610699999996,105.7836585
"Túi nylon, Khăn giấy, Sữa hộp, Pin AA, Bao rác, Bóng đèn LED mini, Pin sạc, Bật lửa, Pin AA, Lăn khử mùi, Cà phê lon, Xà phòng tắm, Kem đánh răng, Cà phê lon, Pin sạc, Kem đánh răng, Túi nylon, Dao cạo râu, Pin AA",WinMart+,Ha Noi,"Phố Tú Mỡ, Phường Yên Hòa, Thành phố Hà Nội, 10161",15,4.3,convenience,21.00928,105.7930928
"Dao cạo râu, Cốc nhựa, Bật lửa, Cốc nhựa, Khăn giấy, Gối cổ du lịch, Xà phòng tắm, Bật lửa, Kẹo cao su, Mì gói, Bánh mì sandwich, Thịt hộp, Nước tăng lực, Thịt hộp, Kẹo",WinMart+,Ha Noi,"44, Phố Nguyễn Hoàng, Phường Từ Liêm, Thành phố Hà Nội, 10085",10,4.4,convenience,21.0314391,105.7745256
"Muỗng nhựa, Xà phòng tắm, Khoai tây chiên, Xà phòng tắm, Mì gói, Pin sạc, Chai nước, Pin sạc, Khoai tây chiên, Dao cạo râu, Sổ tay nhỏ, Kem đánh răng, Bánh mì sandwich, Ô dù gấp",WinMart+,Ha Noi,"69, Phố Hạ Đình, Phường Khương Đình, Thành phố Hà Nội, 10135",20,4.5,convenience,20.991351500000004,105.8064234
"Găng tay nilon, Bao rác, Lăn khử mùi, Khăn giấy, Kẹo cao su, Bao rác, Bánh snack, Trà đóng chai, Dầu gội, Trà đóng chai, Khẩu trang y tế, Khăn ướt, Dao cạo râu, Dao cạo râu, Khăn ướt, Ô dù gấp",WinMart+,Ha Noi,"194, Phố Minh Khai, Phường Tương Mai, Thành phố Hà Nội, 11617",10,3.6,convenience,20.995285099999997,105.8542441
"Dây sạc điện thoại, Lăn khử mùi, Khăn ướt, Khoai tây chiên, Khoai tây chiên, Lăn khử mùi, Kem đánh răng, Xà phòng tắm, Cà phê lon, Dao cạo râu, Mì ly, Bánh quy, Pin AA, Pin sạc, Bóng đèn LED mini, Xà phòng tắm, Dầu gội, Khăn giấy",WinMart+,Ha Noi,"20, Ngõ Huyện, Phường Hoàn Kiếm, Thành phố Hà Nội, 11006",15,4.2,convenience,21.029424999999996,105.8487652
"Ô dù gấp, Pin AA, Mì ly, Kem đánh răng, Bút bi, Gối cổ du lịch, Thịt hộp, Chai nước, Muỗng nhựa, Kem đánh răng, Ô dù gấp, Sổ tay nhỏ, Khoai tây chiên, Cà phê lon, Gối cổ du lịch, Dầu gội, Mì gói, Muỗng nhựa, Kẹo cao su, Nước suối",WinMart+,Ha Noi,"19, Đường Nguyễn Văn Huyên, Phường Nghĩa Đô, Thành phố Hà Nội, 10072",10,4.3,convenience,21.045527100000005,105.7974384
"Gối cổ du lịch, Bóng đèn LED mini, Cà phê lon, Muỗng nhựa, Bánh quy, Sữa chua uống, Sữa hộp, Mì gói, Khăn giấy, Sổ tay nhỏ, Bánh snack, Pin sạc, Bánh quy, Bánh bao mini",WinMart+,Ha Noi,"Ngõ 143 Đường Nguyễn Tuân, Phường Thanh Xuân, Thành phố Hà Nội, 10055",10,4.2,convenience,20.997805800000002,105.8023265
"Trà đóng chai, Sổ tay nhỏ, Pin AA, Bánh bao mini, Pin sạc, Kẹo cao su, Bánh bao mini, Mì ly, Khẩu trang y tế, Mì gói, Ô dù gấp, Mì gói, Khẩu trang y tế, Bánh snack, Bánh mì sandwich, Túi nylon, Kem đánh răng",WinMart+,Ha Noi,"166, Phố Ái Mộ, Phường Bồ Đề, Thành phố Hà Nội, 11008",15,4.5,convenience,21.0387077,105.8710078
"Kem dưỡng da, Mì gói, Bột giặt, Nước mắm, Nước xả vải, Ly thủy tinh, Sốt cà chua, Khẩu trang y tế, Kem dưỡng da, Kem dưỡng da, Nước tương, Nước xả vải, Bàn chải, Thớt",Siêu thị Thành Công,Ha Noi,"Phố Lê Trọng Tấn, Phường Phương Liệt, Thành phố Hà Nội, 11415",135,3.7,supermarket,20.998700599999996,105.828332
"Bánh mì sandwich, Mì gói, Cà phê lon, Khăn ướt, Khoai tây chiên, Thịt hộp, Bóng đèn LED mini, Ô dù gấp, Mì ly, Mì ly, Mì ly, Ô dù gấp, Túi nylon, Muỗng nhựa, Nước suối",WinMart+,Ha Noi,"70B, Phố Đội Cấn, Phường Ba Đình, Thành phố Hà Nội, 11112",10,3.7,convenience,21.034505700000004,105.8296113
"Bánh bao mini, Kem đánh răng, Sữa hộp, Thịt hộp, Dao cạo râu, Cốc nhựa, Khoai tây chiên, Trà đóng chai, Nước ngọt, Khẩu trang y tế, Găng tay nilon, Muỗng nhựa, Trà đóng chai, Sữa hộp",Cửa Hàng Tiện Lợi Huy Mart,Ha Noi,"Phố Nguyễn Xuân Linh, Phường Yên Hòa, Thành phố Hà Nội, 10055",10,3.6,convenience,21.0053119,105.8016442
"Sốt cà chua, Khay nhựa, Sữa tắm, Bột mì, Kem cạo râu, Nước rửa chén, Bột giặt, Bông tẩy trang, Nước lau sàn, Sữa tắm, Bột mì, Muỗng nĩa, Trà túi lọc",WinMart,Ha Noi,"Phố Nguyễn Khuyến, Phường Hà Đông, Thành phố Hà Nội, 12100",80,3.9,supermarket,20.974602599999997,105.7892184
"Dầu gội, Ly thủy tinh, Kem cạo râu, Nước xả vải, Đường, Trứng gà, Trà túi lọc, Cà phê hòa tan, Bột giặt, Đĩa sứ, Giấy bọc thực phẩm, Bột ngọt, Cá hộp, Nước mắm, Rau củ quả, Son dưỡng môi, Son dưỡng môi, Muỗng nĩa",Siêu thị Đức Thành,Ha Noi,"Phố Tố Hữu, Phường Hà Đông, Thành phố Hà Nội, 10070",120,4.1,supermarket,20.972795599999998,105.75863
"Bột giặt, Giấy vệ sinh, Thớt, Dầu gội, Thịt heo, Sốt cà chua, Rau củ quả, Bột mì, Bàn chải, Muỗng nĩa, Chảo chống dính, Nước lau sàn, Giấy bọc thực phẩm, Ngũ cốc ăn sáng, Snack, Dầu ăn",Siêu thị Mường Thanh,Ha Noi,"Đường Cầu Bươu, Phường Kiến Hưng, Hữu Hòa, Thành phố Hà Nội, 10135",115,4,supermarket,20.960171699999993,105.7998171
"Thớt, Nước trái cây, Túi đựng rác, Chảo chống dính, Muối, Khăn giấy, Sữa tắm, Ly thủy tinh, Son dưỡng môi, Nước tương",Siêu Thị Hapro,Ha Noi,"Phố Thành Công, Phường Giảng Võ, Thành phố Hà Nội, 10265",190,4.2,supermarket,21.022658800000002,105.8157284
"Bơ thực vật, Muối, Kem dưỡng da, Thịt heo, Sữa tươi, Muỗng nĩa, Chảo chống dính, Khẩu trang y tế, Rau củ quả, Trà túi lọc, Giấy vệ sinh",Siêu Thị Intimex,Ha Noi,"Ngõ 105 Đường Lạc Long Quân, Phường Tây Hồ, Thành phố Hà Nội, 10072",150,3.7,supermarket,21.05159189999999,105.8080023
"Rau củ quả, Nước trái cây, Khăn giấy, Nước tương, Chảo chống dính, Snack, Giấy bọc thực phẩm, Son dưỡng môi, Khăn giấy, Trứng gà, Khăn giấy, Khay nhựa, Dao bếp, Muỗng nĩa, Túi đựng rác, Sữa tươi, Thớt",Siêu thị Mega Ngọc Hồi,Ha Noi,"Đường Phương Dung, Xã Ngọc Hồi, Thành phố Hà Nội, 12506",170,3.9,supermarket,20.914359699999995,105.85214780000001
"Cà phê lon, Găng tay nilon, Cốc nhựa, Khoai tây chiên, Chai nước, Bàn chải đánh răng, Lăn khử mùi, Túi nylon, Bóng đèn LED mini, Kẹo, Bật lửa, Ô dù gấp, Sữa hộp, Mì ly, Mì ly, Mì gói, Pin sạc, Sữa chua uống, Nước suối",WinMart+,Ha Noi,"Minh Khai, Phường Vĩnh Tuy, Thành phố Hà Nội, 11622",10,3.9,convenience,20.9940823,105.8693329
"Đĩa sứ, Muối, Trà túi lọc, Nước xả vải, Khay nhựa, Son dưỡng môi, Chảo chống dính, Nước xả vải, Ly thủy tinh, Dầu gội, Cá hộp, Nước trái cây, Cá hộp, Cá hộp, Muỗng nĩa, Gạo, Giấy bọc thực phẩm, Cà phê hòa tan, Dầu gội, Túi đựng rác",WinMart,Ha Noi,"Ngách 102/33 Đường Trường Chinh, Phường Kim Liên, Thành phố Hà Nội, 11415",85,3.8,supermarket,20.9997316,105.8374033
"Bóng đèn LED mini, Bóng đèn LED mini, Bánh mì sandwich, Khăn giấy, Khăn giấy, Khẩu trang y tế, Khăn ướt, Khoai tây chiên, Kem đánh răng, Bật lửa, Túi nylon, Kem đánh răng",Xuân Độ,Ha Noi,"Cầu Văn Phương, Xã Hòa Phú, Thành phố Hà Nội, 10000",15,4.1,convenience,20.8319961,105.7434619
"Lăn khử mùi, Khăn giấy, Bánh quy, Khẩu trang y tế, Ô dù gấp, Gối cổ du lịch, Nước tăng lực, Khăn giấy, Bánh bao mini, Kem đánh răng, Bóng đèn LED mini, Muỗng nhựa",Tú Hải,Ha Noi,"Cầu Văn Phương, Xã Hòa Phú, Thành phố Hà Nội, 10000",20,4.4,convenience,20.8328452,105.7477506
"Dây sạc điện thoại, Sổ tay nhỏ, Muỗng nhựa, Nước tăng lực, Lăn khử mùi, Gối cổ du lịch, Mì ly, Cà phê lon, Sữa chua uống, Dao cạo râu, Bao rác, Pin sạc",Căng Tin Số 1 TDTT,Ha Noi,"Đường Hoa, Phường Chương Mỹ, Thành phố Hà Nội, 13400",10,4,convenience,20.936534999999996,105.70962950000002
"Bật lửa, Túi nylon, Khoai tây chiên, Mì ly, Khẩu trang y tế, Pin AA, Thịt hộp, Cà phê lon, Sổ tay nhỏ, Pin AA, Dầu gội, Pin sạc, Kẹo",Tiến Nhung,Ha Noi,"Cầu Văn Phương, Xã Hòa Phú, Thành phố Hà Nội, 10000",15,4.4,convenience,20.8307201,105.75330310000001
"Gối cổ du lịch, Chai nước, Dao cạo râu, Bàn chải đánh răng, Bánh mì sandwich, Trà đóng chai, Găng tay nilon, Bút bi, Bánh bao mini, Cà phê lon, Mì gói, Thịt hộp, Mì ly, Túi nylon",Căng Tin Tạp Hoá Anh Kết,Ha Noi,"Phố Phúc Thành, Phường Chương Mỹ, Thành phố Hà Nội, 13400",20,3.5,convenience,20.933774000000003,105.7081627
"Kẹo cao su, Kẹo cao su, Bánh bao mini, Kem đánh răng, Nước suối, Dao cạo râu, Sổ tay nhỏ, Sữa chua uống, Dây sạc điện thoại, Lăn khử mùi, Ô dù gấp, Gối cổ du lịch",Tân Hậu,Ha Noi,"Cầu Văn Phương, Xã Hòa Phú, Thành phố Hà Nội, 10000",10,4,convenience,20.831001399999998,105.7551294
"Thịt hộp, Nước tăng lực, Dao cạo râu, Sữa hộp, Khăn ướt, Túi nylon, Kẹo, Mì gói, Thịt hộp, Bao rác, Gối cổ du lịch, Nước suối, Sổ tay nhỏ, Sữa chua uống, Khăn ướt",Phương Linh,Ha Noi,"Đường Chúc Sơn, Phường Chương Mỹ, Thành phố Hà Nội, 13400",15,4.4,convenience,20.924895600000003,105.707135
"Mì gói, Khoai tây chiên, Cốc nhựa, Mì gói, Dây sạc điện thoại, Nước suối, Mì gói, Dầu gội, Bánh mì sandwich, Bánh quy, Dao cạo râu, Kem đánh răng, Bánh snack, Dầu gội, Cà phê lon",Thanh Hương ( Lê Thị Mai Hương ),Ha Noi,"Đường Hồ Chí Minh, Xã Xuân Mai, Thành phố Hà Nội",15,4,convenience,20.8823411,105.578304
"Nước tăng lực, Dầu gội, Kẹo, Pin sạc, Mì ly, Khẩu trang y tế, Khoai tây chiên, Bàn chải đánh răng, Bút bi, Lăn khử mùi, Bao rác, Lăn khử mùi, Kẹo, Mì gói, Bánh bao mini, Chai nước, Cốc nhựa, Khăn giấy",WinMart+,Ha Noi,"204, Đường Thanh Bình, Phường Hà Đông, Thành phố Hà Nội, 12100",20,4.5,convenience,20.9839479,105.7786601
"Kẹo cao su, Kẹo cao su, Khoai tây chiên, Thịt hộp, Xà phòng tắm, Pin AA, Pin AA, Găng tay nilon, Lăn khử mùi, Dầu gội, Ô dù gấp",Cửa Hàng Thanh Miên,Ha Noi,"Đường Tỉnh 419, Phường Chương Mỹ, Thành phố Hà Nội, 13400",10,4.2,convenience,20.899486699999997,105.6989955
"Kẹo cao su, Pin AA, Sữa chua uống, Khăn ướt, Sữa chua uống, Pin AA, Nước suối, Khoai tây chiên, Cốc nhựa, Túi nylon, Xà phòng tắm, Bút bi",Phương Lâm ( Lê Thị Dung ),Ha Noi,"Đường Hồ Chí Minh, Xã Trần Phú, Thành phố Hà Nội",20,3.7,convenience,20.813131999999996,105.6447726
"Khăn giấy, Trà đóng chai, Muỗng nhựa, Sữa chua uống, Trà đóng chai, Khăn giấy, Nước suối, Khoai tây chiên, Nước ngọt, Bàn chải đánh răng, Lăn khử mùi, Mì gói, Cà phê lon, Dầu gội, Dây sạc điện thoại, Xà phòng tắm, Mì ly, Nước tăng lực, Kem đánh răng",Thúy Mạnh ( Nguyễn Thị Thúy ),Ha Noi,"Đường tỉnh 429, Xã Trần Phú, Thành phố Hà Nội",20,4.3,convenience,20.8138968,105.6453187
"Kem đánh răng, Nước suối, Kẹo cao su, Lăn khử mùi, Dao cạo râu, Sữa hộp, Bàn chải đánh răng, Sổ tay nhỏ, Bật lửa, Bóng đèn LED mini, Dao cạo râu, Mì ly, Găng tay nilon, Túi nylon, Khoai tây chiên, Bánh bao mini, Găng tay nilon",WinMart+,Ha Noi,"48, Phố Trạm, Phường Long Biên, Thành phố Hà Nội, 08443",10,4,convenience,21.0264467,105.8931582
"Muối, Bông tẩy trang, Ngũ cốc ăn sáng, Thớt, Dao bếp, Ngũ cốc ăn sáng, Thớt, Dầu ăn, Khăn giấy, Bông tẩy trang, Dầu ăn, Gạo, Khăn giấy, Dầu ăn, Dao bếp, Sốt cà chua, Túi đựng rác",Unik mart Thuỵ Khuê,Ha Noi,"Ngõ 152 Thụy Khuê, Phường Tây Hồ, Thành phố Hà Nội, 10287",175,3.9,supermarket,21.043238399999996,105.8229993
"Bông tẩy trang, Chảo chống dính, Cá hộp, Giấy vệ sinh, Bột ngọt, Bàn chải, Nước mắm, Túi đựng rác, Sữa tươi, Muối, Muối, Kem cạo râu, Cá hộp, Khăn giấy, Túi đựng rác",Co.opmart,Ha Noi,"18, Đường Trần Phú, Phường Hà Đông, Thành phố Hà Nội, 12011",55,3.9,supermarket,20.982553800000005,105.7902001
"Kem cạo râu, Rau củ quả, Cà phê hòa tan, Dầu gội, Túi đựng rác, Bàn chải, Khẩu trang y tế, Ly thủy tinh, Trứng gà, Son dưỡng môi, Giấy bọc thực phẩm, Nước tương, Bột ngọt, Nước mắm, Chảo chống dính, Bột giặt",Tops Market,Ha Noi,"Ngõ 102 Trần Phú, Phường Hà Đông, Thành phố Hà Nội, 12100",80,3.6,supermarket,20.9789425,105.7854355
"Bánh snack, Bánh bao mini, Dây sạc điện thoại, Bóng đèn LED mini, Cốc nhựa, Khoai tây chiên, Xà phòng tắm, Lăn khử mùi, Bánh quy, Mì ly, Mì gói, Kẹo cao su, Khăn giấy, Khăn ướt, Dầu gội, Thịt hộp, Muỗng nhựa, Chai nước, Lăn khử mùi",WinMart+,Ha Noi,"20, Phố Nghĩa Dũng, Phường Hồng Hà, Thành phố Hà Nội, 11025",20,3.8,convenience,21.0489239,105.8457566
"Khẩu trang y tế, Trà đóng chai, Kẹo, Khoai tây chiên, Mì ly, Bật lửa, Kẹo cao su, Dao cạo râu, Bút bi, Khoai tây chiên, Bóng đèn LED mini, Bóng đèn LED mini, Bút bi, Sổ tay nhỏ, Khoai tây chiên, Dây sạc điện thoại",WinMart+,Ha Noi,"Đường Số 4, Phường Vĩnh Tuy, Thành phố Hà Nội, 11622",10,4,convenience,20.995283299999993,105.8684916
"Sữa chua uống, Bánh snack, Dây sạc điện thoại, Kẹo cao su, Lăn khử mùi, Kẹo, Gối cổ du lịch, Túi nylon, Thịt hộp, Pin AA, Dầu gội, Xà phòng tắm, Nước ngọt, Bóng đèn LED mini, Lăn khử mùi",Circle K,Ha Noi,"Phố Chùa Láng, Phường Láng, Thành phố Hà Nội, 10298",10,3.8,convenience,21.0234324,105.80618120000001
"Ô dù gấp, Mì gói, Sữa chua uống, Mì ly, Lăn khử mùi, Nước tăng lực, Pin sạc, Bao rác, Trà đóng chai, Mì ly, Khăn ướt",WinMart+,Ha Noi,"100, Phố Nguyễn Văn Giáp, Phường Từ Liêm, Thành phố Hà Nội, 10085",10,4.3,convenience,21.036702,105.7594346
"Găng tay nilon, Túi nylon, Bóng đèn LED mini, Sữa chua uống, Bút bi, Muỗng nhựa, Dây sạc điện thoại, Gối cổ du lịch, Nước ngọt, Dây sạc điện thoại, Bánh bao mini, Thịt hộp, Nước suối, Mì gói, Khoai tây chiên, Gối cổ du lịch, Lăn khử mùi, Lăn khử mùi, Bánh quy",WinMart+,Ha Noi,"Phố Thị Cẩm, Phường Xuân Phương, Thành phố Hà Nội, 10085",20,4,convenience,21.032047399999993,105.7526052
"Trà đóng chai, Cốc nhựa, Sổ tay nhỏ, Bóng đèn LED mini, Khẩu trang y tế, Sổ tay nhỏ, Bánh mì sandwich, Mì ly, Mì ly, Muỗng nhựa, Túi nylon, Xà phòng tắm, Bật lửa, Kem đánh răng, Cà phê lon, Cà phê lon, Cốc nhựa",WinMart+,Ha Noi,"44 Tổ 12, Đường Lâm Tiên, Xã Thư Lâm, Thành phố Hà Nội",20,4.2,convenience,21.162709299999992,105.84953010000001
"Kẹo cao su, Túi nylon, Khoai tây chiên, Sổ tay nhỏ, Sổ tay nhỏ, Muỗng nhựa, Dao cạo râu, Mì gói, Khẩu trang y tế, Cốc nhựa, Khăn ướt",WinMart+,Ha Noi,"371, Đường Cao Lỗ, Xã Đông Anh, Thành phố Hà Nội, 12323",20,4.2,convenience,21.137879599999994,105.8594595
"Pin sạc, Pin sạc, Pin AA, Xà phòng tắm, Kem đánh răng, Khăn ướt, Khăn ướt, Bánh snack, Mì gói, Kẹo, Bút bi, Cà phê lon, Khăn giấy",WinMart+,Ha Noi,"19, Phố Lương Định Của, Phường Kim Liên, Thành phố Hà Nội, 11415",15,3.5,convenience,21.006400299999996,105.8357193
"Cà phê lon, Dao cạo râu, Mì ly, Nước suối, Pin sạc, Khoai tây chiên, Mì ly, Kẹo cao su, Túi nylon, Dầu gội, Chai nước",WinMart+,Ha Noi,"250, Đường Lạc Long Quân, Phường Tây Hồ, Thành phố Hà Nội, 10072",20,4.1,convenience,21.054181699999997,105.8090056
"Nước suối, Nước tăng lực, Lăn khử mùi, Bánh bao mini, Kẹo cao su, Nước ngọt, Lăn khử mùi, Sữa hộp, Sổ tay nhỏ, Bật lửa",WinMart+,Ha Noi,"35B, Đường Xuân La, Phường Tây Hồ, Thành phố Hà Nội, 10206",15,4,convenience,21.062041599999993,105.8079758
"Đường, Trứng gà, Bàn chải, Nước rửa chén, Dầu gội, Thịt heo, Nước hoa mini, Sữa chua, Bông tẩy trang, Khăn giấy, Khăn giấy, Nước trái cây, Ly thủy tinh, Ly thủy tinh, Nước tương",Vin+ 38 Đào Cam Mộc,Ha Noi,"Đường Đào Cam Mộc, Xã Đông Anh, Thành phố Hà Nội, 12323",155,4.2,supermarket,21.141262399999995,105.8685287
"Son dưỡng môi, Muối, Nước hoa mini, Khay nhựa, Dầu ăn, Bông tẩy trang, Bột giặt, Giấy vệ sinh, Khẩu trang y tế, Khay nhựa, Kem cạo râu, Muỗng nĩa, Bàn chải, Gạo",Vin+ Tổ 25 Đ.Anh,Ha Noi,"Quốc lộ 3, Xã Phúc Thịnh, Thành phố Hà Nội",140,3.6,supermarket,21.17081019999999,105.8443361
"Khay nhựa, Bơ thực vật, Khăn giấy, Gạo, Ngũ cốc ăn sáng, Khăn giấy, Khẩu trang y tế, Chảo chống dính, Cá hộp, Muỗng nĩa, Mì gói, Giấy vệ sinh, Nước hoa mini, Muối, Nước hoa mini, Bàn chải, Nước lau sàn",Vin +19 T22 Đ.Anh,Ha Noi,"Đường Uy Nỗ, Xã Thư Lâm, Thành phố Hà Nội",100,3.7,supermarket,21.1696205,105.8568805
"Bánh snack, Pin AA, Nước tăng lực, Dây sạc điện thoại, Khẩu trang y tế, Pin sạc, Mì ly, Sữa chua uống, Thịt hộp, Cà phê lon, Sữa hộp, Bao rác, Sữa chua uống",WinMart+,Ha Noi,"69, Phố Bắc Cầu, Phường Bồ Đề, Thành phố Hà Nội, 10266",15,3.9,convenience,21.0632981,105.8608567
"Dao cạo râu, Bánh bao mini, Nước tăng lực, Gối cổ du lịch, Bánh snack, Túi nylon, Sữa chua uống, Khẩu trang y tế, Nước suối, Chai nước, Bóng đèn LED mini, Khăn giấy, Chai nước, Khoai tây chiên, Sổ tay nhỏ, Bánh snack, Xà phòng tắm",WinMart+,Ha Noi,"Ngõ 460 Khương Đình, Phường Khương Đình, Thành phố Hà Nội, 10135",20,4.4,convenience,20.985774599999996,105.8118142
"Dây sạc điện thoại, Khăn ướt, Bóng đèn LED mini, Kem đánh răng, Pin AA, Bánh snack, Dây sạc điện thoại, Lăn khử mùi, Bật lửa, Dầu gội, Xà phòng tắm, Dao cạo râu, Bật lửa, Bóng đèn LED mini, Bánh mì sandwich, Kẹo, Bao rác, Khẩu trang y tế",Thịnh Lam,Ha Noi,"Ngõ 2, Xã Vân Đình, Thành phố Hà Nội",10,3.9,convenience,20.7296637,105.7562386
"Xà phòng tắm, Sữa hộp, Túi nylon, Bánh quy, Bàn chải đánh răng, Bánh bao mini, Trà đóng chai, Lăn khử mùi, Bóng đèn LED mini, Khẩu trang y tế, Muỗng nhựa, Nước tăng lực, Dầu gội",Circle K,Ha Noi,"Phố Hàng Hành, Phường Hoàn Kiếm, Thành phố Hà Nội, 11057",15,4.4,convenience,21.0316803,105.8506699
"Sổ tay nhỏ, Cà phê lon, Trà đóng chai, Bao rác, Bánh snack, Khăn giấy, Thịt hộp, Bánh mì sandwich, Bật lửa, Mì ly, Gối cổ du lịch, Trà đóng chai, Túi nylon, Dây sạc điện thoại, Sữa chua uống, Khăn ướt",WinMart+,Ha Noi,"Đường Cầu Bươu, Phường Kiến Hưng, Hữu Hòa, Thành phố Hà Nội, 10135",15,3.6,convenience,20.960616799999997,105.80120140000001
"Dầu ăn, Khẩu trang y tế, Sữa chua, Gạo, Khẩu trang y tế, Dầu ăn, Bàn chải, Sốt cà chua, Bàn chải, Cà phê hòa tan, Dầu gội",Siêu thị Thành Đô 193 Vĩnh Hưng,Ha Noi,"Phố Vĩnh Hưng, Phường Vĩnh Hưng, Thành phố Hà Nội, 11622",95,4.1,supermarket,20.9881788,105.8774569
"Bột giặt, Giấy bọc thực phẩm, Muối, Dầu gội, Cá hộp, Khăn giấy, Bột mì, Trà túi lọc, Sữa tươi, Trứng gà, Chảo chống dính, Rau củ quả, Chảo chống dính, Đĩa sứ, Bột ngọt, Nước trái cây, Gạo, Bột giặt, Nước mắm, Dao bếp",Siêu thị Thành Đô - 285 Lĩnh Nam,Ha Noi,"Đường Lĩnh Nam, Phường Vĩnh Hưng, Thành phố Hà Nội, 11622",155,4,supermarket,20.9839977,105.87445680000002
"Khẩu trang y tế, Bánh bao mini, Sữa chua uống, Dầu gội, Dao cạo râu, Kem đánh răng, Bóng đèn LED mini, Kem đánh răng, Bánh quy, Ô dù gấp, Bóng đèn LED mini, Bánh quy, Thịt hộp, Lăn khử mùi, Khăn giấy, Nước ngọt",WinMart+,Ha Noi,"458, Minh Khai, Phường Vĩnh Tuy, Thành phố Hà Nội, 11622",15,4.4,convenience,20.990783900000004,105.8693903
"Bột giặt, Khẩu trang y tế, Thịt heo, Khăn giấy, Trứng gà, Đường, Ngũ cốc ăn sáng, Nước xả vải, Snack, Nước trái cây, Nước hoa mini, Khăn giấy, Bột mì, Trứng gà, Gạo, Trà túi lọc",Siêu Thị Intimex,Ha Noi,"Ngõ 390 Đường Nguyễn Văn Cừ, Phường Bồ Đề, Thành phố Hà Nội, 11810",135,3.7,supermarket,21.044100399999998,105.87763
"Khẩu trang y tế, Muối, Dao bếp, Nước lau sàn, Bàn chải, Nước hoa mini, Nước tương, Muỗng nĩa, Khăn giấy, Dao bếp, Mì gói",Brgmart,Ha Noi,"120, Phố Hàng Trống, Phường Hoàn Kiếm, Thành phố Hà Nội, 10016",175,4,supermarket,21.028896699999997,105.850622
"Kem đánh răng, Mì gói, Khăn ướt, Nước tăng lực, Nước ngọt, Trà đóng chai, Ô dù gấp, Mì ly, Mì ly, Gối cổ du lịch",WinMart+,Ha Noi,"Phố Vĩnh Hoàng, Phường Hoàng Mai, Thành phố Hà Nội, 11617",10,4.3,convenience,20.9835618,105.86649000000001
"Nước suối, Muỗng nhựa, Cà phê lon, Pin AA, Thịt hộp, Mì gói, Nước ngọt, Dao cạo râu, Kẹo cao su, Pin AA",L’s Place,Ha Noi,"29, Phố Hàng Vôi, Phường Hoàn Kiếm, Thành phố Hà Nội, 11007",15,3.8,convenience,21.0298041,105.8567249
"Nước rửa chén, Sữa tắm, Khăn giấy, Mì gói, Sữa chua, Thớt, Nước xả vải, Nước tương, Giấy vệ sinh, Snack, Nước tương, Mì gói, Dao bếp, Nước trái cây, Thịt heo, Khăn giấy, Nước hoa mini, Gạo, Kem dưỡng da",Siêu Thị Hàng Đức,Ha Noi,"Phố Vũ Miên, Phường Tây Hồ, Thành phố Hà Nội, 10266",200,4.1,supermarket,21.052804600000005,105.834472
"Bật lửa, Kem đánh răng, Bao rác, Lăn khử mùi, Sữa chua uống, Bóng đèn LED mini, Xà phòng tắm, Bánh snack, Nước ngọt, Kẹo, Sữa chua uống, Khẩu trang y tế, Khẩu trang y tế, Dao cạo râu, Gối cổ du lịch, Kẹo cao su, Kẹo cao su, Sữa hộp",WinMart+,Ha Noi,"Phố Trần Thủ Độ, Phường Yên Sở, Thành phố Hà Nội, 12506",10,3.6,convenience,20.9565554,105.8466685
"Nước xả vải, Nước lau sàn, Cá hộp, Khẩu trang y tế, Trứng gà, Khăn giấy, Sữa tươi, Bơ thực vật, Nước xả vải, Thịt heo, Sốt cà chua",Siêu Thị Unikmart sảnh D,Ha Noi,"143, Ngõ 143 Đường Nguyễn Tuân, Phường Thanh Xuân, Thành phố Hà Nội, 10055",170,3.7,supermarket,20.9976544,105.8027216
"Dao cạo râu, Bút bi, Khăn giấy, Pin sạc, Khẩu trang y tế, Pin AA, Xà phòng tắm, Sữa chua uống, Muỗng nhựa, Khăn giấy, Bánh mì sandwich, Bàn chải đánh răng, Bánh mì sandwich, Bánh quy, Ô dù gấp, Găng tay nilon, Bàn chải đánh răng, Kẹo cao su",WinMart+,Ha Noi,"Ngách 560/31 Đường Nguyễn Văn Cừ, Phường Bồ Đề, Thành phố Hà Nội, 11810",20,4.3,convenience,21.048252599999994,105.8865976
"Kẹo, Khoai tây chiên, Nước ngọt, Lăn khử mùi, Bao rác, Nước ngọt, Bánh snack, Sữa hộp, Thịt hộp, Khẩu trang y tế, Khăn ướt, Dao cạo râu, Bút bi, Bút bi, Găng tay nilon, Pin AA, Găng tay nilon, Sữa chua uống, Gối cổ du lịch, Bàn chải đánh răng",WinMart+,Ha Noi,"B18, Đường Phúc Lợi, Phường Phúc Lợi, Thành phố Hà Nội, 08443",15,4.1,convenience,21.047815699999997,105.9230991
"Thịt heo, Thịt heo, Mì gói, Son dưỡng môi, Bàn chải, Kem dưỡng da, Nước tương, Cà phê hòa tan, Bơ thực vật, Khẩu trang y tế, Khay nhựa, Thớt, Muối, Muối, Mì gói, Trà túi lọc",Siêu Thị Hapro,Ha Noi,"Phố Hàng Bông, Phường Hoàn Kiếm, Thành phố Hà Nội, 11017",200,3.8,supermarket,21.0302694,105.84731350000001
"Dao bếp, Sốt cà chua, Chảo chống dính, Đường, Ngũ cốc ăn sáng, Khăn giấy, Túi đựng rác, Nước mắm, Nước rửa chén, Khẩu trang y tế, Bột ngọt, Khay nhựa, Son dưỡng môi",H Mart,Ha Noi,"Phố Trần Hưng Đạo, Phường Cửa Nam, Thành phố Hà Nội, 10151",135,4.1,supermarket,21.0165116,105.8592192
"Nước hoa mini, Trứng gà, Sữa tươi, Giấy bọc thực phẩm, Ly thủy tinh, Ly thủy tinh, Túi đựng rác, Sữa tươi, Bột ngọt, Snack, Thớt, Sữa tắm",Siêu Thị Hapro,Ha Noi,"Phố Kim Ngưu, Phường Bạch Mai, Thành phố Hà Nội, 11617",70,3.8,supermarket,21.0013398,105.8613508
"Sữa chua uống, Lăn khử mùi, Sữa chua uống, Lăn khử mùi, Bao rác, Khăn giấy, Nước tăng lực, Cốc nhựa, Bàn chải đánh răng, Khăn giấy, Khăn giấy, Pin AA, Pin sạc",WinMart+,Ha Noi,"Đường 2-2 Gamuda, Phường Hoàng Mai, Thành phố Hà Nội, 11622",10,3.5,convenience,20.970678099999994,105.8786782
"Bông tẩy trang, Sữa tắm, Kem dưỡng da, Dầu ăn, Sữa tươi, Bột giặt, Bột ngọt, Gạo, Son dưỡng môi, Son dưỡng môi, Sữa tắm, Đường, Snack, Bột ngọt, Ngũ cốc ăn sáng, Giấy vệ sinh, Nước xả vải, Bột ngọt, Bàn chải, Khăn giấy",Siêu Thị Hapro,Ha Noi,"A4 ( ĐN 1), Quốc lộ 23, Xã Thiên Lộc, Thành phố Hà Nội, 11909",155,4.4,supermarket,21.129222099999996,105.7751531
"Ngũ cốc, Gạo, Nước mắm, Tã em bé, Gạo, Kem đánh răng, Bột nêm, Gạo, Nước ngọt, Giấy vệ sinh, Bột nêm, Mì gói, Trà, Sữa tươi, Trà, Mì gói, Sữa tắm",Cửa Hàng Tiện Lợi BV Mart,Ha Noi,"188, Đường Chiến Thắng, Phường Hà Đông, Thành phố Hà Nội, 12011",15,4.4,department_store,20.979088099999995,105.7960698
"Sữa chua uống, Mì gói, Trà đóng chai, Muỗng nhựa, Dao cạo râu, Pin AA, Lăn khử mùi, Nước ngọt, Ô dù gấp, Sữa hộp, Pin AA, Bánh quy, Dầu gội, Pin sạc, Sữa hộp, Cà phê lon",Tuấn Hương,Ha Noi,"1A, Phố Ao Sen, Phường Hà Đông, Thành phố Hà Nội, 12011",20,4.2,convenience,20.9820999,105.7882489
"Pin AA, Nước ngọt, Sổ tay nhỏ, Chai nước, Bóng đèn LED mini, Dầu gội, Nước tăng lực, Nước ngọt, Bánh mì sandwich, Nước suối, Pin sạc, Lăn khử mùi",Sơn Hà,Ha Noi,"52, Phố Nhân Hòa, Phường Thanh Xuân, Thành phố Hà Nội, 11313",20,4.3,convenience,21.0021596,105.8086362
"Ô dù gấp, Kem đánh răng, Pin AA, Lăn khử mùi, Găng tay nilon, Sữa chua uống, Ô dù gấp, Gối cổ du lịch, Khoai tây chiên, Bật lửa, Sổ tay nhỏ, Nước ngọt, Khăn ướt, Cốc nhựa, Cà phê lon, Túi nylon, Trà đóng chai",Siêu Thị Happy Mart,Ha Noi,"52, Phố Trường Lâm, Phường Việt Hưng, Thành phố Hà Nội, 11810",10,3.9,convenience,21.062326300000002,105.8975194
"Dây sạc điện thoại, Sổ tay nhỏ, Bánh quy, Pin AA, Nước ngọt, Túi nylon, Bật lửa, Mì ly, Chai nước, Bánh quy, Nước ngọt, Bóng đèn LED mini, Bật lửa, Thịt hộp, Bàn chải đánh răng, Túi nylon, Kẹo, Dao cạo râu, Trà đóng chai, Cà phê lon",Viet Hung Mart,Ha Noi,"61, Phố Việt Hưng, Phường Việt Hưng, Thành phố Hà Nội, 08443",10,4.3,convenience,21.0539382,105.9024828
"Bật lửa, Mì gói, Sữa hộp, Kẹo cao su, Nước suối, Dao cạo râu, Cốc nhựa, Nước tăng lực, Mì gói, Dầu gội, Kẹo cao su",Tiến Mai,Ha Noi,"14, Phố Ô Cách, Phường Việt Hưng, Thành phố Hà Nội, 11810",20,3.9,convenience,21.060871999999993,105.8950174
"Bánh quy, Gối cổ du lịch, Pin sạc, Bánh mì sandwich, Bóng đèn LED mini, Xà phòng tắm, Nước ngọt, Cà phê lon, Dầu gội, Khăn giấy, Khăn ướt, Dao cạo râu, Kẹo, Muỗng nhựa, Nước ngọt",Tuấn Hiên,Ha Noi,"9/276, Ngõ 276 Phố Đại Từ, Phường Định Công, Thành phố Hà Nội, 11718",10,3.7,convenience,20.970979299999996,105.8310925
"Nước suối, Dây sạc điện thoại, Khăn giấy, Bánh bao mini, Bật lửa, Mì gói, Sổ tay nhỏ, Pin AA, Khẩu trang y tế, Kem đánh răng",Siêu Thị Lan Chi,Ha Noi,"8, Phố Định Công Hạ, Phường Định Công, Thành phố Hà Nội, 11718",20,4,convenience,20.981505099999996,105.8303856
"Trà đóng chai, Xà phòng tắm, Bao rác, Bút bi, Cốc nhựa, Dầu gội, Khẩu trang y tế, Bánh mì sandwich, Bàn chải đánh răng, Kẹo cao su, Thịt hộp",Vina Mart,Ha Noi,"251, Phố Định Công, Phường Định Công, Thành phố Hà Nội, 11718",10,3.9,convenience,20.982247100000002,105.83284150000001
"Bánh snack, Nước suối, Bánh bao mini, Sổ tay nhỏ, Dây sạc điện thoại, Xà phòng tắm, Kem đánh răng, Kem đánh răng, Nước tăng lực, Kẹo cao su, Trà đóng chai, Bật lửa, Sữa hộp, Thịt hộp, Mì gói, Sữa chua uống",Siêu Thị Đức Thành,Ha Noi,"E7 - Lô 12, Phố Trần Nguyên Đán, Phường Phương Liệt, Thành phố Hà Nội, 11718",20,3.7,convenience,20.986242700000002,105.8331892
"Pin AA, Bóng đèn LED mini, Dầu gội, Gối cổ du lịch, Dây sạc điện thoại, Dầu gội, Xà phòng tắm, Cà phê lon, Muỗng nhựa, Kẹo, Kẹo, Bật lửa, Lăn khử mùi",V-Mart,Ha Noi,"48-VP5, Phố Nguyễn Duy Trinh, Phường Hoàng Liệt, Thành phố Hà Nội, 11718",15,3.8,convenience,20.963661100000003,105.8313644
"Trà đóng chai, Khẩu trang y tế, Nước tăng lực, Chai nước, Cốc nhựa, Bao rác, Bóng đèn LED mini, Thịt hộp, Pin AA, Gối cổ du lịch, Khẩu trang y tế, Mì gói, Ô dù gấp, Khăn ướt, Dầu gội, Khoai tây chiên, Khẩu trang y tế, Dao cạo râu, Chai nước",Siêu thị gia đình,Ha Noi,"56 -VP6, Phố Hoàng Liệt, Phường Hoàng Liệt, Thành phố Hà Nội, 11718",10,3.8,convenience,20.967160799999995,105.8334761
"Mì gói, Bao rác, Dầu gội, Kẹo cao su, Nước ngọt, Pin sạc, Ô dù gấp, Khẩu trang y tế, Bàn chải đánh răng, Dầu gội",Tiện ích Minh Đức,Ha Noi,"32- HH2C, Phố Linh Đường, Phường Hoàng Liệt, Thành phố Hà Nội, 12506",15,4.1,convenience,20.963926099999995,105.826169
"Bật lửa, Bao rác, Xà phòng tắm, Nước tăng lực, Ô dù gấp, Sữa chua uống, Kẹo cao su, Túi nylon, Bánh bao mini, Bánh snack, Sữa chua uống, Bánh quy, Túi nylon, Pin AA, Nước tăng lực, Túi nylon",Tạp hoá Bác Thơm,Ha Noi,"2- CT4C X2, Phố Nguyễn Phan Chánh, Phường Hoàng Liệt, Thành phố Hà Nội, 11718",20,4.4,convenience,20.9658893,105.8227762
"Kem đánh răng, Kẹo cao su, Bánh mì sandwich, Trà đóng chai, Nước ngọt, Nước suối, Găng tay nilon, Lăn khử mùi, Dầu gội, Găng tay nilon, Nước suối",Đại Lý Mr Tuấn,Ha Noi,"68 tổ 5, Phố Bằng B, Phường Hoàng Liệt, Thành phố Hà Nội, 12506",20,4.1,convenience,20.954413399999996,105.8304781
"Bàn chải đánh răng, Xà phòng tắm, Bao rác, Mì gói, Khăn ướt, Nước tăng lực, Khăn ướt, Pin sạc, Găng tay nilon, Nước suối, Bút bi, Dầu gội, Khẩu trang y tế, Bàn chải đánh răng, Bánh snack",Siêu Thị Tiện Lợi Mai Phương,Ha Noi,"72, Đường Hoàng Mai, Phường Tương Mai, Thành phố Hà Nội, 11617",20,4.5,convenience,20.992772600000002,105.8507754
"Bàn chải đánh răng, Bánh snack, Dao cạo râu, Mì ly, Lăn khử mùi, Pin sạc, Dây sạc điện thoại, Khăn giấy, Nước tăng lực, Ô dù gấp, Bóng đèn LED mini, Nước tăng lực, Khăn ướt, Ô dù gấp, Cốc nhựa, Bao rác, Chai nước, Dây sạc điện thoại",H Mart,Ha Noi,"830, Đường Trương Định, Phường Hoàng Mai, Thành phố Hà Nội, 11617",20,4.4,convenience,20.978602899999995,105.8429121
"Muỗng nhựa, Pin sạc, Bật lửa, Dầu gội, Bóng đèn LED mini, Sữa hộp, Bánh mì sandwich, Ô dù gấp, Khăn ướt, Bóng đèn LED mini, Ô dù gấp, Pin sạc, Cốc nhựa, Dầu gội, Lăn khử mùi, Bánh snack",WinMart+,Ha Noi,"Ngõ 622 Minh Khai, Phường Vĩnh Tuy, Thành phố Hà Nội, 11622",10,4.1,convenience,20.9965883,105.8709529
"Bánh bao mini, Khoai tây chiên, Dao cạo râu, Sổ tay nhỏ, Dầu gội, Bao rác, Nước tăng lực, Khẩu trang y tế, Dao cạo râu, Nước suối, Sổ tay nhỏ, Khoai tây chiên, Cà phê lon, Sữa hộp, Bóng đèn LED mini, Nước tăng lực, Trà đóng chai, Pin sạc, Pin AA",K-Mart,Ha Noi,"224, Phố Tân Mai, Phường Hoàng Mai, Thành phố Hà Nội, 11617",20,4.2,convenience,20.980777199999995,105.8496634
"Muối, Cá hộp, Snack, Kem cạo râu, Snack, Cà phê hòa tan, Cà phê hòa tan, Giấy vệ sinh, Bột giặt, Muối, Cà phê hòa tan, Nước mắm, Cá hộp, Rau củ quả, Đường, Cà phê hòa tan, Thịt heo, Khay nhựa",K Market,Ha Noi,"Phố Lương Văn Can, Phường Hoàn Kiếm, Thành phố Hà Nội, 11057",50,4.1,supermarket,21.032377799999995,105.8506108
"Cốc nhựa, Pin AA, Bánh snack, Pin sạc, Bóng đèn LED mini, Nước tăng lực, Khăn ướt, Khăn ướt, Nước ngọt, Sữa chua uống, Muỗng nhựa, Khẩu trang y tế, Bao rác, Dây sạc điện thoại, Sổ tay nhỏ, Pin sạc",Nơ 2-Kđt Đồng Tàu,Ha Noi,"N2, Hẻm 42/58/36 Phố Thịnh Liệt, Phường Hoàng Mai, Thành phố Hà Nội, 12506",10,3.5,convenience,20.971041899999996,105.8462507
"Bột ngọt, Cà phê hòa tan, Chảo chống dính, Túi đựng rác, Snack, Cá hộp, Túi đựng rác, Đường, Son dưỡng môi, Ly thủy tinh, Muối, Nước rửa chén, Khẩu trang y tế, Gạo, Muối, Thịt heo",Lan Thu Viện Bỏng,Ha Noi,"Đường Phùng Hưng, Phường Hà Đông, Thành phố Hà Nội, 12100",110,4,supermarket,20.963997600000003,105.7939538
"Thịt hộp, Bàn chải đánh răng, Trà đóng chai, Kẹo cao su, Chai nước, Khẩu trang y tế, Pin AA, Pin sạc, Sữa chua uống, Nước ngọt, Kẹo cao su, Mì ly, Sữa hộp, Khẩu trang y tế, Dao cạo râu, Ô dù gấp, Bánh quy, Kem đánh răng, Bánh mì sandwich",WinMart+,Ha Noi,"Ngõ 293 Khuất Duy Tiến, Phường Đại Mỗ, Thành phố Hà Nội, 10161",10,3.7,convenience,21.002264199999995,105.7921951
"Bút bi, Găng tay nilon, Kẹo, Muỗng nhựa, Dây sạc điện thoại, Kẹo, Kem đánh răng, Bàn chải đánh răng, Bánh snack, Bánh quy, Kẹo, Khăn giấy, Kẹo cao su, Bóng đèn LED mini, Mì ly",WinMart+,Ha Noi,"Phố Ngụy Như Kon Tum, Phường Thanh Xuân, Thành phố Hà Nội, 10055",20,3.5,convenience,20.9994526,105.8018216
"Trứng gà, Nước lau sàn, Bột giặt, Trà túi lọc, Sốt cà chua, Gạo, Nước lau sàn, Cà phê hòa tan, Nước lau sàn, Rau củ quả, Ngũ cốc ăn sáng, Mì gói, Kem dưỡng da",AV Food,Ha Noi,"Phố Nguyễn Huy Tưởng, Phường Thanh Xuân, Thành phố Hà Nội, 10055",115,3.7,supermarket,20.997419299999997,105.8029066
"Trà túi lọc, Nước trái cây, Muối, Kem dưỡng da, Đường, Đĩa sứ, Nước mắm, Thịt heo, Dao bếp, Sữa tươi, Ngũ cốc ăn sáng, Đường, Kem cạo râu, Bông tẩy trang, Nước tương, Dầu ăn, Chảo chống dính, Muối",WinMart,Ha Noi,"Phố Nguyễn Quý Đức, Phường Thanh Xuân, Thành phố Hà Nội, 12011",140,4.5,supermarket,20.9907033,105.8006527
"Xà phòng tắm, Mì gói, Cà phê lon, Sữa chua uống, Dầu gội, Dầu gội, Ô dù gấp, Bánh snack, Khẩu trang y tế, Sữa hộp, Bánh quy, Pin AA, Muỗng nhựa",WinMart+,Ha Noi,"74, Phố Vĩnh Hưng, Phường Vĩnh Hưng, Thành phố Hà Nội, 11622",10,3.9,convenience,20.9856383,105.8760318
"Bàn chải đánh răng, Trà đóng chai, Kem đánh răng, Chai nước, Nước tăng lực, Sữa hộp, Xà phòng tắm, Mì gói, Bút bi, Bánh mì sandwich, Pin sạc, Pin sạc, Sổ tay nhỏ, Xà phòng tắm, Khăn ướt",WinMart+,Ha Noi,"Đường S3, Phường Nghĩa Đô, Thành phố Hà Nội, 10072",10,4.1,convenience,21.050063599999998,105.7992988
"Khăn giấy, Trà đóng chai, Dao cạo râu, Thịt hộp, Chai nước, Khăn giấy, Gối cổ du lịch, Cà phê lon, Bánh quy, Pin sạc, Kẹo, Bánh mì sandwich, Khăn ướt, Dầu gội",WinMart+,Ha Noi,"Ngõ 1 Phố Nghĩa Tân, Phường Nghĩa Đô, Thành phố Hà Nội, 10072",15,3.6,convenience,21.045352399999995,105.7950599
"Snack, Sữa tươi, Bông tẩy trang, Trứng gà, Cà phê hòa tan, Đĩa sứ, Bông tẩy trang, Bơ thực vật, Trứng gà, Ly thủy tinh, Kem cạo râu",Siêu thị Thành Đô 23 Tả Thanh Oai,Ha Noi,"Đường Tả Thanh Oai, Xã Đại Thanh, Thành phố Hà Nội, 10135",75,4.2,supermarket,20.954303700000004,105.8099682
"Khăn giấy, Khăn ướt, Kẹo, Gối cổ du lịch, Găng tay nilon, Sữa hộp, Kẹo cao su, Xà phòng tắm, Cà phê lon, Túi nylon",WinMart+,Ha Noi,"173, Đường Hà Huy Tập, Xã Phù Đổng, Thành phố Hà Nội, 10165",20,3.6,convenience,21.0812339,105.9130531
"Pin AA, Xà phòng tắm, Dao cạo râu, Nước ngọt, Bóng đèn LED mini, Bánh quy, Khăn ướt, Khẩu trang y tế, Bánh bao mini, Dây sạc điện thoại, Khoai tây chiên, Cốc nhựa",WinMart+,Ha Noi,"Phố Tràng Thi, Phường Hoàn Kiếm, Thành phố Hà Nội, 10041",10,4.1,convenience,21.026511099999997,105.8498111
"Sữa chua uống, Xà phòng tắm, Trà đóng chai, Mì ly, Dầu gội, Dầu gội, Bánh quy, Bánh snack, Kẹo, Dầu gội, Găng tay nilon, Kẹo cao su, Xà phòng tắm, Nước tăng lực, Khẩu trang y tế, Dây sạc điện thoại",WinMart+,Ha Noi,"Phố Tố Hữu, Phường Thanh Xuân, Thành phố Hà Nội, 12011",15,4.2,convenience,20.9967647,105.7941461
"Khay nhựa, Chảo chống dính, Kem dưỡng da, Cá hộp, Nước rửa chén, Dầu gội, Nước xả vải, Đĩa sứ, Sữa tắm, Đĩa sứ, Nước hoa mini, Nước trái cây",Unikmart,Ha Noi,"Phố Lê Văn Thiêm, Phường Thanh Xuân, Thành phố Hà Nội, 10055",170,3.7,supermarket,21.002735500000004,105.8021921
"Dầu gội, Khăn giấy, Cốc nhựa, Pin sạc, Bánh snack, Sữa hộp, Bánh snack, Nước suối, Mì ly, Túi nylon, Dầu gội, Lăn khử mùi, Nước suối, Kẹo",WinMart+,Ha Noi,"6, Phố Lê Văn Thiêm, Phường Thanh Xuân, Thành phố Hà Nội, 10055",20,3.6,convenience,21.000000999999997,105.8046505
"Kem cạo râu, Kem cạo râu, Sữa tắm, Sữa chua, Nước lau sàn, Nước lau sàn, Ly thủy tinh, Bàn chải, Chảo chống dính, Bột mì, Trà túi lọc, Kem dưỡng da, Nước lau sàn, Mì gói, Son dưỡng môi, Đường, Đường, Cá hộp, Bột giặt",Unikmart 2 LVT,Ha Noi,"Phố Lê Văn Thiêm, Phường Thanh Xuân, Thành phố Hà Nội, 10055",190,3.6,supermarket,21.001262500000003,105.8034543
"Bút bi, Bút bi, Bánh mì sandwich, Cốc nhựa, Nước suối, Mì gói, Trà đóng chai, Dầu gội, Xà phòng tắm, Pin AA, Găng tay nilon, Chai nước",WinMart+,Ha Noi,"Phố Kim Đồng, Phường Hoàng Mai, Thành phố Hà Nội, 11617",15,3.7,convenience,20.98349,105.8418461
"Bật lửa, Kẹo, Trà đóng chai, Nước ngọt, Bánh quy, Bóng đèn LED mini, Mì gói, Xà phòng tắm, Găng tay nilon, Nước ngọt, Gối cổ du lịch, Cốc nhựa, Mì ly, Lăn khử mùi, Trà đóng chai, Ô dù gấp, Kem đánh răng, Cốc nhựa, Mì ly, Xà phòng tắm",subin,Ha Noi,"23/136, Phố Triều Khúc, Phường Thanh Liệt, Thành phố Hà Nội, 10135",10,4.4,convenience,20.978968399999996,105.7961242
"Muỗng nhựa, Lăn khử mùi, Bàn chải đánh răng, Khăn giấy, Bàn chải đánh răng, Dao cạo râu, Pin AA, Dây sạc điện thoại, Bao rác, Túi nylon, Ô dù gấp, Dao cạo râu, Kẹo, Trà đóng chai, Kẹo, Muỗng nhựa, Dao cạo râu, Sữa hộp, Bánh mì sandwich, Bánh snack",subin mart,Ha Noi,"23 ngõ 136/6, Đường Tân Triều, Phường Thanh Liệt, Thành phố Hà Nội, 10135",10,3.5,convenience,20.9818344,105.7989043
"Bút bi, Bánh snack, Túi nylon, Sữa hộp, Pin AA, Mì gói, Khẩu trang y tế, Kẹo, Bánh snack, Ô dù gấp, Bút bi, Dao cạo râu",tạp hoá,Ha Noi,"112 C16, Nguyễn Quý Đức, Phường Thanh Xuân, Thành phố Hà Nội, 12011",20,4.5,convenience,20.9909683,105.8012004
"Chậu cây mini, Đèn trang trí nhỏ, Thiệp chúc mừng, Sổ tay dễ thương, Khăn lụa, Đồng hồ để bàn, Cốc đôi, Khăn lụa, Đèn trang trí nhỏ, Gối in hình, Gấu bông mini, Móc khóa đôi, Sổ tay dễ thương, Móc khóa, Quà lưu niệm",Van art gallery,Ha Noi,"Phố Lương Văn Can, Phường Hoàn Kiếm, Thành phố Hà Nội, 11057",230,4.1,gift,21.032737000000004,105.850421
"Khăn ướt, Sữa chua uống, Bàn chải đánh răng, Mì ly, Bóng đèn LED mini, Bút bi, Bánh quy, Pin sạc, Bóng đèn LED mini, Trà đóng chai, Lăn khử mùi, Cốc nhựa, Kẹo, Dao cạo râu, Mì gói, Muỗng nhựa, Nước tăng lực, Mì gói, Túi nylon, Lăn khử mùi",Circle K,Ha Noi,"Phố Hà Trung, Phường Hoàn Kiếm, Thành phố Hà Nội, 11017",20,4.3,convenience,21.0299118,105.84486660000002
"Bông tẩy trang, Ngũ cốc ăn sáng, Kem dưỡng da, Bàn chải, Giấy vệ sinh, Nước trái cây, Trà túi lọc, Ngũ cốc ăn sáng, Sốt cà chua, Nước trái cây, Khay nhựa, Thớt, Cá hộp, Nước tương, Sốt cà chua, Nước mắm, Nước rửa chén, Khăn giấy, Bàn chải, Bơ thực vật",Cutepets - Siêu Thị Chó Mèo,Ha Noi,"171, Đường Thanh Bình, Phường Hà Đông, Thành phố Hà Nội, 12100",40,3.6,supermarket,20.9791873,105.7800263
"Cốc nhựa, Dây sạc điện thoại, Gối cổ du lịch, Bật lửa, Mì ly, Sữa chua uống, Pin AA, Kẹo cao su, Mì ly, Cốc nhựa, Bao rác, Bánh bao mini, Mì gói",Cửa Hàng K Plus,Ha Noi,"Phố Hai Bà Trưng, Phường Cửa Nam, Thành phố Hà Nội, 10041",10,3.8,convenience,21.025071099999998,105.8494613
"Tranh màu nước, Tranh chân dung, Tranh canvas, Tranh đương đại, Tranh nghệ thuật dân gian, Tranh thư pháp, Tranh màu nước, Tượng đá cẩm thạch, Tượng nhân vật cổ điển, Tranh phong cảnh, Tranh màu nước, Tượng đất nung, Tranh chân dung, Tượng điêu khắc, Tranh sơn mài",Cửa Hàng Nghệ Thuật Huy Hùng,Ha Noi,"36, Phố Hàng Bè, Phường Hoàn Kiếm, Thành phố Hà Nội, 11011",100,4.2,art,21.0329885,105.8537633
"Nước mắm, Nước trái cây, Dầu ăn, Thớt, Cà phê hòa tan, Bàn chải, Nước lau sàn, Thớt, Trà túi lọc, Nước mắm, Nước trái cây, Túi đựng rác",Thanh Do,Ha Noi,"Phố Lạc Trung, Phường Vĩnh Tuy, Thành phố Hà Nội, 11622",55,3.9,supermarket,21.002935799999996,105.8654104
"Ô dù gấp, Dầu gội, Cà phê lon, Bút bi, Nước suối, Khăn ướt, Mì ly, Pin AA, Nước tăng lực, Cốc nhựa, Trà đóng chai, Bóng đèn LED mini, Bánh quy, Găng tay nilon",Circle K,Ha Noi,"Phố Lương Ngọc Quyến, Phường Hoàn Kiếm, Thành phố Hà Nội, 11010",15,3.6,convenience,21.034678,105.85242790000001
"Chai nước, Chai nước, Ô dù gấp, Bàn chải đánh răng, Xà phòng tắm, Gối cổ du lịch, Trà đóng chai, Pin sạc, Kẹo cao su, Kẹo, Bao rác, Túi nylon, Túi nylon, Khăn ướt, Dầu gội, Trà đóng chai, Bật lửa, Mì ly, Bánh quy",Circle K,Ha Noi,"Phố Hào Nam, Phường Ô Chợ Dừa, Thành phố Hà Nội, 10178",10,4.3,convenience,21.022077800000005,105.8261291
"Sữa chua uống, Bàn chải đánh răng, Dầu gội, Xà phòng tắm, Dầu gội, Lăn khử mùi, Mì gói, Sữa hộp, Dầu gội, Chai nước, Bàn chải đánh răng, Dao cạo râu, Cốc nhựa, Dây sạc điện thoại, Bao rác, Bật lửa",WinMart+,Ha Noi,"57, Phố La Nội, Phường Dương Nội, Thành phố Hà Nội, 10189",15,4.1,convenience,20.979611899999995,105.7480081
"Xà phòng tắm, Muỗng nhựa, Kem đánh răng, Bóng đèn LED mini, Mì gói, Túi nylon, Chai nước, Sữa hộp, Pin sạc, Bánh quy, Kẹo, Bút bi, Cốc nhựa, Gối cổ du lịch, Ô dù gấp, Gối cổ du lịch, Bao rác, Xà phòng tắm, Túi nylon, Bao rác",Circle K,Ha Noi,"Phố Hoàng Ngân, Phường Yên Hòa, Thành phố Hà Nội, 11313",20,4.3,convenience,21.009972999999995,105.8056127
"Bàn chải đánh răng, Pin sạc, Bánh quy, Lăn khử mùi, Cà phê lon, Nước tăng lực, Ô dù gấp, Mì gói, Mì ly, Cốc nhựa, Bóng đèn LED mini, Bánh snack, Khoai tây chiên, Bao rác, Bánh quy, Bóng đèn LED mini, Dao cạo râu, Khăn ướt, Gối cổ du lịch, Găng tay nilon",WinMart+,Ha Noi,"Phố Tôn Đức Thắng, Phường Ô Chợ Dừa, Thành phố Hà Nội, 10346",20,4.1,convenience,21.029404700000004,105.8351896
"Cà phê lon, Bánh mì sandwich, Pin sạc, Khẩu trang y tế, Kem đánh răng, Bút bi, Bao rác, Nước tăng lực, Bánh mì sandwich, Bóng đèn LED mini",Circle K,Ha Noi,"Phố Nguyễn Hoàng, Phường Từ Liêm, Thành phố Hà Nội, 10085",15,3.8,convenience,21.0290501,105.7760648
"Nước hoa mini, Giấy bọc thực phẩm, Gạo, Gạo, Nước mắm, Giấy vệ sinh, Cá hộp, Nước tương, Trà túi lọc, Dầu gội, Túi đựng rác, Nước mắm, Mì gói, Rau củ quả, Chảo chống dính, Cà phê hòa tan, Sữa tươi, Ngũ cốc ăn sáng, Kem dưỡng da",Siêu Thị Easy Mart,Ha Noi,"47, Đường Nguyễn Tuân, Phường Thanh Xuân, Thành phố Hà Nội, 10055",40,3.5,supermarket,20.994663100000004,105.8058362
"Bột giặt, Khăn giấy, Sữa bột, Đường, Bình sữa, Sữa tắm, Nước xả vải, Bánh kẹo, Nước rửa chén, Gạo, Mì gói, Nước suối, Nước suối, Nước ngọt, Sữa tắm, Nước rửa chén, Bình sữa, Cà phê, Mì gói",Tổng kho K-market,Ha Noi,"Quốc lộ 6 mở rộng (Ba La - Xuân Mai), Xã Phú Nghĩa, Thành phố Hà Nội, 13400",20,4.4,department_store,20.9335809,105.667025
"Kẹo, Găng tay nilon, Khẩu trang y tế, Nước suối, Khoai tây chiên, Dầu gội, Cà phê lon, Nước suối, Bút bi, Bánh snack, Sữa hộp, Dây sạc điện thoại, Kem đánh răng, Nước ngọt, Dây sạc điện thoại, Bóng đèn LED mini",WinMart+,Ha Noi,"52, Đường Nguyễn Hoàng Tôn, Phường Phú Thượng, Thành phố Hà Nội, 10206",10,4.5,convenience,21.0715351,105.8063384
"Cà phê hòa tan, Sữa tắm, Muối, Nước trái cây, Khay nhựa, Chảo chống dính, Giấy bọc thực phẩm, Thớt, Gạo, Dầu ăn, Túi đựng rác, Gạo, Đĩa sứ",K-market Xuân Diệ,Ha Noi,"Đường Tây Hồ, Phường Tây Hồ, Thành phố Hà Nội, 11207",95,3.7,supermarket,21.066292099999995,105.8264692
"Bơ thực vật, Bột giặt, Nước xả vải, Đĩa sứ, Son dưỡng môi, Bơ thực vật, Muối, Sữa tươi, Cá hộp, Rau củ quả",WinMart,Ha Noi,"Đường Hoàng Hoa Thám, Phường Tây Hồ, Thành phố Hà Nội, 10287",170,3.5,supermarket,21.040759399999992,105.8259918
"Bánh quy, Kẹo, Muỗng nhựa, Túi nylon, Kẹo cao su, Pin AA, Chai nước, Mì ly, Xà phòng tắm, Bút bi, Bàn chải đánh răng, Khăn giấy, Kem đánh răng, Pin sạc, Kem đánh răng, Sổ tay nhỏ, Pin sạc",WinMart+,Ha Noi,"Phố Ngô Huy Quỳnh, Phường Việt Hưng, Thành phố Hà Nội, 08443",20,4.5,convenience,21.0589697,105.9071302
"Trà đóng chai, Sổ tay nhỏ, Bánh quy, Muỗng nhựa, Khăn ướt, Dây sạc điện thoại, Bao rác, Dây sạc điện thoại, Trà đóng chai, Mì ly, Bút bi",WinMart+,Ha Noi,"120A, Phố Nguyễn An Ninh, Phường Tương Mai, Thành phố Hà Nội, 11617",20,4.1,convenience,20.991520299999994,105.84447800000001
"Dầu gội, Dây sạc điện thoại, Ô dù gấp, Khẩu trang y tế, Sổ tay nhỏ, Nước tăng lực, Mì ly, Lăn khử mùi, Dao cạo râu, Sữa hộp, Sữa hộp",Circle K,Ha Noi,"Ngõ 52 Đường Tô Ngọc Vân, Phường Tây Hồ, Thành phố Hà Nội, 10219",10,3.7,convenience,21.068863399999998,105.8241226
"Trà túi lọc, Khay nhựa, Muỗng nĩa, Trứng gà, Cá hộp, Nước xả vải, Trà túi lọc, Dầu ăn, Rau củ quả, Son dưỡng môi, Nước trái cây, Muối, Đường, Nước rửa chén, Giấy bọc thực phẩm, Sốt cà chua",Tops Market,Ha Noi,"286, Đường Nguyễn Xiển, Phường Thanh Liệt, Thành phố Hà Nội, 10135",45,4.1,supermarket,20.9832736,105.80852080000001
"Bút bi, Sữa chua uống, Mì ly, Mì gói, Khẩu trang y tế, Cốc nhựa, Sổ tay nhỏ, Xà phòng tắm, Bao rác, Mì gói, Khăn giấy, Cốc nhựa, Kem đánh răng, Khoai tây chiên, Ô dù gấp, Gối cổ du lịch, Gối cổ du lịch, Sữa chua uống, Bàn chải đánh răng",WinMart+,Ha Noi,"5, Ngõ 464 Âu Cơ, Phường Hồng Hà, Thành phố Hà Nội, 10206",20,3.8,convenience,21.081308000000003,105.8189512
"Dầu gội, Sữa chua uống, Dầu gội, Khoai tây chiên, Lăn khử mùi, Thịt hộp, Sữa chua uống, Dây sạc điện thoại, Nước ngọt, Mì gói, Kẹo cao su, Nước suối",WinMart+,Ha Noi,"153, Đường Hữu Hưng, Phường Tây Mỗ, La Phù, Thành phố Hà Nội, 10070",10,3.8,convenience,20.9956907,105.7459674
"Sữa tắm, Nước trái cây, Giấy bọc thực phẩm, Bột ngọt, Kem cạo râu, Snack, Bột giặt, Sữa chua, Kem cạo râu, Snack, Sữa tươi, Cá hộp, Thớt, Mì gói, Mì gói",Skymart Đền Lừ,Ha Noi,"Đền Lừ 2, Phường Tương Mai, Thành phố Hà Nội, 11617",75,4.4,supermarket,20.9860147,105.8579805
"Chảo chống dính, Sữa tươi, Thớt, Nước mắm, Muỗng nĩa, Nước lau sàn, Khẩu trang y tế, Đường, Dao bếp, Dầu ăn, Khay nhựa, Bơ thực vật, Snack, Bột ngọt, Khăn giấy, Nước lau sàn",Fuji Mart,Ha Noi,"Đường Lê Duẩn, Phường Văn Miếu - Quốc Tử Giám, Thành phố Hà Nội, 10017",120,4.2,supermarket,21.018419300000005,105.841208
"Bóng đèn LED mini, Khăn ướt, Bánh snack, Kẹo, Bật lửa, Kẹo, Khẩu trang y tế, Dây sạc điện thoại, Sữa chua uống, Bánh snack, Mì ly, Bật lửa, Bánh mì sandwich, Bao rác, Lăn khử mùi, Muỗng nhựa, Bao rác, Chai nước, Khăn giấy",WinMart+,Ha Noi,"384, Đường Bạch Đằng, Phường Hồng Hà, Thành phố Hà Nội, 11023",10,4.2,convenience,21.0223947,105.86261250000001
"Son dưỡng môi, Nước lau sàn, Mì gói, Ngũ cốc ăn sáng, Kem cạo râu, Snack, Bông tẩy trang, Mì gói, Snack, Chảo chống dính, Bột giặt, Trứng gà, Bàn chải",WinMart,Ha Noi,"89, Đường Lê Đức Thọ, Phường Từ Liêm, Thành phố Hà Nội, 10085",35,3.5,supermarket,21.028402099999997,105.7687784
"Bút bi, Khăn giấy, Bật lửa, Bánh bao mini, Sổ tay nhỏ, Bóng đèn LED mini, Dầu gội, Kem đánh răng, Khẩu trang y tế, Lăn khử mùi",WinMart+,Ha Noi,"347, Phố Bạch Mai, Phường Bạch Mai, Thành phố Hà Nội, 11617",10,4.2,convenience,21.000455499999994,105.8506326
"Sữa chua uống, Pin sạc, Bật lửa, Khăn giấy, Nước tăng lực, Sữa hộp, Muỗng nhựa, Bánh bao mini, Bánh snack, Thịt hộp, Kem đánh răng, Gối cổ du lịch, Nước ngọt, Lăn khử mùi, Bánh snack, Bánh quy, Khăn giấy, Bàn chải đánh răng, Khăn giấy",WinMart+,Ha Noi,"150, Phố Bạch Mai, Phường Bạch Mai, Thành phố Hà Nội, 10053",10,3.6,convenience,21.005596399999998,105.85110020000002
"Sổ tay nhỏ, Sổ tay nhỏ, Chai nước, Bánh bao mini, Khẩu trang y tế, Găng tay nilon, Nước suối, Khăn ướt, Bàn chải đánh răng, Bánh mì sandwich, Dầu gội, Dầu gội, Nước suối, Dao cạo râu, Muỗng nhựa, Bánh quy, Nước tăng lực, Túi nylon, Bút bi, Ô dù gấp",WinMart+,Ha Noi,"96A, Phố Định Công, Phường Phương Liệt, Thành phố Hà Nội, 11718",10,4,convenience,20.984744100000004,105.8388667
"Bật lửa, Bánh quy, Dây sạc điện thoại, Thịt hộp, Trà đóng chai, Dao cạo râu, Bút bi, Trà đóng chai, Bao rác, Sữa chua uống, Bánh mì sandwich, Kẹo cao su, Bật lửa, Cà phê lon, Khăn ướt, Trà đóng chai, Kem đánh răng, Kẹo",WinMart+,Ha Noi,"Phố Phương Mai, Phường Kim Liên, Thành phố Hà Nội, 10999",10,4.1,convenience,21.004251400000005,105.8394943
"Bánh mì sandwich, Bánh mì sandwich, Gối cổ du lịch, Sữa hộp, Kem đánh răng, Trà đóng chai, Thịt hộp, Pin AA, Găng tay nilon, Bóng đèn LED mini, Thịt hộp, Dao cạo râu, Dây sạc điện thoại",Circle K,Ha Noi,"Phố Quang Trung, Phường Cửa Nam, Thành phố Hà Nội, 10214",20,4.1,convenience,21.0220875,105.848823
"Bánh quy, Sổ tay nhỏ, Nước ngọt, Bao rác, Cốc nhựa, Dao cạo râu, Khăn ướt, Khăn giấy, Khăn ướt, Pin sạc, Bàn chải đánh răng, Cốc nhựa, Dao cạo râu, Thịt hộp, Sổ tay nhỏ, Nước tăng lực, Kẹo",WinMart+,Ha Noi,"31, Ngõ 310 Nghi Tàm, Phường Hồng Hà, Thành phố Hà Nội, 10202",15,3.8,convenience,21.0592284,105.8361012
"Bao rác, Bao rác, Bật lửa, Thịt hộp, Muỗng nhựa, Bánh snack, Thịt hộp, Khăn ướt, Mì ly, Bút bi, Dao cạo râu",WinMart+,Ha Noi,"Đường Tỉnh 422B, Xã Sơn Đồng, Thành phố Hà Nội, 34000",20,4.5,convenience,21.034877599999998,105.7369038
"Bóng đèn LED mini, Kẹo, Kem đánh răng, Bàn chải đánh răng, Găng tay nilon, Dây sạc điện thoại, Bánh quy, Bánh snack, Ô dù gấp, Nước tăng lực, Bao rác, Sữa chua uống, Ô dù gấp, Bóng đèn LED mini, Pin sạc, Kem đánh răng, Pin sạc",WinMart+,Ha Noi,"70, Phố Đại Linh, Phường Đại Mỗ, Thành phố Hà Nội, 10070",10,4.4,convenience,20.995983599999995,105.7720616
"Kem đánh răng, Sữa chua uống, Cốc nhựa, Pin AA, Khăn ướt, Găng tay nilon, Dầu gội, Cà phê lon, Khăn giấy, Kẹo cao su, Bật lửa, Bánh bao mini, Bút bi, Bàn chải đánh răng, Nước suối, Găng tay nilon, Kem đánh răng, Găng tay nilon",WinMart+,Ha Noi,"44-46, Phố Kiều Mai, Phường Xuân Phương, Thành phố Hà Nội, 10085",20,4.1,convenience,21.0429568,105.7520945
"Dầu gội, Găng tay nilon, Pin sạc, Pin AA, Dây sạc điện thoại, Khăn ướt, Khẩu trang y tế, Bút bi, Bánh snack, Khăn giấy, Dao cạo râu, Nước ngọt, Nước suối, Kẹo cao su, Khoai tây chiên, Nước tăng lực, Bàn chải đánh răng, Bánh mì sandwich",Circle K,Ha Noi,"Phố Mai Dịch, Phường Phú Diễn, Thành phố Hà Nội, 10065",15,4.1,convenience,21.044882399999995,105.7757033
"Lăn khử mùi, Bánh bao mini, Thịt hộp, Sữa hộp, Khoai tây chiên, Kẹo cao su, Kem đánh răng, Khăn giấy, Cốc nhựa, Khẩu trang y tế, Bánh mì sandwich",WinMart+,Ha Noi,"29, Đường Tây Mỗ, Phường Tây Mỗ, Thành phố Hà Nội, 10070",15,4.3,convenience,21.001786199999998,105.7506502
"Bao rác, Cà phê lon, Sữa hộp, Khoai tây chiên, Dây sạc điện thoại, Bánh quy, Bánh quy, Khẩu trang y tế, Trà đóng chai, Bóng đèn LED mini, Dao cạo râu, Dao cạo râu, Dây sạc điện thoại",WinMart+,Ha Noi,"49, Đường Lê Duẩn, Phường Cửa Nam, Thành phố Hà Nội, 11060",15,4.5,convenience,21.0266867,105.8416454
"Trà đóng chai, Găng tay nilon, Khoai tây chiên, Nước suối, Bánh snack, Pin AA, Bóng đèn LED mini, Bao rác, Khẩu trang y tế, Dây sạc điện thoại, Thịt hộp, Bánh bao mini, Sổ tay nhỏ, Bánh mì sandwich, Ô dù gấp, Khẩu trang y tế",WinMart+,Ha Noi,"86, Phố Quan Nhân, Phường Thanh Xuân, Thành phố Hà Nội, 11313",15,3.9,convenience,21.006714099999996,105.8118528
"Khoai tây chiên, Mì ly, Pin AA, Cốc nhựa, Dao cạo râu, Nước suối, Dây sạc điện thoại, Sữa chua uống, Cốc nhựa, Kem đánh răng",WinMart+,Ha Noi,"40, Phố Hào Nam, Phường Ô Chợ Dừa, Thành phố Hà Nội, 10178",10,4.2,convenience,21.023045099999997,105.8268893
"Chai nước, Thịt hộp, Cà phê lon, Thịt hộp, Dây sạc điện thoại, Sữa chua uống, Chai nước, Bao rác, Lăn khử mùi, Găng tay nilon",WinMart+,Ha Noi,"69, Phố Hồng Mai, Phường Bạch Mai, Thành phố Hà Nội, 11617",20,4.3,convenience,20.9986764,105.85238
"Bóng đèn LED mini, Muỗng nhựa, Nước suối, Kem đánh răng, Túi nylon, Túi nylon, Dầu gội, Dây sạc điện thoại, Bàn chải đánh răng, Dao cạo râu, Kẹo, Bao rác, Sổ tay nhỏ, Dây sạc điện thoại",WinMart+,Ha Noi,"Phố Lưu Hữu Phước, Phường Từ Liêm, Thành phố Hà Nội, 10085",10,4.2,convenience,21.031952899999993,105.76636220000002
"Pin AA, Dây sạc điện thoại, Khăn ướt, Sổ tay nhỏ, Sữa hộp, Dao cạo râu, Muỗng nhựa, Xà phòng tắm, Sữa chua uống, Sữa hộp, Ô dù gấp, Cà phê lon",WinMart+,Ha Noi,"73, Phố Vũ Ngọc Phan, Phường Láng, Thành phố Hà Nội, 10167",20,3.7,convenience,21.014759299999998,105.80967170000001
"Khăn ướt, Bàn chải đánh răng, Dầu gội, Pin AA, Cốc nhựa, Kem đánh răng, Bánh snack, Kem đánh răng, Kẹo, Kẹo cao su",WinMart+,Ha Noi,"281, Phố Khâm Thiên, Phường Văn Miếu - Quốc Tử Giám, Thành phố Hà Nội, 10306",15,3.8,convenience,21.0189515,105.8308253
"Dao cạo râu, Nước suối, Túi nylon, Sữa chua uống, Bánh snack, Kem đánh răng, Túi nylon, Pin AA, Kẹo, Bánh quy, Xà phòng tắm, Dây sạc điện thoại, Bánh bao mini, Kẹo cao su, Bánh bao mini, Cà phê lon, Dầu gội, Bật lửa, Mì gói",WinMart+,Ha Noi,"2, Ngách 8/11 Lê Quang Đạo, Phường Từ Liêm, Thành phố Hà Nội, 10074",10,4.4,convenience,21.014262900000002,105.7685443
"Túi nylon, Lăn khử mùi, Nước suối, Bàn chải đánh răng, Lăn khử mùi, Nước suối, Sổ tay nhỏ, Khăn ướt, Chai nước, Nước ngọt, Nước tăng lực, Lăn khử mùi, Kẹo, Xà phòng tắm, Muỗng nhựa, Kẹo cao su, Bánh snack",WinMart+,Ha Noi,"Phố Hàm Nghi, Phường Từ Liêm, Thành phố Hà Nội, 10085",15,3.6,convenience,21.035069499999995,105.7607818
"Bánh quy, Sổ tay nhỏ, Khăn giấy, Bật lửa, Khăn ướt, Nước suối, Bàn chải đánh răng, Pin AA, Nước suối, Cốc nhựa, Dầu gội, Dây sạc điện thoại, Trà đóng chai",WinMart+,Ha Noi,"47, Ngõ 187 Phố Hồng Mai, Phường Bạch Mai, Thành phố Hà Nội, 11617",20,4.2,convenience,21.0003698,105.8555393
"Xà phòng tắm, Kem đánh răng, Ô dù gấp, Nước tăng lực, Sổ tay nhỏ, Dầu gội, Kẹo, Cà phê lon, Chai nước, Dầu gội, Sữa chua uống",WinMart+,Ha Noi,"2, Ngõ E8 Phố Kim Ngưu, Phường Bạch Mai, Thành phố Hà Nội, 11617",15,4.1,convenience,21.002483699999996,105.8611569
"Gối cổ du lịch, Sữa chua uống, Xà phòng tắm, Găng tay nilon, Muỗng nhựa, Muỗng nhựa, Khoai tây chiên, Khăn giấy, Bật lửa, Nước tăng lực, Thịt hộp, Bánh mì sandwich, Túi nylon, Khoai tây chiên, Bóng đèn LED mini, Sữa chua uống, Bóng đèn LED mini, Kẹo cao su, Sữa chua uống, Xà phòng tắm",WinMart+,Ha Noi,"Đường Lương Thế Vinh, Phường Đại Mỗ, Thành phố Hà Nội, 12011",15,3.7,convenience,21.0008743,105.7831025
"Nước ngọt, Cốc nhựa, Cốc nhựa, Nước suối, Bánh quy, Sữa chua uống, Dây sạc điện thoại, Ô dù gấp, Muỗng nhựa, Khẩu trang y tế, Ô dù gấp, Mì gói, Bóng đèn LED mini, Bút bi, Bánh quy, Bao rác",WinMart+,Ha Noi,"Đường An Khánh, Xã An Khánh, Thành phố Hà Nội, 34000",15,4.4,convenience,21.005289599999994,105.7199113
"Bóng đèn LED mini, Lăn khử mùi, Sữa hộp, Lăn khử mùi, Khoai tây chiên, Bánh mì sandwich, Bật lửa, Sổ tay nhỏ, Kem đánh răng, Túi nylon, Nước suối, Bánh quy, Gối cổ du lịch, Ô dù gấp, Bật lửa, Sổ tay nhỏ",WinMart+,Ha Noi,"Phố Đồng Me, Phường Từ Liêm, Thành phố Hà Nội, 10161",20,3.5,convenience,21.0110036,105.7778293
"Bóng đèn LED mini, Ô dù gấp, Khăn giấy, Bao rác, Thịt hộp, Mì ly, Dây sạc điện thoại, Khẩu trang y tế, Xà phòng tắm, Bánh quy, Khăn ướt, Bánh bao mini, Mì gói, Mì ly, Bánh mì sandwich, Khăn giấy, Thịt hộp",WinMart+,Ha Noi,"Ngõ Thông Phong, Phường Văn Miếu - Quốc Tử Giám, Thành phố Hà Nội, 10329",10,3.7,convenience,21.0258422,105.83457470000002
"Mì ly, Nước suối, Khẩu trang y tế, Muỗng nhựa, Kẹo cao su, Pin sạc, Bánh bao mini, Khoai tây chiên, Kẹo cao su, Pin sạc, Nước tăng lực, Bánh snack, Sổ tay nhỏ, Chai nước, Lăn khử mùi",WinMart+,Ha Noi,"Đường Nguyễn Trãi, Phường Đại Mỗ, Thành phố Hà Nội, 12011",15,3.7,convenience,20.986983999999996,105.7964465
"Nước suối, Sữa chua uống, Găng tay nilon, Gối cổ du lịch, Dầu gội, Muỗng nhựa, Bánh mì sandwich, Dầu gội, Pin sạc, Khẩu trang y tế, Pin AA",WinMart+,Ha Noi,"35B, Phố Nguyễn Bỉnh Khiêm, Phường Hai Bà Trưng, Thành phố Hà Nội, 10212",20,3.8,convenience,21.0146469,105.8484359
"Kem đánh răng, Bàn chải đánh răng, Bánh mì sandwich, Sổ tay nhỏ, Bánh snack, Bút bi, Thịt hộp, Chai nước, Pin sạc, Kem đánh răng, Bóng đèn LED mini, Sổ tay nhỏ, Bật lửa, Bao rác, Sữa hộp, Bút bi, Mì ly, Chai nước, Gối cổ du lịch, Pin AA",WinMart+,Ha Noi,"23, Phố Mễ Trì Thượng, Phường Từ Liêm, Thành phố Hà Nội, 10070",15,4.3,convenience,21.0052381,105.7784332
"Bàn chải đánh răng, Nước tăng lực, Mì ly, Pin AA, Bút bi, Bóng đèn LED mini, Khăn giấy, Cà phê lon, Mì gói, Sổ tay nhỏ, Khẩu trang y tế, Xà phòng tắm, Nước suối, Ô dù gấp, Lăn khử mùi, Bật lửa, Pin sạc, Ô dù gấp",WinMart+,Ha Noi,"39, Ngách 47 Ngõ 16 Phố Đỗ Xuân Hợp, Phường Từ Liêm, Thành phố Hà Nội, 10085",20,3.9,convenience,21.0214842,105.7598746
"Gối cổ du lịch, Cốc nhựa, Cốc nhựa, Cốc nhựa, Gối cổ du lịch, Bút bi, Gối cổ du lịch, Bút bi, Nước ngọt, Bánh snack, Dây sạc điện thoại",WinMart+,Ha Noi,"Ngõ 180 Đường Đình Thôn, Phường Từ Liêm, Thành phố Hà Nội, 10074",10,4.4,convenience,21.018337499999998,105.772058
"Muỗng nhựa, Pin sạc, Bao rác, Thịt hộp, Dầu gội, Khoai tây chiên, Mì ly, Bánh snack, Gối cổ du lịch, Kẹo, Bánh quy, Pin AA, Gối cổ du lịch",WinMart+,Ha Noi,"Phố Nguyễn Ngọc Doãn, Phường Kim Liên, Thành phố Hà Nội, 11415",10,4.2,convenience,21.0099421,105.8304248
"Pin sạc, Dầu gội, Kẹo, Thịt hộp, Bánh snack, Lăn khử mùi, Bật lửa, Thịt hộp, Pin AA, Nước suối, Bánh snack",WinMart+,Ha Noi,"230, Ngõ Văn Chương, Phường Văn Miếu - Quốc Tử Giám, Thành phố Hà Nội, 10017",10,3.7,convenience,21.0211181,105.83503120000002
"Nước tăng lực, Mì gói, Dầu gội, Sổ tay nhỏ, Xà phòng tắm, Dao cạo râu, Sữa chua uống, Mì gói, Sữa chua uống, Găng tay nilon, Kẹo cao su, Nước ngọt, Khoai tây chiên, Kem đánh răng, Bánh snack, Khăn ướt, Kẹo cao su, Dao cạo râu, Bánh quy",WinMart+,Ha Noi,"Phố Trần Văn Lai, Phường Từ Liêm, Thành phố Hà Nội, 10074",20,3.7,convenience,21.0181246,105.7791585
"Ô dù gấp, Nước suối, Cà phê lon, Sổ tay nhỏ, Mì gói, Pin AA, Nước suối, Thịt hộp, Kẹo, Bao rác, Bút bi, Bàn chải đánh răng, Pin AA, Bao rác, Mì ly, Nước suối, Sổ tay nhỏ, Sữa hộp",WinMart+,Ha Noi,"NV36, KĐT Mới Trung Văn, Phường Đại Mỗ, Thành phố Hà Nội, 12011",10,3.8,convenience,20.992925299999992,105.7891443
"Bút bi, Khăn ướt, Bánh bao mini, Mì gói, Sổ tay nhỏ, Pin sạc, Mì gói, Nước tăng lực, Thịt hộp, Bánh quy, Cốc nhựa, Nước ngọt, Bánh mì sandwich",WinMart+,Ha Noi,"Phố Khương Thượng, Phường Kim Liên, Thành phố Hà Nội, 11415",10,4.4,convenience,21.005316099999995,105.8254123
"Kem đánh răng, Bật lửa, Kẹo, Dầu gội, Khăn giấy, Cà phê lon, Mì gói, Dây sạc điện thoại, Pin sạc, Thịt hộp, Bao rác, Thịt hộp, Cốc nhựa, Bánh mì sandwich, Nước suối, Muỗng nhựa, Sổ tay nhỏ, Muỗng nhựa",WinMart+,Ha Noi,"Phố Dương Khuê, Phường Từ Liêm, Thành phố Hà Nội, 10085",15,4.1,convenience,21.034122,105.77258810000001
"Kẹo cao su, Túi nylon, Bàn chải đánh răng, Khăn giấy, Bánh mì sandwich, Bánh quy, Ô dù gấp, Kem đánh răng, Thịt hộp, Mì gói, Trà đóng chai, Bật lửa, Túi nylon, Dao cạo râu, Nước suối, Kẹo, Trà đóng chai, Dây sạc điện thoại, Dao cạo râu",WinMart+,Ha Noi,"Đại lộ Thăng Long, Phường Từ Liêm, Thành phố Hà Nội, 10070",10,4.3,convenience,21.0062977,105.7695282
"Bàn chải đánh răng, Bánh bao mini, Sữa hộp, Kẹo cao su, Khoai tây chiên, Bánh quy, Khẩu trang y tế, Trà đóng chai, Nước tăng lực, Mì ly, Bánh mì sandwich, Túi nylon, Cà phê lon, Gối cổ du lịch, Khăn giấy, Kẹo cao su, Thịt hộp, Gối cổ du lịch, Pin AA",WinMart+,Ha Noi,"Phố Huỳnh Thúc Kháng, Phường Láng, Thành phố Hà Nội, 10298",10,3.8,convenience,21.027447800000004,105.8041618
"Khoai tây chiên, Bút bi, Bánh quy, Nước ngọt, Muỗng nhựa, Nước suối, Dây sạc điện thoại, Kẹo, Lăn khử mùi, Bánh quy, Khăn ướt",WinMart+,Ha Noi,"Mộc Lan, Phường Đại Mỗ, Thành phố Hà Nội, 12011",20,4.2,convenience,21.000764399999998,105.7843836
"Bánh bao mini, Khăn ướt, Sổ tay nhỏ, Bánh quy, Dây sạc điện thoại, Bánh snack, Sổ tay nhỏ, Găng tay nilon, Bao rác, Sữa chua uống, Cốc nhựa, Dây sạc điện thoại, Kẹo cao su, Cốc nhựa, Bút bi, Dây sạc điện thoại, Kẹo cao su, Sữa chua uống, Mì ly",WinMart+,Ha Noi,"Ngõ 167 Phương Mai, Phường Kim Liên, Thành phố Hà Nội, 11415",15,4.5,convenience,21.002976799999995,105.8344506
"Dầu gội, Dây sạc điện thoại, Mì gói, Sổ tay nhỏ, Khăn ướt, Bánh bao mini, Khoai tây chiên, Bánh bao mini, Dầu gội, Bánh snack, Bóng đèn LED mini",WinMart+,Ha Noi,"Phố Nguyễn Cơ Thạch, Phường Từ Liêm, Thành phố Hà Nội, 10085",15,3.7,convenience,21.031567899999995,105.7646272
"Kem đánh răng, Khăn giấy, Cà phê lon, Cốc nhựa, Dây sạc điện thoại, Chai nước, Bánh quy, Cà phê lon, Lăn khử mùi, Pin AA, Bút bi, Bánh quy, Nước suối, Kem đánh răng, Bút bi",WinMart+,Ha Noi,"Đường Mễ Trì, Phường Từ Liêm, Thành phố Hà Nội, 10074",15,4.2,convenience,21.016105300000003,105.7815312
"Sữa chua uống, Bàn chải đánh răng, Cà phê lon, Túi nylon, Bút bi, Bánh snack, Sổ tay nhỏ, Bánh quy, Bàn chải đánh răng, Cốc nhựa, Mì gói, Chai nước, Sữa hộp, Muỗng nhựa, Thịt hộp, Bật lửa, Dao cạo râu",WinMart+,Ha Noi,"169, Phố Đặng Tiến Đông, Phường Đống Đa, Thành phố Hà Nội, 10265",10,4.3,convenience,21.013768999999996,105.8222805
"Cốc nhựa, Dao cạo râu, Túi nylon, Dây sạc điện thoại, Bật lửa, Kẹo cao su, Khăn giấy, Khẩu trang y tế, Găng tay nilon, Lăn khử mùi",WinMart+,Ha Noi,"Đường Trung Văn, Phường Đại Mỗ, Thành phố Hà Nội, 12011",10,3.7,convenience,20.9901964,105.7838643
"Gối cổ du lịch, Trà đóng chai, Gối cổ du lịch, Sữa hộp, Kẹo cao su, Dầu gội, Khăn ướt, Dây sạc điện thoại, Cà phê lon, Dầu gội, Bao rác",WinMart+,Ha Noi,"Long Khánh 7, Xã An Khánh, Thành phố Hà Nội, 34000",15,4.1,convenience,20.998357099999996,105.7214769
"Bật lửa, Bút bi, Chai nước, Kem đánh răng, Kẹo, Nước ngọt, Sữa hộp, Sữa chua uống, Gối cổ du lịch, Chai nước, Chai nước, Dầu gội",WinMart+,Ha Noi,"Phố Lê Thanh Nghị, Phường Bạch Mai, Thành phố Hà Nội, 10999",10,4.2,convenience,21.003215599999997,105.8492201
"Cốc nhựa, Kẹo cao su, Sữa hộp, Pin AA, Bánh quy, Ô dù gấp, Dầu gội, Nước ngọt, Găng tay nilon, Pin sạc, Mì gói",WinMart+,Ha Noi,"299, Đường Đại Mỗ, Phường Tây Mỗ, Thành phố Hà Nội, 10070",15,4.3,convenience,20.995143799999997,105.7580895
"Sữa hộp, Bao rác, Sữa hộp, Mì ly, Bánh mì sandwich, Túi nylon, Trà đóng chai, Bàn chải đánh răng, Sổ tay nhỏ, Bánh mì sandwich, Sữa hộp, Pin AA, Bút bi, Bóng đèn LED mini, Dây sạc điện thoại, Pin AA, Gối cổ du lịch, Túi nylon",WinMart+,Ha Noi,"Đường Lê Trọng Tấn, Phường Tây Mỗ, Xã An Khánh, Thành phố Hà Nội, 34000",15,4.4,convenience,21.0050395,105.7281994
"Bánh mì sandwich, Nước tăng lực, Thịt hộp, Bật lửa, Khẩu trang y tế, Khăn ướt, Mì gói, Bánh quy, Bàn chải đánh răng, Bật lửa, Bàn chải đánh răng, Sữa chua uống, Bóng đèn LED mini, Sữa hộp, Pin sạc, Bánh mì sandwich, Khẩu trang y tế",WinMart+,Ha Noi,"18B, Ngõ 28 Phố Nguyên Hồng, Phường Láng, Thành phố Hà Nội, 10167",15,4,convenience,21.017180499999995,105.8103331
"Cá hộp, Khay nhựa, Dao bếp, Đĩa sứ, Giấy bọc thực phẩm, Khăn giấy, Nước xả vải, Sữa chua, Nước trái cây, Bột mì, Ngũ cốc ăn sáng, Son dưỡng môi, Khăn giấy, Chảo chống dính, Dầu gội, Ly thủy tinh, Muối, Muối, Nước trái cây",WinMart,Ha Noi,"Phố Vũ Phạm Hàm, Phường Yên Hòa, Thành phố Hà Nội, 10055",50,3.6,supermarket,21.0143653,105.796293
"Nước tăng lực, Bóng đèn LED mini, Bút bi, Nước tăng lực, Ô dù gấp, Bánh snack, Dây sạc điện thoại, Cà phê lon, Xà phòng tắm, Mì ly, Sổ tay nhỏ, Lăn khử mùi, Bàn chải đánh răng, Muỗng nhựa, Khoai tây chiên",WinMart+,Ha Noi,"Phố Tam Khương, Phường Kim Liên, Thành phố Hà Nội, 11415",15,3.7,convenience,21.004432399999995,105.8281804
"Kẹo, Gối cổ du lịch, Khăn giấy, Pin AA, Bao rác, Khăn ướt, Nước suối, Nước ngọt, Nước tăng lực, Bóng đèn LED mini, Khăn giấy, Nước suối, Ô dù gấp, Sữa chua uống, Dầu gội, Bánh snack, Sữa hộp",Circle K,Ha Noi,"370, Đường Nguyễn Trãi, Phường Thanh Xuân, Thành phố Hà Nội, 10055",10,4.5,convenience,20.9943485,105.8067668
"Bánh bao mini, Thịt hộp, Nước tăng lực, Pin sạc, Thịt hộp, Khăn giấy, Bánh snack, Xà phòng tắm, Mì ly, Lăn khử mùi, Bóng đèn LED mini, Bật lửa, Khẩu trang y tế, Mì ly, Thịt hộp, Kem đánh răng, Pin AA, Nước suối",WinMart+,Ha Noi,"Phố Lãng Yên, Phường Hồng Hà, Thành phố Hà Nội, 10078",15,4,convenience,21.009579300000002,105.8673605
"Trà đóng chai, Dao cạo râu, Bánh snack, Xà phòng tắm, Lăn khử mùi, Chai nước, Nước ngọt, Kẹo cao su, Cốc nhựa, Dây sạc điện thoại, Bóng đèn LED mini, Bóng đèn LED mini",Cửa Hàng Tiện Lợi Mimart,Ha Noi,"Phố Khâm Thiên, Phường Văn Miếu - Quốc Tử Giám, Thành phố Hà Nội, 10017",10,3.6,convenience,21.0192752,105.8326849
"Mì gói, Mì ly, Xà phòng tắm, Xà phòng tắm, Mì ly, Nước tăng lực, Kẹo cao su, Mì ly, Khoai tây chiên, Kẹo, Xà phòng tắm, Nước suối, Kẹo cao su, Bút bi, Bánh mì sandwich",WinMart+,Ha Noi,"15, Đường Trần Khánh Dư, Phường Hai Bà Trưng, Thành phố Hà Nội, 10078",10,3.9,convenience,21.013722399999992,105.8627625
"Kẹo cao su, Bao rác, Dao cạo râu, Sữa hộp, Cà phê lon, Xà phòng tắm, Chai nước, Thịt hộp, Dây sạc điện thoại, Bánh snack, Bao rác, Khăn giấy, Bút bi, Bánh snack, Chai nước, Dây sạc điện thoại",WinMart+,Ha Noi,"109, Phố Trần Huy Liệu, Phường Giảng Võ, Thành phố Hà Nội, 10178",15,4.4,convenience,21.027018199999997,105.822345
"Sữa chua uống, Muỗng nhựa, Mì ly, Khăn ướt, Khẩu trang y tế, Dây sạc điện thoại, Chai nước, Bật lửa, Bàn chải đánh răng, Khăn giấy, Gối cổ du lịch, Bánh mì sandwich",WinMart+,Ha Noi,"TT01-05, Ngõ 4 Hàm Nghi, Phường Từ Liêm, Thành phố Hà Nội, 10085",20,3.6,convenience,21.035922,105.7673075
"Bàn chải đánh răng, Khăn giấy, Bàn chải đánh răng, Chai nước, Bánh snack, Bao rác, Sổ tay nhỏ, Kẹo cao su, Chai nước, Kẹo cao su, Túi nylon, Túi nylon, Sữa chua uống, Mì gói, Bánh snack, Khăn ướt, Khẩu trang y tế",K-Market,Ha Noi,"Promenade Road, Phường Phú Thượng, Thành phố Hà Nội, 10264",20,4.1,convenience,21.080162799999997,105.7914132
"Cốc nhựa, Cà phê lon, Muỗng nhựa, Kẹo cao su, Pin AA, Kẹo, Mì gói, Nước ngọt, Khẩu trang y tế, Kem đánh răng, Bánh quy, Trà đóng chai, Nước tăng lực, Sổ tay nhỏ, Lăn khử mùi, Bánh snack, Khẩu trang y tế, Xà phòng tắm, Trà đóng chai",WinMart+,Ha Noi,"354, Đường Mỹ Đình, Phường Từ Liêm, Thành phố Hà Nội, 10074",20,4.3,convenience,21.0224226,105.7745401
"Nước suối, Bật lửa, Găng tay nilon, Bật lửa, Kem đánh răng, Bóng đèn LED mini, Nước tăng lực, Cốc nhựa, Túi nylon, Bánh quy, Xà phòng tắm, Kem đánh răng, Khăn giấy, Túi nylon, Sữa chua uống, Ô dù gấp, Ô dù gấp, Lăn khử mùi",WinMart+,Ha Noi,"Đường Chùa Tổng, Xã An Khánh, Thành phố Hà Nội, 34000",15,4,convenience,20.9903157,105.7254327
"Pin sạc, Pin sạc, Cà phê lon, Khẩu trang y tế, Mì ly, Thịt hộp, Sữa chua uống, Cốc nhựa, Bánh snack, Bút bi, Bánh mì sandwich, Sổ tay nhỏ, Cốc nhựa, Dao cạo râu, Sữa chua uống, Trà đóng chai, Bật lửa, Nước suối, Bánh bao mini, Khẩu trang y tế",WinMart+,Ha Noi,"451, Đường Đại Mỗ, Phường Tây Mỗ, Thành phố Hà Nội, 10070",10,3.6,convenience,20.9955626,105.7540947
"Muỗng nhựa, Bút bi, Khăn ướt, Kẹo cao su, Chai nước, Dây sạc điện thoại, Bánh bao mini, Găng tay nilon, Nước tăng lực, Ô dù gấp, Mì gói, Pin AA, Dây sạc điện thoại, Nước suối, Khoai tây chiên, Bóng đèn LED mini, Dây sạc điện thoại, Bóng đèn LED mini, Pin sạc, Sữa hộp",WinMart+,Ha Noi,"16, Phố Võ Văn Dũng, Phường Đống Đa, Thành phố Hà Nội, 10265",10,4.2,convenience,21.0159902,105.8236775
"Bút bi, Lăn khử mùi, Ô dù gấp, Bật lửa, Nước tăng lực, Bàn chải đánh răng, Khẩu trang y tế, Bánh bao mini, Khẩu trang y tế, Bàn chải đánh răng, Kem đánh răng, Khăn giấy, Bật lửa, Trà đóng chai, Kem đánh răng",WinMart+,Ha Noi,"83, Phố An Trạch, Phường Ô Chợ Dừa, Thành phố Hà Nội, 10081",15,3.6,convenience,21.0276262,105.8299226
"Kẹo, Khoai tây chiên, Pin AA, Muỗng nhựa, Sổ tay nhỏ, Gối cổ du lịch, Thịt hộp, Sổ tay nhỏ, Bánh bao mini, Bánh quy, Kẹo, Bàn chải đánh răng, Cốc nhựa, Trà đóng chai",WinMart+,Ha Noi,"41, Phố Vũ Thạnh, Phường Ô Chợ Dừa, Thành phố Hà Nội, 10060",20,4.4,convenience,21.026793,105.8260234
"Chai nước, Ô dù gấp, Sữa chua uống, Dây sạc điện thoại, Nước suối, Khẩu trang y tế, Gối cổ du lịch, Muỗng nhựa, Kẹo, Muỗng nhựa, Nước ngọt, Sổ tay nhỏ, Khẩu trang y tế, Khăn ướt, Pin sạc",WinMart+,Ha Noi,"Ngõ Láng Trung, Phường Láng, Thành phố Hà Nội, 11313",10,3.9,convenience,21.015059100000002,105.8070425
"Khăn ướt, Nước suối, Sữa hộp, Muỗng nhựa, Dầu gội, Lăn khử mùi, Bánh quy, Sữa chua uống, Thịt hộp, Ô dù gấp, Sổ tay nhỏ, Nước tăng lực",WinMart+,Ha Noi,"Ngõ 199 Đường Hồ Tùng Mậu, Phường Từ Liêm, Thành phố Hà Nội, 10085",15,4.1,convenience,21.040357499999995,105.7640633
"Bật lửa, Khoai tây chiên, Dầu gội, Bánh snack, Sữa hộp, Nước ngọt, Nước suối, Pin sạc, Thịt hộp, Dao cạo râu, Bóng đèn LED mini, Bánh quy, Sổ tay nhỏ, Sữa chua uống, Khăn ướt, Khăn ướt, Pin AA, Mì gói, Bóng đèn LED mini, Khăn giấy",WinMart+,Ha Noi,"Đường Trung Văn, Phường Đại Mỗ, Thành phố Hà Nội, 12011",15,3.7,convenience,20.989994499999998,105.7901937
"Nước tăng lực, Bánh snack, Khăn giấy, Khẩu trang y tế, Bánh snack, Bánh quy, Pin AA, Bánh mì sandwich, Cốc nhựa, Dầu gội, Sữa chua uống, Nước ngọt, Khẩu trang y tế, Bánh bao mini, Lăn khử mùi, Chai nước, Khẩu trang y tế, Trà đóng chai, Lăn khử mùi",WinMart+,Ha Noi,"Phố Đồng Sợi, Phường Đại Mỗ, Thành phố Hà Nội, 10070",10,4.4,convenience,20.995206900000003,105.77947070000002
"Pin sạc, Sổ tay nhỏ, Sữa chua uống, Kẹo, Muỗng nhựa, Bút bi, Lăn khử mùi, Pin sạc, Nước ngọt, Mì ly, Kẹo, Nước tăng lực, Kẹo cao su",WinMart+,Ha Noi,Không rõ,10,3.7,convenience,20.994511099999997,105.7787346
"Dao cạo râu, Kẹo cao su, Mì ly, Bao rác, Cốc nhựa, Trà đóng chai, Bàn chải đánh răng, Mì ly, Dao cạo râu, Khoai tây chiên, Sữa chua uống, Nước tăng lực, Xà phòng tắm, Xà phòng tắm, Bánh snack, Sổ tay nhỏ, Bút bi, Pin AA",WinMart+,Ha Noi,"Khu BT4-3, Đường Trung Thư, Phường Đại Mỗ, Thành phố Hà Nội, 10070",15,3.7,convenience,20.992609000000005,105.779152
"Túi nylon, Bao rác, Bao rác, Cà phê lon, Khẩu trang y tế, Bao rác, Mì ly, Dây sạc điện thoại, Mì ly, Sổ tay nhỏ, Pin sạc, Pin AA, Kẹo, Khẩu trang y tế, Nước tăng lực, Trà đóng chai, Mì ly, Dao cạo râu, Bánh snack, Gối cổ du lịch",Circle K,Ha Noi,Không rõ,20,3.5,convenience,21.0126738,105.8326173
"Sữa hộp, Pin AA, Bút bi, Nước tăng lực, Khẩu trang y tế, Kẹo cao su, Sữa chua uống, Pin AA, Bàn chải đánh răng, Khẩu trang y tế, Kẹo cao su, Mì gói, Bàn chải đánh răng, Khoai tây chiên, Ô dù gấp, Pin sạc, Gối cổ du lịch, Khăn ướt, Cốc nhựa, Dầu gội",WinMart+,Ha Noi,Không rõ,20,3.8,convenience,21.0664585,105.7069672
"Khẩu trang y tế, Sốt cà chua, Dao bếp, Khẩu trang y tế, Cà phê hòa tan, Sữa tươi, Giấy bọc thực phẩm, Nước xả vải, Nước mắm, Cà phê hòa tan, Sữa tắm, Dầu gội, Sữa chua, Mì gói, Nước tương, Sữa chua, Cá hộp, Kem cạo râu, Giấy vệ sinh",WinMart,Ha Noi,"Đường Gamuda Garden 2-2, Phường Hoàng Mai, Thành phố Hà Nội, 11622",120,4.1,supermarket,20.970224899999998,105.8781521
"Nước suối, Bánh snack, Pin sạc, Cà phê lon, Găng tay nilon, Lăn khử mùi, Nước suối, Găng tay nilon, Khoai tây chiên, Xà phòng tắm",Tap Hoa Thuy Hien,Ha Noi,"Phố Ngũ Xã, Phường Ba Đình, Thành phố Hà Nội, 11117",20,4.4,convenience,21.046252199999998,105.8416986
"Nước suối, Sữa hộp, Bật lửa, Bánh mì sandwich, Bánh mì sandwich, Ô dù gấp, Khẩu trang y tế, Pin sạc, Găng tay nilon, Bật lửa, Túi nylon, Bao rác",WinMart+,Ha Noi,Không rõ,10,4.4,convenience,21.001039799999997,105.8474877
"Pin AA, Ô dù gấp, Nước tăng lực, Dầu gội, Sữa hộp, Bàn chải đánh răng, Khoai tây chiên, Sữa chua uống, Bao rác, Dao cạo râu, Muỗng nhựa, Bàn chải đánh răng, Mì gói",WinMart+,Ha Noi,"Phố Trần Hữu Dực, Phường Từ Liêm, Thành phố Hà Nội, 10085",15,3.9,convenience,21.0289656,105.7662729
"Ô dù gấp, Muỗng nhựa, Nước ngọt, Mì ly, Chai nước, Bánh snack, Mì ly, Chai nước, Dây sạc điện thoại, Muỗng nhựa, Pin sạc, Khẩu trang y tế, Muỗng nhựa, Sữa chua uống, Bóng đèn LED mini, Găng tay nilon, Kẹo",WinMart+,Ha Noi,"Đường Phạm Hùng, Phường Từ Liêm, Thành phố Hà Nội, 10085",10,3.6,convenience,21.027196499999995,105.7783953
"Ô dù gấp, Bánh quy, Túi nylon, Dây sạc điện thoại, Găng tay nilon, Muỗng nhựa, Khăn ướt, Thịt hộp, Cốc nhựa, Trà đóng chai",WinMart+,Ha Noi,"63, Phố Ngọc Trục, Phường Đại Mỗ, Thành phố Hà Nội, 10070",10,4.1,convenience,20.9895618,105.7729177
"Bánh mì sandwich, Bút bi, Khăn ướt, Pin AA, Dây sạc điện thoại, Nước ngọt, Kem đánh răng, Bánh mì sandwich, Khoai tây chiên, Dầu gội",WinMart+,Ha Noi,"1, Đường Lê Trọng Tấn, Phường Tây Mỗ, Xã An Khánh, Thành phố Hà Nội, 34000",10,4.4,convenience,21.0085572,105.7299543
"Bàn chải đánh răng, Kẹo cao su, Mì gói, Thịt hộp, Bật lửa, Lăn khử mùi, Kẹo, Khăn giấy, Khăn giấy, Bánh mì sandwich",WinMart+,Ha Noi,"Đường An Thọ 2, Xã An Khánh, Thành phố Hà Nội, 34000",15,3.7,convenience,21.006324699999997,105.7268414
"Kem đánh răng, Muỗng nhựa, Kẹo cao su, Nước tăng lực, Khẩu trang y tế, Bóng đèn LED mini, Bao rác, Gối cổ du lịch, Nước tăng lực, Muỗng nhựa, Cốc nhựa, Nước suối",WinMart+,Ha Noi,"79, Đường Đại Mỗ, Phường Đại Mỗ, Thành phố Hà Nội, 10070",15,4.4,convenience,20.9861769,105.7676659
"Giấy vệ sinh, Sữa bột, Nước lau sàn, Mì gói, Sữa tươi, Dầu ăn, Nước suối, Mì gói, Dầu gội, Sữa chua, Sữa chua, Sữa bột trẻ em, Khăn giấy, Cà phê, Dầu ăn, Nước rửa chén",tạp hoá mường thanh,Ha Noi,"78, Phố Thợ Nhuộm, Phường Cửa Nam, Thành phố Hà Nội, 10307",15,4.4,department_store,21.02323389999999,105.8477695
"Khẩu trang y tế, Bàn chải đánh răng, Ô dù gấp, Bánh snack, Nước suối, Dây sạc điện thoại, Sổ tay nhỏ, Kẹo, Xà phòng tắm, Nước suối, Pin AA, Mì ly, Bật lửa, Bánh bao mini, Dây sạc điện thoại",WinMart+,Ha Noi,"Đường An Khánh, Xã An Khánh, Thành phố Hà Nội, 34000",15,3.6,convenience,21.009039199999997,105.7214343
"Dây sạc điện thoại, Kẹo, Lăn khử mùi, Ô dù gấp, Bàn chải đánh răng, Khẩu trang y tế, Dầu gội, Nước ngọt, Ô dù gấp, Ô dù gấp, Kẹo, Lăn khử mùi, Xà phòng tắm, Kẹo cao su, Thịt hộp, Mì ly, Bút bi, Pin sạc, Dầu gội",WinMart+,Ha Noi,"Đường XP.1, Phường Xuân Phương, Thành phố Hà Nội, 34000",10,3.8,convenience,21.027039599999995,105.7405392
"Trà đóng chai, Khăn giấy, Bánh snack, Bao rác, Mì ly, Dầu gội, Khoai tây chiên, Trà đóng chai, Sữa chua uống, Găng tay nilon, Cà phê lon, Găng tay nilon, Mì ly, Nước ngọt, Chai nước, Kẹo cao su",WinMart+,Ha Noi,"173, Đường Phương Canh, Phường Xuân Phương, Thành phố Hà Nội, 34000",15,3.8,convenience,21.034306500000003,105.7450975
"Dây sạc điện thoại, Pin AA, Bánh bao mini, Cà phê lon, Nước ngọt, Xà phòng tắm, Kem đánh răng, Dây sạc điện thoại, Khăn ướt, Chai nước, Mì gói, Khăn ướt, Sổ tay nhỏ, Dây sạc điện thoại, Bao rác, Pin AA, Mì gói",WinMart+,Ha Noi,"128, Phố Nguyễn Đổng Chi, Phường Từ Liêm, Thành phố Hà Nội, 10085",20,3.7,convenience,21.0372425,105.7639468
"Trứng gà, Dầu gội, Sữa chua, Bàn chải, Dầu ăn, Sốt cà chua, Bột mì, Trà túi lọc, Nước mắm, Nước mắm, Bơ thực vật, Bột giặt, Sữa tắm, Giấy vệ sinh, Gạo, Bông tẩy trang",Siêu Thị Minh Đức Green,Ha Noi,"12, Phố Đặng Xuân Bảng, Phường Định Công, Thành phố Hà Nội, 11718",190,4,supermarket,20.970607700000002,105.8296484
"Dao bếp, Nước hoa mini, Nước xả vải, Khẩu trang y tế, Sốt cà chua, Khăn giấy, Bột giặt, Cà phê hòa tan, Giấy bọc thực phẩm, Sốt cà chua, Nước tương, Muỗng nĩa, Trứng gà, Sốt cà chua, Bột mì, Bông tẩy trang, Chảo chống dính",Siêu Thị Tiện Lợi KT Mart,Ha Noi,"Ngõ 120 Đường Hoàng Quốc Việt, Phường Nghĩa Đô, Thành phố Hà Nội, 10065",75,4.5,supermarket,21.047613399999992,105.7920778
"Kẹo, Muỗng nhựa, Muỗng nhựa, Bánh quy, Dây sạc điện thoại, Khẩu trang y tế, Nước ngọt, Dây sạc điện thoại, Sữa hộp, Xà phòng tắm, Dây sạc điện thoại, Mì ly, Khẩu trang y tế, Bánh bao mini, Nước suối, Khăn ướt, Dầu gội, Bật lửa, Sữa chua uống",WinMart+,Ha Noi,"14, Phố Trần Quý Cáp, Phường Văn Miếu - Quốc Tử Giám, Thành phố Hà Nội, 11018",20,4.3,convenience,21.027219599999995,105.8401097
"Chai nước, Bóng đèn LED mini, Mì gói, Muỗng nhựa, Bánh snack, Sữa chua uống, Nước tăng lực, Khăn ướt, Nước suối, Nước ngọt, Dầu gội, Nước tăng lực, Bánh mì sandwich, Bánh quy, Bóng đèn LED mini",Smarttabuy Mart,Ha Noi,"Đường Lương Thế Vinh, Phường Đại Mỗ, Thành phố Hà Nội, 12011",20,3.9,convenience,21.0005166,105.783675
"Bông tẩy trang, Nước trái cây, Túi đựng rác, Bột mì, Đĩa sứ, Muỗng nĩa, Ly thủy tinh, Bàn chải, Dầu ăn, Nước trái cây, Snack, Nước rửa chén, Nước xả vải",K-Market,Ha Noi,"Đại lộ Thăng Long, Phường Đại Mỗ, Thành phố Hà Nội, 10070",170,4.2,supermarket,21.0012178,105.7834359
"Lăn khử mùi, Muỗng nhựa, Bàn chải đánh răng, Khẩu trang y tế, Pin AA, Nước suối, Bánh quy, Bút bi, Kẹo, Cà phê lon, Ô dù gấp, Ô dù gấp, Dây sạc điện thoại, Nước suối",WinMart+,Ha Noi,"Phố Phú Đô, Phường Từ Liêm, Thành phố Hà Nội, 10070",20,4.3,convenience,21.008029499999996,105.7665948
"Sữa chua uống, Trà đóng chai, Bánh mì sandwich, Kem đánh răng, Dầu gội, Nước ngọt, Chai nước, Sữa hộp, Khăn giấy, Khăn ướt, Pin sạc, Lăn khử mùi, Kẹo cao su, Túi nylon, Bút bi, Nước ngọt, Pin AA, Xà phòng tắm, Dao cạo râu, Pin sạc",Circle K,Ha Noi,"Phố Đồng Xuân, Phường Hoàn Kiếm, Thành phố Hà Nội, 11058",20,4.4,convenience,21.037292099999995,105.849202
"Pin sạc, Pin AA, Ô dù gấp, Cốc nhựa, Bánh mì sandwich, Cốc nhựa, Bàn chải đánh răng, Dây sạc điện thoại, Kem đánh răng, Dầu gội",Circle K,Ha Noi,"Phố Hàng Bạc, Phường Hoàn Kiếm, Thành phố Hà Nội, 11010",20,3.9,convenience,21.0340009,105.851053
"Son dưỡng môi, Gạo, Nước lau sàn, Khăn giấy, Khăn giấy, Đĩa sứ, Túi đựng rác, Trà túi lọc, Khẩu trang y tế, Kem cạo râu, Đường, Sữa chua, Mì gói",VM+ 15/35 Tu Hoàng,Ha Noi,"Đường Phương Canh, Phường Xuân Phương, Xã Sơn Đồng, Thành phố Hà Nội, 34000",60,4.4,supermarket,21.034971999999993,105.7396857
"Sổ tay nhỏ, Nước suối, Khăn ướt, Sữa hộp, Trà đóng chai, Mì gói, Dây sạc điện thoại, Xà phòng tắm, Túi nylon, Túi nylon, Sổ tay nhỏ, Sữa hộp, Khăn giấy, Trà đóng chai, Túi nylon, Gối cổ du lịch, Mì gói, Kẹo cao su, Túi nylon, Khăn ướt",WinMart+,Ha Noi,"15, Ngõ 35 Phố Tu Hoàng, Phường Xuân Phương, Di Trạch, Thành phố Hà Nội, 34000",20,4.2,convenience,21.0527078,105.7308978
"Sữa bột, Trà, Sữa tắm, Sữa tắm, Thực phẩm đóng hộp, Khăn ướt, Bột nêm, Giấy vệ sinh, Muối, Bột giặt, Trà",Ô mai Hồng Lam,Ha Noi,"18-B7, Phố Phạm Ngọc Thạch, Phường Kim Liên, Thành phố Hà Nội, 10306",20,3.9,department_store,21.0095922,105.8355703
"Bao rác, Khăn giấy, Bánh mì sandwich, Khăn ướt, Bánh snack, Pin AA, Chai nước, Gối cổ du lịch, Bánh mì sandwich, Sổ tay nhỏ, Xà phòng tắm, Bánh bao mini, Khăn ướt, Mì gói",WinMart+,Ha Noi,"Đường Yên Thường, Xã Đông Anh, Thành phố Hà Nội, 10165",20,4.1,convenience,21.0884185,105.9031835
"Khẩu trang y tế, Ô dù gấp, Khăn giấy, Cà phê lon, Thịt hộp, Bao rác, Chai nước, Dầu gội, Bút bi, Pin AA, Cà phê lon, Bánh mì sandwich, Pin sạc, Bàn chải đánh răng, Dây sạc điện thoại, Ô dù gấp, Sổ tay nhỏ",WinMart+,Ha Noi,"28, Phố Hòe Thị, Phường Xuân Phương, Thành phố Hà Nội, 34000",10,3.8,convenience,21.036382499999995,105.7411408
"Dao bếp, Mì gói, Kem dưỡng da, Nước xả vải, Ngũ cốc ăn sáng, Sốt cà chua, Ngũ cốc ăn sáng, Trà túi lọc, Đường, Sữa chua, Đĩa sứ, Kem cạo râu, Trứng gà, Muối, Nước tương, Bông tẩy trang, Khay nhựa, Sữa tươi",True Mart+,Ha Noi,"Phố Mai Chí Thọ, Phường Việt Hưng, Thành phố Hà Nội, 08443",60,4.2,supermarket,21.059591899999997,105.9139557
"Bánh bao mini, Mì gói, Kẹo cao su, Kẹo cao su, Túi nylon, Khăn giấy, Dầu gội, Xà phòng tắm, Khăn giấy, Dao cạo râu, Lăn khử mùi, Dây sạc điện thoại, Khăn giấy",WinMart+,Ha Noi,"Phố Bùi Thiện Ngộ, Phường Việt Hưng, Thành phố Hà Nội, 08443",10,4.4,convenience,21.064090299999997,105.91096
"Ngũ cốc ăn sáng, Son dưỡng môi, Gạo, Snack, Nước hoa mini, Cá hộp, Sốt cà chua, Bột giặt, Rau củ quả, Giấy vệ sinh, Gạo, Nước tương, Giấy bọc thực phẩm, Chảo chống dính, Bông tẩy trang, Nước lau sàn",Siêu Thị Hapro,Ha Noi,"Phố Nguyễn Cao Luyện, Phường Việt Hưng, Thành phố Hà Nội, 08443",125,4.2,supermarket,21.0657753,105.9073563
"Pin AA, Pin sạc, Chai nước, Thịt hộp, Mì gói, Pin AA, Găng tay nilon, Pin sạc, Nước ngọt, Dây sạc điện thoại, Bánh bao mini, Trà đóng chai, Sổ tay nhỏ, Nước tăng lực, Mì ly, Nước suối, Cốc nhựa, Khẩu trang y tế",WinMart+,Ha Noi,"55, Phố Cầu Cốc, Phường Tây Mỗ, La Phù, Thành phố Hà Nội, 10070",20,4.2,convenience,21.004105400000004,105.7427357
"Thớt, Kem dưỡng da, Bơ thực vật, Thớt, Nước trái cây, Bàn chải, Muỗng nĩa, Đĩa sứ, Trứng gà, Nước hoa mini, Sữa chua, Nước tương",Sói Biên,Ha Noi,"D86, Phố Bùi Thiện Ngộ, Phường Việt Hưng, Thành phố Hà Nội, 08443",165,4.5,supermarket,21.0627267,105.9109651
"Nước suối, Bánh snack, Sữa chua uống, Ô dù gấp, Bóng đèn LED mini, Khoai tây chiên, Ô dù gấp, Chai nước, Khăn ướt, Bao rác, Bật lửa, Mì ly, Kem đánh răng, Pin AA, Nước ngọt, Mì ly, Kem đánh răng, Bánh mì sandwich, Kem đánh răng, Nước tăng lực",Circle K,Ha Noi,"152, Phó Đức Chính, Phường Ba Đình, Thành phố Hà Nội, 11009",10,4.2,convenience,21.045537199999995,105.8432583
"Thịt hộp, Bánh bao mini, Mì gói, Dầu gội, Bao rác, Khẩu trang y tế, Khăn ướt, Bánh quy, Pin AA, Gối cổ du lịch, Kẹo, Bánh bao mini, Gối cổ du lịch, Pin sạc, Bao rác, Muỗng nhựa, Sữa hộp, Khẩu trang y tế, Khoai tây chiên, Sổ tay nhỏ",Circle K,Ha Noi,"Phố Trúc Bạch, Phường Ba Đình, Thành phố Hà Nội, 11117",20,4.2,convenience,21.0494975,105.8390897
"Gạch gốm trang trí, Lọ hoa gốm, Bình trà, Đèn ngủ gốm, Tượng gốm, Bộ ấm trà, Chậu cây gốm, Đồ thờ gốm, Bình phong gốm, Gạch gốm trang trí, Đồ thờ gốm, Bình đựng nước gốm, Lọ hoa gốm, Gạt tàn gốm, Tượng linh vật, Bình phong gốm, Đồ thờ gốm, Bộ ly espresso gốm",Gốm Sứ Hiên Vân,Ha Noi,"Phố Chân Cầm, Phường Hoàn Kiếm, Thành phố Hà Nội, 11015",110,4.9,ceramics,21.030537299999995,105.8486114
"Chậu cây mini, Đồng hồ để bàn, Tượng nhỏ, Tượng nhỏ, Khăn lụa, Túi đựng quà, Bánh handmade, Sổ tay dễ thương, Tranh mini, Gấu bông mini",Tomato,Ha Noi,"Phố Ấu Triệu, Phường Hoàn Kiếm, Thành phố Hà Nội, 11006",230,5,gift,21.02908,105.8491119
"Chai nước, Bánh bao mini, Găng tay nilon, Sổ tay nhỏ, Bút bi, Xà phòng tắm, Thịt hộp, Dao cạo râu, Trà đóng chai, Chai nước, Kẹo cao su, Trà đóng chai, Bánh quy, Gối cổ du lịch, Pin sạc, Mì gói, Dao cạo râu, Khoai tây chiên",Circle K,Ha Noi,"Phố Lý Quốc Sư, Phường Hoàn Kiếm, Thành phố Hà Nội, 11006",15,4.1,convenience,21.0299577,105.8491746
"Sữa chua uống, Sổ tay nhỏ, Nước ngọt, Kẹo, Gối cổ du lịch, Sữa hộp, Dầu gội, Cà phê lon, Bánh bao mini, Găng tay nilon, Nước tăng lực, Bánh quy, Dầu gội",WinMart+,Ha Noi,"83, Ngõ 384 Đường Đông Hội, Xã Đông Anh, Thành phố Hà Nội, 11810",10,3.8,convenience,21.079274499999997,105.8680876
"Sổ tay nhỏ, Dầu gội, Nước tăng lực, Bao rác, Kẹo, Muỗng nhựa, Bóng đèn LED mini, Dây sạc điện thoại, Cà phê lon, Thịt hộp, Trà đóng chai, Bóng đèn LED mini, Bàn chải đánh răng",WinMart+,Ha Noi,"83, Đường Quang Tiến, Phường Tây Mỗ, Thành phố Hà Nội, 10070",20,3.9,convenience,21.001824399999997,105.7582382
"Ô dù gấp, Cốc nhựa, Dao cạo râu, Ô dù gấp, Sổ tay nhỏ, Pin AA, Dây sạc điện thoại, Nước suối, Bật lửa, Pin AA, Sữa hộp, Nước ngọt, Gối cổ du lịch, Bao rác, Ô dù gấp",WinMart+,Ha Noi,"61, Phố Do Nha, Phường Xuân Phương, Thành phố Hà Nội, 34000",20,3.8,convenience,21.0165644,105.7394771
"Khay nhựa, Son dưỡng môi, Khẩu trang y tế, Dầu gội, Trà túi lọc, Thớt, Cá hộp, Thịt heo, Kem dưỡng da, Muối, Trà túi lọc, Rau củ quả, Ngũ cốc ăn sáng, Kem cạo râu, Nước tương, Nước hoa mini, Nước rửa chén, Nước rửa chén",Siêu Thị Annam Gourmet,Ha Noi,"51, Đường Xuân Diệu, Phường Tây Hồ, Thành phố Hà Nội, 11207",195,3.9,supermarket,21.063940200000005,105.8280816
"Tranh mini, Tượng nhỏ, Bình hoa nhỏ, Bình hoa nhỏ, Quà lưu niệm, Bưu thiếp, Nến thơm, Tranh mini, Khung ảnh, Gối in hình, Khung ảnh, Bút ký cao cấp, Đồng hồ để bàn",Vietnam Gift Shop,Ha Noi,"Hướng đi cầu Thăng Long, Xã Nội Bài, Thành phố Hà Nội",170,4.1,gift,21.2192906,105.7893686
"Mì gói, Dây sạc điện thoại, Dây sạc điện thoại, Bánh quy, Cà phê lon, Dầu gội, Bóng đèn LED mini, Bàn chải đánh răng, Muỗng nhựa, Khẩu trang y tế, Bánh bao mini, Kem đánh răng, Kem đánh răng, Bánh quy, Pin AA, Pin AA, Pin AA, Bao rác, Thịt hộp",Circle K,Ha Noi,"186, Phố Thái Thịnh, Phường Đống Đa, Thành phố Hà Nội, 10167",10,4.3,convenience,21.013335899999998,105.8159117
"Muỗng nĩa, Giấy bọc thực phẩm, Dầu ăn, Kem dưỡng da, Giấy vệ sinh, Trà túi lọc, Sốt cà chua, Đường, Thớt, Cà phê hòa tan, Trứng gà, Kem cạo râu, Trứng gà, Thịt heo, Bàn chải, Khăn giấy, Gạo, Mì gói, Sữa chua",BRGMart,Ha Noi,"Phố Cao Thắng, Phường Hoàn Kiếm, Thành phố Hà Nội, 11009",30,3.8,supermarket,21.038864199999995,105.8514825
"Khăn ướt, Khoai tây chiên, Bánh mì sandwich, Trà đóng chai, Túi nylon, Trà đóng chai, Nước tăng lực, Nước suối, Dây sạc điện thoại, Kem đánh răng, Bánh mì sandwich",Circle K,Ha Noi,"Phố Hàng Mã, Phường Hoàn Kiếm, Thành phố Hà Nội, 11000",20,3.9,convenience,21.0365242,105.8470083
"Dây sạc điện thoại, Cà phê lon, Dây sạc điện thoại, Khăn ướt, Sữa hộp, Kem đánh răng, Thịt hộp, Bút bi, Bàn chải đánh răng, Khẩu trang y tế, Trà đóng chai, Bánh mì sandwich, Găng tay nilon, Sữa chua uống",Circle K,Ha Noi,"Phố Hàng Da, Phường Hoàn Kiếm, Thành phố Hà Nội, 11016",20,4.1,convenience,21.030232199999997,105.8467011
"Kẹo cao su, Dây sạc điện thoại, Kem đánh răng, Nước suối, Nước ngọt, Khăn ướt, Thịt hộp, Bóng đèn LED mini, Pin sạc, Túi nylon, Khẩu trang y tế, Túi nylon, Bánh snack",WinMart+,Ha Noi,"Lô 19, Đường Vành đai 2.5, Phường Phương Liệt, Thành phố Hà Nội, 11718",15,4.4,convenience,20.985573,105.8291245
"Ô dù gấp, Bóng đèn LED mini, Bánh quy, Mì ly, Pin sạc, Dầu gội, Mì ly, Bóng đèn LED mini, Cà phê lon, Dây sạc điện thoại, Kẹo, Nước tăng lực, Khoai tây chiên, Bao rác, Kem đánh răng, Nước suối, Bật lửa, Bóng đèn LED mini",WinMart+,Ha Noi,"Phố Trần Nguyên Đán, Phường Phương Liệt, Thành phố Hà Nội, 11718",20,3.9,convenience,20.9849138,105.8330094
"Nước tương, Khay nhựa, Bàn chải, Muối, Trứng gà, Dao bếp, Ly thủy tinh, Thịt heo, Khẩu trang y tế, Sữa tắm, Giấy vệ sinh, Khay nhựa, Cà phê hòa tan, Sốt cà chua, Đĩa sứ, Ngũ cốc ăn sáng, Kem dưỡng da, Nước rửa chén, Nước mắm",siêu thị 24h ninja mark,Ha Noi,"121, Đường Nguyễn Xiển, Phường Khương Đình, Thành phố Hà Nội, 10135",130,3.8,supermarket,20.982948999999998,105.809927
"Kẹo, Khẩu trang y tế, Gối cổ du lịch, Bút bi, Khoai tây chiên, Dây sạc điện thoại, Ô dù gấp, Mì ly, Thịt hộp, Bánh snack, Kẹo cao su, Lăn khử mùi, Mì ly, Sổ tay nhỏ, Dầu gội, Khẩu trang y tế, Cà phê lon, Dây sạc điện thoại",Cửa Hàng Tự Chọn Nga-Nhật-Úc,Ha Noi,"Ngõ 342 Đường Khương Đình, Phường Khương Đình, Thành phố Hà Nội, 10135",10,4.2,convenience,20.989332000000008,105.8129267
"Snack, Bơ thực vật, Bông tẩy trang, Sữa chua, Bơ thực vật, Mì gói, Dầu gội, Sữa tắm, Bột mì, Dầu gội, Rau củ quả, Gạo",Siêu Thị Lan Chi,Ha Noi,"Đường Trung Sơn Trầm, Trung Sơn Trầm, Phường Tùng Thiện, Thành phố Hà Nội, 12800",70,4.2,supermarket,21.098291899999996,105.4970012
"Bánh snack, Sổ tay nhỏ, Gối cổ du lịch, Mì gói, Bao rác, Bóng đèn LED mini, Thịt hộp, Sổ tay nhỏ, Bàn chải đánh răng, Bút bi, Ô dù gấp, Dây sạc điện thoại, Kẹo cao su, Dây sạc điện thoại, Ô dù gấp, Bánh bao mini, Ô dù gấp, Mì ly",WinMart+,Ha Noi,"Phố Hội Vũ, Phường Hoàn Kiếm, Thành phố Hà Nội, 11017",20,3.9,convenience,21.0287861,105.8457136
"Túi nylon, Bút bi, Dây sạc điện thoại, Dây sạc điện thoại, Túi nylon, Nước ngọt, Nước ngọt, Bánh mì sandwich, Túi nylon, Bóng đèn LED mini, Muỗng nhựa, Bánh bao mini, Túi nylon, Mì ly, Nước ngọt, Dao cạo râu, Dao cạo râu, Dao cạo râu",WinMart+,Ha Noi,"79, Ngõ 94 Phố Thượng Thanh, Phường Việt Hưng, Thành phố Hà Nội, 11810",20,4.3,convenience,21.0599697,105.8878182
"Đường, Bơ thực vật, Ly thủy tinh, Ngũ cốc ăn sáng, Chảo chống dính, Khăn giấy, Sốt cà chua, Khay nhựa, Thịt heo, Ly thủy tinh, Bột ngọt, Kem dưỡng da",TH MART ĐỘI 3 Lạc Thị,Ha Noi,"Đường Đại Hưng, Xã Ngọc Hồi, Thành phố Hà Nội, 12506",160,4.4,supermarket,20.923490000000005,105.8346774
"Khoai tây chiên, Chai nước, Dây sạc điện thoại, Mì ly, Mì gói, Nước tăng lực, Nước suối, Bánh bao mini, Bật lửa, Bánh snack, Gối cổ du lịch, Găng tay nilon, Lăn khử mùi",Circle K,Ha Noi,"Phố Cầu Gỗ, Phường Hoàn Kiếm, Thành phố Hà Nội, 11011",10,4,convenience,21.032151300000002,105.852571
"Sữa chua, Nước hoa mini, Cà phê hòa tan, Snack, Muỗng nĩa, Thớt, Snack, Nước mắm, Sữa tắm, Rau củ quả, Nước lau sàn, Gạo, Khăn giấy",WinMart,Ha Noi,"Phố Hoàng Đạo Thúy, Phường Yên Hòa, Thành phố Hà Nội, 10055",165,3.8,supermarket,21.0074716,105.801833
"Son dưỡng môi, Nước trái cây, Sữa tươi, Muỗng nĩa, Nước mắm, Trứng gà, Nước lau sàn, Nước mắm, Sữa chua, Bột ngọt, Sữa tươi, Thịt heo, Nước hoa mini, Cá hộp, Nước lau sàn, Thớt, Ngũ cốc ăn sáng, Giấy vệ sinh",WinMart,Ha Noi,"119, Đường Trần Duy Hưng, Phường Yên Hòa, Thành phố Hà Nội, 10055",105,4.3,supermarket,21.006765100000003,105.7961018
"Tượng nhỏ, Bưu thiếp, Khung ảnh LED, Móc khóa, Ly in hình, Bánh handmade, Bánh handmade, Móc khóa, Sổ tay dễ thương, Tranh mini, Tranh mini, Nến thơm, Khung ảnh, Bình hoa nhỏ, Bình hoa nhỏ, Quà lưu niệm, Ly in hình, Khung ảnh, Bút ký cao cấp, Móc khóa",Oc sen,Ha Noi,"Đường Xuân Diệu, Phường Tây Hồ, Thành phố Hà Nội, 10202",260,5,gift,21.0614016,105.8314733
"Túi nylon, Bánh bao mini, Chai nước, Thịt hộp, Pin AA, Khăn giấy, Trà đóng chai, Mì ly, Bánh mì sandwich, Sổ tay nhỏ, Muỗng nhựa, Nước suối, Túi nylon, Bánh bao mini, Nước ngọt, Pin sạc, Ô dù gấp, Thịt hộp, Lăn khử mùi",Circle K,Ha Noi,"Đường Tây Hồ, Phường Tây Hồ, Thành phố Hà Nội, 11207",10,3.5,convenience,21.06626,105.8264003
"Gối cổ du lịch, Sổ tay nhỏ, Dầu gội, Bật lửa, Dây sạc điện thoại, Nước ngọt, Nước tăng lực, Bao rác, Bao rác, Bánh snack, Sữa hộp, Dầu gội, Muỗng nhựa, Dầu gội, Cà phê lon",K-Mart,Ha Noi,"Phố Hàng Thùng, Phường Hoàn Kiếm, Thành phố Hà Nội, 10147",10,3.9,convenience,21.032443700000005,105.8554545
"Nước ngọt, Ô dù gấp, Ô dù gấp, Bút bi, Sổ tay nhỏ, Bao rác, Túi nylon, Cốc nhựa, Sữa hộp, Bóng đèn LED mini, Kem đánh răng, Khăn ướt",Circle K,Ha Noi,"204, Đường Trần Quang Khải, Phường Hoàn Kiếm, Thành phố Hà Nội, 10063",10,3.5,convenience,21.027790200000002,105.8580026
"Tranh tường, Tượng gỗ, Tượng điêu khắc, Tranh nghệ thuật 3D, Tranh thư pháp, Tượng gỗ, Tranh giấy cuộn, Tranh chân dung, Tượng đá cẩm thạch, Tranh sơn mài, Tranh canvas, Tượng kim loại, Tranh tường, Mô hình nghệ thuật, Tượng nhân vật cổ điển, Tượng đồng nhỏ, Tượng điêu khắc, Tượng nhân vật cổ điển",Art Pho,Ha Noi,"Ngõ Đào Duy Từ, Phường Hoàn Kiếm, Thành phố Hà Nội, 11010",140,4.5,art,21.035291099999995,105.852053
"Tranh đương đại, Tranh thêu tay, Tranh sơn dầu, Tranh ký họa, Tượng nhân vật cổ điển, Tranh, Tranh nghệ thuật 3D, Tranh sơn mài, Tranh màu nước, Tranh nghệ thuật 3D, Tượng nhân vật cổ điển, Tranh thư pháp, Tranh nghệ thuật dân gian",Chung Gallery,Ha Noi,"Phố Lý Quốc Sư, Phường Hoàn Kiếm, Thành phố Hà Nội, 11006",250,4.7,art,21.030607999999997,105.8489136
"Bánh handmade, Quà lưu niệm, Tranh mini, Sổ tay dễ thương, Bình hoa nhỏ, Đồ thủ công, Ly in hình, Ly in hình, Cốc đôi, Bình hoa nhỏ, Khăn lụa, Bưu thiếp, Gối in hình, Sổ tay dễ thương, Đồ thủ công, Khăn lụa, Túi đựng quà, Bưu thiếp, Ly in hình",Song Thu,Ha Noi,"Phố Lý Quốc Sư, Phường Hoàn Kiếm, Thành phố Hà Nội, 11006",160,4.4,gift,21.0302853,105.849043
"Khăn lụa, Bình giữ nhiệt, Sổ tay dễ thương, Chậu cây mini, Khung ảnh, Thiệp chúc mừng, Khung ảnh LED, Tranh mini, Móc khóa, Quà lưu niệm, Thiệp chúc mừng, Quà lưu niệm, Gối in hình, Đèn trang trí nhỏ, Đèn trang trí nhỏ",Hanoia Đông Du,Ha Noi,"Phố Văn Miếu, Phường Văn Miếu - Quốc Tử Giám, Thành phố Hà Nội, 10346",280,5,gift,21.0295402,105.836591
"Tượng điêu khắc, Tranh chân dung, Tranh đương đại, Tranh thư pháp, Tranh sơn mài, Tượng nhỏ, Tượng đất nung, Tranh phong cảnh, Tranh màu nước, Tranh acrylic, Tượng đồng nhỏ, Tranh chân dung",Tired City,Ha Noi,"Phố Lý Quốc Sư, Phường Hoàn Kiếm, Thành phố Hà Nội, 11006",290,4.5,art,21.0300077,105.8491505
"Khung ảnh, Bút ký cao cấp, Bưu thiếp, Bút ký cao cấp, Chậu cây mini, Gấu bông mini, Sổ tay dễ thương, Đèn trang trí nhỏ, Đồng hồ để bàn, Cốc đôi, Túi đựng quà",Cửa Hàng Đồ Thủ Công Mỹ Nghệ,Ha Noi,"57B, Phố Đinh Tiên Hoàng, Phường Hoàn Kiếm, Thành phố Hà Nội, 10147",240,4.8,gift,21.031691599999995,105.8533446
"Khẩu trang y tế, Kem dưỡng da, Trà túi lọc, Mì gói, Ngũ cốc ăn sáng, Bơ thực vật, Snack, Bột mì, Muỗng nĩa, Khay nhựa, Sữa chua, Nước xả vải, Nước xả vải, Nước rửa chén, Ly thủy tinh, Nước hoa mini",The Oasis,Ha Noi,"84, Đường Xuân Diệu, Phường Tây Hồ, Thành phố Hà Nội, 10202",170,4,supermarket,21.0611067,105.83206110000002
"Sổ tay nhỏ, Nước tăng lực, Kẹo cao su, Túi nylon, Bánh quy, Bóng đèn LED mini, Thịt hộp, Xà phòng tắm, Cốc nhựa, Bánh snack, Lăn khử mùi, Muỗng nhựa, Nước ngọt, Dao cạo râu, Mì ly, Nước ngọt, Bàn chải đánh răng, Khẩu trang y tế",WinMart+,Ha Noi,"Phố Nguyễn Chánh, Phường Yên Hòa, Thành phố Hà Nội, 10055",10,4.1,convenience,21.008620499999996,105.7944962
"Bao rác, Kem đánh răng, Ô dù gấp, Kem đánh răng, Cốc nhựa, Túi nylon, Bánh mì sandwich, Pin sạc, Bánh mì sandwich, Sữa hộp, Bánh snack, Thịt hộp, Bao rác, Xà phòng tắm, Cốc nhựa",Tovi Mart,Ha Noi,"Đường Hoàng Hoa Thám, Phường Tây Hồ, Thành phố Hà Nội, 10287",20,3.8,convenience,21.041144899999995,105.82379410000001
"Đĩa sứ, Snack, Snack, Khay nhựa, Khẩu trang y tế, Giấy vệ sinh, Nước rửa chén, Nước rửa chén, Bông tẩy trang, Bột mì, Bông tẩy trang",TH Mart Nguyễn Lân,Ha Noi,"Phố Nguyễn Lân, Phường Phương Liệt, Thành phố Hà Nội, 11415",60,3.7,supermarket,20.995065900000004,105.8364139
"Bột giặt, Kem cạo râu, Dầu ăn, Cà phê hòa tan, Nước hoa mini, Nước hoa mini, Nước mắm, Giấy vệ sinh, Nước xả vải, Bột giặt, Nước hoa mini, Khay nhựa, Dầu ăn, Snack, Nước mắm, Snack, Gạo",Siêu thị Tòa nhà Huy Hoàng,Ha Noi,"Đường Nguyễn Trãi, Phường Khương Đình, Thành phố Hà Nội, 10055",200,3.9,supermarket,20.992789799999997,105.8079419
"Găng tay nilon, Dao cạo râu, Cà phê lon, Sữa chua uống, Dây sạc điện thoại, Găng tay nilon, Pin sạc, Kem đánh răng, Bàn chải đánh răng, Găng tay nilon, Sổ tay nhỏ, Bút bi, Bánh quy, Cốc nhựa",Circle K,Ha Noi,"1, Ngõ 37 Phố Lê Thanh Nghị, Phường Bạch Mai, Thành phố Hà Nội, 10999",20,3.5,convenience,21.0016115,105.8465426
"Nước suối, Sữa hộp, Mì gói, Kẹo cao su, Nước suối, Dầu gội, Mì gói, Pin AA, Cốc nhựa, Chai nước, Bánh bao mini",Circle K,Ha Noi,"113, Phố Trần Đại Nghĩa, Phường Bạch Mai, Thành phố Hà Nội, 10999",20,3.6,convenience,21.0027113,105.8448554
"Thịt heo, Dầu gội, Chảo chống dính, Bông tẩy trang, Giấy bọc thực phẩm, Trà túi lọc, Nước lau sàn, Muỗng nĩa, Nước lau sàn, Nước trái cây, Thớt, Sữa tươi, Bột giặt, Ngũ cốc ăn sáng, Bột giặt, Snack, Bột ngọt, Gạo",Siêu Thị Lanchi Mart,Ha Noi,"Phố An Thắng, Phường Chương Mỹ, Thành phố Hà Nội, 13400",145,4.3,supermarket,20.928841799999997,105.7129633
"Lăn khử mùi, Nước suối, Dao cạo râu, Dây sạc điện thoại, Pin sạc, Dầu gội, Nước suối, Muỗng nhựa, Cà phê lon, Sổ tay nhỏ, Gối cổ du lịch, Dầu gội, Sữa hộp",Tạp hóa Minh Đức,Ha Noi,"Đường Đê Mới, Phượng Nghĩa, Phường Chương Mỹ, 13400",10,4.3,convenience,20.9486994,105.7036994
"Tranh mini, Thiệp chúc mừng, Khung ảnh LED, Gấu bông mini, Bình giữ nhiệt, Hộp quà tặng, Túi đựng quà, Cốc đôi, Đồ thủ công, Túi đựng quà, Hộp quà tặng, Bút ký cao cấp",Cửa Hàng Clever Changes,Ha Noi,"21, Ngõ 221 Đường Hoàng Hoa Thám, Phường Ngọc Hà, Thành phố Hà Nội, 10071",270,4.5,gift,21.041965400000002,105.8201847
"Ví da, Quần jean, Áo khoác, Giày cao gót, Nón thời trang, Tai nghe Bluetooth, Son môi, Quần short, Ba lô thời trang, Áo thun, Son môi, Kính mát, Áo thun, Váy dạ hội, Đồng hồ, Máy sấy tóc, Quần short, Ốp điện thoại, Đầm công sở",Trung Tâm Mua Sắm Syrena,Ha Noi,"51, Đường Xuân Diệu, Phường Tây Hồ, Thành phố Hà Nội, 11207",300,4.3,mall,21.064144,105.8280612
"Đường, Nước xả vải, Muỗng nĩa, Ly thủy tinh, Giấy vệ sinh, Sốt cà chua, Bột giặt, Son dưỡng môi, Khăn giấy, Bàn chải",Nhà sách Sư phạm TVHL,Ha Noi,"OV2.43, Đường XP.7, Phường Xuân Phương, Thành phố Hà Nội, 34000",155,4.1,supermarket,21.026594500000005,105.7400574
"Cà phê hòa tan, Nước trái cây, Bột ngọt, Dầu ăn, Muối, Giấy vệ sinh, Khẩu trang y tế, Bông tẩy trang, Trà túi lọc, Nước xả vải, Khay nhựa, Giấy vệ sinh, Mì gói, Muối, Son dưỡng môi",Siêu Thị Hapro,Ha Noi,"Ngõ 154 Đường Ngọc Lâm, Phường Bồ Đề, Thành phố Hà Nội, 11008",150,4,supermarket,21.0459882,105.870501
"Kem đánh răng, Găng tay nilon, Mì gói, Dầu gội, Nước tăng lực, Khăn giấy, Bóng đèn LED mini, Dầu gội, Bật lửa, Dây sạc điện thoại, Bút bi, Dao cạo râu, Găng tay nilon, Kẹo, Nước tăng lực, Lăn khử mùi",WinMart+,Ha Noi,"242, Phố Lê Thanh Nghị, Phường Bạch Mai, Thành phố Hà Nội, 10999",10,4,convenience,21.001919099999995,105.8424356
"Bóng đèn LED mini, Bánh bao mini, Mì gói, Bánh snack, Pin AA, Dầu gội, Khoai tây chiên, Bóng đèn LED mini, Sữa chua uống, Bánh snack, Gối cổ du lịch, Bánh snack, Bánh mì sandwich, Khoai tây chiên, Cốc nhựa, Mì ly, Kẹo, Sổ tay nhỏ, Mì ly, Bật lửa",Tạp hoá,Ha Noi,"72, Ngõ 121 Phố Lê Thanh Nghị, Phường Bạch Mai, Thành phố Hà Nội, 10999",20,3.7,convenience,21.0011292,105.8426558
"Dây sạc điện thoại, Bánh mì sandwich, Kẹo cao su, Cốc nhựa, Nước tăng lực, Dao cạo râu, Thịt hộp, Nước suối, Túi nylon, Cà phê lon, Lăn khử mùi, Pin AA, Thịt hộp, Gối cổ du lịch, Mì ly",Tạp hoá,Ha Noi,"42, Ngõ 121 Phố Lê Thanh Nghị, Phường Bạch Mai, Thành phố Hà Nội, 10999",20,4.2,convenience,21.000792099999998,105.842174
"Mì gói, Kẹo, Gối cổ du lịch, Pin sạc, Gối cổ du lịch, Bao rác, Sữa chua uống, Cốc nhựa, Bút bi, Găng tay nilon, Khoai tây chiên, Chai nước, Nước suối, Khăn ướt",WinMart+,Ha Noi,"6-8, Phố Vọng, Phường Bạch Mai, Thành phố Hà Nội, 10999",20,4.1,convenience,20.999604700000003,105.841671
"Bút bi, Khẩu trang y tế, Kẹo cao su, Nước ngọt, Sữa chua uống, Gối cổ du lịch, Xà phòng tắm, Khăn ướt, Bánh quy, Khẩu trang y tế, Nước ngọt, Ô dù gấp",WinMart+,Ha Noi,"42, Phố Vũ Xuân Thiều, Phường Phúc Lợi, Thành phố Hà Nội, 08443",15,4.1,convenience,21.0312782,105.9151712
"Ly thủy tinh, Nước tương, Giấy vệ sinh, Sữa chua, Khăn giấy, Giấy vệ sinh, Kem dưỡng da, Son dưỡng môi, Thớt, Nước xả vải, Khăn giấy, Khẩu trang y tế, Khẩu trang y tế, Bàn chải, Bột ngọt",Mega Market,Ha Noi,"360, Đường Giải Phóng, Phường Phương Liệt, Thành phố Hà Nội, 11617",40,4,supermarket,20.9858419,105.8407123
"Nước lau sàn, Dầu gội, Sữa bột, Thực phẩm đóng hộp, Bánh kẹo, Nước lau sàn, Đường, Muối, Nước xả vải, Đường, Trà, Kem đánh răng, Khăn ướt, Nước xả vải, Sữa bột, Gạo, Nước xả vải, Sữa tắm, Nước suối",bách hóa,Ha Noi,"22, Phố Viên, Phường Đông Ngạc, Thành phố Hà Nội, 12500",15,3.5,department_store,21.071481799999997,105.7725963
"Tranh đương đại, Tranh thư pháp, Tượng nhỏ, Tranh acrylic, Tượng điêu khắc, Mô hình nghệ thuật, Tranh tường, Mô hình nghệ thuật, Tượng kim loại, Tranh acrylic, Tượng đồng nhỏ, Tranh nghệ thuật 3D, Tranh ký họa, Tranh thư pháp, Tranh màu nước, Tượng nhân vật cổ điển",Phụ tùng Minh NGọc,Ha Noi,"Đường Thụy Phương, Phường Đông Ngạc, Thành phố Hà Nội, 11909",180,4.4,car_parts,21.083783299999993,105.7780253
"Bột mì, Đường, Mì gói, Thớt, Nước mắm, Thớt, Mì gói, Ly thủy tinh, Snack, Cá hộp, Bông tẩy trang, Nước rửa chén, Kem cạo râu",Siêu thị gia đình Thúy tĩnh,Ha Noi,"Đường Thụy Phương, Phường Đông Ngạc, Thành phố Hà Nội, 11909",140,3.9,supermarket,21.083805400000003,105.7780219
"Sữa hộp, Bóng đèn LED mini, Lăn khử mùi, Sữa chua uống, Xà phòng tắm, Cà phê lon, Muỗng nhựa, Kẹo, Trà đóng chai, Bóng đèn LED mini, Sữa chua uống, Thịt hộp, Khoai tây chiên, Chai nước, Cà phê lon, Kem đánh răng, Lăn khử mùi, Bánh bao mini",Circle K,Ha Noi,"49, Phố Hàng Chuối, Phường Hai Bà Trưng, Thành phố Hà Nội, 10092",10,3.9,convenience,21.016050199999995,105.8578776
"Xà phòng tắm, Thịt hộp, Bánh bao mini, Xà phòng tắm, Bàn chải đánh răng, Khoai tây chiên, Sổ tay nhỏ, Bút bi, Dây sạc điện thoại, Bút bi, Chai nước, Xà phòng tắm, Cà phê lon, Mì ly, Sổ tay nhỏ, Sữa hộp, Cốc nhựa, Nước ngọt, Lăn khử mùi, Sổ tay nhỏ",Circle K,Ha Noi,"Lê Văn Hiến, Phường Đông Ngạc, Thành phố Hà Nội, 12500",10,4.3,convenience,21.074740799999997,105.7722023
"Sổ tay dễ thương, Gấu bông mini, Bình giữ nhiệt, Khung ảnh, Đồ thủ công, Bưu thiếp, Bình giữ nhiệt, Bưu thiếp, Đồng hồ để bàn, Túi đựng quà","Tiệm quà tặng, lưu niệm",Ha Noi,"Lê Văn Hiến, Phường Đông Ngạc, Thành phố Hà Nội, 12500",110,4.9,gift,21.074751900000003,105.7723268
"Nước hoa mini, Sốt cà chua, Khăn giấy, Nước hoa mini, Nước tương, Bột giặt, Nước trái cây, Nước rửa chén, Mì gói, Kem dưỡng da",Sản Vật Việt Bắc,Ha Noi,"Đường Phạm Văn Nghị, Phường Đông Ngạc, Thành phố Hà Nội, 12500",75,3.8,supermarket,21.065421,105.7619606
"Bánh snack, Dây sạc điện thoại, Xà phòng tắm, Khăn giấy, Nước tăng lực, Bánh bao mini, Pin sạc, Sổ tay nhỏ, Mì gói, Nước suối, Sữa hộp, Ô dù gấp, Kẹo cao su, Cà phê lon, Dầu gội, Bánh bao mini, Ô dù gấp",WinMart+,Ha Noi,"107, Đường Tân Xuân, Phường Đông Ngạc, Thành phố Hà Nội, 11909",15,3.7,convenience,21.081036299999997,105.7849635
"Trà túi lọc, Sữa tươi, Son dưỡng môi, Bơ thực vật, Trứng gà, Sữa tắm, Rau củ quả, Gạo, Muối, Bàn chải, Bơ thực vật, Nước xả vải, Túi đựng rác",Tinh Dầu 100,Ha Noi,"32B, Phố Lạc Trung, Phường Vĩnh Tuy, Thành phố Hà Nội, 11622",200,4.1,supermarket,21.003112999999995,105.8622289
"Vali kéo, Kem nền, Giày thể thao, Túi tote, Bông tai, Phấn má, Phấn má, Quần jean, Bông tai, Khăn choàng, Phấn má, Dép sandal, Sách, Lược điện, Laptop mini, Kem nền, Quần jean, Laptop mini",Rice City Mall,Ha Noi,"Phố Văn Tân, Phường Hoàng Liệt, Thành phố Hà Nội, 11718",200,4.6,mall,20.963455399999994,105.8230233
"Khẩu trang y tế, Trà túi lọc, Bột giặt, Kem dưỡng da, Trà túi lọc, Khay nhựa, Trứng gà, Túi đựng rác, Ngũ cốc ăn sáng, Bột mì, Sốt cà chua",Siêu Thị BRG,Ha Noi,"Đường Cao Lỗ, Xã Đông Anh, Thành phố Hà Nội, 12323",85,3.7,supermarket,21.138351699999998,105.8567809
"Khay nhựa, Chảo chống dính, Đường, Bông tẩy trang, Nước mắm, Sữa tắm, Nước tương, Cà phê hòa tan, Cá hộp, Mì gói, Sốt cà chua, Dao bếp, Muỗng nĩa, Nước trái cây, Trà túi lọc, Ngũ cốc ăn sáng, Trứng gà, Ngũ cốc ăn sáng, Sữa chua",Siêu Thị BRG,Ha Noi,"Đường Cổ Loa, Xã Đông Anh, Thành phố Hà Nội, 12323",160,4.1,supermarket,21.111412100000006,105.8768821
"Nước trái cây, Đĩa sứ, Đường, Giấy bọc thực phẩm, Mì gói, Khay nhựa, Trà túi lọc, Ly thủy tinh, Nước tương, Nước mắm, Nước tương, Muối, Dầu gội, Đường",Hazu Shop,Ha Noi,"số 50, Phố Dương Khuê, Phường Từ Liêm, Thành phố Hà Nội, 10085",155,4.4,supermarket,21.0348579,105.7728934
"Bánh mì sandwich, Mì ly, Khoai tây chiên, Khăn ướt, Bật lửa, Kẹo, Pin sạc, Bao rác, Bàn chải đánh răng, Cà phê lon, Mì ly, Bàn chải đánh răng",WinMart+,Ha Noi,"Ngõ 4 Phố Nghĩa Đô, Phường Nghĩa Đô, Thành phố Hà Nội, 10072",15,3.9,convenience,21.047411199999996,105.7968251
"Tranh phong cảnh, Mô hình nghệ thuật, Tượng nhân vật cổ điển, Tranh, Tượng điêu khắc, Tượng điêu khắc, Tranh chân dung, Tượng kim loại, Tranh ký họa, Mô hình nghệ thuật, Tượng đất nung",TRẦM HƯƠNG ĐẤT QUẢNG,Ha Noi,"37, Phố Văn Miếu, Phường Văn Miếu - Quốc Tử Giám, Thành phố Hà Nội, 10346",290,4.8,art,21.028291299999996,105.8364036
"Bơ thực vật, Nước trái cây, Nước hoa mini, Bột mì, Sữa tắm, Giấy bọc thực phẩm, Gạo, Ly thủy tinh, Trứng gà, Dầu gội, Nước xả vải, Túi đựng rác, Trứng gà, Túi đựng rác, Nước mắm, Thớt, Chảo chống dính, Túi đựng rác, Son dưỡng môi, Dầu ăn",Big C,Ha Noi,"Km8, Đường Võ Văn Kiệt, Thành phố Hà Nội, 12910",200,4,supermarket,21.186359400000004,105.7826693
"Thịt hộp, Muỗng nhựa, Bóng đèn LED mini, Thịt hộp, Sữa chua uống, Lăn khử mùi, Khoai tây chiên, Muỗng nhựa, Sổ tay nhỏ, Kẹo, Bánh mì sandwich, Thịt hộp, Cốc nhựa, Bóng đèn LED mini, Thịt hộp, Khoai tây chiên, Chai nước, Nước ngọt, Chai nước, Bóng đèn LED mini",WinMart+,Ha Noi,"250, Ngõ 250 Đường Kim Giang, Phường Định Công, Thành phố Hà Nội, 11718",15,3.9,convenience,20.979099499999997,105.8206071
"Thịt heo, Cà phê hòa tan, Thịt heo, Chảo chống dính, Nước rửa chén, Bột mì, Sữa tươi, Nước hoa mini, Muối, Sữa tươi, Trứng gà, Đĩa sứ, Bột mì",Chợ Xanh Văn Quán,Ha Noi,"Phố Nguyễn Khuyến, Phường Hà Đông, Thành phố Hà Nội, 12100",60,4.4,supermarket,20.974268899999995,105.7914454
"Kem đánh răng, Thịt hộp, Bật lửa, Mì ly, Trà đóng chai, Khoai tây chiên, Sữa chua uống, Dây sạc điện thoại, Khăn ướt, Khoai tây chiên, Bao rác, Cốc nhựa",WinMart+,Ha Noi,"Ngõ 68A Võ Chí Công, Phường Tây Hồ, Thành phố Hà Nội, 10072",20,4,convenience,21.055796000000004,105.8052906
"Mì ly, Kẹo cao su, Găng tay nilon, Khăn giấy, Bánh snack, Dây sạc điện thoại, Túi nylon, Bật lửa, Pin sạc, Túi nylon, Xà phòng tắm, Pin AA, Dầu gội, Nước tăng lực, Túi nylon",Circle K,Ha Noi,"13, Phố Khương Hạ, Phường Khương Đình, Thành phố Hà Nội, 11718",15,4.1,convenience,20.992439099999995,105.8156902
"Giấy bọc thực phẩm, Mì gói, Nước trái cây, Muối, Bột giặt, Sữa tươi, Khăn giấy, Nước trái cây, Dầu gội, Khăn giấy, Túi đựng rác, Kem dưỡng da, Bàn chải, Thịt heo, Sữa chua, Thịt heo, Bột ngọt, Rau củ quả, Túi đựng rác",WinMart,Ha Noi,"Ngõ 689 Đường Lạc Long Quân, Phường Tây Hồ, Thành phố Hà Nội, 10206",175,3.8,supermarket,21.0791125,105.8137396
"Bánh bao mini, Nước ngọt, Dao cạo râu, Dầu gội, Ô dù gấp, Trà đóng chai, Kẹo, Dầu gội, Khoai tây chiên, Bánh snack",K-Market,Ha Noi,"161, Đường Xuân La, Phường Xuân Đỉnh, Thành phố Hà Nội, 10264",20,4,convenience,21.067884700000004,105.8015644
"Thịt hộp, Kẹo, Gối cổ du lịch, Bánh bao mini, Túi nylon, Sữa chua uống, Bánh snack, Bàn chải đánh răng, Xà phòng tắm, Bút bi, Sữa hộp, Bàn chải đánh răng, Bóng đèn LED mini, Pin sạc, Pin sạc",WinMart+,Ha Noi,"161, Đường Xuân La, Phường Xuân Đỉnh, Thành phố Hà Nội, 10264",15,3.6,convenience,21.068447300000003,105.8023371
"Pin sạc, Chai nước, Mì gói, Khăn giấy, Khẩu trang y tế, Muỗng nhựa, Chai nước, Nước ngọt, Pin AA, Kẹo cao su, Trà đóng chai, Khăn ướt, Khăn ướt",WinMart+,Ha Noi,"414, Đường Khương Đình, Phường Khương Đình, Thành phố Hà Nội, 11718",15,3.9,convenience,20.987869100000005,105.8128848
"Ô dù gấp, Khoai tây chiên, Bút bi, Bút bi, Gối cổ du lịch, Ô dù gấp, Thịt hộp, Chai nước, Dây sạc điện thoại, Dao cạo râu, Mì gói, Nước suối, Nước tăng lực",Circle K,Ha Noi,"292, Phố Hoàng Văn Thái, Phường Khương Đình, Thành phố Hà Nội, 11415",10,4.3,convenience,20.998846800000003,105.8203626
"Bao rác, Bánh mì sandwich, Khoai tây chiên, Pin sạc, Nước tăng lực, Lăn khử mùi, Khăn giấy, Khăn ướt, Găng tay nilon, Thịt hộp, Cốc nhựa, Khăn giấy, Bánh bao mini, Kem đánh răng, Mì ly, Túi nylon, Dao cạo râu, Pin sạc",Circle K,Ha Noi,"Đường Nghiêm Xuân Yêm, Phường Định Công, Thành phố Hà Nội, 11718",15,4.4,convenience,20.973257199999995,105.8208569
"Khăn ướt, Kẹo cao su, Kẹo cao su, Trà đóng chai, Nước suối, Gối cổ du lịch, Bút bi, Bao rác, Kẹo cao su, Nước suối, Muỗng nhựa, Gối cổ du lịch, Nước tăng lực, Sữa chua uống",K-Market,Ha Noi,"Chung cư Season Avenue, Phường Đại Mỗ, Thành phố Hà Nội, 12011",15,4.2,convenience,20.9871963,105.7861003
"Dây sạc điện thoại, Pin sạc, Túi nylon, Trà đóng chai, Khoai tây chiên, Bánh quy, Mì gói, Cà phê lon, Gối cổ du lịch, Sữa chua uống, Bật lửa, Trà đóng chai, Xà phòng tắm, Kem đánh răng, Nước suối, Túi nylon, Kẹo cao su, Bánh mì sandwich, Nước tăng lực, Muỗng nhựa",WinMart+,Ha Noi,"Phố Trung Kính, Phường Yên Hòa, Thành phố Hà Nội, 10055",20,3.8,convenience,21.01322,105.8007024
"Cà phê lon, Bánh bao mini, Dây sạc điện thoại, Bao rác, Bật lửa, Bật lửa, Bánh quy, Sữa hộp, Pin sạc, Bút bi, Bánh quy, Mì ly, Sữa chua uống, Găng tay nilon, Sữa hộp",Circle K,Ha Noi,"46, Phố Lê Trọng Tấn, Phường Phương Liệt, Thành phố Hà Nội, 11415",15,4,convenience,20.9997582,105.8278619
"Pin sạc, Khăn giấy, Nước suối, Pin sạc, Xà phòng tắm, Cốc nhựa, Găng tay nilon, Túi nylon, Dao cạo râu, Sữa hộp, Bánh mì sandwich, Bánh quy, Túi nylon, Sữa chua uống, Bóng đèn LED mini, Trà đóng chai, Cốc nhựa, Gối cổ du lịch, Khoai tây chiên",Luckin Mart,Ha Noi,"204, Đường Kim Giang, Phường Định Công, Thành phố Hà Nội, 11718",10,4.4,convenience,20.979924899999997,105.8189905
"Muỗng nĩa, Bột ngọt, Sữa tươi, Nước tương, Kem dưỡng da, Đường, Đường, Đĩa sứ, Bột ngọt, Đường, Cá hộp, Bơ thực vật",SIÊU THỊ ĐỨC THÀNH,Ha Noi,"152, Phố Tân Mai, Phường Hoàng Mai, Thành phố Hà Nội, 11617",190,4.1,supermarket,20.983418199999992,105.85238810000001
"Dây sạc điện thoại, Gối cổ du lịch, Kẹo cao su, Mì gói, Mì gói, Bánh mì sandwich, Trà đóng chai, Cà phê lon, Sổ tay nhỏ, Bóng đèn LED mini, Dao cạo râu, Nước suối, Ô dù gấp",Circle K,Ha Noi,"Phố Nguyên Hồng, Phường Láng, Thành phố Hà Nội, 10167",20,3.7,convenience,21.0166344,105.8110667
"Khẩu trang y tế, Dầu ăn, Gạo, Khay nhựa, Sốt cà chua, Nước lau sàn, Ly thủy tinh, Túi đựng rác, Nước hoa mini, Đĩa sứ, Gạo, Khăn giấy, Muỗng nĩa, Trà túi lọc, Kem dưỡng da, Dầu gội, Bơ thực vật, Bột giặt, Cà phê hòa tan",WinMart,Ha Noi,"170, Đường La Thành, Phường Ô Chợ Dừa, Thành phố Hà Nội, 10178",100,3.9,supermarket,21.020909999999997,105.8278952
"Trứng gà, Ngũ cốc ăn sáng, Cà phê hòa tan, Nước rửa chén, Bàn chải, Rau củ quả, Cà phê hòa tan, Bông tẩy trang, Thớt, Trứng gà, Bơ thực vật, Muối, Nước mắm, Nước xả vải, Bột giặt, Sốt cà chua, Nước hoa mini, Kem dưỡng da, Sữa tươi",AEON MaxValu,Ha Noi,"349, Phố Vũ Tông Phan, Phường Khương Đình, Thành phố Hà Nội, 11718",160,3.8,supermarket,20.990924999999994,105.8142339
"Khăn giấy, Gạo, Đĩa sứ, Ngũ cốc ăn sáng, Sữa tươi, Giấy bọc thực phẩm, Nước tương, Sữa chua, Ngũ cốc ăn sáng, Ly thủy tinh, Cá hộp, Snack","Vinmart + 67 Phú Minh, Sóc Sơn",Ha Noi,"Quốc lộ 2, Xã Nội Bài, Thành phố Hà Nội",165,3.9,supermarket,21.1983835,105.8233685
"Thịt hộp, Bánh quy, Dây sạc điện thoại, Bánh snack, Lăn khử mùi, Bao rác, Khoai tây chiên, Kẹo, Mì gói, Bóng đèn LED mini, Khẩu trang y tế, Ô dù gấp, Sổ tay nhỏ",Tmart,Ha Noi,"274, Đường Khương Đình, Phường Khương Đình, Thành phố Hà Nội, 11718",20,4.2,convenience,20.991363899999996,105.8132939
"Xà phòng tắm, Khoai tây chiên, Sữa chua uống, Cà phê lon, Mì gói, Bánh snack, Cà phê lon, Muỗng nhựa, Kẹo, Khoai tây chiên, Bánh bao mini, Kẹo cao su, Bánh quy, Sữa chua uống, Bao rác, Bánh mì sandwich, Lăn khử mùi, Bánh mì sandwich, Mì ly, Sổ tay nhỏ",Tmart,Ha Noi,"485, Phố Vũ Tông Phan, Phường Khương Đình, Thành phố Hà Nội, 11718",10,3.9,convenience,20.9865313,105.8140295
"Chai nước, Sổ tay nhỏ, Muỗng nhựa, Lăn khử mùi, Sổ tay nhỏ, Bóng đèn LED mini, Khẩu trang y tế, Dầu gội, Sữa hộp, Dầu gội, Muỗng nhựa, Pin sạc, Sổ tay nhỏ, Dầu gội",Circle K,Ha Noi,"1, Phố Tô Vĩnh Diện, Phường Khương Đình, Thành phố Hà Nội, 11415",20,4.1,convenience,21.0002047,105.8220944
"Nước suối, Mì gói, Lăn khử mùi, Bánh bao mini, Khăn giấy, Kẹo, Nước ngọt, Dao cạo râu, Kem đánh răng, Dây sạc điện thoại, Mì gói, Pin AA, Sữa chua uống",WinMart+,Ha Noi,"186-188, Phố Tư Đình, Phường Long Biên, Thành phố Hà Nội, 08443",10,4.2,convenience,21.0312576,105.8888139
"Bóng đèn LED mini, Khăn giấy, Lăn khử mùi, Túi nylon, Khẩu trang y tế, Bóng đèn LED mini, Cốc nhựa, Sữa hộp, Kẹo, Muỗng nhựa",WinMart+,Ha Noi,"242, Đường Mỹ Đình, Phường Từ Liêm, Thành phố Hà Nội, 10085",10,4.1,convenience,21.027117699999998,105.7734088
"Khẩu trang y tế, Sữa chua, Bông tẩy trang, Bông tẩy trang, Muỗng nĩa, Son dưỡng môi, Rau củ quả, Nước mắm, Nước hoa mini, Nước xả vải, Trứng gà, Thớt, Cá hộp, Nước lau sàn, Bơ thực vật, Sữa tươi, Nước trái cây, Túi đựng rác",Siêu thị Lanchi Mart,Ha Noi,"Đường Vạn Xuân, Xã Đan Phượng, Thành phố Hà Nội",185,3.6,supermarket,21.085962,105.6635783
"Bánh mì sandwich, Lăn khử mùi, Nước tăng lực, Pin sạc, Khẩu trang y tế, Lăn khử mùi, Mì ly, Bao rác, Khăn ướt, Gối cổ du lịch, Túi nylon, Bật lửa, Kẹo cao su, Dao cạo râu, Pin AA, Khoai tây chiên, Khăn ướt, Nước ngọt",L's Place,Ha Noi,"Toà nhà CT1, Phố Trần Văn Lai, Phường Từ Liêm, Thành phố Hà Nội, 10074",10,3.7,convenience,21.0153211,105.7749992
"Pin AA, Khẩu trang y tế, Lăn khử mùi, Chai nước, Dây sạc điện thoại, Bóng đèn LED mini, Khẩu trang y tế, Bàn chải đánh răng, Kẹo cao su, Bánh bao mini, Cà phê lon, Gối cổ du lịch, Khăn ướt, Nước ngọt, Túi nylon, Bánh quy, Khẩu trang y tế, Túi nylon, Sổ tay nhỏ, Sổ tay nhỏ",L's Place,Ha Noi,"241, Đường Xuân Thủy, Phường Cầu Giấy, Thành phố Hà Nội, 10141",10,4.4,convenience,21.035821199999997,105.7829859
"Thịt hộp, Cà phê lon, Xà phòng tắm, Xà phòng tắm, Bóng đèn LED mini, Cốc nhựa, Muỗng nhựa, Dao cạo râu, Nước suối, Dầu gội, Nước suối, Găng tay nilon, Nước tăng lực, Sổ tay nhỏ, Găng tay nilon, Kẹo, Bánh mì sandwich, Trà đóng chai, Cốc nhựa, Sữa hộp",L's Place,Ha Noi,"Đường Nguyễn Hoàng Tôn, Phường Xuân Đỉnh, Thành phố Hà Nội, 10206",20,4.2,convenience,21.073886999999996,105.8013741
"Gạo, Bột mì, Dầu ăn, Dầu gội, Dầu gội, Khăn giấy, Cà phê hòa tan, Nước lau sàn, Son dưỡng môi, Sữa chua, Rau củ quả",Hico Trung Tâm Mua Sắm Online Uy Tín,Ha Noi,"số 47, Ngõ 159 Phố Pháo Đài Láng, Phường Láng, Thành phố Hà Nội, 11513",90,4.3,supermarket,21.0171575,105.8047926
"Váy dạ hội, Đồng hồ, Áo thun, Nước hoa, Mỹ phẩm trang điểm, Bông tai, Quần jean, Vòng tay, Giày thể thao, Giày thể thao, Đồng hồ, Áo sơ mi",Vincom Plaza Bắc Từ Liêm,Ha Noi,"Đường số 2, Phường Phú Diễn, Thành phố Hà Nội, 10065",300,3.8,mall,21.053489099999997,105.7807993
"Ba lô thời trang, Ví da, Áo khoác, Nón thời trang, Son môi, Nước hoa, Đồng hồ thông minh, Tai nghe Bluetooth, Mỹ phẩm trang điểm, Dép sandal",Trung Tâm Thương Mại Lion Mall,Ha Noi,"Đường Xuân Diệu, Phường Tây Hồ, Thành phố Hà Nội, 11207",250,4.9,mall,21.0653061,105.8270716
"Khăn choàng, Quần jean, Áo khoác da, Son môi, Váy dạ hội, Đầm công sở, Vali kéo, Găng tay, Tai nghe Bluetooth, Máy sấy tóc, Nước hoa, Kính mát, Giày cao gót, Bông tai, Mỹ phẩm trang điểm, Bông tai, Áo khoác, Đồ chơi trẻ em, Găng tay, Áo khoác da",Mac Plaza,Ha Noi,"Ngõ 4 Đường Trần Phú, Phường Hà Đông, Thành phố Hà Nội, 12011",450,3.6,mall,20.9837567,105.7913433
"Cá hộp, Thịt heo, Kem cạo râu, Đường, Sốt cà chua, Gạo, Muối, Bơ thực vật, Khăn giấy, Mì gói",K-Market - Splendora,Ha Noi,"Splendora, Xã Sơn Đồng, Thành phố Hà Nội, 34000",45,3.5,supermarket,21.0159966,105.7230641
"Bóng đèn LED mini, Chai nước, Kẹo cao su, Khăn ướt, Sữa chua uống, Khăn ướt, Muỗng nhựa, Dây sạc điện thoại, Trà đóng chai, Lăn khử mùi, Cốc nhựa, Gối cổ du lịch, Khăn giấy, Nước ngọt, Sữa chua uống, Gối cổ du lịch, Lăn khử mùi, Nước ngọt, Dao cạo râu",Circle K,Ha Noi,"Ngõ 162 Đường Nguyễn Văn Cừ, Phường Bồ Đề, Thành phố Hà Nội, 11008",15,4.4,convenience,21.042833799999997,105.87149070000001
"Chai nước, Bánh snack, Pin AA, Thịt hộp, Khoai tây chiên, Mì ly, Bánh mì sandwich, Muỗng nhựa, Bánh snack, Nước suối, Bánh mì sandwich, Túi nylon, Xà phòng tắm, Chai nước, Cốc nhựa, Muỗng nhựa, Bánh quy, Bánh quy",Tran Phu Market,Ha Noi,"Phố Tôn Thất Thiệp, Phường Ba Đình, Thành phố Hà Nội, 10093",10,3.7,convenience,21.0316437,105.84328370000001
"Dầu ăn, Nước lau sàn, Muỗng nĩa, Bột giặt, Giấy bọc thực phẩm, Bột ngọt, Nước mắm, Trà túi lọc, Túi đựng rác, Sữa tắm, Bàn chải, Bột mì, Đường, Muối, Khẩu trang y tế, Cá hộp, Nước mắm, Ly thủy tinh, Muối, Nước tương",AEON MaxValu Linh Đàm,Ha Noi,"Phố Văn Tân, Phường Hoàng Liệt, Thành phố Hà Nội, 11718",115,4.2,supermarket,20.9640845,105.8230327
"Dầu gội, Khoai tây chiên, Khăn giấy, Bánh bao mini, Pin AA, Khăn ướt, Dầu gội, Khăn giấy, Dầu gội, Lăn khử mùi, Bóng đèn LED mini, Mì gói, Gối cổ du lịch",WinMart+,Ha Noi,"Đường Văn Lang, Phường Tây Mỗ, Thành phố Hà Nội, 34000",15,4.2,convenience,21.009135200000003,105.738362
"Snack, Kem cạo râu, Cà phê hòa tan, Dao bếp, Bông tẩy trang, Nước xả vải, Bột giặt, Sốt cà chua, Khăn giấy, Mì gói, Đường, Snack, Son dưỡng môi",Sakuko Japanese Store,Ha Noi,"Đường Vạn Xuân, Phường Tây Mỗ, Thành phố Hà Nội, 34000",95,3.7,supermarket,21.008219799999996,105.7374138
"Nước xả vải, Nước xả vải, Sữa chua, Khẩu trang y tế, Mì gói, Kem dưỡng da, Bàn chải, Nước mắm, Đĩa sứ, Muối",Daily Mart,Ha Noi,"Văn Lang 2, Phường Tây Mỗ, Thành phố Hà Nội, 34000",55,4,supermarket,21.007979399999996,105.7379071
"Mì gói, Sữa hộp, Lăn khử mùi, Mì ly, Bánh mì sandwich, Nước tăng lực, Chai nước, Muỗng nhựa, Bánh quy, Bút bi",Green Mart,Ha Noi,"Đại Việt 2, Phường Tây Mỗ, Thành phố Hà Nội, 34000",10,4,convenience,21.00472449999999,105.7398919
"Bưu thiếp, Bút ký cao cấp, Khung ảnh, Bưu thiếp, Sổ tay dễ thương, Tranh mini, Bút ký cao cấp, Tượng nhỏ, Ly in hình, Quà lưu niệm, Móc khóa đôi, Đồng hồ để bàn",Design & Couture,Ha Noi,"Phố Hàng Dầu, Phường Hoàn Kiếm, Thành phố Hà Nội, 10147",270,4.5,gift,21.031865099999997,105.8539726
"Bình giữ nhiệt, Quà lưu niệm, Gấu bông mini, Đồng hồ để bàn, Bình giữ nhiệt, Bưu thiếp, Ly in hình, Cốc đôi, Khăn lụa, Quà lưu niệm, Đồ thủ công, Tranh mini, Ly in hình, Tượng nhỏ, Hộp quà tặng, Bình giữ nhiệt, Móc khóa đôi, Đồng hồ để bàn",Souveniers,Ha Noi,"Quốc tế Đến T2, Xã Nội Bài, Thành phố Hà Nội",100,4.8,gift,21.218064799999997,105.791764
"Bóng đèn LED mini, Khăn ướt, Dao cạo râu, Kẹo, Lăn khử mùi, Túi nylon, Nước ngọt, Trà đóng chai, Dầu gội, Dây sạc điện thoại, Găng tay nilon, Xà phòng tắm, Sữa chua uống, Mì ly, Sữa hộp, Nước suối, Xà phòng tắm, Khăn giấy, Bao rác",WinMart+,Ha Noi,"Ngõ 4D Đặng Văn Ngữ, Phường Kim Liên, Thành phố Hà Nội, 10306",20,4.2,convenience,21.011168200000004,105.83225840000001
"Bơ thực vật, Bột giặt, Chảo chống dính, Kem dưỡng da, Mì gói, Bông tẩy trang, Trà túi lọc, Cá hộp, Khay nhựa, Ly thủy tinh, Trà túi lọc, Son dưỡng môi, Khay nhựa, Bột giặt, Dầu ăn, Đường, Dầu gội, Kem dưỡng da",GO!,Ha Noi,"222, Đường Trần Duy Hưng, Phường Yên Hòa, Thành phố Hà Nội, 10055",145,3.9,supermarket,21.007549400000002,105.793202
"Snack, Nước hoa mini, Sữa chua, Snack, Bơ thực vật, Muối, Sốt cà chua, Nước mắm, Nước lau sàn, Khay nhựa, Nước mắm, Sữa tươi, Sốt cà chua, Gạo, Gạo",GO!,Ha Noi,"Savico Megamall 7-9 Đ, Phố Vũ Đức Thận, Phường Việt Hưng, Thành phố Hà Nội, 10000",185,4.4,supermarket,21.0508114,105.8932747
"Son môi, Áo thun, Máy sấy tóc, Ví da, Đồng hồ, Đầm công sở, Mascara, Ba lô thời trang, Đồ chơi trẻ em, Túi xách, Quần jean, Quần jean, Ví da, Thắt lưng",Vincom Plaza Skylake,Ha Noi,"Đường Phạm Hùng, Phường Cầu Giấy, Thành phố Hà Nội, 10074",250,5,mall,21.02020080000001,105.7812518
"Mì gói, Nước mắm, Đĩa sứ, Sữa tươi, Dao bếp, Khay nhựa, Nước xả vải, Đường, Bơ thực vật, Sốt cà chua, Nước rửa chén",WinMart,Ha Noi,"Đường Phạm Hùng, Phường Cầu Giấy, Thành phố Hà Nội, 10074",115,3.5,supermarket,21.020013499999997,105.7815895
"Dây sạc điện thoại, Nước suối, Nước suối, Bánh mì sandwich, Khoai tây chiên, Dây sạc điện thoại, Mì gói, Bánh mì sandwich, Ô dù gấp, Nước ngọt, Bút bi",WinMart+,Ha Noi,"30, Đường Phạm Văn Đồng, Phường Nghĩa Đô, Thành phố Hà Nội, 10065",10,4.5,convenience,21.0434554,105.7815178
"Bàn chải đánh răng, Găng tay nilon, Nước ngọt, Ô dù gấp, Lăn khử mùi, Muỗng nhựa, Sữa chua uống, Bàn chải đánh răng, Muỗng nhựa, Bánh quy, Kem đánh răng, Lăn khử mùi, Bánh bao mini, Bóng đèn LED mini, Dao cạo râu",WinMart+,Ha Noi,"Ngõ 248 Đường Tỉnh 419, Xã Thạch Thất, Thành phố Hà Nội",20,4.5,convenience,21.0611895,105.576682
"Khẩu trang y tế, Dao cạo râu, Muỗng nhựa, Cà phê lon, Dao cạo râu, Thịt hộp, Thịt hộp, Nước suối, Túi nylon, Khăn ướt, Khoai tây chiên, Mì gói, Dầu gội, Ô dù gấp, Nước suối",L's Place,Ha Noi,"63, Phố Lý Thường Kiệt, Phường Cửa Nam, Thành phố Hà Nội, 10242",20,4,convenience,21.024349299999994,105.8465325
"Kem đánh răng, Kẹo, Khẩu trang y tế, Khẩu trang y tế, Pin AA, Chai nước, Bao rác, Khoai tây chiên, Ô dù gấp, Kẹo, Mì gói, Pin sạc",Golden Ring - Russian Food,Ha Noi,"278A, Đường Nghi Tàm, Phường Hồng Hà, Thành phố Hà Nội, 10266",10,4.1,convenience,21.056913399999996,105.8359634
"Thớt, Gạo, Mì gói, Túi đựng rác, Chảo chống dính, Son dưỡng môi, Nước hoa mini, Bơ thực vật, Son dưỡng môi, Bột giặt, Thịt heo, Sữa tươi, Bơ thực vật",Quán tạp hóa,Ha Noi,"Khu B Đại Học Mỏ, Phường Đông Ngạc, Thành phố Hà Nội, 12500",120,4.1,supermarket,21.069730499999995,105.7615789
"Bánh snack, Pin AA, Dầu gội, Ô dù gấp, Pin AA, Muỗng nhựa, Bút bi, Bút bi, Găng tay nilon, Dầu gội, Bánh quy, Bánh snack, Dầu gội, Bánh bao mini, Nước ngọt, Khăn giấy, Túi nylon, Túi nylon",Circle K,Ha Noi,"Phố Trần Văn Lai, Phường Từ Liêm, Thành phố Hà Nội, 10074",20,4,convenience,21.017913999999998,105.7790565
"Lăn khử mùi, Chai nước, Xà phòng tắm, Chai nước, Bóng đèn LED mini, Bàn chải đánh răng, Pin sạc, Sữa hộp, Bút bi, Dao cạo râu, Bàn chải đánh răng, Sổ tay nhỏ, Nước tăng lực, Lăn khử mùi, Kẹo, Găng tay nilon, Bánh quy, Ô dù gấp, Kẹo cao su, Găng tay nilon",Circle K,Ha Noi,"Phố Hoàng Trọng Mậu, Phường Từ Liêm, Thành phố Hà Nội, 10074",20,4.4,convenience,21.016817399999997,105.775364
"Giày thể thao, Tai nghe Bluetooth, Giày thể thao, Túi tote, Mỹ phẩm trang điểm, Son môi, Túi xách, Đầm công sở, Nón thời trang, Túi tote, Đầm công sở",shop quần áo Mon,Ha Noi,"Ngõ 113 Phố Văn Hội, Phường Đông Ngạc, Thành phố Hà Nội, 11909",500,4.7,mall,21.0795622,105.7732546
"Sữa tươi, Khẩu trang y tế, Nước xả vải, Ly thủy tinh, Bột mì, Sữa tươi, Giấy vệ sinh, Chảo chống dính, Bàn chải, Đĩa sứ, Ly thủy tinh, Ngũ cốc ăn sáng, Đĩa sứ, Nước xả vải, Dầu gội, Rau củ quả, Đường, Nước rửa chén, Sữa tươi","Máy Photocopy TNT, đại lý máy photo giá rẻ",Ha Noi,"A1 TT1, Bắc Linh Đàm, Phường Định Công, Thành phố Hà Nội, 11718",150,4.5,supermarket,20.9711523,105.82609190000001
"Thịt heo, Sữa tắm, Gạo, Ngũ cốc ăn sáng, Cá hộp, Túi đựng rác, Sữa tắm, Sữa tắm, Nước trái cây, Dầu ăn, Dao bếp, Thịt heo, Dao bếp, Khăn giấy, Giấy vệ sinh, Thớt, Muỗng nĩa, Dầu gội, Sữa chua, Sốt cà chua",Shop 10k Nga Ngố,Ha Noi,"51 P. Lê Văn Hiến, phường Đức Thắng Quận, Bắc Từ Liêm, Hà Nội 10858, Việt Nam, Lê Văn Hiến, Phường Đông Ngạc, Thành phố Hà Nội, 12500",200,4.3,supermarket,21.074058900000004,105.7746032
"Gối cổ du lịch, Lăn khử mùi, Nước suối, Dầu gội, Cốc nhựa, Nước ngọt, Pin AA, Thịt hộp, Xà phòng tắm, Nước suối, Pin AA, Kem đánh răng, Bóng đèn LED mini, Bật lửa, Trà đóng chai, Bánh snack, Bao rác, Kem đánh răng",Cửa Hàng Tâm Thu,Ha Noi,"149, Sông Nhuệ, Phường Đông Ngạc, Quận Bắc Từ Liêm, Thành Phố Hà Nội, Đông Ngạc, Hà Nội 100000, Việt Nam, Ngõ 151 Phố Lê Văn Hiến, Phường Đông Ngạc, Thành phố Hà Nội, 12500",10,4.2,convenience,21.0730713,105.77264400000001
"Kẹo, Kem đánh răng, Mì ly, Khẩu trang y tế, Bàn chải đánh răng, Bánh mì sandwich, Trà đóng chai, Túi nylon, Khăn giấy, Mì ly, Khăn giấy, Cốc nhựa, Nước tăng lực, Nước ngọt",Cửa Hàng Rẻ Lắm,Ha Noi,"79, Sông Nhuệ, Phường Đức Thắng, Quận Bắc Từ Liêm, Thành Phố Hà Nội, Đông Ngạc, Hà Nội 100000, Việt Nam, Ngõ 32 Phố Viên, Phường Đông Ngạc, Thành phố Hà Nội, 12500",20,4.4,convenience,21.0717821,105.7729563
"Túi nylon, Bao rác, Mì gói, Bánh quy, Túi nylon, Kẹo cao su, Túi nylon, Bánh bao mini, Bánh quy, Bút bi, Thịt hộp, Bánh snack, Chai nước",Circle K,Ha Noi,"151 P. Lê Văn Hiến, Đông Ngạc, Từ Liêm, Hà Nội, Việt Nam, Đường Cổ Nhuế, Phường Đông Ngạc, Thành phố Hà Nội, 12500",20,3.7,convenience,21.071246199999997,105.7771493
"Khoai tây chiên, Cốc nhựa, Bút bi, Bánh quy, Khăn giấy, Sổ tay nhỏ, Kem đánh răng, Muỗng nhựa, Sữa chua uống, Bánh snack",Circle K,Ha Noi,"Phố Tạ Quang Bửu, Phường Bạch Mai, Thành phố Hà Nội, 10999",10,3.6,convenience,21.000913799999996,105.8498253
"Giấy vệ sinh, Ngũ cốc ăn sáng, Nước tương, Bông tẩy trang, Gạo, Gạo, Dầu gội, Đường, Ly thủy tinh, Cà phê hòa tan, Giấy vệ sinh, Đường, Cá hộp, Khăn giấy, Đường, Snack, Son dưỡng môi, Bàn chải, Mì gói",WinMart,Ha Noi,"54A, Đường Nguyễn Chí Thanh, Phường Láng, Thành phố Hà Nội, 10080",75,4.4,supermarket,21.0233096,105.8094935
"Nước xả vải, Kem dưỡng da, Rau củ quả, Bột ngọt, Ngũ cốc ăn sáng, Nước rửa chén, Sữa tắm, Túi đựng rác, Sốt cà chua, Gạo",WinMart,Ha Noi,"Phố Đào Tấn, Phường Ngọc Hà, Thành phố Hà Nội, 10251",30,4,supermarket,21.031228099999996,105.81514500000002
"Chảo chống dính, Bột mì, Snack, Cà phê hòa tan, Sữa tắm, Dao bếp, Sữa tắm, Rau củ quả, Sữa tươi, Dao bếp, Nước lau sàn, Sữa chua, Khẩu trang y tế, Nước hoa mini, Rau củ quả, Đĩa sứ, Cá hộp, Nước xả vải, Sốt cà chua, Ly thủy tinh",Trung tâm kính cường lực cũ Phúc Trung Kiên,Ha Noi,"329, Đường Phan Bá Vành, Phường Đông Ngạc, Thành phố Hà Nội, 12500",95,4.5,supermarket,21.057146699999997,105.7732403
"Khăn ướt, Sữa hộp, Xà phòng tắm, Bật lửa, Pin sạc, Bút bi, Lăn khử mùi, Khoai tây chiên, Nước tăng lực, Thịt hộp, Pin sạc, Khăn ướt, Khăn giấy, Bánh mì sandwich, Nước suối, Thịt hộp",L's Place,Ha Noi,"26, Phố Liễu Giai, Phường Ngọc Hà, Thành phố Hà Nội, 10071",10,4.1,convenience,21.03532,105.8141712
"Túi nylon, Muỗng nhựa, Khăn ướt, Kem đánh răng, Nước ngọt, Kẹo, Dây sạc điện thoại, Ô dù gấp, Bánh snack, Bánh snack, Túi nylon, Lăn khử mùi, Túi nylon, Khẩu trang y tế, Trà đóng chai",Huyen Trang Minimart,Ha Noi,"Phố Hoè Nhai, Phường Ba Đình, Thành phố Hà Nội, 11058",15,3.5,convenience,21.0407758,105.8459305
"Găng tay nilon, Bút bi, Bút bi, Nước ngọt, Nước ngọt, Bóng đèn LED mini, Nước suối, Bánh snack, Cà phê lon, Ô dù gấp, Bút bi, Túi nylon, Nước suối, Khẩu trang y tế, Bánh bao mini, Trà đóng chai, Thịt hộp",WinMart+,Ha Noi,"15, Phố Dịch Vọng Hậu, Phường Cầu Giấy, Thành phố Hà Nội, 10192",15,3.9,convenience,21.032995399999997,105.7876339
"Cá hộp, Bột mì, Kem cạo râu, Nước xả vải, Khẩu trang y tế, Giấy vệ sinh, Son dưỡng môi, Son dưỡng môi, Bơ thực vật, Dầu gội, Dầu gội, Đĩa sứ, Đĩa sứ, Đường, Ngũ cốc ăn sáng, Son dưỡng môi, Snack, Snack, Nước mắm",Hoa lụa nhà trồng,Ha Noi,"21, Ngõ 162 Đường Nguyễn Văn Cừ, Phường Bồ Đề, Thành phố Hà Nội, 11008",115,4.3,supermarket,21.04162079999999,105.8724139
"Laptop mini, Dầu dưỡng tóc, Quần jean, Vòng tay, Nón thời trang, Son môi, Lược điện, Ví da, Phấn má, Ốp điện thoại, Nón thời trang, Laptop mini, Son môi, Mỹ phẩm trang điểm",COMPLEX 01,Ha Noi,"29, Ngách 167/31 Phố Tây Sơn, Phường Kim Liên, Thành phố Hà Nội, 11415",250,4.2,mall,21.010676899999996,105.826811
"Nước suối, Cốc nhựa, Sữa hộp, Mì gói, Ô dù gấp, Khoai tây chiên, Nước ngọt, Dao cạo râu, Thịt hộp, Khăn giấy, Bao rác, Cốc nhựa, Dao cạo râu, Bóng đèn LED mini, Bóng đèn LED mini, Dây sạc điện thoại",WinMart+,Ha Noi,"Ngõ 108 Phố Ngọc Hà, Phường Ba Đình, Thành phố Hà Nội, 11112",20,3.9,convenience,21.0368913,105.8310138
"Sữa chua, Sữa tắm, Trà túi lọc, Sữa tắm, Bàn chải, Muối, Kem dưỡng da, Sữa tắm, Nước tương, Khay nhựa, Bơ thực vật, Sốt cà chua",Chợ thôn Tri Chỉ,Ha Noi,"Đường Cái Thôn Tri Chỉ, Xã Phượng Dực, Thành phố Hà Nội, 13524",75,3.9,supermarket,20.7841007,105.8292155
"Muỗng nhựa, Ô dù gấp, Xà phòng tắm, Sữa hộp, Bánh bao mini, Bánh snack, Bàn chải đánh răng, Nước tăng lực, Khẩu trang y tế, Trà đóng chai, Kẹo, Bao rác, Bút bi, Cà phê lon, Bánh quy, Kem đánh răng, Xà phòng tắm",2T MART,Ha Noi,"468, Đường Thụy Khuê, Phường Tây Hồ, Thành phố Hà Nội, 10072",20,3.8,convenience,21.0480158,105.810085
"Kem cạo râu, Sốt cà chua, Đĩa sứ, Gạo, Nước rửa chén, Sữa tắm, Bột ngọt, Sữa chua, Đường, Rau củ quả, Bột mì",BRGMart,Ha Noi,"Đường Lạc Long Quân, Phường Tây Hồ, Thành phố Hà Nội, 10072",155,4,supermarket,21.051981499999997,105.8091209
"Bánh snack, Kẹo, Cà phê lon, Kem đánh răng, Ô dù gấp, Mì gói, Bánh snack, Nước tăng lực, Bánh quy, Nước tăng lực, Khẩu trang y tế, Lăn khử mùi, Mì ly, Dầu gội, Bánh quy, Bóng đèn LED mini",Circle K,Ha Noi,"114, Phố Mai Hắc Đế, Phường Hai Bà Trưng, Thành phố Hà Nội, 10058",15,3.8,convenience,21.0115887,105.8506977
"Cốc nhựa, Găng tay nilon, Găng tay nilon, Bánh snack, Muỗng nhựa, Ô dù gấp, Khăn giấy, Nước suối, Kẹo, Sữa hộp, Lăn khử mùi, Dầu gội, Nước ngọt, Mì ly, Kem đánh răng, Khăn ướt, Dây sạc điện thoại, Xà phòng tắm, Khăn giấy, Nước suối",Circle K,Ha Noi,"Văn Lang 2, Phường Tây Mỗ, Thành phố Hà Nội, 34000",15,3.6,convenience,21.007843000000005,105.7379437
"Nước tương, Son dưỡng môi, Đĩa sứ, Khăn giấy, Kem dưỡng da, Dầu gội, Đĩa sứ, Ngũ cốc ăn sáng, Thớt, Đường, Cà phê hòa tan, Nước mắm, Dầu ăn, Khẩu trang y tế, Khẩu trang y tế, Ngũ cốc ăn sáng, Son dưỡng môi, Nước lau sàn, Bơ thực vật",Tomibun,Ha Noi,"16, Phố Phan Chu Trinh, Phường Cửa Nam, Thành phố Hà Nội, 10236",65,4.5,supermarket,21.0213583,105.8548727
"Sữa tắm, Dầu gội, Dao bếp, Nước trái cây, Sữa tắm, Cà phê hòa tan, Nước xả vải, Dầu ăn, Snack, Ngũ cốc ăn sáng, Sữa tươi, Kem cạo râu, Khẩu trang y tế, Dầu ăn, Bông tẩy trang",siêu thị 24/7,Ha Noi,"Ngách 2 Ngõ 32 Phố Viên, Phường Đông Ngạc, Thành phố Hà Nội, 12500",160,3.7,supermarket,21.0722689,105.7732193
"Tranh chân dung, Tượng nhỏ, Tượng gỗ, Tranh sơn dầu, Tranh phong cảnh, Tranh đương đại, Tượng đá cẩm thạch, Tượng gỗ, Tranh thư pháp, Tượng đất nung, Tượng nhân vật cổ điển, Tượng nhân vật cổ điển, Tranh, Tượng gỗ, Tranh màu nước, Mô hình nghệ thuật, Tượng nhân vật cổ điển, Tượng gỗ, Tượng nhân vật cổ điển, Tượng kim loại",Ngọc Lốp,Ha Noi,"Quốc lộ 32, Xã Vật Lại, Thành phố Hà Nội",210,4.4,car_parts,21.2081373,105.4149808
"Muỗng nhựa, Thịt hộp, Khăn giấy, Kem đánh răng, Túi nylon, Nước suối, Sữa hộp, Chai nước, Sổ tay nhỏ, Dầu gội",Träumerei,Ha Noi,"Đường Số 2 Times City, Phường Vĩnh Tuy, Thành phố Hà Nội, 11622",15,4,convenience,20.9969089,105.8682758
"Son dưỡng môi, Sữa chua, Nước hoa mini, Ly thủy tinh, Nước xả vải, Snack, Rau củ quả, Sốt cà chua, Nước trái cây, Đường",Hà Đăng Mart,Ha Noi,"Phố Thành Thái, Phường Cầu Giấy, Thành phố Hà Nội, 10141",150,4,supermarket,21.028822999999996,105.793548
"Bật lửa, Kẹo cao su, Kẹo, Pin AA, Bao rác, Pin AA, Xà phòng tắm, Bánh quy, Dây sạc điện thoại, Mì gói, Nước tăng lực, Bánh bao mini, Bánh snack, Dây sạc điện thoại, Sổ tay nhỏ",Chi Store,Ha Noi,"Phố Chế Lan Viên, Phường Đông Ngạc, Thành phố Hà Nội, 12500",15,4.4,convenience,21.064740500000003,105.7819648
"Mì gói, Ô dù gấp, Gối cổ du lịch, Bánh bao mini, Khăn giấy, Bút bi, Sổ tay nhỏ, Bàn chải đánh răng, Nước tăng lực, Thịt hộp, Sữa chua uống, Cốc nhựa, Chai nước, Thịt hộp",WinMart+,Ha Noi,"Ngõ 2 Nguyễn Hoàng, Phường Từ Liêm, Thành phố Hà Nội, 10085",10,4.3,convenience,21.0294303,105.7774193
"Đồng hồ, Tai nghe Bluetooth, Quần short, Lược điện, Giày cao gót, Găng tay, Áo khoác da, Sách, Áo khoác, Găng tay, Lược điện",Vincom Mega Mall Times City,Ha Noi,"Đường Số 4, Phường Vĩnh Tuy, Thành phố Hà Nội, 11622",250,3.8,mall,20.994814499999997,105.8685654
"Bật lửa, Gối cổ du lịch, Ô dù gấp, Dầu gội, Mì ly, Bật lửa, Dao cạo râu, Khăn giấy, Bao rác, Mì ly, Bật lửa, Bút bi",Cửa hàng Vân Dũng,Ha Noi,"1B, Phố Phùng Chí Kiên, Phường Nghĩa Đô, Thành phố Hà Nội, 10072",15,4.4,convenience,21.045626000000002,105.8025602
"Kem đánh răng, Mì gói, Ngũ cốc, Muối, Sữa tắm, Trà, Nước ngọt, Dầu ăn, Muối, Gạo, Thực phẩm đóng hộp, Sữa chua, Nước lau sàn",Tmart Vĩnh Hưng,Ha Noi,"Phố Vĩnh Hưng, Phường Vĩnh Hưng, Thành phố Hà Nội, 11622",10,4,department_store,20.9874653,105.8769817
"Sữa hộp, Bao rác, Bút bi, Dầu gội, Kem đánh răng, Mì gói, Pin AA, Túi nylon, Kẹo cao su, Muỗng nhựa, Dầu gội, Sổ tay nhỏ, Bánh quy, Bóng đèn LED mini",WinMart+,Ha Noi,"359, Đường Lĩnh Nam, Phường Vĩnh Hưng, Thành phố Hà Nội, 11622",10,4.2,convenience,20.9832509,105.876532
"Trà đóng chai, Cà phê lon, Khăn ướt, Dao cạo râu, Kẹo cao su, Nước tăng lực, Nước tăng lực, Mì gói, Bật lửa, Trà đóng chai, Sổ tay nhỏ, Bánh mì sandwich, Khăn giấy, Bật lửa",WinMart+,Ha Noi,"262, Đường Lĩnh Nam, Phường Hoàng Mai, Thành phố Hà Nội, 11622",15,3.6,convenience,20.9821887,105.8789932
"Dây sạc điện thoại, Bánh snack, Cà phê lon, Khẩu trang y tế, Khăn giấy, Găng tay nilon, Trà đóng chai, Cốc nhựa, Găng tay nilon, Bánh mì sandwich, Bánh quy, Nước tăng lực, Mì gói, Nước suối, Bóng đèn LED mini, Dây sạc điện thoại, Bàn chải đánh răng, Găng tay nilon, Bánh snack",WinMart+,Ha Noi,"271, Phố Nam Dư, Phường Vĩnh Hưng, Thành phố Hà Nội, 11622",20,4.4,convenience,20.98112469999999,105.8866662
"Bút bi, Kem đánh răng, Bánh quy, Gối cổ du lịch, Túi nylon, Bóng đèn LED mini, Khăn giấy, Kẹo, Bao rác, Bật lửa, Túi nylon, Chai nước, Túi nylon, Túi nylon, Bút bi",WinMart+,Ha Noi,"169, Phố Nam Dư, Phường Vĩnh Hưng, Thành phố Hà Nội, 11622",15,4.2,convenience,20.983670800000002,105.8873296
"Gối cổ du lịch, Cốc nhựa, Dầu gội, Khoai tây chiên, Xà phòng tắm, Khoai tây chiên, Kẹo cao su, Mì ly, Muỗng nhựa, Sổ tay nhỏ, Trà đóng chai, Cốc nhựa, Kem đánh răng, Chai nước, Trà đóng chai, Bút bi, Kẹo",WinMart+,Ha Noi,"9, Phố Nam Dư, Phường Vĩnh Hưng, Thành phố Hà Nội, 11622",10,4.3,convenience,20.987729399999996,105.8885966
"Sữa hộp, Mì ly, Kẹo cao su, Trà đóng chai, Chai nước, Ô dù gấp, Bánh snack, Cốc nhựa, Túi nylon, Bánh snack, Bàn chải đánh răng, Khẩu trang y tế",WinMart+,Ha Noi,"50, Phố Thúy Lĩnh, Phường Lĩnh Nam, Thành phố Hà Nội, 11622",15,3.8,convenience,20.9770184,105.892552
"Sữa chua uống, Dầu gội, Trà đóng chai, Nước ngọt, Muỗng nhựa, Nước ngọt, Bánh mì sandwich, Khăn ướt, Bánh snack, Khăn ướt, Nước suối, Kem đánh răng, Túi nylon, Mì ly, Sổ tay nhỏ, Cốc nhựa, Kem đánh răng, Pin AA",Tap Hoa Store,Ha Noi,"30, Ngõ 488 Phố Trần Cung, Phường Xuân Đỉnh, Thành phố Hà Nội, 12500",15,4.4,convenience,21.057101699999997,105.7854972
"Khẩu trang y tế, Pin sạc, Khoai tây chiên, Bánh mì sandwich, Nước ngọt, Bao rác, Kẹo, Sổ tay nhỏ, Bánh quy, Dầu gội, Dao cạo râu, Bánh bao mini, Sổ tay nhỏ, Gối cổ du lịch, Dao cạo râu, Bánh mì sandwich, Kem đánh răng, Nước suối, Bánh snack",WinMart+,Ha Noi,"Phố Triều Khúc, Phường Thanh Liệt, Thành phố Hà Nội, 12011",10,3.8,convenience,20.9858899,105.7984908
"Túi nylon, Găng tay nilon, Khoai tây chiên, Bánh snack, Mì gói, Pin sạc, Nước ngọt, Mì ly, Sữa hộp, Kẹo cao su, Xà phòng tắm, Gối cổ du lịch, Bánh snack, Bánh quy, Trà đóng chai",WinMart+,Ha Noi,"Phố Hoàng Liệt, Phường Hoàng Liệt, Thành phố Hà Nội, 12506",20,3.8,convenience,20.966921099999997,105.8335285
"Găng tay nilon, Dây sạc điện thoại, Sổ tay nhỏ, Khăn ướt, Khăn giấy, Cà phê lon, Găng tay nilon, Dao cạo râu, Thịt hộp, Bàn chải đánh răng",WinMart+,Ha Noi,"76, Phố Nguyễn Lân, Phường Phương Liệt, Thành phố Hà Nội, 11415",20,3.9,convenience,20.9931445,105.8365312
"Pin AA, Bàn chải đánh răng, Thịt hộp, Gối cổ du lịch, Lăn khử mùi, Kẹo, Khoai tây chiên, Bánh quy, Bàn chải đánh răng, Bật lửa, Bật lửa, Cốc nhựa",WinMart+,Ha Noi,"32, Phố Phan Đình Giót, Phường Phương Liệt, Thành phố Hà Nội, 10999",15,4.3,convenience,20.991252799999998,105.8396334
"Nước ngọt, Bút bi, Khoai tây chiên, Lăn khử mùi, Nước suối, Cà phê lon, Xà phòng tắm, Dây sạc điện thoại, Mì gói, Mì ly, Trà đóng chai, Bánh quy, Cốc nhựa, Chai nước, Pin AA",WinMart+,Ha Noi,"237, Phố Định Công, Phường Định Công, Thành phố Hà Nội, 11718",10,4.2,convenience,20.982308199999995,105.8332705
"Khăn ướt, Mì gói, Khoai tây chiên, Gối cổ du lịch, Cốc nhựa, Bánh snack, Cốc nhựa, Khẩu trang y tế, Khăn ướt, Pin sạc, Khăn ướt, Khoai tây chiên",WinMart+,Ha Noi,"Phố Nguyễn Cảnh Dị, Phường Định Công, Thành phố Hà Nội, 11718",20,4.5,convenience,20.9783869,105.8364337
"Sữa chua, Ngũ cốc, Nước lau sàn, Sữa tắm, Dầu gội, Đường, Muối, Nước mắm, Bột giặt, Muối, Muối, Nước lau sàn, Nước xả vải, Bột giặt, Bình sữa, Sữa chua, Đường",Tmart Đại Từ,Ha Noi,"Ngõ 184 Đại Từ, Phường Định Công, Thành phố Hà Nội, 11718",20,3.9,department_store,20.971036599999998,105.8334637
"Sữa hộp, Găng tay nilon, Sữa hộp, Ô dù gấp, Sổ tay nhỏ, Khoai tây chiên, Dao cạo râu, Nước tăng lực, Pin AA, Mì gói",WinMart+,Ha Noi,"17, Ngõ 77, Phường Định Công, Thành phố Hà Nội, 11718",15,4.5,convenience,20.972119599999996,105.8287305
"Xà phòng tắm, Khoai tây chiên, Bút bi, Khăn giấy, Khẩu trang y tế, Mì ly, Khăn giấy, Bánh bao mini, Kem đánh răng, Dây sạc điện thoại, Mì ly, Mì ly, Thịt hộp, Bánh mì sandwich",WinMart+,Ha Noi,"Phố Nguyễn Duy Trinh, Phường Hoàng Liệt, Thành phố Hà Nội, 11718",20,4.4,convenience,20.9630292,105.8317381
"Nước suối, Gối cổ du lịch, Trà đóng chai, Kẹo, Khăn ướt, Muỗng nhựa, Dầu gội, Muỗng nhựa, Bánh bao mini, Túi nylon, Kem đánh răng, Nước ngọt, Mì gói, Khoai tây chiên, Chai nước",WinMart+,Ha Noi,"91, Phố Hoàng Văn Thái, Phường Phương Liệt, Thành phố Hà Nội, 11415",15,4.2,convenience,20.9962878,105.82678270000001
"Bật lửa, Lăn khử mùi, Khẩu trang y tế, Thịt hộp, Bánh mì sandwich, Bút bi, Túi nylon, Mì ly, Sữa chua uống, Nước ngọt, Bánh bao mini, Khoai tây chiên, Bánh bao mini, Dầu gội, Bao rác, Bàn chải đánh răng, Mì gói",WinMart+,Ha Noi,"147, Phố Hoàng Văn Thái, Phường Phương Liệt, Thành phố Hà Nội, 11415",15,4.1,convenience,20.9973498,105.8235883
"Bàn chải đánh răng, Trà đóng chai, Bàn chải đánh răng, Gối cổ du lịch, Kẹo, Bàn chải đánh răng, Bánh bao mini, Kẹo cao su, Bánh bao mini, Gối cổ du lịch",WinMart+,Ha Noi,"2, Phố Vương Thừa Vũ, Phường Phương Liệt, Thành phố Hà Nội, 11415",20,4.3,convenience,21.0012289,105.8223052
"Pin AA, Dao cạo râu, Găng tay nilon, Bánh bao mini, Nước tăng lực, Cốc nhựa, Bàn chải đánh răng, Kẹo, Sữa hộp, Bao rác, Thịt hộp, Mì gói, Túi nylon, Kem đánh răng, Nước tăng lực, Khăn giấy, Dầu gội",WinMart+,Ha Noi,"92, Phố Tô Vĩnh Diện, Phường Khương Đình, Thành phố Hà Nội, 11415",20,3.5,convenience,20.998882599999998,105.8201904
"Bút bi, Bóng đèn LED mini, Nước ngọt, Cốc nhựa, Dây sạc điện thoại, Sữa hộp, Mì ly, Bánh mì sandwich, Bánh snack, Bật lửa, Khẩu trang y tế, Bật lửa, Trà đóng chai",WinMart+,Ha Noi,"271, Phố Vũ Tông Phan, Phường Khương Đình, Thành phố Hà Nội, 11718",10,4.3,convenience,20.994131999999997,105.8148679
"Dầu gội, Bánh bao mini, Sữa chua uống, Dây sạc điện thoại, Khẩu trang y tế, Gối cổ du lịch, Pin sạc, Nước suối, Túi nylon, Mì ly, Pin sạc, Khẩu trang y tế, Xà phòng tắm, Khẩu trang y tế",WinMart+,Ha Noi,"112, Phố Mai Động, Phường Tương Mai, Thành phố Hà Nội, 11617",10,4.2,convenience,20.9887096,105.8606172
"Bật lửa, Sổ tay nhỏ, Kem đánh răng, Găng tay nilon, Dây sạc điện thoại, Sổ tay nhỏ, Bàn chải đánh răng, Dầu gội, Chai nước, Bút bi, Dầu gội, Dầu gội, Thịt hộp",WinMart+,Ha Noi,"23, Đường Vạn Phúc, Phường Hà Đông, Thành phố Hà Nội, 10189",20,4.4,convenience,20.9766448,105.7760267
"Thịt hộp, Khăn ướt, Khẩu trang y tế, Pin sạc, Bàn chải đánh răng, Bút bi, Bao rác, Cà phê lon, Chai nước, Khăn ướt, Lăn khử mùi, Gối cổ du lịch, Nước tăng lực, Cốc nhựa, Kẹo, Pin AA, Pin sạc",WinMart+,Ha Noi,"136, Phố Yên Phúc, Phường Hà Đông, Thành phố Hà Nội, 12100",20,3.6,convenience,20.970753499999997,105.7904226
"Chai nước, Lăn khử mùi, Dây sạc điện thoại, Sổ tay nhỏ, Lăn khử mùi, Lăn khử mùi, Thịt hộp, Bánh quy, Thịt hộp, Mì ly, Pin AA, Bút bi, Khoai tây chiên, Túi nylon, Pin sạc, Cốc nhựa, Bánh snack, Dây sạc điện thoại, Bóng đèn LED mini, Pin AA",WinMart+,Ha Noi,"Phố Yên Phúc, Phường Hà Đông, Thành phố Hà Nội, 12100",15,4.3,convenience,20.969743799999993,105.785193
"Ốp điện thoại, Máy sấy tóc, Giày cao gót, Đồng hồ, Dầu dưỡng tóc, Đồ chơi trẻ em, Túi xách, Ví da, Ví da, Váy dạ hội, Máy sấy tóc, Nón thời trang",Vincom Plaza Bắc Từ Liêm,Ha Noi,"234, Đường Phạm Văn Đồng, Phường Phú Diễn, Thành phố Hà Nội, 10065",300,3.6,mall,21.0527996,105.7809996
"Cốc nhựa, Trà đóng chai, Sổ tay nhỏ, Chai nước, Mì ly, Bánh snack, Bánh bao mini, Mì ly, Dầu gội, Lăn khử mùi, Mì gói, Kem đánh răng, Nước ngọt, Bóng đèn LED mini, Xà phòng tắm, Bật lửa",WinMart+,Ha Noi,"60, Phố Lê Trọng Tấn, Phường Phương Liệt, Thành phố Hà Nội, 11415",10,4,convenience,20.999360499999998,105.8276927
"Bàn chải đánh răng, Sữa hộp, Dầu gội, Gối cổ du lịch, Muỗng nhựa, Lăn khử mùi, Mì ly, Bánh mì sandwich, Bánh quy, Cốc nhựa, Nước tăng lực, Nước suối, Bao rác, Khăn ướt, Dầu gội, Nước suối",WinMart+,Ha Noi,"39, Ngõ 198 Phố Lê Trọng Tấn, Phường Phương Liệt, Thành phố Hà Nội, 11415",10,4.4,convenience,20.9934845,105.8302633
"Sữa chua uống, Kẹo cao su, Nước suối, Sữa chua uống, Bàn chải đánh răng, Bật lửa, Găng tay nilon, Kẹo, Chai nước, Cốc nhựa, Dao cạo râu",WinMart+,Ha Noi,"Phố Trần Điền, Phường Phương Liệt, Thành phố Hà Nội, 11718",20,3.9,convenience,20.989560599999997,105.83046970000001
"Sữa hộp, Bánh bao mini, Muỗng nhựa, Bánh bao mini, Bóng đèn LED mini, Khăn giấy, Bánh snack, Khăn giấy, Bật lửa, Kẹo cao su, Khăn giấy, Pin sạc",WinMart+,Ha Noi,"Ngõ 213 Giáp Nhất, Phường Thanh Xuân, Thành phố Hà Nội, 10167",15,4.4,convenience,21.006580300000003,105.8150887
"Găng tay nilon, Sữa chua uống, Muỗng nhựa, Pin AA, Mì ly, Ô dù gấp, Nước ngọt, Chai nước, Bánh mì sandwich, Pin AA, Bật lửa, Pin sạc",WinMart+,Ha Noi,"Hẻm 101 Ngách 1 Ngõ 72 Nguyễn Trãi, Phường Thanh Xuân, Thành phố Hà Nội, 10167",10,3.7,convenience,21.0037104,105.8144034
"Nước ngọt, Sữa chua uống, Bánh bao mini, Kẹo cao su, Bánh snack, Pin sạc, Bút bi, Lăn khử mùi, Sổ tay nhỏ, Sữa chua uống, Trà đóng chai, Nước ngọt, Khăn ướt, Kẹo, Kẹo cao su, Trà đóng chai",WinMart+,Ha Noi,"210, Ngõ Xã Đàn 2, Phường Đống Đa, Thành phố Hà Nội, 10306",15,4.3,convenience,21.0127766,105.8323349
"Thịt hộp, Khẩu trang y tế, Dao cạo râu, Xà phòng tắm, Mì gói, Muỗng nhựa, Bánh bao mini, Bao rác, Sổ tay nhỏ, Găng tay nilon, Bánh snack, Pin AA, Bánh snack, Túi nylon, Bút bi, Xà phòng tắm, Bánh snack",WinMart+,Ha Noi,"115, Ngõ 46C Phạm Ngọc Thạch, Phường Kim Liên, Thành phố Hà Nội, 11415",10,4,convenience,21.00862,105.83391200000001
"Khoai tây chiên, Muỗng nhựa, Bật lửa, Muỗng nhựa, Sữa chua uống, Kem đánh răng, Thịt hộp, Nước tăng lực, Dây sạc điện thoại, Xà phòng tắm, Xà phòng tắm, Nước tăng lực, Kẹo, Nước suối, Găng tay nilon, Nước suối, Nước tăng lực",Circle K,Ha Noi,"252, Đường Hoàng Quốc Việt, Phường Nghĩa Đô, Thành phố Hà Nội, 10065",15,4,convenience,21.046429099999997,105.7832554
"Bao rác, Sổ tay nhỏ, Bóng đèn LED mini, Chai nước, Sữa chua uống, Bao rác, Sổ tay nhỏ, Kẹo cao su, Dầu gội, Khăn giấy, Bóng đèn LED mini, Bánh snack, Găng tay nilon, Bóng đèn LED mini, Sữa chua uống, Khẩu trang y tế, Trà đóng chai, Nước suối, Dây sạc điện thoại",WinMart+,Ha Noi,"Phố Nguyễn Huy Tưởng, Phường Thanh Xuân, Thành phố Hà Nội, 10055",20,4.4,convenience,20.999482899999997,105.8069846
"Khăn ướt, Gối cổ du lịch, Bánh bao mini, Bánh snack, Kẹo, Xà phòng tắm, Pin sạc, Bút bi, Bánh bao mini, Dây sạc điện thoại, Khẩu trang y tế",Siêu thị mini Nam Phong,Ha Noi,"1, Đường Đại Cồ Việt, Phường Bạch Mai, Thành phố Hà Nội, 10999",20,3.8,convenience,21.0050995,105.8468122
"Bàn chải đánh răng, Sữa chua uống, Bánh quy, Bút bi, Xà phòng tắm, Bóng đèn LED mini, Xà phòng tắm, Kẹo cao su, Nước tăng lực, Sổ tay nhỏ, Bánh bao mini, Muỗng nhựa, Muỗng nhựa, Mì ly, Pin AA, Nước tăng lực",Cửa hàng Trang Thuỷ,Ha Noi,"Ngõ 234 Đường Hoàng Quốc Việt, Phường Nghĩa Đô, Thành phố Hà Nội, 10065",10,3.8,convenience,21.046412599999996,105.7842859
"Khăn giấy, Rau củ quả, Muối, Khăn giấy, Khẩu trang y tế, Trứng gà, Cà phê hòa tan, Muỗng nĩa, Nước xả vải, Nước mắm, Bàn chải",WinMart,Ha Noi,"Phố Hạnh Hoa, Phường Hà Đông, Thành phố Hà Nội, 12100",145,4.4,supermarket,20.9635026,105.7916407
"Kem đánh răng, Kẹo, Gối cổ du lịch, Nước suối, Chai nước, Túi nylon, Bánh bao mini, Bánh snack, Ô dù gấp, Sữa hộp, Cốc nhựa, Bật lửa",Circle K,Ha Noi,"Biệt Thự 11, Lô 4, Phố Phúc La, Phường Hà Đông, Thành phố Hà Nội, 12100",10,3.6,convenience,20.9628455,105.7948242
"Ô dù gấp, Bánh quy, Bao rác, Găng tay nilon, Dầu gội, Sữa chua uống, Khăn ướt, Bánh snack, Khăn ướt, Bánh bao mini, Nước tăng lực, Cà phê lon, Bánh bao mini, Túi nylon",vinmart,Ha Noi,"44, Ngõ Huyện, Phường Hoàn Kiếm, Thành phố Hà Nội, 11006",15,4.4,convenience,21.0294929,105.8484678
"Muỗng nhựa, Bóng đèn LED mini, Dây sạc điện thoại, Găng tay nilon, Dây sạc điện thoại, Găng tay nilon, Xà phòng tắm, Túi nylon, Bánh mì sandwich, Kẹo cao su",WinMart+,Ha Noi,"Ngõ 7, Phường Đại Mỗ, Thành phố Hà Nội, 12011",20,3.8,convenience,20.9965084,105.7841751
"Bánh snack, Khăn ướt, Nước tăng lực, Cà phê lon, Gối cổ du lịch, Khẩu trang y tế, Thịt hộp, Khoai tây chiên, Pin AA, Khăn ướt, Bánh bao mini, Dây sạc điện thoại, Gối cổ du lịch, Mì ly, Cốc nhựa, Túi nylon",H-Mart,Ha Noi,"95, Ngõ Xã Đàn 2, Phường Đống Đa, Thành phố Hà Nội, 10306",10,4.4,convenience,21.0161018,105.8307629
"Khẩu trang y tế, Thịt hộp, Gối cổ du lịch, Cốc nhựa, Dao cạo râu, Chai nước, Cà phê lon, Sổ tay nhỏ, Thịt hộp, Pin sạc, Pin sạc, Trà đóng chai, Nước tăng lực, Kẹo",WinMart+,Ha Noi,"Phố Văn Khê, Phường Kiến Hưng, Thành phố Hà Nội, 10189",15,3.7,convenience,20.9589272,105.767173
"Bánh snack, Nước suối, Dao cạo râu, Bàn chải đánh răng, Bút bi, Trà đóng chai, Cà phê lon, Gối cổ du lịch, Nước tăng lực, Cà phê lon, Bút bi, Găng tay nilon, Kem đánh răng, Pin sạc, Bóng đèn LED mini, Kẹo",WinMart+,Ha Noi,"Phố Cửa Quán, Phường Kiến Hưng, Thành phố Hà Nội, 10189",15,3.6,convenience,20.957759299999996,105.7703399
"Bánh quy, Kẹo cao su, Bút bi, Thịt hộp, Bóng đèn LED mini, Lăn khử mùi, Xà phòng tắm, Dao cạo râu, Mì gói, Bao rác, Muỗng nhựa, Dây sạc điện thoại, Cà phê lon, Ô dù gấp, Nước ngọt, Khăn giấy, Dầu gội, Nước suối, Ô dù gấp, Dầu gội",WinMart+,Ha Noi,"Phố Kiến Hưng, Phường Hà Đông, Thành phố Hà Nội, 12100",20,3.7,convenience,20.964168499999996,105.783043
"Túi nylon, Bao rác, Bánh mì sandwich, Mì ly, Nước tăng lực, Cà phê lon, Bánh quy, Gối cổ du lịch, Cốc nhựa, Bàn chải đánh răng, Khăn giấy, Gối cổ du lịch, Khoai tây chiên, Mì ly, Túi nylon, Túi nylon, Pin sạc, Pin sạc, Sổ tay nhỏ, Túi nylon",WinMart+,Ha Noi,"Phố Hạnh Hoa, Phường Hà Đông, Thành phố Hà Nội, 12100",15,4.3,convenience,20.961367699999997,105.7952733
"Bóng đèn LED mini, Nước ngọt, Sữa chua uống, Nước suối, Trà đóng chai, Bánh quy, Khoai tây chiên, Khẩu trang y tế, Kẹo cao su, Muỗng nhựa, Bật lửa, Xà phòng tắm, Sổ tay nhỏ, Bánh mì sandwich, Nước ngọt, Bút bi, Bóng đèn LED mini",Circle K,Ha Noi,"đương 03, Xã Gia Lâm, Thành phố Hà Nội, 17710",20,4.2,convenience,21.0014664,105.9432461
"Khăn ướt, Khăn ướt, Trà đóng chai, Dao cạo râu, Bánh snack, Bật lửa, Mì ly, Khăn ướt, Kẹo cao su, Gối cổ du lịch, Dây sạc điện thoại, Sổ tay nhỏ, Bật lửa",Zmart,Ha Noi,"đương 03, Xã Gia Lâm, Thành phố Hà Nội, 17710",20,3.7,convenience,21.001166799999996,105.9438902
"Tranh thư pháp, Tranh trừu tượng, Tranh trừu tượng, Tượng đất nung, Tượng đồng nhỏ, Tượng nhân vật cổ điển, Tượng đất nung, Tranh acrylic, Mô hình nghệ thuật, Tượng điêu khắc",Thế Giới Mũ Bảo Hiểm,Ha Noi,"Phố Nguyễn Văn Trỗi, Phường Phương Liệt, Thành phố Hà Nội, 11617",220,4.6,car_parts,20.9871292,105.83663700000001
"Kem đánh răng, Dây sạc điện thoại, Kẹo cao su, Khăn ướt, Kẹo cao su, Bánh quy, Bút bi, Kẹo, Thịt hộp, Bánh snack, Bánh snack",WinMart+,Ha Noi,"Phố Tống Tất Thắng, Phường Kiến Hưng, Thành phố Hà Nội, 10189",20,4.1,convenience,20.959702900000003,105.7647563
"Gối cổ du lịch, Ô dù gấp, Kẹo, Gối cổ du lịch, Găng tay nilon, Bánh mì sandwich, Bánh snack, Dao cạo râu, Lăn khử mùi, Cà phê lon, Nước ngọt, Xà phòng tắm, Thịt hộp, Sữa chua uống, Kẹo, Bật lửa, Trà đóng chai, Bánh bao mini, Dầu gội",WinMart+,Ha Noi,"Phố Tống Tất Thắng, Phường Kiến Hưng, Thành phố Hà Nội, 10189",20,3.6,convenience,20.956512199999995,105.7681313
"Muỗng nhựa, Nước ngọt, Ô dù gấp, Mì ly, Bánh mì sandwich, Sữa hộp, Bật lửa, Cốc nhựa, Mì ly, Khăn ướt, Bánh snack, Muỗng nhựa, Dao cạo râu, Khăn giấy, Kẹo cao su, Mì gói",Vital Mart,Ha Noi,"Đại Việt 2, Phường Tây Mỗ, Thành phố Hà Nội, 34000",20,4.4,convenience,21.0047574,105.7397825
"Bao rác, Thịt hộp, Khẩu trang y tế, Dây sạc điện thoại, Bánh snack, Bóng đèn LED mini, Xà phòng tắm, Muỗng nhựa, Lăn khử mùi, Mì gói, Trà đóng chai, Túi nylon, Lăn khử mùi, Nước tăng lực, Bánh bao mini, Nước tăng lực, Cà phê lon, Sữa chua uống",Seven Mart,Ha Noi,"Đại Việt 2, Phường Tây Mỗ, Thành phố Hà Nội, 34000",10,3.8,convenience,21.004651300000003,105.73997880000002
"Dây sạc điện thoại, Muỗng nhựa, Pin sạc, Sữa chua uống, Bàn chải đánh răng, Nước tăng lực, Nước suối, Mì gói, Bao rác, Kem đánh răng, Bánh quy, Mì ly, Cốc nhựa",WinMart+,Ha Noi,"Cầu vượt đường sắt Đại Việt 2, Phường Tây Mỗ, Thành phố Hà Nội, 34000",15,3.6,convenience,21.0062137,105.737985
"Bánh mì sandwich, Trà đóng chai, Bao rác, Thịt hộp, Khăn giấy, Găng tay nilon, Bóng đèn LED mini, Pin AA, Khẩu trang y tế, Pin AA, Thịt hộp, Bật lửa, Thịt hộp, Mì gói, Bút bi, Khăn giấy, Ô dù gấp, Cà phê lon, Găng tay nilon, Sổ tay nhỏ",Vital Mart,Ha Noi,"S4.02, Đại Việt 2, Phường Tây Mỗ, Thành phố Hà Nội, 34000",20,3.8,convenience,21.004534499999995,105.7402779
"Sổ tay nhỏ, Chai nước, Bánh quy, Gối cổ du lịch, Xà phòng tắm, Lăn khử mùi, Dầu gội, Bút bi, Lăn khử mùi, Dây sạc điện thoại, Xà phòng tắm, Bút bi, Kẹo cao su, Dao cạo râu, Khoai tây chiên, Dao cạo râu, Túi nylon",WinMart+,Ha Noi,"96, Phố Trần Bình, Phường Từ Liêm, Thành phố Hà Nội, 10085",15,4.3,convenience,21.031212999999997,105.7774291
"Găng tay nilon, Dao cạo râu, Trà đóng chai, Dầu gội, Bút bi, Khăn giấy, Ô dù gấp, Thịt hộp, Thịt hộp, Bánh bao mini, Pin sạc, Bánh mì sandwich, Nước ngọt, Dây sạc điện thoại, Khẩu trang y tế",WinMart+,Ha Noi,"99, Phố Trần Bình, Phường Từ Liêm, Thành phố Hà Nội, 10085",20,4.4,convenience,21.0302567,105.7770361
"Nước suối, Chai nước, Khăn ướt, Bóng đèn LED mini, Cà phê lon, Bánh quy, Cà phê lon, Kem đánh răng, Thịt hộp, Mì ly, Dao cạo râu, Khăn giấy",WinMart+,Ha Noi,"Đường Mỹ Đình, Phường Từ Liêm, Thành phố Hà Nội, 10085",20,3.7,convenience,21.0288397,105.7753819
"Bút bi, Bóng đèn LED mini, Mì ly, Muỗng nhựa, Mì gói, Dây sạc điện thoại, Cà phê lon, Cà phê lon, Dao cạo râu, Túi nylon, Dầu gội",WinMart+,Ha Noi,"Ngõ 20 Mỹ Đình, Phường Từ Liêm, Thành phố Hà Nội, 10085",10,3.6,convenience,21.032569399999996,105.7710323
"Khoai tây chiên, Mì gói, Bao rác, Cà phê lon, Khẩu trang y tế, Dao cạo râu, Bao rác, Sữa chua uống, Kem đánh răng, Bánh quy, Dây sạc điện thoại, Dầu gội, Găng tay nilon, Pin sạc, Khẩu trang y tế, Khoai tây chiên, Khẩu trang y tế",WinMart+,Ha Noi,"8, Đường Phú Mỹ, Phường Từ Liêm, Thành phố Hà Nội, 10085",10,4.3,convenience,21.0294832,105.7699526
"Kẹo cao su, Bàn chải đánh răng, Bật lửa, Muỗng nhựa, Thịt hộp, Kẹo, Bao rác, Mì gói, Nước ngọt, Găng tay nilon, Dao cạo râu, Nước ngọt, Xà phòng tắm",WinMart+,Ha Noi,"Phố Nguyễn Phan Chánh, Phường Hoàng Liệt, Thành phố Hà Nội, 11718",20,3.8,convenience,20.9637911,105.82749360000001
"Mì ly, Khẩu trang y tế, Kem đánh răng, Bật lửa, Nước ngọt, Sổ tay nhỏ, Ô dù gấp, Bánh snack, Khăn giấy, Ô dù gấp, Khăn ướt, Pin AA, Sữa chua uống, Khoai tây chiên, Khoai tây chiên",WinMart+,Ha Noi,"36, Phố Đình Thôn, Phường Từ Liêm, Thành phố Hà Nội, 10074",15,4.4,convenience,21.020665599999997,105.7782102
"Muỗng nhựa, Gối cổ du lịch, Cà phê lon, Kẹo cao su, Pin sạc, Kem đánh răng, Bao rác, Bánh mì sandwich, Bóng đèn LED mini, Gối cổ du lịch, Pin AA, Kem đánh răng, Bao rác, Muỗng nhựa, Mì ly",WinMart+,Ha Noi,"Phố Đoàn Thị Điểm, Phường Ô Chợ Dừa, Thành phố Hà Nội, 10081",15,4.4,convenience,21.026109,105.832658
"Bánh snack, Bánh bao mini, Khăn giấy, Ô dù gấp, Sữa chua uống, Nước suối, Ô dù gấp, Túi nylon, Bao rác, Bút bi, Pin sạc, Kẹo, Bao rác, Ô dù gấp, Mì ly, Bánh bao mini, Cà phê lon, Bao rác, Khăn giấy, Ô dù gấp",WinMart+,Ha Noi,"9, Ngõ Chợ Khâm Thiên, Phường Văn Miếu - Quốc Tử Giám, Thành phố Hà Nội, 10017",15,4,convenience,21.018708200000003,105.8393586
"Mì gói, Pin AA, Ô dù gấp, Xà phòng tắm, Pin AA, Dây sạc điện thoại, Kẹo cao su, Cốc nhựa, Dây sạc điện thoại, Bánh snack, Sữa hộp, Bút bi, Thịt hộp, Túi nylon",H+ Mart,Ha Noi,"1, Phố Trần Hưng Đạo, Phường Cửa Nam, Thành phố Hà Nội, 10151",20,4.2,convenience,21.0162855,105.86011940000002
"Túi nylon, Bánh bao mini, Khẩu trang y tế, Cốc nhựa, Bánh quy, Chai nước, Bao rác, Bánh mì sandwich, Bút bi, Bánh quy, Sữa hộp, Sổ tay nhỏ",Siêu thị 108,Ha Noi,"1, Phố Trần Hưng Đạo, Phường Cửa Nam, Thành phố Hà Nội, 10151",10,4.4,convenience,21.017729799999998,105.8606304
"Dây sạc điện thoại, Cốc nhựa, Sữa hộp, Bút bi, Bánh bao mini, Bánh bao mini, Pin sạc, Nước suối, Khăn ướt, Gối cổ du lịch",WinMart+,Ha Noi,"129, Phố Pháo Đài Láng, Phường Láng, Thành phố Hà Nội, 11513",20,4.1,convenience,21.018834900000005,105.8045908
"Bánh mì sandwich, Nước suối, Lăn khử mùi, Kẹo cao su, Mì gói, Bút bi, Bàn chải đánh răng, Bánh bao mini, Xà phòng tắm, Dầu gội, Cốc nhựa, Bút bi, Pin sạc, Dây sạc điện thoại, Bánh mì sandwich",VitalMart,Ha Noi,"Phố Trung Kính, Phường Yên Hòa, Thành phố Hà Nội, 10055",20,3.8,convenience,21.011630999999998,105.7989851
"Thịt hộp, Bao rác, Kẹo, Khoai tây chiên, Mì ly, Khăn ướt, Pin AA, Nước ngọt, Pin sạc, Khăn giấy, Bàn chải đánh răng, Bánh quy, Cốc nhựa, Nước ngọt, Bánh bao mini, Bao rác, Cốc nhựa, Sổ tay nhỏ",WinMart+,Ha Noi,"158, Phố Thái Thịnh, Phường Đống Đa, Thành phố Hà Nội, 10167",15,4.4,convenience,21.012438099999997,105.8170374
"Nước tương, Muối, Khẩu trang y tế, Giấy vệ sinh, Nước hoa mini, Bột mì, Dầu gội, Đường, Rau củ quả, Dầu ăn, Khẩu trang y tế, Trà túi lọc, Nước lau sàn, Trà túi lọc, Cà phê hòa tan, Túi đựng rác, Rau củ quả, Cá hộp",Organica,Ha Noi,"6A, Phố Lý Đạo Thành, Phường Hoàn Kiếm, Thành phố Hà Nội, 10301",70,3.5,supermarket,21.025533900000003,105.857578
"Bánh quy, Khăn ướt, Dao cạo râu, Dây sạc điện thoại, Bánh bao mini, Dao cạo râu, Khăn ướt, Trà đóng chai, Chai nước, Bánh snack, Kem đánh răng, Sữa hộp, Pin AA, Sữa chua uống, Sữa hộp, Bàn chải đánh răng, Nước ngọt, Muỗng nhựa, Pin sạc",Wefood,Ha Noi,"138, Phố Bùi Thị Xuân, Phường Hai Bà Trưng, Thành phố Hà Nội, 10185",15,3.6,convenience,21.0125813,105.8497161
"Dao cạo râu, Trà đóng chai, Nước tăng lực, Bóng đèn LED mini, Lăn khử mùi, Mì gói, Lăn khử mùi, Khăn ướt, Mì ly, Găng tay nilon, Túi nylon, Muỗng nhựa, Kẹo cao su, Pin sạc, Kem đánh răng, Kẹo, Bao rác, Bật lửa",Quynh's Mart,Ha Noi,"103, Phố Triệu Việt Vương, Phường Hai Bà Trưng, Thành phố Hà Nội, 10185",10,3.6,convenience,21.0143286,105.8505747
"Nước tăng lực, Bánh snack, Thịt hộp, Bánh mì sandwich, Trà đóng chai, Khăn ướt, Gối cổ du lịch, Nước suối, Nước suối, Bóng đèn LED mini",WinMart+,Ha Noi,"Phố Đội Cấn, Phường Ngọc Hà, Thành phố Hà Nội, 10071",20,3.9,convenience,21.037908399999996,105.8106308
"Ô dù gấp, Kẹo cao su, Mì ly, Túi nylon, Cà phê lon, Kem đánh răng, Bánh mì sandwich, Dầu gội, Nước suối, Cà phê lon, Gối cổ du lịch, Bánh snack",Circle K,Ha Noi,"Phố Phan Kế Bính, Phường Ngọc Hà, Thành phố Hà Nội, 10303",10,4,convenience,21.0347366,105.81189
"Bánh snack, Túi nylon, Bánh snack, Găng tay nilon, Mì gói, Bánh bao mini, Muỗng nhựa, Dao cạo râu, Ô dù gấp, Mì ly, Khăn giấy, Khoai tây chiên, Khẩu trang y tế, Túi nylon",WinMart+,Ha Noi,"12, Phố Phạm Tuấn Tài, Phường Nghĩa Đô, Thành phố Hà Nội, 10065",10,3.6,convenience,21.042375599999996,105.78631910000001
"Tranh phong cảnh, Tranh trừu tượng, Tranh nghệ thuật dân gian, Tranh sơn mài, Tượng đất nung, Tranh màu nước, Tranh giấy cuộn, Tranh giấy cuộn, Tranh đương đại, Mô hình nghệ thuật, Tranh nghệ thuật hiện đại, Tranh sơn mài, Tượng nhân vật cổ điển, Tranh, Tranh nghệ thuật hiện đại, Tranh đương đại, Tranh acrylic, Tượng điêu khắc",Auto Châu Á,Ha Noi,"46, Phố Đặng Thùy Trâm, Phường Nghĩa Đô, Thành phố Hà Nội, 10065",90,4.4,car_parts,21.043791599999995,105.7857881
"Pin AA, Sữa hộp, Muỗng nhựa, Khăn ướt, Túi nylon, Khẩu trang y tế, Xà phòng tắm, Sổ tay nhỏ, Pin AA, Dao cạo râu, Thịt hộp, Mì ly, Bóng đèn LED mini, Pin AA, Khăn giấy",Circle K,Ha Noi,"3, Phố Phạm Tuấn Tài, Phường Nghĩa Đô, Thành phố Hà Nội, 10065",20,3.7,convenience,21.042783400000005,105.7860913
"Tranh ký họa, Tranh ký họa, Tượng đất nung, Tranh tường, Tranh đương đại, Tranh, Tượng nhân vật cổ điển, Tranh sơn mài, Tượng kim loại, Tượng đất nung, Tượng nhân vật cổ điển, Tượng nhân vật cổ điển, Tranh thêu tay, Tranh màu nước, Tượng gỗ",Nội thất ôtô Trường Phát,Ha Noi,"8, Phố Trần Quốc Hoàn, Phường Nghĩa Đô, Thành phố Hà Nội, 10179",240,4.1,car_parts,21.041824400000003,105.7870297
"Tranh chân dung, Tượng nhỏ, Tượng gỗ, Tượng đất nung, Tranh đương đại, Tượng nhân vật cổ điển, Tranh trừu tượng, Tranh sơn mài, Tranh giấy cuộn, Tranh nghệ thuật 3D, Tranh chân dung, Tranh trừu tượng, Tranh chân dung, Tranh nghệ thuật dân gian, Tranh, Tranh trừu tượng, Tranh sơn mài, Tượng kim loại, Tranh acrylic, Tranh ký họa",Đại lý phụ tùng Tâm An,Ha Noi,"14, Ngõ 133 Nguyễn Phong Sắc, Phường Nghĩa Đô, Thành phố Hà Nội, 10179",190,4.9,car_parts,21.043649899999995,105.7898967
"Tranh, Tranh sơn mài, Tranh sơn dầu, Tranh màu nước, Tranh nghệ thuật dân gian, Tượng đá cẩm thạch, Tranh nghệ thuật dân gian, Tranh thư pháp, Tranh nghệ thuật 3D, Tranh giấy cuộn, Tranh trừu tượng, Tranh phong cảnh",Tự Thanh,Ha Noi,"Đường Phạm Văn Đồng, Phường Nghĩa Đô, Thành phố Hà Nội, 10065",80,4.4,art,21.044427499999998,105.7815007
"Kẹo, Bàn chải đánh răng, Bóng đèn LED mini, Lăn khử mùi, Bóng đèn LED mini, Thịt hộp, Bánh snack, Bút bi, Găng tay nilon, Dây sạc điện thoại, Khăn ướt, Trà đóng chai, Dầu gội, Mì gói, Khăn giấy, Bàn chải đánh răng, Bánh quy",Tân Mart,Ha Noi,"24, Ngõ 33 Phạm Tuấn Tài, Phường Nghĩa Đô, Thành phố Hà Nội, 10065",20,3.8,convenience,21.0443164,105.7857365
"Bông tẩy trang, Nước lau sàn, Đĩa sứ, Sữa tắm, Trứng gà, Kem cạo râu, Khay nhựa, Nước lau sàn, Khay nhựa, Nước xả vải, Đường, Thịt heo, Ly thủy tinh, Chảo chống dính, Mì gói, Túi đựng rác, Nước tương, Bột mì",Siêu thị Sinh viên,Ha Noi,"Đường Phạm Văn Đồng, Phường Cầu Giấy, Thành phố Hà Nội, 10065",60,3.7,supermarket,21.0409025,105.78199840000002
"Chai nước, Pin AA, Bánh bao mini, Mì gói, Pin sạc, Xà phòng tắm, Khăn giấy, Kẹo cao su, Pin sạc, Cốc nhựa, Bánh quy, Bóng đèn LED mini, Kẹo, Chai nước, Xà phòng tắm, Khoai tây chiên, Lăn khử mùi, Bút bi, Dây sạc điện thoại",CSS,Ha Noi,"Đường Phạm Văn Đồng, Phường Cầu Giấy, Thành phố Hà Nội, 10065",20,4.5,convenience,21.0408634,105.7817609
"Trà đóng chai, Sổ tay nhỏ, Trà đóng chai, Kem đánh răng, Bút bi, Kẹo, Bao rác, Bật lửa, Kẹo cao su, Bánh quy, Dầu gội, Sổ tay nhỏ, Bánh bao mini, Bánh mì sandwich, Khăn ướt, Bánh mì sandwich, Mì ly",Siêu thị bình dân Nam Phong,Ha Noi,"Ngõ 199 Trần Quốc Hoàn, Phường Cầu Giấy, Thành phố Hà Nội, 10065",10,4.3,convenience,21.0409515,105.7841914
"Bánh mì sandwich, Khăn giấy, Khăn ướt, Dây sạc điện thoại, Cà phê lon, Khăn giấy, Sữa hộp, Nước suối, Lăn khử mùi, Bánh snack, Bàn chải đánh răng, Bánh mì sandwich, Bàn chải đánh răng, Bánh mì sandwich, Pin sạc",Circle K,Ha Noi,"Đường Phạm Văn Đồng, Phường Cầu Giấy, Thành phố Hà Nội, 10065",20,4.2,convenience,21.0410498,105.7812649
"Tranh canvas, Tranh acrylic, Tranh thêu tay, Tranh, Tượng đồng nhỏ, Tượng đá cẩm thạch, Tranh chân dung, Tranh màu nước, Tranh ký họa, Tượng gỗ, Tranh sơn dầu",Đức Toàn Auto Part,Ha Noi,"Ngõ 95/199, Ngõ 95 Phố Thúy Lĩnh, Phường Lĩnh Nam, Thành phố Hà Nội, 11622",120,4.2,car_parts,20.970301199999998,105.8957682
"Bánh mì sandwich, Trà đóng chai, Sữa chua uống, Bánh quy, Bánh mì sandwich, Mì gói, Sổ tay nhỏ, Khẩu trang y tế, Nước ngọt, Bánh quy, Bao rác, Ô dù gấp, Sữa hộp, Thịt hộp, Trà đóng chai, Chai nước, Bánh bao mini, Bóng đèn LED mini",Circle K,Ha Noi,"33, Phố Dương Văn Bé, Phường Vĩnh Tuy, Thành phố Hà Nội, 11622",10,3.7,convenience,21.0002335,105.87229000000002
"Bao rác, Kẹo, Túi nylon, Khăn giấy, Bóng đèn LED mini, Cà phê lon, Dầu gội, Sổ tay nhỏ, Thịt hộp, Nước ngọt, Dầu gội, Dao cạo râu, Muỗng nhựa, Muỗng nhựa, Trà đóng chai, Bánh bao mini",WinMart+,Ha Noi,"Phố Trần Quốc Vượng, Phường Cầu Giấy, Thành phố Hà Nội, 10085",15,4.1,convenience,21.0358155,105.7866112
"Muỗng nĩa, Bơ thực vật, Khẩu trang y tế, Mì gói, Trà túi lọc, Muỗng nĩa, Snack, Kem dưỡng da, Nước xả vải, Nước xả vải, Thịt heo, Muỗng nĩa, Khăn giấy",APG Eco-mart,Ha Noi,"132, Phố Mai Hắc Đế, Phường Hai Bà Trưng, Thành phố Hà Nội, 10058",180,3.9,supermarket,21.009542299999996,105.8505773
"Bao rác, Bánh snack, Bút bi, Bánh mì sandwich, Mì gói, Túi nylon, Kem đánh răng, Kẹo cao su, Dao cạo râu, Lăn khử mùi, Muỗng nhựa",Quân Ánh Minimart,Ha Noi,"126, Phố Mai Hắc Đế, Phường Hai Bà Trưng, Thành phố Hà Nội, 10058",10,3.6,convenience,21.0098266,105.8505625
"Sữa hộp, Nước ngọt, Sữa chua uống, Sữa chua uống, Mì gói, Bóng đèn LED mini, Sổ tay nhỏ, Chai nước, Dao cạo râu, Khăn giấy, Mì ly, Kẹo cao su, Cốc nhựa, Sổ tay nhỏ",Shop Huyền Linh,Ha Noi,"9, Phố Hàng Cót, Phường Hoàn Kiếm, Thành phố Hà Nội, 11058",20,3.5,convenience,21.039390799999996,105.8472735
"Tranh, Tranh trừu tượng, Tượng đá cẩm thạch, Tranh ký họa, Tượng đá cẩm thạch, Tượng đá cẩm thạch, Tranh chân dung, Tranh canvas, Tranh nghệ thuật 3D, Tượng đồng nhỏ",Hana Art Shop,Ha Noi,"384, Phố Đội Cấn, Phường Ngọc Hà, Thành phố Hà Nội, 10000",50,4.5,art,21.037911900000005,105.8117215
"Cà phê lon, Nước tăng lực, Kem đánh răng, Kẹo cao su, Dầu gội, Pin sạc, Bao rác, Pin AA, Dầu gội, Cà phê lon, Nước ngọt, Sữa hộp, Gối cổ du lịch, Kem đánh răng, Thịt hộp, Mì ly, Sữa chua uống, Sữa chua uống",Circle K,Ha Noi,"Phố Nam Cao, Phường Giảng Võ, Thành phố Hà Nội, 10288",10,3.6,convenience,21.03023169999999,105.8222723
"Găng tay nilon, Bánh quy, Khẩu trang y tế, Bút bi, Dây sạc điện thoại, Muỗng nhựa, Kẹo, Sổ tay nhỏ, Xà phòng tắm, Bút bi, Bóng đèn LED mini",WinMart+,Ha Noi,"8, Phố Núi Trúc, Phường Giảng Võ, Thành phố Hà Nội, 10060",20,4.5,convenience,21.030461999999996,105.8221382
"Nước tăng lực, Cốc nhựa, Bút bi, Mì gói, Bánh snack, Nước ngọt, Lăn khử mùi, Pin AA, Ô dù gấp, Xà phòng tắm, Lăn khử mùi, Bàn chải đánh răng, Bật lửa, Dầu gội, Túi nylon, Muỗng nhựa",Circle K,Ha Noi,"29, Phố Hàng Phèn, Phường Hoàn Kiếm, Thành phố Hà Nội, 11000",10,4.2,convenience,21.0343232,105.8474033
"Bánh bao mini, Bánh quy, Gối cổ du lịch, Xà phòng tắm, Mì gói, Bàn chải đánh răng, Khăn giấy, Bánh snack, Kẹo cao su, Sữa chua uống, Trà đóng chai, Túi nylon, Bật lửa, Bánh snack, Bóng đèn LED mini, Nước tăng lực, Sữa hộp, Cà phê lon",Circle K,Ha Noi,"Ngõ 19 Liễu Giai, Phường Ngọc Hà, Thành phố Hà Nội, 10299",10,4,convenience,21.034733800000005,105.8145078
"Vali kéo, Đồng hồ, Đồng hồ, Dầu dưỡng tóc, Mascara, Túi xách, Ba lô thời trang, Thắt lưng, Máy sấy tóc, Khăn choàng, Khăn choàng, Dầu dưỡng tóc, Son môi, Kính mát, Túi tote",Vincom Center Metropolis Liễu Giai,Ha Noi,"447, Phố Kim Mã, Phường Giảng Võ, Thành phố Hà Nội, 10251",450,4.2,mall,21.031495799999995,105.8150707
"Nước suối, Bánh quy, Kẹo, Mì ly, Găng tay nilon, Khoai tây chiên, Pin sạc, Sữa hộp, Pin sạc, Thịt hộp, Cốc nhựa, Khăn ướt",WinMart+,Ha Noi,"Đường Lê Trọng Tấn, Phường Dương Nội, Thành phố Hà Nội, 10189",10,3.8,convenience,20.9625141,105.76409090000001
"Túi nylon, Túi nylon, Mì ly, Bút bi, Mì ly, Khẩu trang y tế, Mì gói, Xà phòng tắm, Bóng đèn LED mini, Khoai tây chiên, Pin sạc",Hai Con Chó - Haf Haf,Ha Noi,"18b, Ngách 20 Ngõ 7 Đường Đập Đỉnh Phú, Xã Kim Anh, Thành phố Hà Nội, 100000",10,4.3,convenience,21.293403999999995,105.7847621
"Nước suối, Pin AA, Dây sạc điện thoại, Mì gói, Bánh mì sandwich, Găng tay nilon, Xà phòng tắm, Muỗng nhựa, Lăn khử mùi, Bóng đèn LED mini, Khoai tây chiên, Gối cổ du lịch, Bàn chải đánh răng, Sữa chua uống, Bánh quy, Nước tăng lực",WinMart+,Ha Noi,"Hẻm 8/11/186 Lê Quang Đạo, Phường Từ Liêm, Thành phố Hà Nội, 10070",20,3.7,convenience,21.0103063,105.76688700000001
"Muỗng nhựa, Dây sạc điện thoại, Trà đóng chai, Thịt hộp, Pin AA, Khẩu trang y tế, Dầu gội, Chai nước, Khoai tây chiên, Sữa chua uống, Thịt hộp, Bút bi, Pin sạc, Bật lửa, Khoai tây chiên, Sữa hộp, Bánh snack, Khoai tây chiên, Thịt hộp",WinMart+,Ha Noi,"Ngõ 1 Phố Đông Quan, Phường Nghĩa Đô, Thành phố Hà Nội, 11150",10,3.9,convenience,21.0393716,105.8049072
"Bao rác, Túi nylon, Găng tay nilon, Lăn khử mùi, Bật lửa, Nước suối, Khoai tây chiên, Mì ly, Sổ tay nhỏ, Nước tăng lực, Sổ tay nhỏ, Mì ly, Dầu gội, Gối cổ du lịch, Bóng đèn LED mini, Khoai tây chiên, Khăn giấy, Bút bi, Khẩu trang y tế, Chai nước",WinMart+,Ha Noi,"134, Phố Lò Đúc, Phường Hai Bà Trưng, Thành phố Hà Nội, 10078",10,4.4,convenience,21.012684200000002,105.85827
"Lăn khử mùi, Túi nylon, Thịt hộp, Bánh snack, Khăn ướt, Xà phòng tắm, Cà phê lon, Kẹo cao su, Chai nước, Chai nước, Chai nước, Bút bi, Mì ly, Bánh mì sandwich",WinMart+,Ha Noi,"27, Phố Phùng Chí Kiên, Phường Nghĩa Đô, Thành phố Hà Nội, 10072",10,3.7,convenience,21.042437299999996,105.8025508
"Dao bếp, Chảo chống dính, Khay nhựa, Muối, Nước hoa mini, Ly thủy tinh, Bột ngọt, Ngũ cốc ăn sáng, Túi đựng rác, Ngũ cốc ăn sáng, Trứng gà, Bông tẩy trang, Nước tương, Dao bếp",WinMart,Ha Noi,"1, Phố Phùng Chí Kiên, Phường Nghĩa Đô, Thành phố Hà Nội, 10072",30,4.3,supermarket,21.04395,105.8026643
"Mì gói, Pin sạc, Dây sạc điện thoại, Kẹo cao su, Mì gói, Bao rác, Kem đánh răng, Khăn ướt, Khoai tây chiên, Túi nylon, Bao rác, Nước suối, Mì gói, Cà phê lon, Dao cạo râu",WinMart+,Ha Noi,"Phố Lê Trọng Tấn, Phường Phương Liệt, Thành phố Hà Nội, 11415",15,3.6,convenience,20.993456299999995,105.831634
"Bóng đèn LED mini, Khăn ướt, Mì ly, Sổ tay nhỏ, Dây sạc điện thoại, Dao cạo râu, Thịt hộp, Nước tăng lực, Bánh snack, Khoai tây chiên, Mì ly, Chai nước, Cà phê lon, Kem đánh răng, Kẹo, Khẩu trang y tế, Bao rác, Nước tăng lực, Nước ngọt",WinMart+,Ha Noi,"Phố Nguyễn Đức Cảnh, Phường Tương Mai, Thành phố Hà Nội, 11617",10,3.9,convenience,20.9878361,105.8516807
"Kẹo, Bóng đèn LED mini, Trà đóng chai, Kẹo cao su, Dao cạo râu, Dao cạo râu, Bao rác, Bao rác, Xà phòng tắm, Nước tăng lực, Bút bi, Khăn ướt",WinMart+,Ha Noi,"43, Phố Tương Mai, Phường Tương Mai, Thành phố Hà Nội, 11617",10,4.3,convenience,20.9920145,105.8426206
"Bánh snack, Muỗng nhựa, Dao cạo râu, Dao cạo râu, Ô dù gấp, Cà phê lon, Nước ngọt, Cà phê lon, Khăn ướt, Pin AA, Bánh snack, Kẹo, Cốc nhựa, Túi nylon, Dầu gội, Nước suối, Thịt hộp, Mì gói",WinMart+,Ha Noi,"88, Phố Nguyễn Văn Lộc, Phường Hà Đông, Thành phố Hà Nội, 12011",20,3.8,convenience,20.9845322,105.7873018
"Trứng gà, Cá hộp, Bột mì, Bột giặt, Nước mắm, Sữa tươi, Túi đựng rác, Nước mắm, Nước hoa mini, Cá hộp",WinMart,Ha Noi,"Phố Nguyễn Văn Giáp, Phường Từ Liêm, Thành phố Hà Nội, 10085",50,3.5,supermarket,21.0360639,105.7597621
"Giấy vệ sinh, Kem dưỡng da, Khẩu trang y tế, Sữa chua, Kem cạo râu, Trà túi lọc, Nước lau sàn, Chảo chống dính, Nước xả vải, Ly thủy tinh, Dao bếp, Đường, Kem cạo râu, Cá hộp",WinMart,Ha Noi,"Phố Tôn Thất Thuyết, Phường Cầu Giấy, Thành phố Hà Nội, 10192",75,3.7,supermarket,21.0272402,105.7858607
"Túi nylon, Bóng đèn LED mini, Bật lửa, Bánh snack, Dao cạo râu, Nước suối, Găng tay nilon, Bàn chải đánh răng, Chai nước, Cà phê lon, Kẹo",WinMart+,Ha Noi,"71, Ngõ 180 Tây Mỗ, Phường Tây Mỗ, Thành phố Hà Nội, 10070",20,3.6,convenience,21.001621000000004,105.7478258
"Pin AA, Lăn khử mùi, Sữa hộp, Dao cạo râu, Nước tăng lực, Mì ly, Dầu gội, Lăn khử mùi, Lăn khử mùi, Dầu gội, Bóng đèn LED mini",WinMart+,Ha Noi,"345, Phố Bùi Xương Trạch, Phường Định Công, Thành phố Hà Nội, 11718",20,4.2,convenience,20.9833169,105.8209368
"Kẹo, Thịt hộp, Cốc nhựa, Dao cạo râu, Kem đánh răng, Bánh bao mini, Bánh bao mini, Bánh snack, Mì gói, Bánh bao mini, Mì gói, Cốc nhựa, Khoai tây chiên, Dây sạc điện thoại, Bật lửa, Túi nylon, Thịt hộp, Bàn chải đánh răng, Khăn giấy, Găng tay nilon",WinMart+,Ha Noi,"Ngõ 58 Phố Trần Bình, Phường Từ Liêm, Thành phố Hà Nội, 10085",20,3.6,convenience,21.0347247,105.7779685
"Bút bi, Bóng đèn LED mini, Túi nylon, Sữa hộp, Khăn ướt, Cốc nhựa, Bánh quy, Dao cạo râu, Cà phê lon, Bật lửa, Găng tay nilon, Thịt hộp, Nước tăng lực, Nước tăng lực, Pin sạc, Gối cổ du lịch, Bánh mì sandwich, Mì ly",WinMart+,Ha Noi,"Ngõ 75 Đường Hồ Tùng Mậu, Phường Từ Liêm, Thành phố Hà Nội, 10085",15,4.4,convenience,21.0362261,105.7763731
"Bóng đèn LED mini, Pin AA, Dao cạo râu, Nước tăng lực, Khẩu trang y tế, Bánh bao mini, Bật lửa, Túi nylon, Kẹo, Bút bi, Dầu gội, Khẩu trang y tế, Nước ngọt, Bánh bao mini, Cà phê lon, Kẹo, Dầu gội, Khăn giấy, Gối cổ du lịch",WinMart+,Ha Noi,"Phố Nguyễn Hữu Liêu, Phường Xuân Đỉnh, Thành phố Hà Nội, 10264",10,3.8,convenience,21.064719299999997,105.7990585
"Chai nước, Dây sạc điện thoại, Sữa chua uống, Trà đóng chai, Xà phòng tắm, Gối cổ du lịch, Chai nước, Khăn ướt, Túi nylon, Bánh bao mini, Dây sạc điện thoại, Xà phòng tắm, Sổ tay nhỏ, Kẹo cao su, Khoai tây chiên, Khăn giấy, Nước tăng lực, Sổ tay nhỏ, Thịt hộp",WinMart+,Ha Noi,"Phố Dương Văn An, Phường Xuân Đỉnh, Thành phố Hà Nội, 10072",20,4.1,convenience,21.063903300000003,105.7967719
"Sữa chua uống, Túi nylon, Sổ tay nhỏ, Bóng đèn LED mini, Bút bi, Mì gói, Thịt hộp, Bánh bao mini, Sữa hộp, Muỗng nhựa, Cốc nhựa, Dao cạo râu, Bao rác, Bánh mì sandwich",WinMart+,Ha Noi,"268A, Phố Đội Cấn, Phường Ngọc Hà, Thành phố Hà Nội, 10071",20,4.3,convenience,21.037679999999998,105.8139085
"Thịt hộp, Bánh quy, Sữa hộp, Khẩu trang y tế, Bánh mì sandwich, Bánh snack, Nước tăng lực, Thịt hộp, Bút bi, Dây sạc điện thoại, Túi nylon, Thịt hộp, Nước ngọt, Trà đóng chai, Ô dù gấp, Nước ngọt, Khăn ướt, Dầu gội, Mì gói, Bàn chải đánh răng",WinMart+,Ha Noi,"492, Đường Xuân Đỉnh, Phường Xuân Đỉnh, Thành phố Hà Nội, 10264",10,3.6,convenience,21.074991000000004,105.7884742
"Bật lửa, Bật lửa, Bật lửa, Nước suối, Túi nylon, Lăn khử mùi, Bánh snack, Cốc nhựa, Bao rác, Bánh bao mini, Pin AA, Mì ly",WinMart+,Ha Noi,"191, Đường Xuân Đỉnh, Phường Xuân Đỉnh, Thành phố Hà Nội, 10264",15,4.2,convenience,21.071348999999998,105.7959189
"Kem đánh răng, Bút bi, Nước tăng lực, Bàn chải đánh răng, Nước ngọt, Kem đánh răng, Khoai tây chiên, Bàn chải đánh răng, Cà phê lon, Dao cạo râu, Kem đánh răng, Xà phòng tắm, Bật lửa, Sữa chua uống, Cà phê lon, Bao rác",WinMart+,Ha Noi,"Phố Dương Văn An, Phường Xuân Đỉnh, Thành phố Hà Nội, 10072",20,3.9,convenience,21.063750199999998,105.7948572
"Tượng đồng nhỏ, Tranh phong cảnh, Tượng kim loại, Tượng đất nung, Tranh sơn mài, Tranh nghệ thuật 3D, Tranh thư pháp, Tượng nhân vật cổ điển, Tượng nhỏ, Tranh, Tượng đá cẩm thạch, Tranh nghệ thuật dân gian, Tranh nghệ thuật dân gian, Tượng đồng nhỏ, Tranh trừu tượng, Tranh chân dung, Tranh nghệ thuật hiện đại, Tranh tường, Tranh trừu tượng, Tranh sơn dầu",Trần Huê Art Gallery,Ha Noi,"Phố Phùng Hưng, Phường Hoàn Kiếm, Thành phố Hà Nội, 10093",290,4.8,art,21.030578400000003,105.8446155
"Bánh bao mini, Mì ly, Bánh quy, Muỗng nhựa, Dây sạc điện thoại, Khoai tây chiên, Bánh snack, Sữa hộp, Kem đánh răng, Kem đánh răng, Ô dù gấp, Bút bi, Khoai tây chiên, Thịt hộp, Sữa hộp, Nước ngọt, Mì gói, Lăn khử mùi, Găng tay nilon, Muỗng nhựa",WinMart+,Ha Noi,"Ngõ 358 Phố Bùi Xương Trạch, Phường Khương Đình, Thành phố Hà Nội, 11718",20,4,convenience,20.9841648,105.8183597
"Cà phê hòa tan, Khay nhựa, Dầu gội, Son dưỡng môi, Đường, Chảo chống dính, Khăn giấy, Bơ thực vật, Nước rửa chén, Dầu gội, Dầu ăn, Khay nhựa, Sốt cà chua, Kem cạo râu",WinMart,Ha Noi,"Phố Lê Văn Thiêm, Phường Thanh Xuân, Thành phố Hà Nội, 10055",55,3.7,supermarket,21.000680799999994,105.8036339
"Bàn chải đánh răng, Túi nylon, Kẹo, Khăn ướt, Bàn chải đánh răng, Khăn giấy, Thịt hộp, Pin AA, Cốc nhựa, Khẩu trang y tế, Bao rác, Khoai tây chiên, Pin AA, Kẹo cao su, Nước tăng lực, Thịt hộp, Kem đánh răng, Pin AA, Mì ly, Ô dù gấp",WinMart+,Ha Noi,"Phố Tố Hữu, Phường Hà Đông, Thành phố Hà Nội, 10070",10,4,convenience,20.9852229,105.7770062
"Dầu gội, Mì ly, Khăn giấy, Mì ly, Bánh quy, Dầu gội, Cà phê lon, Bánh bao mini, Pin sạc, Cà phê lon, Thịt hộp, Kẹo, Nước suối, Bánh quy, Mì gói, Dây sạc điện thoại, Nước ngọt",WinMart+,Ha Noi,"35, Ngõ 381 Nguyễn Khang, Phường Cầu Giấy, Thành phố Hà Nội, 10198",20,3.6,convenience,21.0277305,105.7961695
"Găng tay nilon, Sổ tay nhỏ, Mì gói, Lăn khử mùi, Khăn ướt, Khoai tây chiên, Ô dù gấp, Bật lửa, Bánh mì sandwich, Khăn giấy, Chai nước, Lăn khử mùi, Nước suối, Khăn giấy, Pin AA, Nước ngọt",WinMart+,Ha Noi,"Đường Nguyễn Ngọc Vũ, Phường Yên Hòa, Thành phố Hà Nội, 11313",20,3.8,convenience,21.012756,105.8069535
"Bánh snack, Kẹo, Pin AA, Khẩu trang y tế, Bút bi, Dây sạc điện thoại, Kẹo cao su, Bánh snack, Muỗng nhựa, Khoai tây chiên, Túi nylon, Cà phê lon, Ô dù gấp, Bánh snack, Pin AA, Nước ngọt",WinMart+,Ha Noi,"80, Phố Kẻ Vẽ, Phường Đông Ngạc, Thành phố Hà Nội, 11909",10,3.5,convenience,21.088399200000005,105.7827765
"Lăn khử mùi, Cà phê lon, Pin AA, Kem đánh răng, Lăn khử mùi, Pin AA, Pin sạc, Bánh quy, Túi nylon, Khăn ướt, Ô dù gấp, Dao cạo râu, Muỗng nhựa, Cà phê lon, Bánh mì sandwich, Bút bi",WinMart+,Ha Noi,"272, Đường Thụy Phương, Phường Đông Ngạc, Thành phố Hà Nội, 11909",20,3.8,convenience,21.092857500000004,105.7777063
"Muỗng nhựa, Lăn khử mùi, Bàn chải đánh răng, Cà phê lon, Bao rác, Trà đóng chai, Bóng đèn LED mini, Sữa chua uống, Khẩu trang y tế, Dao cạo râu, Bánh bao mini, Gối cổ du lịch, Nước tăng lực, Mì ly, Trà đóng chai, Kem đánh răng",WinMart+,Ha Noi,"144, Phố Hoa Bằng, Phường Yên Hòa, Thành phố Hà Nội, 10036",20,3.8,convenience,21.024767,105.7948578
"Pin AA, Trà đóng chai, Sữa chua uống, Túi nylon, Pin sạc, Ô dù gấp, Túi nylon, Sữa hộp, Nước tăng lực, Cốc nhựa, Găng tay nilon, Kẹo, Bao rác, Ô dù gấp, Bóng đèn LED mini, Cốc nhựa, Bánh quy, Bóng đèn LED mini",WinMart+,Ha Noi,"5, Ngõ 32 An Dương, Phường Hồng Hà, Thành phố Hà Nội, 11117",20,4.4,convenience,21.051341499999996,105.84122
"Cốc nhựa, Nước tăng lực, Bánh mì sandwich, Xà phòng tắm, Nước ngọt, Chai nước, Sữa chua uống, Trà đóng chai, Bóng đèn LED mini, Pin sạc, Bánh quy, Khăn giấy, Kẹo cao su, Pin AA, Găng tay nilon",WinMart+,Ha Noi,"Đường Vũ Lăng, Xã Thanh Trì, Thành phố Hà Nội, 12506",15,3.6,convenience,20.940401700000002,105.8499747
"Son môi, Ví da, Son môi, Ba lô thời trang, Đầm công sở, Kem nền, Mỹ phẩm trang điểm, Máy sấy tóc, Ốp điện thoại, Áo khoác, Quần jean, Ba lô thời trang, Kính mát, Áo thun, Váy dạ hội, Bông tai, Quần short, Áo khoác",Dãy nhà thương mại LePARC (Trung tâm thương mại LePARC),Ha Noi,"Đường Đỗ Mười, Phường Yên Sở, Thành phố Hà Nội, 12506",250,3.9,mall,20.961847499999998,105.8594279
"Dao cạo râu, Cốc nhựa, Bóng đèn LED mini, Túi nylon, Trà đóng chai, Găng tay nilon, Bánh mì sandwich, Kem đánh răng, Túi nylon, Dao cạo râu, Trà đóng chai",WinMart+,Ha Noi,"Phố Nguyễn Huy Tưởng, Phường Thanh Xuân, Thành phố Hà Nội, 10055",10,3.9,convenience,20.9971366,105.8033791
"Kẹo, Bánh mì sandwich, Bánh bao mini, Kẹo cao su, Muỗng nhựa, Pin sạc, Túi nylon, Bánh snack, Bật lửa, Cốc nhựa, Kẹo",WinMart+,Ha Noi,"Phố Hạnh Hoa, Phường Hà Đông, Thành phố Hà Nội, 12100",20,4.4,convenience,20.962459,105.7936138
"Túi nylon, Dao cạo râu, Nước ngọt, Cà phê lon, Nước ngọt, Dầu gội, Bút bi, Khẩu trang y tế, Lăn khử mùi, Kẹo, Túi nylon, Dây sạc điện thoại, Muỗng nhựa, Gối cổ du lịch, Bóng đèn LED mini, Mì ly, Bao rác, Ô dù gấp, Khoai tây chiên, Trà đóng chai",WinMart+,Ha Noi,"Đường Tả Thanh Oai, Xã Đại Thanh, Thành phố Hà Nội, 10135",15,4.2,convenience,20.949859599999996,105.8083025
"Dầu gội, Nước tăng lực, Cốc nhựa, Khăn giấy, Gối cổ du lịch, Bàn chải đánh răng, Nước suối, Bánh bao mini, Khẩu trang y tế, Sữa chua uống, Khăn giấy, Bánh quy, Bánh snack, Bánh bao mini, Dao cạo râu, Gối cổ du lịch, Nước tăng lực, Chai nước, Khăn giấy, Pin sạc",WinMart+,Ha Noi,"Phố Dương Lâm, Phường Hà Đông, Thành phố Hà Nội, 12100",10,4.2,convenience,20.975568,105.7876704
"Bánh mì sandwich, Bút bi, Cà phê lon, Bánh bao mini, Xà phòng tắm, Xà phòng tắm, Khoai tây chiên, Nước ngọt, Bút bi, Khoai tây chiên, Bật lửa, Bánh bao mini, Túi nylon, Bút bi",WinMart+,Ha Noi,"Đường Lĩnh Nam, Phường Tương Mai, Thành phố Hà Nội, 11617",20,4.2,convenience,20.988928699999995,105.8650657
"Trà đóng chai, Dao cạo râu, Sữa hộp, Bánh mì sandwich, Chai nước, Pin AA, Bàn chải đánh răng, Sữa hộp, Cà phê lon, Cà phê lon, Dây sạc điện thoại, Xà phòng tắm, Pin AA, Dao cạo râu, Khẩu trang y tế, Khẩu trang y tế, Mì ly, Trà đóng chai, Dầu gội",WinMart+,Ha Noi,"Phố Minh Khai, Phường Vĩnh Tuy, Thành phố Hà Nội, 11622",10,3.8,convenience,20.999091499999995,105.8668668
"Lăn khử mùi, Bật lửa, Kem đánh răng, Kẹo cao su, Bánh quy, Cốc nhựa, Nước tăng lực, Khăn ướt, Sổ tay nhỏ, Kẹo cao su, Ô dù gấp, Muỗng nhựa, Dầu gội",WinMart+,Ha Noi,"Ngõ 72 Phố Dịch Vọng, Phường Cầu Giấy, Thành phố Hà Nội, 10141",20,4.5,convenience,21.0322979,105.7918877
"Găng tay nilon, Dầu gội, Khẩu trang y tế, Nước ngọt, Cà phê lon, Bật lửa, Khẩu trang y tế, Sữa hộp, Cà phê lon, Sổ tay nhỏ, Khăn ướt, Ô dù gấp, Bóng đèn LED mini, Bánh mì sandwich, Lăn khử mùi, Bóng đèn LED mini",WinMart+,Ha Noi,"18, Phố Hàng Than, Phường Ba Đình, Thành phố Hà Nội, 11009",15,3.7,convenience,21.0417671,105.8472027
"Cốc nhựa, Kẹo, Gối cổ du lịch, Kẹo, Thịt hộp, Bóng đèn LED mini, Muỗng nhựa, Bật lửa, Nước suối, Thịt hộp, Xà phòng tắm, Sữa hộp, Pin AA, Túi nylon, Pin sạc, Mì gói, Nước ngọt",WinMart+,Ha Noi,"Phố Thành Công, Phường Giảng Võ, Thành phố Hà Nội, 10167",10,4,convenience,21.020438299999995,105.8126308
"Gối cổ du lịch, Khẩu trang y tế, Bao rác, Khăn ướt, Dao cạo râu, Kẹo cao su, Bàn chải đánh răng, Nước ngọt, Cà phê lon, Kẹo cao su, Bánh snack",WinMart+,Ha Noi,"Ngõ 68 Đường Cầu Giấy, Phường Nghĩa Đô, Thành phố Hà Nội, 10198",20,4.4,convenience,21.0318019,105.8012323
"Ô dù gấp, Pin sạc, Nước tăng lực, Pin sạc, Mì ly, Bóng đèn LED mini, Dao cạo râu, Cốc nhựa, Bóng đèn LED mini, Lăn khử mùi, Dao cạo râu, Bao rác, Bao rác, Xà phòng tắm, Muỗng nhựa",WinMart+,Ha Noi,"462, Đường Ngô Gia Tự, Phường Việt Hưng, Thành phố Hà Nội, 11810",20,4.5,convenience,21.0716062,105.9040753
"Muỗng nhựa, Bút bi, Khăn giấy, Thịt hộp, Mì ly, Khăn giấy, Bánh bao mini, Kẹo cao su, Kẹo, Bàn chải đánh răng, Pin AA",WinMart+,Ha Noi,"41, Phố Long Biên 1, Phường Bồ Đề, Thành phố Hà Nội, 11008",20,4.1,convenience,21.045905499999996,105.86765180000002
"Xà phòng tắm, Dầu gội, Cà phê lon, Bật lửa, Mì gói, Trà đóng chai, Dao cạo râu, Bánh bao mini, Trà đóng chai, Nước ngọt, Trà đóng chai, Nước ngọt, Bánh bao mini",Circle K,Ha Noi,"25, Phố Thái Phiên, Phường Hai Bà Trưng, Thành phố Hà Nội, 10058",10,4.1,convenience,21.010463499999993,105.8501706
"Tượng đất nung, Tranh giấy cuộn, Mô hình nghệ thuật, Tượng đất nung, Tranh acrylic, Tranh chân dung, Tranh trừu tượng, Tượng đồng nhỏ, Tranh sơn mài, Tượng nhân vật cổ điển, Tượng gỗ, Tượng gỗ, Tranh nghệ thuật 3D",XQ Art House,Ha Noi,"138, Phố Huế, Phường Hai Bà Trưng, Thành phố Hà Nội, 10185",160,4.6,art,21.015617899999995,105.8512751
"Sốt cà chua, Nước trái cây, Rau củ quả, Bột mì, Muối, Rau củ quả, Cà phê hòa tan, Muỗng nĩa, Sữa chua, Bơ thực vật, Ly thủy tinh, Bột giặt, Sữa tươi, Túi đựng rác",ShikiMart,Ha Noi,"116, Phố Huế, Phường Hai Bà Trưng, Thành phố Hà Nội, 10185",90,4.5,supermarket,21.0161962,105.8512238
"Móc khóa đôi, Bình hoa nhỏ, Khăn lụa, Tượng nhỏ, Cốc đôi, Cốc đôi, Bánh handmade, Khung ảnh LED, Ly in hình, Bình giữ nhiệt, Tranh mini, Bưu thiếp",Moji,Ha Noi,"81, Phố Bà Triệu, Phường Hai Bà Trưng, Thành phố Hà Nội, 10185",280,4.9,gift,21.0182701,105.8494932
"Nước tăng lực, Kem đánh răng, Chai nước, Khăn ướt, Gối cổ du lịch, Sữa chua uống, Khăn giấy, Bánh quy, Trà đóng chai, Gối cổ du lịch, Dầu gội, Trà đóng chai, Khăn ướt, Thịt hộp, Kem đánh răng, Bóng đèn LED mini",WinMart+,Ha Noi,"639, Phố Vũ Tông Phan, Phường Khương Đình, Thành phố Hà Nội, 11718",10,3.6,convenience,20.982559099999996,105.8166583
"Sữa hộp, Khăn ướt, Bánh mì sandwich, Thịt hộp, Mì ly, Dao cạo râu, Bao rác, Cốc nhựa, Pin AA, Mì ly",WinMart+,Ha Noi,"Ngõ 38 Xuân La, Phường Xuân Đỉnh, Thành phố Hà Nội, 10206",10,4.3,convenience,21.0691347,105.80503070000002
"Pin AA, Khẩu trang y tế, Lăn khử mùi, Bánh bao mini, Bóng đèn LED mini, Sữa hộp, Sữa hộp, Dây sạc điện thoại, Kẹo, Bánh snack, Bàn chải đánh răng, Khăn giấy, Túi nylon, Cốc nhựa",WinMart+,Ha Noi,"Phố Văn La, Phường Kiến Hưng, Thành phố Hà Nội, 10189",10,3.9,convenience,20.957486099999997,105.7638412
"Khẩu trang y tế, Bánh bao mini, Bánh mì sandwich, Cà phê lon, Kem đánh răng, Nước tăng lực, Cốc nhựa, Găng tay nilon, Dây sạc điện thoại, Nước ngọt, Xà phòng tắm, Pin sạc, Cốc nhựa, Kẹo, Kem đánh răng",WinMart+,Ha Noi,"291, Đường Xuân Phương, Phường Xuân Phương, Xã Sơn Đồng, Thành phố Hà Nội, 34000",20,3.9,convenience,21.0330226,105.7389789
"Dây sạc điện thoại, Dây sạc điện thoại, Sữa chua uống, Xà phòng tắm, Kẹo, Cốc nhựa, Khẩu trang y tế, Khẩu trang y tế, Dao cạo râu, Dầu gội, Bánh quy, Khăn giấy, Cốc nhựa, Gối cổ du lịch, Sữa hộp, Bóng đèn LED mini, Kẹo cao su",WinMart+,Ha Noi,"Đường vành đai 3.5, Xã Sơn Đồng, Thành phố Hà Nội, 34000",15,4.1,convenience,21.0413132,105.726647
"Bàn chải đánh răng, Trà đóng chai, Sổ tay nhỏ, Muỗng nhựa, Cốc nhựa, Khăn giấy, Bao rác, Pin AA, Chai nước, Bóng đèn LED mini, Dao cạo râu, Khẩu trang y tế",WinMart+,Ha Noi,"Ngõ 64 Phố Lưu Hữu Phước, Phường Từ Liêm, Thành phố Hà Nội, 10085",15,4,convenience,21.0326726,105.7641021
"Bao rác, Xà phòng tắm, Bóng đèn LED mini, Kem đánh răng, Găng tay nilon, Túi nylon, Bật lửa, Túi nylon, Pin AA, Ô dù gấp, Kẹo cao su, Bút bi, Cà phê lon, Sổ tay nhỏ, Sổ tay nhỏ",WinMart+,Ha Noi,"Ngõ 187 Đường Nguyễn Tuân, Phường Thanh Xuân, Thành phố Hà Nội, 10055",15,3.7,convenience,21.000058800000005,105.79963660000001
"Nước xả vải, Bơ thực vật, Ngũ cốc ăn sáng, Dầu gội, Khay nhựa, Khăn giấy, Dầu ăn, Bột giặt, Muỗng nĩa, Nước rửa chén, Muỗng nĩa, Bột giặt, Rau củ quả, Muối, Khẩu trang y tế, Mì gói, Son dưỡng môi",WinMart,Ha Noi,"Đường Vạn Xuân, Xã Hoài Đức, Thành phố Hà Nội, 34000",110,3.7,supermarket,21.074047299999993,105.7009532
"Chai nước, Ô dù gấp, Khăn giấy, Khăn ướt, Cà phê lon, Kẹo, Nước ngọt, Nước ngọt, Sữa chua uống, Mì ly, Bánh bao mini, Bánh snack, Cốc nhựa, Xà phòng tắm, Khăn ướt, Bật lửa, Mì gói",WinMart+,Ha Noi,"102, Phố Hoàng Ngọc Phách, Phường Láng, Thành phố Hà Nội, 10167",10,3.9,convenience,21.015756599999992,105.81198480000002
"Chai nước, Trà đóng chai, Pin AA, Bánh snack, Sữa chua uống, Pin AA, Bao rác, Dây sạc điện thoại, Pin AA, Kem đánh răng, Bánh snack, Bút bi",WinMart+,Ha Noi,"77, Phố Bùi Xương Trạch, Phường Khương Đình, Thành phố Hà Nội, 11718",20,4.3,convenience,20.990418300000005,105.8176043
"Xà phòng tắm, Pin sạc, Lăn khử mùi, Nước tăng lực, Kem đánh răng, Mì ly, Sữa chua uống, Bật lửa, Bóng đèn LED mini, Khăn giấy, Thịt hộp, Bút bi, Bút bi",WinMart+,Ha Noi,"347, Phố Vũ Tông Phan, Phường Khương Đình, Thành phố Hà Nội, 11718",15,4.3,convenience,20.9913859,105.8139845
"Gối cổ du lịch, Mì ly, Nước tăng lực, Kẹo cao su, Bóng đèn LED mini, Bánh mì sandwich, Túi nylon, Bật lửa, Pin AA, Nước tăng lực, Sổ tay nhỏ, Sổ tay nhỏ, Bánh bao mini, Khăn ướt, Mì gói, Dao cạo râu, Pin AA, Găng tay nilon",WinMart+,Ha Noi,"102, Phố Hoàng Đạo Thành, Phường Khương Đình, Thành phố Hà Nội, 10135",10,3.6,convenience,20.9834559,105.8143474
"Xà phòng tắm, Bao rác, Cốc nhựa, Thịt hộp, Khăn giấy, Bánh quy, Khoai tây chiên, Muỗng nhựa, Kem đánh răng, Găng tay nilon, Bao rác, Dây sạc điện thoại, Sữa chua uống",WinMart+,Ha Noi,"97, Ngõ 168 Kim Giang, Phường Định Công, Thành phố Hà Nội, 10135",10,3.9,convenience,20.9791093,105.8158356
"Dầu gội, Nước lau sàn, Nước tương, Nước rửa chén, Kem cạo râu, Cá hộp, Giấy vệ sinh, Nước tương, Túi đựng rác, Đường, Nước trái cây",WinMart,Ha Noi,"99A, Phố Võ Thị Sáu, Phường Bạch Mai, Thành phố Hà Nội, 10053",200,3.7,supermarket,21.003495899999997,105.85506890000002
"Khẩu trang y tế, Xà phòng tắm, Túi nylon, Thịt hộp, Ô dù gấp, Mì ly, Chai nước, Nước ngọt, Bao rác, Xà phòng tắm, Lăn khử mùi, Kẹo cao su, Khẩu trang y tế, Bao rác, Khăn ướt, Bàn chải đánh răng, Bật lửa, Cốc nhựa",WinMart+,Ha Noi,"20, Đường Tam Trinh, Phường Tương Mai, Thành phố Hà Nội, 11617",20,4.3,convenience,20.9934437,105.8621648
"Bóng đèn LED mini, Kẹo, Sổ tay nhỏ, Cà phê lon, Bóng đèn LED mini, Nước suối, Bánh snack, Dầu gội, Trà đóng chai, Khoai tây chiên, Xà phòng tắm, Trà đóng chai, Xà phòng tắm, Bật lửa, Khăn ướt, Lăn khử mùi, Bao rác",WinMart+,Ha Noi,"353, Phố Nam Dư, Phường Hoàng Mai, Thành phố Hà Nội, 11622",20,4,convenience,20.978945500000002,105.8863593
"Dây sạc điện thoại, Bàn chải đánh răng, Nước ngọt, Dây sạc điện thoại, Pin sạc, Nước ngọt, Muỗng nhựa, Kẹo cao su, Khăn ướt, Sữa chua uống, Thịt hộp, Xà phòng tắm",WinMart+,Ha Noi,"48, Ngõ 467 Lĩnh Nam, Phường Vĩnh Hưng, Thành phố Hà Nội, 11622",15,4.4,convenience,20.9824994,105.8819225
"Nước suối, Pin AA, Khẩu trang y tế, Khẩu trang y tế, Lăn khử mùi, Găng tay nilon, Ô dù gấp, Khẩu trang y tế, Kem đánh răng, Bật lửa, Sữa chua uống, Muỗng nhựa, Muỗng nhựa, Bật lửa, Dây sạc điện thoại, Bánh snack, Bánh quy",WinMart+,Ha Noi,"44, Đường Phúc Diễn, Phường Xuân Phương, Thành phố Hà Nội, 10085",15,4.2,convenience,21.040745199999996,105.7604059
"Sữa chua uống, Bóng đèn LED mini, Nước suối, Khẩu trang y tế, Sữa chua uống, Kẹo cao su, Bàn chải đánh răng, Bật lửa, Trà đóng chai, Mì gói, Dây sạc điện thoại, Kem đánh răng",WinMart+,Ha Noi,"Đường Số 1, Phường Phú Diễn, Thành phố Hà Nội, 10065",20,3.7,convenience,21.049896500000003,105.7773402
"Chai nước, Kem đánh răng, Bật lửa, Găng tay nilon, Túi nylon, Khoai tây chiên, Găng tay nilon, Kem đánh răng, Cà phê lon, Khoai tây chiên",WinMart+,Ha Noi,"Đường Số 11, Phường Phú Diễn, Thành phố Hà Nội, 10065",15,4,convenience,21.051193499999997,105.7777131
"Dầu gội, Túi nylon, Gối cổ du lịch, Nước suối, Sữa chua uống, Thịt hộp, Pin sạc, Thịt hộp, Pin sạc, Pin AA",WinMart+,Ha Noi,"Ngõ 5 Khúc Thủy, Xã Bình Minh, Thành phố Hà Nội, 12100",15,4.1,convenience,20.933626700000005,105.7916121
"Bánh quy, Găng tay nilon, Túi nylon, Khăn giấy, Xà phòng tắm, Khẩu trang y tế, Nước suối, Pin AA, Kẹo cao su, Nước suối, Thịt hộp",WinMart+,Ha Noi,"Đường trục phía Nam, Xã Bình Minh, Thành phố Hà Nội, 10189",10,4.1,convenience,20.936255499999998,105.7862463
"Pin sạc, Bánh mì sandwich, Bàn chải đánh răng, Bút bi, Túi nylon, Sữa hộp, Bao rác, Khăn giấy, Dao cạo râu, Nước tăng lực",WinMart+,Ha Noi,"Phố Hoàng Công, Phường Kiến Hưng, Hữu Hòa, Thành phố Hà Nội, 12100",10,4.1,convenience,20.951062799999995,105.7920534
"Pin AA, Gối cổ du lịch, Bao rác, Kẹo, Bánh mì sandwich, Sữa hộp, Lăn khử mùi, Chai nước, Dây sạc điện thoại, Lăn khử mùi, Xà phòng tắm, Pin sạc, Khẩu trang y tế, Kem đánh răng, Sữa hộp, Kẹo, Bánh mì sandwich, Bánh bao mini, Sữa chua uống",WinMart+,Ha Noi,"94, Quốc lộ 21B, Xã Thanh Oai, Thành phố Hà Nội, 10000",20,4.4,convenience,20.854428699999996,105.7675614
"Bàn chải đánh răng, Trà đóng chai, Dầu gội, Khăn ướt, Khăn giấy, Bánh bao mini, Pin AA, Kem đánh răng, Dầu gội, Nước tăng lực, Bánh snack, Mì ly",WinMart+,Ha Noi,"Đường Vĩnh Khang, Xã Ngọc Hồi, Thành phố Hà Nội, 12506",15,4,convenience,20.923503199999992,105.8429113
"Khẩu trang y tế, Cà phê lon, Trà đóng chai, Găng tay nilon, Bánh mì sandwich, Mì ly, Pin sạc, Nước ngọt, Bánh snack, Dao cạo râu, Mì gói, Mì gói, Nước tăng lực, Cà phê lon, Kẹo, Chai nước, Kẹo cao su, Chai nước, Mì gói",WinMart+,Ha Noi,"33, Phố Mạc Thái Tổ, Phường Yên Hòa, Thành phố Hà Nội, 10037",15,3.5,convenience,21.0176873,105.7908308
"Bánh bao mini, Kem đánh răng, Pin AA, Bánh quy, Bánh mì sandwich, Gối cổ du lịch, Pin sạc, Bóng đèn LED mini, Pin sạc, Khăn giấy, Bánh mì sandwich, Khăn giấy, Sổ tay nhỏ, Cốc nhựa, Bánh mì sandwich, Xà phòng tắm, Bao rác",WinMart+,Ha Noi,"373, Đường Nguyễn Khang, Phường Cầu Giấy, Thành phố Hà Nội, 10198",15,3.9,convenience,21.0265654,105.7978462
"Ô dù gấp, Cà phê lon, Sữa chua uống, Dây sạc điện thoại, Bánh bao mini, Sữa chua uống, Pin AA, Sữa hộp, Dầu gội, Mì ly, Túi nylon, Thịt hộp",WinMart+,Ha Noi,"Đường nội bộ, Phường Bồ Đề, Thành phố Hà Nội, 11810",15,3.7,convenience,21.055720899999997,105.8833464
"Xà phòng tắm, Mì ly, Bánh mì sandwich, Sổ tay nhỏ, Kẹo, Kẹo cao su, Trà đóng chai, Bao rác, Kem đánh răng, Bật lửa, Nước ngọt, Sổ tay nhỏ",WinMart+,Ha Noi,"Ngõ 106 Hoàng Quốc Việt, Phường Nghĩa Đô, Thành phố Hà Nội, 10065",15,3.6,convenience,21.0514791,105.7924641
"Muỗng nhựa, Kẹo, Ô dù gấp, Bao rác, Kẹo, Nước suối, Pin sạc, Lăn khử mùi, Bật lửa, Pin AA, Sữa hộp, Bút bi, Nước ngọt, Dao cạo râu",WinMart+,Ha Noi,"Ngõ 259 Phố Yên Hòa, Phường Yên Hòa, Thành phố Hà Nội, 10079",10,3.6,convenience,21.0216621,105.7920811
"Khẩu trang y tế, Bật lửa, Bánh snack, Ô dù gấp, Kẹo cao su, Bóng đèn LED mini, Kẹo, Nước suối, Nước ngọt, Sữa chua uống, Xà phòng tắm, Xà phòng tắm, Dao cạo râu, Pin AA, Bánh quy, Mì ly, Bóng đèn LED mini, Gối cổ du lịch, Xà phòng tắm, Kem đánh răng",WinMart+,Ha Noi,"Ngõ 124 Phố Vĩnh Tuy, Phường Vĩnh Hưng, Thành phố Hà Nội, 11622",10,3.7,convenience,21.001327,105.8757167
"Pin sạc, Sổ tay nhỏ, Bánh snack, Nước tăng lực, Gối cổ du lịch, Dao cạo râu, Mì gói, Nước ngọt, Ô dù gấp, Túi nylon, Bánh snack, Dao cạo râu, Mì ly, Cốc nhựa, Muỗng nhựa, Dây sạc điện thoại, Kẹo, Cà phê lon",WinMart+,Ha Noi,"Thôn Thượng, Đường Nguyễn Trực, Xã Bình Minh, Thành phố Hà Nội",10,3.8,convenience,20.9196304,105.75880050000002
"Sữa chua uống, Găng tay nilon, Bật lửa, Mì ly, Bao rác, Gối cổ du lịch, Chai nước, Cốc nhựa, Chai nước, Muỗng nhựa, Cà phê lon",WinMart+,Ha Noi,"543, Quốc lộ 21B, Xã Bình Minh, Thành phố Hà Nội",15,3.7,convenience,20.909681099999997,105.7607809
"Kẹo, Chai nước, Kem đánh răng, Trà đóng chai, Lăn khử mùi, Nước tăng lực, Nước ngọt, Khăn ướt, Kẹo, Bút bi, Mì gói, Bao rác, Sữa chua uống, Bóng đèn LED mini, Khăn ướt, Nước ngọt",WinMart+,Ha Noi,"174, Ngõ 10 Thôn Cầu, Xã Bình Minh, Thành phố Hà Nội, 10189",10,4.4,convenience,20.920826599999998,105.7796743
"Trà đóng chai, Cà phê lon, Xà phòng tắm, Thịt hộp, Muỗng nhựa, Dầu gội, Muỗng nhựa, Ô dù gấp, Bút bi, Ô dù gấp, Sổ tay nhỏ, Nước suối, Xà phòng tắm",WinMart+,Ha Noi,"116, Đường Tây Tựu, Phường Tây Tựu, Thành phố Hà Nội, 34000",10,3.7,convenience,21.0731723,105.7286564
"Bật lửa, Mì gói, Cà phê lon, Lăn khử mùi, Nước tăng lực, Nước ngọt, Mì ly, Xà phòng tắm, Nước ngọt, Ô dù gấp, Mì ly, Bao rác, Bật lửa, Bao rác, Muỗng nhựa, Xà phòng tắm, Bánh mì sandwich, Bánh quy, Nước suối",WinMart+,Ha Noi,"70, Đường Lê Trọng Tấn, Phường Hà Đông, Thành phố Hà Nội, 10189",20,3.9,convenience,20.963885900000005,105.7625424
"Xà phòng tắm, Mì gói, Bàn chải đánh răng, Khẩu trang y tế, Kem đánh răng, Túi nylon, Lăn khử mùi, Bàn chải đánh răng, Dây sạc điện thoại, Khăn ướt, Bao rác, Muỗng nhựa, Găng tay nilon, Kẹo, Bật lửa, Dao cạo râu, Bút bi, Sổ tay nhỏ",WinMart+,Ha Noi,"Lê Quang Đạo kéo dài, Phường Đại Mỗ, Thành phố Hà Nội, 10070",10,3.6,convenience,20.983963200000005,105.7576667
"Sữa hộp, Ô dù gấp, Kẹo cao su, Bóng đèn LED mini, Pin sạc, Mì ly, Khẩu trang y tế, Trà đóng chai, Chai nước, Kẹo cao su, Trà đóng chai, Kẹo, Bàn chải đánh răng, Sữa chua uống, Nước ngọt",WinMart+,Ha Noi,"Khu Đô Thị Dương Nội, Phường Dương Nội, Thành phố Hà Nội, 10189",15,4,convenience,20.981103999999995,105.7525906
"Gối cổ du lịch, Bánh snack, Nước suối, Bánh snack, Trà đóng chai, Khẩu trang y tế, Cà phê lon, Sữa hộp, Sổ tay nhỏ, Pin AA, Nước suối, Dầu gội, Bao rác, Pin sạc, Bật lửa, Túi nylon",WinMart+,Ha Noi,"PL01-11, Phố Nguyễn Lam, Phường Phúc Lợi, Thành phố Hà Nội, 08443",10,3.9,convenience,21.039931499999998,105.90626040000001
"Lăn khử mùi, Chai nước, Sữa hộp, Nước ngọt, Cà phê lon, Bút bi, Bút bi, Bánh mì sandwich, Bánh quy, Bánh snack, Ô dù gấp, Muỗng nhựa, Gối cổ du lịch",WinMart+,Ha Noi,"Phố Lò Đúc, Phường Hai Bà Trưng, Thành phố Hà Nội, 10092",20,3.7,convenience,21.015316299999995,105.8572215
"Khăn ướt, Cốc nhựa, Kẹo cao su, Bánh quy, Mì gói, Sổ tay nhỏ, Sữa chua uống, Găng tay nilon, Kẹo cao su, Mì gói, Túi nylon, Trà đóng chai, Bàn chải đánh răng, Sữa hộp",WinMart+,Ha Noi,"131, Phố Ba La, Phú Lương, Phường Phú Lương, Thành phố Hà Nội, 10189",20,3.7,convenience,20.9530032,105.7573201
"Thịt hộp, Nước suối, Xà phòng tắm, Bao rác, Mì gói, Túi nylon, Xà phòng tắm, Khăn giấy, Sữa chua uống, Sổ tay nhỏ, Nước ngọt, Dầu gội, Trà đóng chai, Bàn chải đánh răng, Bao rác, Trà đóng chai, Khẩu trang y tế, Dây sạc điện thoại, Cốc nhựa",WinMart+,Ha Noi,"Ngõ 25 Phố Hồ Đắc Di, Phường Kim Liên, Thành phố Hà Nội, 10306",10,4.1,convenience,21.011305299999997,105.8292805
"Mì ly, Bánh quy, Bật lửa, Kẹo, Kẹo cao su, Nước tăng lực, Ô dù gấp, Nước tăng lực, Cà phê lon, Cà phê lon, Nước tăng lực, Pin AA, Pin AA, Khoai tây chiên, Pin sạc, Khoai tây chiên, Dây sạc điện thoại",WinMart+,Ha Noi,"284, Đường Tựu Liệt, Phường Hoàng Liệt, Thành phố Hà Nội, 12506",15,4.2,convenience,20.952963600000004,105.8338016
"Khăn ướt, Khoai tây chiên, Mì gói, Bánh mì sandwich, Thịt hộp, Trà đóng chai, Túi nylon, Muỗng nhựa, Khăn giấy, Bóng đèn LED mini, Kem đánh răng, Thịt hộp, Cốc nhựa, Dây sạc điện thoại, Mì ly, Muỗng nhựa",WinMart+,Ha Noi,"Đường Vũ Lăng, Xã Thanh Trì, Thành phố Hà Nội, 12506",10,3.6,convenience,20.937972799999997,105.8526424
"Nước ngọt, Nước tăng lực, Sổ tay nhỏ, Bút bi, Khoai tây chiên, Thịt hộp, Khẩu trang y tế, Lăn khử mùi, Ô dù gấp, Thịt hộp, Khoai tây chiên, Bánh mì sandwich, Sữa chua uống, Ô dù gấp, Cốc nhựa, Dao cạo râu, Mì ly, Dây sạc điện thoại",WinMart+,Ha Noi,"Đường 70 mới, Phường Tây Mỗ, Thành phố Hà Nội, 10070",10,4.5,convenience,20.991202199999996,105.755655
"Dao cạo râu, Găng tay nilon, Ô dù gấp, Nước ngọt, Khẩu trang y tế, Túi nylon, Pin AA, Dây sạc điện thoại, Cà phê lon, Nước tăng lực, Bánh snack, Nước suối, Pin AA, Bật lửa, Khăn ướt, Sổ tay nhỏ, Ô dù gấp, Bút bi, Kẹo",WinMart+,Ha Noi,"Phố Phú Xá, Phường Phú Thượng, Thành phố Hà Nội, 10206",15,4.2,convenience,21.0857688,105.81311520000001
"Nước tăng lực, Kẹo cao su, Thịt hộp, Pin AA, Bóng đèn LED mini, Kẹo cao su, Bật lửa, Bánh mì sandwich, Muỗng nhựa, Khăn giấy, Sữa chua uống, Dầu gội, Găng tay nilon, Lăn khử mùi, Mì ly, Túi nylon",WinMart+,Ha Noi,"207, Đường Lương Thế Vinh, Phường Đại Mỗ, Thành phố Hà Nội, 12011",10,4.2,convenience,20.991350499999996,105.7957217
"Mì ly, Khoai tây chiên, Trà đóng chai, Kem đánh răng, Mì gói, Muỗng nhựa, Bánh snack, Cà phê lon, Cà phê lon, Lăn khử mùi, Ô dù gấp, Mì gói, Bánh mì sandwich",WinMart+,Ha Noi,"Ngõ 73 Phố La Dương, Phường Dương Nội, La Phù, Thành phố Hà Nội, 10070",10,3.7,convenience,20.9917682,105.7394382
"Bánh bao mini, Khăn giấy, Sữa chua uống, Sổ tay nhỏ, Gối cổ du lịch, Nước tăng lực, Bàn chải đánh răng, Bánh quy, Lăn khử mùi, Bánh mì sandwich, Bút bi, Chai nước",WinMart+,Ha Noi,"Thôn Ngãi Cầu, Đường Chùa Tổng, Xã An Khánh, Thành phố Hà Nội, 34000",15,4.5,convenience,20.9892723,105.7218332
"Bóng đèn LED mini, Nước suối, Cốc nhựa, Bút bi, Muỗng nhựa, Thịt hộp, Găng tay nilon, Thịt hộp, Nước tăng lực, Pin sạc, Kẹo",WinMart+,Ha Noi,"164, Đường Phương Quan, Xã An Khánh, Thành phố Hà Nội, 01234",15,4.5,convenience,20.981731700000005,105.6849965
"Sổ tay nhỏ, Xà phòng tắm, Ô dù gấp, Gối cổ du lịch, Ô dù gấp, Bàn chải đánh răng, Pin sạc, Túi nylon, Cốc nhựa, Dây sạc điện thoại, Lăn khử mùi, Ô dù gấp, Gối cổ du lịch, Kẹo, Găng tay nilon",WinMart+,Ha Noi,"Ngõ 495 Đường Nguyễn Trãi, Phường Thanh Liệt, Thành phố Hà Nội, 12011",20,4.1,convenience,20.9876923,105.7993478
"Khăn ướt, Bánh mì sandwich, Chai nước, Bánh mì sandwich, Xà phòng tắm, Dao cạo râu, Chai nước, Chai nước, Ô dù gấp, Bút bi, Nước tăng lực",7-Eleven,Ha Noi,"52, Phố Lò Sũ, Phường Hoàn Kiếm, Thành phố Hà Nội, 10147",15,3.6,convenience,21.03143259999999,105.85428
"Gối cổ du lịch, Dây sạc điện thoại, Kẹo cao su, Chai nước, Pin sạc, Sữa chua uống, Khăn ướt, Kẹo, Nước tăng lực, Chai nước, Bàn chải đánh răng, Bánh snack, Túi nylon, Túi nylon, Kẹo cao su, Cà phê lon, Bánh bao mini, Mì gói, Túi nylon",WinMart+,Ha Noi,"48, Phố Bích Câu, Phường Ô Chợ Dừa, Thành phố Hà Nội, 10081",15,3.5,convenience,21.027039799999997,105.8320122
"Dây sạc điện thoại, Kem đánh răng, Dao cạo râu, Bao rác, Cà phê lon, Nước tăng lực, Bánh bao mini, Nước ngọt, Nước tăng lực, Khăn giấy, Kẹo, Sữa chua uống, Bút bi, Ô dù gấp, Sữa hộp, Kem đánh răng, Chai nước, Nước ngọt",WinMart+,Ha Noi,"Ngõ 29 Phố Dịch Vọng, Phường Cầu Giấy, Thành phố Hà Nội, 10141",10,4.1,convenience,21.033237899999996,105.7938025
"Mì ly, Trà đóng chai, Lăn khử mùi, Khăn giấy, Nước suối, Khoai tây chiên, Bật lửa, Khoai tây chiên, Kem đánh răng, Sổ tay nhỏ, Bật lửa",WinMart+,Ha Noi,"Phố Tố Hữu, Phường Thanh Xuân, Thành phố Hà Nội, 12011",10,3.5,convenience,20.998122400000007,105.7953306
"Túi nylon, Bánh bao mini, Bánh quy, Kẹo cao su, Chai nước, Sữa chua uống, Nước tăng lực, Cốc nhựa, Trà đóng chai, Khăn ướt",WinMart+,Ha Noi,"Phố Đoàn Văn Minh, Phường Việt Hưng, Thành phố Hà Nội, 08443",20,3.9,convenience,21.056189600000003,105.9128329
"Muỗng nhựa, Bóng đèn LED mini, Dao cạo râu, Khẩu trang y tế, Bánh snack, Túi nylon, Dây sạc điện thoại, Gối cổ du lịch, Khăn ướt, Túi nylon, Khăn ướt",WinMart+,Ha Noi,"Ngõ 565 Đường Bát Khối, Phường Long Biên, Thành phố Hà Nội, 08443",20,4.5,convenience,21.010529100000003,105.9091097
"Kem đánh răng, Túi nylon, Khăn giấy, Bánh bao mini, Dây sạc điện thoại, Bóng đèn LED mini, Bánh mì sandwich, Thịt hộp, Bao rác, Sữa hộp, Mì gói, Gối cổ du lịch, Xà phòng tắm, Trà đóng chai, Nước tăng lực, Ô dù gấp",WinMart+,Ha Noi,"200, Đường Hoàng Hoa Thám, Phường Tây Hồ, Thành phố Hà Nội, 10071",10,3.7,convenience,21.042206000000004,105.8191221
"Chai nước, Mì gói, Dao cạo râu, Pin AA, Bóng đèn LED mini, Bóng đèn LED mini, Bóng đèn LED mini, Dầu gội, Sữa chua uống, Ô dù gấp, Chai nước, Gối cổ du lịch, Nước tăng lực",WinMart+,Ha Noi,"Đường Phú Cường, Phú Lương, Phường Phú Lương, Thành phố Hà Nội, 10189",10,3.7,convenience,20.9376222,105.765622
"Ô dù gấp, Sữa hộp, Cà phê lon, Găng tay nilon, Mì ly, Cốc nhựa, Pin sạc, Kẹo cao su, Pin sạc, Ô dù gấp, Bánh mì sandwich, Kẹo cao su, Dầu gội",WinMart+,Ha Noi,"Hoàng Thành Villas, KDT Mỗ Lao, Phường Đại Mỗ, Thành phố Hà Nội, 12011",20,4.4,convenience,20.98781569999999,105.7847514
"Bánh mì sandwich, Găng tay nilon, Khẩu trang y tế, Kẹo, Khăn ướt, Xà phòng tắm, Sữa hộp, Kẹo cao su, Nước tăng lực, Bánh quy, Ô dù gấp, Cốc nhựa, Nước suối, Nước ngọt, Cốc nhựa, Bàn chải đánh răng, Mì gói",WinMart+,Ha Noi,"80, Phố Trần Quốc Vượng, Phường Cầu Giấy, Thành phố Hà Nội, 10085",10,4.3,convenience,21.0343404,105.7833396
"Bao rác, Khăn ướt, Bánh quy, Bánh mì sandwich, Khăn ướt, Sữa chua uống, Khăn ướt, Bóng đèn LED mini, Bánh bao mini, Dao cạo râu, Bánh mì sandwich, Ô dù gấp, Kẹo, Sổ tay nhỏ, Muỗng nhựa, Khăn ướt",WinMart+,Ha Noi,"77, Phố Trần Quốc Vượng, Phường Cầu Giấy, Thành phố Hà Nội, 10085",10,4.4,convenience,21.034799899999996,105.7848593
"Lăn khử mùi, Găng tay nilon, Găng tay nilon, Bật lửa, Xà phòng tắm, Khăn ướt, Khăn giấy, Mì gói, Bật lửa, Sổ tay nhỏ, Muỗng nhựa, Dầu gội, Nước tăng lực, Xà phòng tắm, Bánh quy, Cốc nhựa, Dây sạc điện thoại",Circle K,Ha Noi,"Phố Lương Định Của, Phường Kim Liên, Thành phố Hà Nội, 11415",10,4.1,convenience,21.006330199999997,105.8356604
"Xà phòng tắm, Bao rác, Kem đánh răng, Dầu gội, Kem đánh răng, Ô dù gấp, Bánh bao mini, Mì gói, Bàn chải đánh răng, Nước ngọt, Nước tăng lực, Bánh mì sandwich, Mì gói, Dao cạo râu, Khoai tây chiên",WinMart+,Ha Noi,"23, Ngõ 136 Đường Cầu Diễn, Phường Tây Tựu, Thành phố Hà Nội, 34000",20,4.4,convenience,21.050249100000002,105.7421228
"Muỗng nhựa, Bàn chải đánh răng, Xà phòng tắm, Dao cạo râu, Dao cạo râu, Muỗng nhựa, Dầu gội, Bóng đèn LED mini, Sữa hộp, Dây sạc điện thoại, Xà phòng tắm, Bút bi, Kẹo cao su, Bàn chải đánh răng, Bút bi, Bật lửa, Muỗng nhựa",WinMart+,Ha Noi,"116, Đường Cầu Diễn, Phường Phú Diễn, Thành phố Hà Nội, 34000",20,4.4,convenience,21.0478769,105.7455148
"Kẹo, Bóng đèn LED mini, Nước ngọt, Cà phê lon, Chai nước, Găng tay nilon, Bóng đèn LED mini, Sữa hộp, Kẹo cao su, Sổ tay nhỏ, Gối cổ du lịch, Dây sạc điện thoại, Lăn khử mùi, Khăn ướt, Cà phê lon, Kẹo",WinMart+,Ha Noi,"Đường Tân Lập, Xã Ô Diên, Thành phố Hà Nội, 34000",15,3.6,convenience,21.080088,105.7098201
"Kẹo, Mì ly, Cà phê lon, Trà đóng chai, Bánh snack, Bao rác, Khăn giấy, Kẹo, Khoai tây chiên, Dao cạo râu, Kẹo, Bàn chải đánh răng, Sữa hộp, Sữa chua uống, Gối cổ du lịch, Trà đóng chai, Kem đánh răng, Kẹo",WinMart+,Ha Noi,"174-176, Đường Hạ Hội, Xã Ô Diên, Thành phố Hà Nội, 34000",10,3.6,convenience,21.083268399999998,105.7136631
"Son dưỡng môi, Bông tẩy trang, Ngũ cốc ăn sáng, Giấy bọc thực phẩm, Kem dưỡng da, Dao bếp, Dầu ăn, Dầu ăn, Snack, Bàn chải, Chảo chống dính, Trà túi lọc, Muỗng nĩa",WinMart,Ha Noi,"188, Đường Vạn Xuân, Xã Đan Phượng, Thành phố Hà Nội",105,3.9,supermarket,21.083622600000005,105.6724653
"Gối cổ du lịch, Kẹo cao su, Nước suối, Bóng đèn LED mini, Bút bi, Mì gói, Bánh mì sandwich, Dao cạo râu, Dao cạo râu, Mì gói, Găng tay nilon, Cốc nhựa, Dây sạc điện thoại, Bật lửa",WinMart+,Ha Noi,"41, Đường Nguyễn Ngọc Vũ, Phường Thanh Xuân, Thành phố Hà Nội, 10167",10,3.7,convenience,21.009397900000003,105.8119053
"Gối cổ du lịch, Khoai tây chiên, Nước tăng lực, Cà phê lon, Dầu gội, Bánh bao mini, Mì ly, Xà phòng tắm, Dầu gội, Bánh quy, Dao cạo râu, Túi nylon, Khoai tây chiên, Bao rác",WinMart+,Ha Noi,"Phố Trần Quốc Hoàn, Phường Nghĩa Đô, Thành phố Hà Nội, 10179",10,4.3,convenience,21.0415071,105.7884817
"Khăn giấy, Kẹo, Sữa chua uống, Gối cổ du lịch, Khoai tây chiên, Bút bi, Sổ tay nhỏ, Bật lửa, Bánh bao mini, Chai nước",WinMart+,Ha Noi,"Phố Nguyễn Công Trứ, Phường Hai Bà Trưng, Thành phố Hà Nội, 10078",20,4.3,convenience,21.013793599999996,105.8544379
"Nước tăng lực, Bóng đèn LED mini, Túi nylon, Bàn chải đánh răng, Lăn khử mùi, Kẹo, Mì ly, Pin sạc, Sữa hộp, Kẹo, Khăn giấy, Trà đóng chai",WinMart+,Ha Noi,"Đường Anh Dũng, Xã Vĩnh Thanh, Thành phố Hà Nội, 11909",15,4.3,convenience,21.113205099999995,105.7891025
"Bóng đèn LED mini, Bút bi, Nước ngọt, Ô dù gấp, Bao rác, Bàn chải đánh răng, Bánh bao mini, Bánh bao mini, Xà phòng tắm, Sổ tay nhỏ",WinMart+,Ha Noi,"Đường 23B, Xã Vĩnh Thanh, Thành phố Hà Nội, 11909",15,3.5,convenience,21.109674700000003,105.7895001
"Kẹo, Nước ngọt, Cốc nhựa, Bánh snack, Găng tay nilon, Bao rác, Ô dù gấp, Thịt hộp, Bật lửa, Thịt hộp",WinMart+,Ha Noi,"Phố Quỳnh Mai, Phường Bạch Mai, Thành phố Hà Nội, 11617",20,3.7,convenience,21.0011228,105.859495
"Mì ly, Bánh quy, Bánh snack, Bút bi, Pin AA, Muỗng nhựa, Chai nước, Bánh snack, Bánh snack, Khoai tây chiên",WinMart+,Ha Noi,"Ngõ 67 Đường Phùng Khoang, Phường Đại Mỗ, Thành phố Hà Nội, 12011",20,4.2,convenience,20.9868711,105.7919659
"Mì ly, Cà phê lon, Dao cạo râu, Bàn chải đánh răng, Bàn chải đánh răng, Kẹo cao su, Mì ly, Kem đánh răng, Bánh mì sandwich, Bóng đèn LED mini, Khăn giấy, Mì gói, Dây sạc điện thoại, Trà đóng chai, Găng tay nilon, Khoai tây chiên",WinMart+,Ha Noi,"Đại Việt 4, Phường Tây Mỗ, Thành phố Hà Nội, 10070",20,4,convenience,21.001145900000004,105.7387146
"Sổ tay nhỏ, Nước tăng lực, Dây sạc điện thoại, Bánh snack, Nước ngọt, Sữa hộp, Trà đóng chai, Dao cạo râu, Bánh snack, Mì gói, Lăn khử mùi, Khoai tây chiên, Trà đóng chai, Cà phê lon, Pin sạc, Bánh quy, Bao rác, Chai nước",WinMart+,Ha Noi,"Phố Tôn Quang Phiệt, Phường Nghĩa Đô, Thành phố Hà Nội, 10065",20,3.9,convenience,21.050614999999997,105.7854051
"Nước ngọt, Mì gói, Khăn giấy, Nước tăng lực, Gối cổ du lịch, Túi nylon, Pin sạc, Khoai tây chiên, Nước tăng lực, Mì gói, Bao rác, Bật lửa, Khăn ướt, Túi nylon, Pin AA, Chai nước",WinMart+,Ha Noi,"Ngõ 323 Đường Xuân Đỉnh, Phường Xuân Đỉnh, Thành phố Hà Nội, 10264",10,4,convenience,21.0700274,105.79151390000001
"Bóng đèn LED mini, Bao rác, Nước ngọt, Dầu gội, Trà đóng chai, Bật lửa, Khoai tây chiên, Muỗng nhựa, Cốc nhựa, Khẩu trang y tế, Bật lửa, Kẹo cao su, Kem đánh răng, Nước tăng lực, Sữa chua uống, Bánh bao mini",WinMart+,Ha Noi,"16, Ngõ 80 Phố Chùa Láng, Phường Láng, Thành phố Hà Nội, 10298",20,3.8,convenience,21.025465000000004,105.8069556
"Khoai tây chiên, Túi nylon, Nước tăng lực, Chai nước, Dây sạc điện thoại, Sữa chua uống, Khẩu trang y tế, Ô dù gấp, Cà phê lon, Túi nylon, Bàn chải đánh răng, Bao rác, Nước ngọt, Bật lửa, Găng tay nilon, Cốc nhựa, Bánh quy, Kem đánh răng, Khẩu trang y tế",WinMart+,Ha Noi,"27, Phố Ngô Thì Nhậm, Phường Hai Bà Trưng, Thành phố Hà Nội, 10047",20,4.3,convenience,21.017236300000004,105.8530152
"Bút bi, Cà phê lon, Nước tăng lực, Pin sạc, Khoai tây chiên, Kẹo, Pin sạc, Lăn khử mùi, Thịt hộp, Mì ly, Khăn ướt, Sổ tay nhỏ, Mì ly, Muỗng nhựa, Trà đóng chai, Bánh mì sandwich",WinMart+,Ha Noi,"Ngách 15/2 An Dương Vương, Phường Phú Thượng, Thành phố Hà Nội, 10206",10,4,convenience,21.0865643,105.81434290000001
"Trà đóng chai, Bàn chải đánh răng, Cốc nhựa, Cốc nhựa, Pin sạc, Bàn chải đánh răng, Mì ly, Dầu gội, Túi nylon, Mì ly, Khăn ướt, Muỗng nhựa, Nước ngọt, Bánh quy",WinMart+,Ha Noi,"Đường Phú Diễn, Phường Phú Diễn, Thành phố Hà Nội, 10065",20,3.9,convenience,21.0476203,105.7634008
"Bao rác, Dầu gội, Sữa hộp, Bàn chải đánh răng, Nước tăng lực, Trà đóng chai, Kẹo cao su, Sữa chua uống, Ô dù gấp, Cốc nhựa, Khoai tây chiên, Khẩu trang y tế, Lăn khử mùi, Ô dù gấp, Bao rác, Bánh quy, Pin sạc, Túi nylon",WinMart+,Ha Noi,"163, Phố Tân Mai, Phường Hoàng Mai, Thành phố Hà Nội, 11617",20,4,convenience,20.982543200000002,105.8499375
"Sữa hộp, Sữa hộp, Khăn giấy, Chai nước, Sữa chua uống, Kem đánh răng, Dây sạc điện thoại, Sữa hộp, Bánh snack, Nước ngọt, Gối cổ du lịch, Kem đánh răng, Dây sạc điện thoại, Dây sạc điện thoại, Găng tay nilon",WinMart+,Ha Noi,"Phố Mậu Lương, Phường Kiến Hưng, Hữu Hòa, Thành phố Hà Nội, 12100",15,3.8,convenience,20.956381699999998,105.7953538
"Ô dù gấp, Kem đánh răng, Khẩu trang y tế, Dây sạc điện thoại, Muỗng nhựa, Gối cổ du lịch, Dao cạo râu, Găng tay nilon, Cốc nhựa, Dao cạo râu, Bàn chải đánh răng, Khăn giấy, Nước tăng lực",WinMart+,Ha Noi,"Đường Đa Sỹ, Phường Kiến Hưng, Thành phố Hà Nội, 12100",10,4,convenience,20.9599646,105.7876146
"Bánh quy, Nước ngọt, Sổ tay nhỏ, Bàn chải đánh răng, Lăn khử mùi, Chai nước, Trà đóng chai, Pin AA, Kem đánh răng, Mì ly, Muỗng nhựa, Lăn khử mùi",WinMart+,Ha Noi,"87, Ngõ 322 Đường Mỹ Đình, Phường Từ Liêm, Thành phố Hà Nội, 10074",15,3.5,convenience,21.022415800000005,105.7719095
"Dây sạc điện thoại, Chai nước, Nước suối, Bánh snack, Khoai tây chiên, Bật lửa, Nước tăng lực, Găng tay nilon, Dầu gội, Dầu gội, Sổ tay nhỏ, Khăn ướt, Khoai tây chiên, Khẩu trang y tế, Mì ly, Kem đánh răng, Xà phòng tắm",WinMart+,Ha Noi,"67-69, Phố Ngô Đình Mẫn, Phường Hà Đông, Thành phố Hà Nội, 10189",15,3.7,convenience,20.968854999999994,105.7605125
"Muỗng nhựa, Sữa hộp, Khẩu trang y tế, Sữa hộp, Pin sạc, Bánh mì sandwich, Thịt hộp, Sổ tay nhỏ, Kẹo cao su, Muỗng nhựa, Bật lửa, Khẩu trang y tế, Khoai tây chiên, Kem đánh răng",WinMart+,Ha Noi,"Ngõ 300 Nguyễn Xiển, Phường Thanh Liệt, Thành phố Hà Nội, 10135",15,4.1,convenience,20.9806805,105.8072241
"Kem đánh răng, Pin AA, Bao rác, Bao rác, Sữa chua uống, Kẹo cao su, Dầu gội, Kẹo, Bánh snack, Chai nước, Dây sạc điện thoại, Khẩu trang y tế, Nước ngọt, Nước ngọt, Mì ly, Pin sạc, Cốc nhựa, Sổ tay nhỏ, Gối cổ du lịch",Circle K,Ha Noi,"Phố Chùa Láng, Phường Láng, Thành phố Hà Nội, 10298",15,3.7,convenience,21.022952399999998,105.80134250000002
"Dây sạc điện thoại, Khăn ướt, Túi nylon, Nước ngọt, Kẹo, Sổ tay nhỏ, Xà phòng tắm, Nước ngọt, Dây sạc điện thoại, Lăn khử mùi, Bút bi",WinMart+,Ha Noi,"82, Đường Nguyễn Tuân, Phường Thanh Xuân, Thành phố Hà Nội, 10055",15,4.5,convenience,20.996613200000002,105.8050345
"Khẩu trang y tế, Cà phê lon, Bao rác, Găng tay nilon, Xà phòng tắm, Nước suối, Dầu gội, Kem đánh răng, Bánh quy, Xà phòng tắm, Sữa hộp, Bóng đèn LED mini, Dây sạc điện thoại",WinMart+,Ha Noi,"Ngõ 21 Đường Lê Văn Lương, Phường Thanh Xuân, Thành phố Hà Nội, 11313",10,4.4,convenience,21.006334600000002,105.8070353
"Muối, Sữa chua, Nước tương, Nước xả vải, Nước xả vải, Thớt, Sữa tắm, Nước xả vải, Nước rửa chén, Nước xả vải, Ngũ cốc ăn sáng, Nước hoa mini, Muỗng nĩa, Son dưỡng môi, Cà phê hòa tan",WinMart,Ha Noi,"Phố Nguyễn Văn Tuyết, Phường Đống Đa, Thành phố Hà Nội, 11415",110,4.4,supermarket,21.007776399999994,105.821519
"Dây sạc điện thoại, Kem đánh răng, Trà đóng chai, Gối cổ du lịch, Bánh mì sandwich, Dây sạc điện thoại, Khăn giấy, Xà phòng tắm, Dao cạo râu, Bao rác, Trà đóng chai, Nước ngọt",WinMart+,Ha Noi,"Đường Vạn Xuân, Phường Tây Mỗ, Thành phố Hà Nội, 34000",15,4.5,convenience,21.00852,105.7375995
"Găng tay nilon, Trà đóng chai, Bánh snack, Khoai tây chiên, Ô dù gấp, Bật lửa, Sữa hộp, Pin AA, Pin sạc, Dây sạc điện thoại, Khăn giấy, Sữa chua uống, Bóng đèn LED mini, Khăn ướt",WinMart+,Ha Noi,"Đường Quang Trung, Phường Yên Nghĩa, Thành phố Hà Nội, 10189",15,3.7,convenience,20.950724899999997,105.7494567
"Bàn chải đánh răng, Pin AA, Găng tay nilon, Mì gói, Gối cổ du lịch, Nước tăng lực, Gối cổ du lịch, Pin AA, Bút bi, Sổ tay nhỏ, Bao rác, Bánh bao mini",WinMart+,Ha Noi,"20-22, Phố Ngô Đình Mẫn, Phường Hà Đông, Thành phố Hà Nội, 10189",10,3.8,convenience,20.966583,105.7591886
"Găng tay nilon, Nước tăng lực, Kẹo cao su, Kẹo cao su, Găng tay nilon, Thịt hộp, Chai nước, Bóng đèn LED mini, Bánh quy, Lăn khử mùi, Pin sạc, Bàn chải đánh răng, Mì ly, Bánh mì sandwich, Trà đóng chai, Dây sạc điện thoại, Bao rác, Bao rác, Khoai tây chiên",WinMart+,Ha Noi,"Phố Nguyễn Trác, Phường Dương Nội, Thành phố Hà Nội, 10189",20,3.6,convenience,20.964112999999994,105.74986120000001
"Mì ly, Khoai tây chiên, Khẩu trang y tế, Bật lửa, Bánh quy, Bút bi, Bật lửa, Bánh snack, Xà phòng tắm, Khẩu trang y tế",WinMart+,Ha Noi,"121, Phố Ỷ La, Phường Dương Nội, Thành phố Hà Nội, 10189",10,4.3,convenience,20.9742369,105.7454049
"Khoai tây chiên, Lăn khử mùi, Bút bi, Dây sạc điện thoại, Dây sạc điện thoại, Dây sạc điện thoại, Dây sạc điện thoại, Dao cạo râu, Bánh quy, Mì gói, Gối cổ du lịch, Gối cổ du lịch, Nước suối, Nước suối, Bàn chải đánh răng, Khoai tây chiên, Kem đánh răng, Pin sạc",WinMart+,Ha Noi,"Đường trục phía Nam, Xã Bình Minh, Thành phố Hà Nội, 10189",10,3.6,convenience,20.929202200000002,105.78416840000001
"Pin AA, Xà phòng tắm, Khẩu trang y tế, Dầu gội, Xà phòng tắm, Pin AA, Pin sạc, Cà phê lon, Mì gói, Bánh snack, Pin sạc, Bánh quy, Dây sạc điện thoại",WinMart+,Ha Noi,"Phố Đống Kỳ, Phường Yên Sở, Thành phố Hà Nội, 12506",20,4.5,convenience,20.956159399999997,105.8480862
"Bao rác, Pin sạc, Sổ tay nhỏ, Thịt hộp, Dây sạc điện thoại, Mì gói, Bóng đèn LED mini, Kẹo, Mì gói, Bao rác, Thịt hộp, Ô dù gấp, Khẩu trang y tế, Bánh quy, Găng tay nilon, Kẹo cao su",WinMart+,Ha Noi,"Phố Nguyễn Thị Thập, Phường Yên Hòa, Thành phố Hà Nội, 10055",15,3.6,convenience,21.006993899999998,105.8036432
"Bật lửa, Muỗng nhựa, Bánh snack, Bóng đèn LED mini, Chai nước, Sữa chua uống, Kẹo cao su, Mì gói, Sổ tay nhỏ, Pin AA",WinMart+,Ha Noi,"Ngõ 9 Nguyễn Tri Phương, Phường Ba Đình, Thành phố Hà Nội, 10093",20,3.5,convenience,21.032542999999997,105.8420006
"Dao cạo râu, Bánh bao mini, Nước ngọt, Kem đánh răng, Bật lửa, Cốc nhựa, Dây sạc điện thoại, Bút bi, Thịt hộp, Bánh bao mini, Mì gói, Pin AA, Nước tăng lực",WinMart+,Ha Noi,"Ngõ 57 Dịch Vọng, Phường Cầu Giấy, Thành phố Hà Nội, 10141",15,3.5,convenience,21.029575899999998,105.7948175
"Dầu gội, Khăn giấy, Túi nylon, Nước tăng lực, Khẩu trang y tế, Mì ly, Dao cạo râu, Thịt hộp, Dao cạo râu, Bánh quy, Chai nước, Kem đánh răng, Mì gói, Pin sạc, Khăn giấy, Pin AA",WinMart+,Ha Noi,"110, Ngõ 553 Đường Giải Phóng, Phường Tương Mai, Thành phố Hà Nội, 11617",10,4.3,convenience,20.98907009999999,105.84348260000002
"Bao rác, Bật lửa, Bánh quy, Kẹo, Trà đóng chai, Mì ly, Muỗng nhựa, Bàn chải đánh răng, Ô dù gấp, Thịt hộp, Thịt hộp",WinMart+,Ha Noi,"Ngõ 32 Phố Đồng Me, Phường Từ Liêm, Thành phố Hà Nội, 10161",20,4.5,convenience,21.0074786,105.7807368
"Bánh quy, Thịt hộp, Nước ngọt, Bàn chải đánh răng, Cốc nhựa, Dây sạc điện thoại, Thịt hộp, Lăn khử mùi, Cốc nhựa, Cà phê lon, Găng tay nilon, Muỗng nhựa, Xà phòng tắm, Dao cạo râu, Kẹo, Nước ngọt, Kem đánh răng, Bánh quy, Bàn chải đánh răng",WinMart+,Ha Noi,"Ngõ 156 Đường Tỉnh 422B, Xã Sơn Đồng, Thành phố Hà Nội, 34000",15,3.7,convenience,21.036874599999997,105.7333495
"Rau củ quả, Cà phê hòa tan, Bột ngọt, Kem cạo râu, Sữa tắm, Khăn giấy, Nước hoa mini, Khay nhựa, Cá hộp, Dầu gội, Sốt cà chua, Nước tương, Cà phê hòa tan, Khay nhựa, Kem dưỡng da, Sốt cà chua, Nước lau sàn, Bông tẩy trang, Khăn giấy",Siêu thị B11 Kim Liên,Ha Noi,"Phố Hoàng Tích Trí, Phường Kim Liên, Thành phố Hà Nội, 11415",180,3.8,supermarket,21.0075497,105.83513
"Khăn ướt, Bàn chải đánh răng, Nước tăng lực, Xà phòng tắm, Khăn ướt, Mì ly, Mì gói, Khăn giấy, Kẹo, Gối cổ du lịch, Xà phòng tắm, Nước tăng lực, Găng tay nilon, Kem đánh răng, Khẩu trang y tế, Nước suối, Gối cổ du lịch, Bánh snack",WinMart+,Ha Noi,"217, Phố Quan Hoa, Phường Nghĩa Đô, Thành phố Hà Nội, 11150",15,4.2,convenience,21.036657999999996,105.8057582
"Ô dù gấp, Mì ly, Khoai tây chiên, Khăn ướt, Mì ly, Dao cạo râu, Nước suối, Bánh quy, Xà phòng tắm, Thịt hộp, Nước tăng lực, Kem đánh răng, Bánh snack, Bút bi",WinMart+,Ha Noi,"Ngõ 54 Lê Quang Đạo, Phường Từ Liêm, Thành phố Hà Nội, 10074",15,4,convenience,21.010994599999997,105.7685323
"Đường, Bông tẩy trang, Bột mì, Muỗng nĩa, Muỗng nĩa, Chảo chống dính, Sữa tắm, Rau củ quả, Gạo, Sữa tắm, Sữa chua, Chảo chống dính, Nước trái cây",Tops Market,Ha Noi,"Đường Lê Trọng Tấn, Phường Dương Nội, Thành phố Hà Nội, 10189",195,3.7,supermarket,20.9657517,105.7563084
"Bàn chải đánh răng, Khăn ướt, Pin AA, Nước ngọt, Nước tăng lực, Sữa chua uống, Mì ly, Bánh quy, Dây sạc điện thoại, Cốc nhựa, Pin AA, Dây sạc điện thoại, Túi nylon, Muỗng nhựa, Sữa chua uống, Trà đóng chai, Nước tăng lực",WinMart+,Ha Noi,"Hải Đăng 8, Xã Gia Lâm, Thành phố Hà Nội, 17710",10,3.8,convenience,20.995199300000003,105.943568
"Sữa chua uống, Kẹo cao su, Kẹo cao su, Pin sạc, Bóng đèn LED mini, Sữa chua uống, Nước ngọt, Nước tăng lực, Kẹo, Pin sạc, Sữa chua uống",WinMart+,Ha Noi,"265, Đường Bạch Đằng, Phường Hồng Hà, Thành phố Hà Nội, 11023",10,4,convenience,21.028005799999995,105.8610954
"Dao bếp, Thịt heo, Trứng gà, Khay nhựa, Kem cạo râu, Kem dưỡng da, Khay nhựa, Nước hoa mini, Sốt cà chua, Sốt cà chua, Trà túi lọc",Fuji Mart,Ha Noi,"Đường Thụy Khuê, Phường Tây Hồ, Thành phố Hà Nội, 10071",100,3.8,supermarket,21.0433213,105.818248
"Bột giặt, Nước lau sàn, Dao bếp, Bột giặt, Khẩu trang y tế, Chảo chống dính, Sốt cà chua, Rau củ quả, Trà túi lọc, Son dưỡng môi, Bột ngọt, Rau củ quả",Youth Market,Ha Noi,"E6, Đường Phạm Hùng, Phường Yên Hòa, Thành phố Hà Nội, 10074",40,4.4,supermarket,21.017477699999997,105.7832399
"Bột ngọt, Sữa tươi, Trứng gà, Bàn chải, Khăn giấy, Cá hộp, Thớt, Nước rửa chén, Dao bếp, Bột giặt, Giấy bọc thực phẩm, Snack, Đĩa sứ, Son dưỡng môi, Trứng gà, Ly thủy tinh, Nước xả vải, Chảo chống dính, Thịt heo",K-Market,Ha Noi,"E6, Đường Phạm Hùng, Phường Yên Hòa, Thành phố Hà Nội, 10074",155,3.7,supermarket,21.018348399999997,105.7840355
"Nước trái cây, Trứng gà, Bơ thực vật, Sốt cà chua, Son dưỡng môi, Cà phê hòa tan, Sốt cà chua, Muối, Sữa chua, Sốt cà chua, Cà phê hòa tan, Snack, Snack, Bông tẩy trang",K-Market,Ha Noi,"E6, Đường Phạm Hùng, Phường Yên Hòa, Thành phố Hà Nội, 10037",190,3.6,supermarket,21.016808099999995,105.7844497
"Sữa chua, Ngũ cốc ăn sáng, Túi đựng rác, Dầu gội, Dao bếp, Dao bếp, Giấy vệ sinh, Khăn giấy, Dao bếp, Bột ngọt, Nước lau sàn, Nước hoa mini, Muỗng nĩa",Lotte Mart,Ha Noi,"272, Đường Võ Chí Công, Phường Tây Hồ, Thành phố Hà Nội, 10206",100,4.5,supermarket,21.076605000000004,105.81291550000002
"Trà đóng chai, Găng tay nilon, Bánh quy, Bánh bao mini, Kẹo, Bánh bao mini, Dây sạc điện thoại, Ô dù gấp, Cốc nhựa, Bánh quy, Kẹo, Bao rác, Nước tăng lực, Bánh mì sandwich, Ô dù gấp, Trà đóng chai",WinMart+,Ha Noi,"Phố Cự Lộc, Phường Thanh Xuân, Thành phố Hà Nội, 10167",20,4,convenience,21.0027275,105.814724
"Bánh mì sandwich, Khẩu trang y tế, Pin sạc, Khăn ướt, Bánh quy, Khăn giấy, Mì ly, Thịt hộp, Thịt hộp, Mì ly",WinMart+,Ha Noi,"Ngõ 72 Đường Nguyễn Trãi, Phường Thanh Xuân, Thành phố Hà Nội, 10167",20,4.1,convenience,21.003225699999998,105.8156369
"Giấy bọc thực phẩm, Bơ thực vật, Bơ thực vật, Bàn chải, Bông tẩy trang, Cà phê hòa tan, Khay nhựa, Nước rửa chén, Nước lau sàn, Ngũ cốc ăn sáng, Bột ngọt, Sữa tươi, Bột ngọt, Nước mắm, Đường, Chảo chống dính, Thớt, Chảo chống dính, Thịt heo",K-Market,Ha Noi,"1, Đường Lê Quang Đạo, Phường Từ Liêm, Thành phố Hà Nội, 10070",195,4.3,supermarket,21.009302999999996,105.77405090000002
"Sốt cà chua, Túi đựng rác, Dầu gội, Đĩa sứ, Ngũ cốc ăn sáng, Kem dưỡng da, Son dưỡng môi, Kem dưỡng da, Kem dưỡng da, Ly thủy tinh, Nước rửa chén, Nước xả vải, Muỗng nĩa, Muỗng nĩa, Khăn giấy",WinMart,Ha Noi,"51, Đường Xuân Diệu, Phường Tây Hồ, Thành phố Hà Nội, 11207",45,4.2,supermarket,21.064079699999997,105.8279935
"Chai nước, Túi nylon, Sữa chua uống, Chai nước, Sổ tay nhỏ, Kẹo cao su, Chai nước, Bàn chải đánh răng, Bánh bao mini, Khăn giấy, Bánh mì sandwich, Bao rác, Trà đóng chai, Bàn chải đánh răng, Kẹo cao su, Ô dù gấp",WinMart+,Ha Noi,"Phố Đinh Núp, Phường Yên Hòa, Thành phố Hà Nội, 10161",20,4,convenience,21.0156129,105.78783090000002
"Khoai tây chiên, Bánh quy, Kem đánh răng, Bánh quy, Khăn giấy, Kem đánh răng, Dầu gội, Nước ngọt, Chai nước, Nước suối, Mì gói, Nước ngọt, Sổ tay nhỏ, Gối cổ du lịch",WinMart+,Ha Noi,"Phố Xốm, Phú Lương, Phường Phú Lương, Thành phố Hà Nội, 10189",20,4.3,convenience,20.941448999999995,105.7567706
"Khẩu trang y tế, Túi nylon, Lăn khử mùi, Thịt hộp, Nước ngọt, Sữa chua uống, Xà phòng tắm, Sữa chua uống, Xà phòng tắm, Dầu gội, Sữa hộp, Sổ tay nhỏ, Dao cạo râu",WinMart+,Ha Noi,"Đường Nguyễn Trực, Phú Lương, Phường Phú Lương, Thành phố Hà Nội, 10189",10,3.8,convenience,20.936031499999995,105.7575497
"Dao cạo râu, Bánh snack, Bánh quy, Mì gói, Trà đóng chai, Khẩu trang y tế, Cà phê lon, Sữa hộp, Lăn khử mùi, Khoai tây chiên, Kẹo, Mì gói, Sữa hộp, Chai nước, Túi nylon, Bàn chải đánh răng, Mì gói",WinMart+,Ha Noi,"Đường Đại Hưng, Xã Ngọc Hồi, Thành phố Hà Nội, 12506",20,4.1,convenience,20.932944699999997,105.8307778
"Nước ngọt, Gối cổ du lịch, Dao cạo râu, Nước tăng lực, Ô dù gấp, Dầu gội, Chai nước, Bánh bao mini, Bánh mì sandwich, Bàn chải đánh răng, Chai nước",WinMart+,Ha Noi,"42, Đường Nghĩa Lộ, Phường Yên Nghĩa, Thành phố Hà Nội, 10189",15,4.1,convenience,20.949554300000003,105.7417364
"Bánh snack, Dao cạo râu, Pin sạc, Mì gói, Mì ly, Khoai tây chiên, Bóng đèn LED mini, Kẹo cao su, Sữa hộp, Bàn chải đánh răng, Nước tăng lực, Kem đánh răng, Trà đóng chai, Kẹo cao su, Khăn giấy, Sữa hộp, Túi nylon, Kẹo, Bật lửa",WinMart+,Ha Noi,"Đường tỉnh 419, Xã Tây Phương, Thành phố Hà Nội, 01234",15,4.3,convenience,21.019712699999992,105.6101633
"Pin sạc, Ô dù gấp, Khẩu trang y tế, Bánh snack, Kẹo, Khăn ướt, Ô dù gấp, Khẩu trang y tế, Bánh quy, Dầu gội, Kem đánh răng, Bao rác, Bánh quy, Mì gói, Dầu gội",WinMart+,Ha Noi,"Phố Ngọc Trì, Phường Long Biên, Thành phố Hà Nội, 08443",15,3.8,convenience,21.023097700000005,105.9166068
"Găng tay nilon, Pin AA, Bánh quy, Ô dù gấp, Bánh snack, Pin sạc, Bánh quy, Khăn giấy, Pin AA, Mì ly, Trà đóng chai",WinMart+,Ha Noi,"Ngõ 118 Đường Nguyễn Khánh Toàn, Phường Nghĩa Đô, Thành phố Hà Nội, 10198",10,3.5,convenience,21.0380462,105.8011228
"Gối cổ du lịch, Nước tăng lực, Sổ tay nhỏ, Bánh snack, Bóng đèn LED mini, Kẹo cao su, Lăn khử mùi, Cốc nhựa, Nước ngọt, Nước suối, Xà phòng tắm, Muỗng nhựa, Cà phê lon, Bàn chải đánh răng, Khăn giấy, Xà phòng tắm, Bánh mì sandwich, Bật lửa, Bóng đèn LED mini, Bánh mì sandwich",WinMart+,Ha Noi,"23, Ngõ 214 Nguyễn Xiển, Phường Thanh Liệt, Thành phố Hà Nội, 10135",10,3.7,convenience,20.9867959,105.80550490000002
"Bánh mì sandwich, Trà đóng chai, Bánh quy, Bánh snack, Bút bi, Bánh quy, Dầu gội, Nước tăng lực, Túi nylon, Kem đánh răng, Thịt hộp",WinMart+,Ha Noi,"49C, Phố Hàng Bún, Phường Ba Đình, Thành phố Hà Nội, 11058",20,3.8,convenience,21.0413748,105.8447974
"Dao cạo râu, Nước ngọt, Bánh snack, Mì ly, Găng tay nilon, Thịt hộp, Bánh snack, Sổ tay nhỏ, Bàn chải đánh răng, Mì ly, Găng tay nilon, Túi nylon, Găng tay nilon, Bóng đèn LED mini, Bao rác, Túi nylon, Kem đánh răng",WinMart+,Ha Noi,"Phố Trương Công Giai, Phường Cầu Giấy, Thành phố Hà Nội, 10141",10,4.2,convenience,21.0352111,105.7911135
"Khẩu trang y tế, Bánh snack, Mì ly, Kẹo, Nước suối, Pin AA, Thịt hộp, Nước suối, Bao rác, Mì gói, Nước suối, Muỗng nhựa, Kem đánh răng, Khoai tây chiên, Dao cạo râu, Bánh bao mini",WinMart+,Ha Noi,"Ngõ 2 Tập thể Học viện Chính trị Quân sự, Phường Đại Mỗ, Thành phố Hà Nội, 12011",10,3.5,convenience,20.988059600000007,105.79619430000001
"Cà phê lon, Cốc nhựa, Cà phê lon, Sữa hộp, Nước tăng lực, Khăn ướt, Khăn ướt, Túi nylon, Túi nylon, Dầu gội, Bật lửa, Dây sạc điện thoại, Dây sạc điện thoại, Sữa hộp, Bóng đèn LED mini, Bật lửa, Cà phê lon, Muỗng nhựa",WinMart+,Ha Noi,"Ngõ 42 Đường Cây Trà, Xã Sơn Đồng, Thành phố Hà Nội, 34000",20,3.8,convenience,21.024651599999995,105.7100492
"Kẹo cao su, Trà đóng chai, Khẩu trang y tế, Bánh quy, Pin sạc, Nước suối, Bút bi, Túi nylon, Khăn giấy, Khăn giấy",WinMart+,Ha Noi,"72, Ngõ 56 Phố Thạch Cầu, Phường Long Biên, Thành phố Hà Nội, 11023",20,4,convenience,21.023982399999998,105.8791552
"Pin sạc, Cốc nhựa, Sổ tay nhỏ, Bánh snack, Khăn giấy, Găng tay nilon, Kem đánh răng, Dầu gội, Bóng đèn LED mini, Nước ngọt, Bánh mì sandwich, Bánh bao mini, Muỗng nhựa, Bật lửa, Găng tay nilon, Bóng đèn LED mini, Pin sạc",WinMart+,Ha Noi,"Đường vành đai 4, Phường Yên Nghĩa, Xã An Khánh, Thành phố Hà Nội, 10189",20,4.2,convenience,20.96125,105.7401823
"Bật lửa, Khăn ướt, Dây sạc điện thoại, Bút bi, Muỗng nhựa, Bao rác, Lăn khử mùi, Bánh bao mini, Găng tay nilon, Pin sạc, Gối cổ du lịch, Pin AA, Khăn giấy, Thịt hộp, Bánh bao mini, Bánh bao mini",WinMart+,Ha Noi,"28, Phố Trần Tử Bình, Phường Nghĩa Đô, Thành phố Hà Nội, 10179",10,4,convenience,21.04503,105.7916557
"Khẩu trang y tế, Sữa chua uống, Khăn giấy, Cà phê lon, Muỗng nhựa, Pin AA, Chai nước, Gối cổ du lịch, Kẹo cao su, Pin sạc, Cốc nhựa, Trà đóng chai, Mì gói, Bánh bao mini",WinMart+,Ha Noi,"Phố Nguyễn Thái Học, Xã Đan Phượng, Thành phố Hà Nội",15,4.5,convenience,21.088048599999997,105.660446
"Găng tay nilon, Sổ tay nhỏ, Túi nylon, Trà đóng chai, Muỗng nhựa, Nước ngọt, Túi nylon, Gối cổ du lịch, Dầu gội, Bàn chải đánh răng, Pin sạc, Muỗng nhựa, Bàn chải đánh răng, Pin sạc, Kem đánh răng, Găng tay nilon, Khăn giấy, Khăn ướt, Nước ngọt",WinMart+,Ha Noi,"Đường Chùa Bụt Mọc, Phường Phú Diễn, Thành phố Hà Nội, 12500",10,4.5,convenience,21.0521396,105.7585013
"Sữa chua uống, Kem đánh răng, Dây sạc điện thoại, Chai nước, Bóng đèn LED mini, Bút bi, Mì gói, Sữa chua uống, Sổ tay nhỏ, Pin AA, Bao rác, Bật lửa, Lăn khử mùi, Trà đóng chai, Sổ tay nhỏ, Kẹo, Dao cạo râu",WinMart+,Ha Noi,"Đường Đức Diễn, Phường Phú Diễn, Thành phố Hà Nội, 12500",10,4.3,convenience,21.0505332,105.7539341
"Cà phê lon, Sổ tay nhỏ, Nước tăng lực, Trà đóng chai, Bánh snack, Pin AA, Bánh bao mini, Găng tay nilon, Dây sạc điện thoại, Bao rác, Dây sạc điện thoại, Kẹo, Muỗng nhựa, Lăn khử mùi, Thịt hộp, Chai nước, Muỗng nhựa",WinMart+,Ha Noi,"Ngõ 106 Đường Hoàng Quốc Việt, Phường Nghĩa Đô, Thành phố Hà Nội, 10072",20,3.7,convenience,21.051143000000003,105.7939003
"Bánh snack, Lăn khử mùi, Bàn chải đánh răng, Thịt hộp, Cốc nhựa, Bật lửa, Dây sạc điện thoại, Gối cổ du lịch, Sổ tay nhỏ, Mì gói, Khoai tây chiên, Bánh bao mini, Găng tay nilon, Nước ngọt, Sữa chua uống, Ô dù gấp, Lăn khử mùi",WinMart+,Ha Noi,"Đường Cổ Nhuế, Phường Đông Ngạc, Thành phố Hà Nội, 12500",20,4,convenience,21.0679087,105.7788541
"Bàn chải đánh răng, Lăn khử mùi, Bánh quy, Găng tay nilon, Ô dù gấp, Găng tay nilon, Chai nước, Khăn giấy, Mì gói, Pin AA, Bánh quy, Sữa hộp",WinMart+,Ha Noi,"28, Phố Nguyên Xá, Phường Tây Tựu, Thành phố Hà Nội, 34000",20,4.1,convenience,21.052718700000003,105.7388583
"Trà đóng chai, Sữa chua uống, Mì ly, Nước ngọt, Mì ly, Pin sạc, Thịt hộp, Cà phê lon, Pin sạc, Kẹo, Chai nước",WinMart+,Ha Noi,"Đường Đức Thắng, Phường Đông Ngạc, Thành phố Hà Nội, 12500",20,3.6,convenience,21.0742732,105.7772759
"Bàn chải đánh răng, Bánh snack, Bánh mì sandwich, Kẹo, Sổ tay nhỏ, Bánh bao mini, Xà phòng tắm, Gối cổ du lịch, Nước suối, Bóng đèn LED mini, Nước suối, Bao rác, Sổ tay nhỏ",WinMart+,Ha Noi,"Đường Chiến Thắng, Phường Thanh Liệt, Thành phố Hà Nội, 12011",10,4,convenience,20.980266000000004,105.7953352
"Nước ngọt, Khăn ướt, Dầu gội, Bật lửa, Khăn ướt, Gối cổ du lịch, Cà phê lon, Mì ly, Kẹo cao su, Túi nylon",WinMart+,Ha Noi,"Ngõ 1 Phố Nguyễn Thị Định, Phường Yên Hòa, Thành phố Hà Nội, 11313",10,3.8,convenience,21.013644900000003,105.8036854
"Sổ tay nhỏ, Mì gói, Nước tăng lực, Cốc nhựa, Chai nước, Mì ly, Cốc nhựa, Sổ tay nhỏ, Trà đóng chai, Dao cạo râu, Bánh snack, Bật lửa, Túi nylon, Nước suối, Bút bi, Kẹo, Bánh quy, Bánh snack",WinMart+,Ha Noi,"Đường Nguyễn Tuân, Phường Thanh Xuân, Thành phố Hà Nội, 10055",15,4.4,convenience,20.9948977,105.8048627
"Bóng đèn LED mini, Gối cổ du lịch, Nước ngọt, Dầu gội, Gối cổ du lịch, Sữa chua uống, Muỗng nhựa, Sổ tay nhỏ, Bàn chải đánh răng, Xà phòng tắm",WinMart+,Ha Noi,"Phố Nông Quốc Chấn, Phường Hà Đông, Thành phố Hà Nội, 10189",10,4.4,convenience,20.974323600000005,105.7634736
"Gối cổ du lịch, Gối cổ du lịch, Nước tăng lực, Xà phòng tắm, Sổ tay nhỏ, Sữa chua uống, Kẹo, Lăn khử mùi, Bánh snack, Xà phòng tắm, Cà phê lon, Bánh mì sandwich",WinMart+,Ha Noi,"Phố Nguyễn Thanh Bình, Phường Hà Đông, Thành phố Hà Nội, 10189",15,4,convenience,20.9733092,105.7608338
"Sữa hộp, Gối cổ du lịch, Kẹo cao su, Xà phòng tắm, Bàn chải đánh răng, Kẹo, Sữa hộp, Sữa chua uống, Bánh mì sandwich, Mì ly, Bóng đèn LED mini, Sữa chua uống, Kem đánh răng, Kem đánh răng, Bàn chải đánh răng, Bánh quy, Túi nylon, Khoai tây chiên",WinMart+,Ha Noi,"75, Đường Yên Xá, Phường Thanh Liệt, Thành phố Hà Nội, 12100",20,3.7,convenience,20.968068599999995,105.7966873
"Thịt hộp, Thịt hộp, Kẹo cao su, Sữa chua uống, Nước tăng lực, Chai nước, Bánh snack, Khăn giấy, Pin AA, Chai nước, Bánh quy, Nước ngọt",WinMart+,Ha Noi,"Đường Số 5 Times City, Phường Vĩnh Tuy, Thành phố Hà Nội, 11622",20,4.5,convenience,20.996135499999998,105.8694829
"Sữa chua uống, Pin sạc, Trà đóng chai, Muỗng nhựa, Khoai tây chiên, Pin AA, Cà phê lon, Trà đóng chai, Muỗng nhựa, Thịt hộp, Bánh snack, Bánh mì sandwich, Pin sạc, Dao cạo râu, Nước suối",WinMart+,Ha Noi,"Đường Nguyễn Trãi, Phường Khương Đình, Thành phố Hà Nội, 12011",20,4,convenience,20.9923482,105.8078771
"Bánh quy, Nước suối, Cốc nhựa, Pin AA, Sổ tay nhỏ, Bút bi, Kẹo cao su, Túi nylon, Găng tay nilon, Ô dù gấp, Dây sạc điện thoại, Kẹo, Lăn khử mùi, Khăn giấy",WinMart+,Ha Noi,"Thôn Công Đình, Đường Dương Hà, Xã Phù Đổng, Thành phố Hà Nội, 10165",20,3.8,convenience,21.076645799999998,105.9355025
"Dầu gội, Cốc nhựa, Ô dù gấp, Mì ly, Ô dù gấp, Khoai tây chiên, Bánh quy, Bánh mì sandwich, Dao cạo râu, Nước ngọt, Xà phòng tắm, Nước ngọt, Lăn khử mùi, Gối cổ du lịch, Kẹo cao su, Nước suối, Khăn ướt, Thịt hộp, Khăn ướt",WinMart+,Ha Noi,"Phường Vĩnh Tuy, Thành phố Hà Nội, 11617",20,3.5,convenience,20.9950474,105.8632082
"Chai nước, Túi nylon, Túi nylon, Nước suối, Bao rác, Bật lửa, Pin AA, Lăn khử mùi, Gối cổ du lịch, Bánh bao mini, Pin AA, Túi nylon, Xà phòng tắm, Khoai tây chiên",WinMart+,Ha Noi,"1, Ngõ 206 Đường Cổ Linh, Phường Long Biên, Thành phố Hà Nội, 08443",20,4.4,convenience,21.0247773,105.8987657
"Túi nylon, Bút bi, Khăn giấy, Bánh quy, Pin AA, Pin AA, Ô dù gấp, Ô dù gấp, Nước ngọt, Lăn khử mùi, Cốc nhựa, Khẩu trang y tế, Lăn khử mùi, Muỗng nhựa, Khẩu trang y tế, Kẹo cao su, Nước ngọt, Bàn chải đánh răng, Khăn ướt, Túi nylon",WinMart+,Ha Noi,"78, Ngõ 189 Hoàng Hoa Thám, Phường Ngọc Hà, Thành phố Hà Nội, 10071",15,4,convenience,21.040518199999998,105.81999940000001
"Bánh snack, Dây sạc điện thoại, Bóng đèn LED mini, Khăn ướt, Dây sạc điện thoại, Túi nylon, Nước suối, Cà phê lon, Nước suối, Kẹo cao su, Cốc nhựa, Bao rác",WinMart+,Ha Noi,"Ngõ 468 Đường Hữu Hưng, Phường Tây Mỗ, La Phù, Thành phố Hà Nội, 10070",20,3.7,convenience,20.996052300000002,105.7404825
"Bánh mì sandwich, Dầu gội, Khăn giấy, Nước tăng lực, Túi nylon, Bút bi, Bánh mì sandwich, Xà phòng tắm, Khoai tây chiên, Khẩu trang y tế, Bánh mì sandwich, Chai nước",WinMart+,Ha Noi,"56, Ngõ 43 Đường Cổ Nhuế, Phường Đông Ngạc, Thành phố Hà Nội, 12500",15,4,convenience,21.0591206,105.7810767
"Lăn khử mùi, Nước suối, Trà đóng chai, Nước ngọt, Chai nước, Găng tay nilon, Kem đánh răng, Chai nước, Bật lửa, Bánh bao mini, Ô dù gấp, Ô dù gấp, Muỗng nhựa, Dầu gội, Thịt hộp",WinMart+,Ha Noi,"Phố Nông Quốc Chấn, Phường Hà Đông, Thành phố Hà Nội, 10189",20,4,convenience,20.9723758,105.7636881
"Bao rác, Pin sạc, Dây sạc điện thoại, Lăn khử mùi, Trà đóng chai, Trà đóng chai, Trà đóng chai, Khăn ướt, Sữa hộp, Bánh bao mini, Pin sạc, Bóng đèn LED mini",WinMart+,Ha Noi,"Đường Phùng Hưng, Phường Hà Đông, Thành phố Hà Nội, 12100",20,3.8,convenience,20.9640151,105.7941272
"Bàn chải đánh răng, Bao rác, Bánh bao mini, Bàn chải đánh răng, Dây sạc điện thoại, Bánh mì sandwich, Bánh snack, Nước ngọt, Bánh quy, Túi nylon, Khẩu trang y tế, Bánh mì sandwich, Sữa chua uống, Ô dù gấp, Chai nước, Pin AA",WinMart+,Ha Noi,"313, Phố Trần Cung, Phường Xuân Đỉnh, Thành phố Hà Nội, 10065",15,3.6,convenience,21.0569226,105.7840192
"Bánh snack, Mì gói, Bút bi, Nước ngọt, Sữa chua uống, Trà đóng chai, Bánh snack, Bánh mì sandwich, Nước ngọt, Thịt hộp, Nước suối, Bánh mì sandwich, Khăn giấy, Mì gói, Sữa hộp, Bao rác, Găng tay nilon",WinMart+,Ha Noi,"Ngõ Hòa Bình 5, Phường Bạch Mai, Thành phố Hà Nội, 11617",10,3.7,convenience,20.996656199999993,105.8545024
"Dao cạo râu, Thịt hộp, Bao rác, Thịt hộp, Khăn giấy, Bánh bao mini, Găng tay nilon, Bật lửa, Sữa chua uống, Khoai tây chiên, Bao rác",WinMart+,Ha Noi,"Ngách 164/61 Đường Ỷ La, Xã An Khánh, Thành phố Hà Nội, 13400",20,3.9,convenience,20.9653907,105.7265066
"Khẩu trang y tế, Lăn khử mùi, Bánh quy, Bánh snack, Thịt hộp, Dao cạo râu, Pin sạc, Bánh snack, Khoai tây chiên, Bánh mì sandwich, Dây sạc điện thoại, Khăn ướt, Nước suối, Ô dù gấp, Túi nylon, Gối cổ du lịch, Dây sạc điện thoại",WinMart+,Ha Noi,"U03-L01, Phố Yên Lộ, Phường Yên Nghĩa, Đông La, Thành phố Hà Nội, 13400",15,3.6,convenience,20.957044199999995,105.7342153
"Bật lửa, Bật lửa, Cốc nhựa, Bao rác, Trà đóng chai, Sữa chua uống, Pin sạc, Bánh quy, Khẩu trang y tế, Bánh quy, Kẹo cao su, Sổ tay nhỏ, Dao cạo râu, Cốc nhựa, Bánh mì sandwich, Khăn ướt, Muỗng nhựa, Ô dù gấp, Bánh quy, Gối cổ du lịch",WinMart+,Ha Noi,"Đường Đông Hội, Xã Đông Anh, Thành phố Hà Nội, 11810",10,3.9,convenience,21.078489099999995,105.8746221
"Trà túi lọc, Bột giặt, Giấy bọc thực phẩm, Kem cạo râu, Giấy vệ sinh, Muỗng nĩa, Khăn giấy, Nước rửa chén, Nước rửa chén, Kem cạo râu, Sữa chua, Bông tẩy trang, Cà phê hòa tan, Chảo chống dính, Ly thủy tinh, Sốt cà chua, Khẩu trang y tế, Muối",WinMart,Ha Noi,"Đường Đông Hội, Xã Đông Anh, Thành phố Hà Nội, 11810",190,3.7,supermarket,21.0780299,105.8747613
"Kem đánh răng, Sữa chua uống, Bánh snack, Dao cạo râu, Nước tăng lực, Cà phê lon, Bút bi, Bánh snack, Dao cạo râu, Khẩu trang y tế, Xà phòng tắm",WinMart+,Ha Noi,"Đường Ninh Hiệp, Phường Từ Sơn, Xã Phù Đổng, Thành phố Hà Nội, Tỉnh Bắc Ninh, 10165",20,4.3,convenience,21.0786533,105.9407748
"Xà phòng tắm, Găng tay nilon, Khoai tây chiên, Bánh bao mini, Muỗng nhựa, Bánh quy, Sữa chua uống, Lăn khử mùi, Khẩu trang y tế, Dầu gội, Kẹo, Cà phê lon, Dầu gội",WinMart+,Ha Noi,"Đường Eco Lake View, Phường Định Công, Thành phố Hà Nội, 11718",20,3.7,convenience,20.972638099999998,105.8383133
"Khăn ướt, Sữa hộp, Muỗng nhựa, Bánh mì sandwich, Bánh mì sandwich, Bật lửa, Trà đóng chai, Khẩu trang y tế, Chai nước, Lăn khử mùi, Kẹo cao su, Bút bi, Bóng đèn LED mini, Túi nylon, Lăn khử mùi, Cà phê lon, Xà phòng tắm, Chai nước, Mì gói, Túi nylon",WinMart+,Ha Noi,"Ngõ Quan Thổ 1, Phường Ô Chợ Dừa, Thành phố Hà Nội, 10081",10,3.9,convenience,21.0214472,105.829726
"Khẩu trang y tế, Muỗng nhựa, Lăn khử mùi, Bánh mì sandwich, Kem đánh răng, Mì gói, Mì ly, Sữa hộp, Bánh snack, Chai nước, Nước ngọt, Kẹo cao su",WinMart+,Ha Noi,"Phố Văn Khê, Phường Kiến Hưng, Thành phố Hà Nội, 10189",15,4.4,convenience,20.9538099,105.7724681
"Bút bi, Trà đóng chai, Muỗng nhựa, Khăn giấy, Mì gói, Bật lửa, Dầu gội, Bao rác, Ô dù gấp, Trà đóng chai, Bánh snack, Mì gói, Kẹo cao su, Khăn ướt, Găng tay nilon",WinMart+,Ha Noi,"Ngõ 268 Lê Trọng Tấn, Phường Phương Liệt, Thành phố Hà Nội, 11718",10,3.6,convenience,20.9890394,105.8324792
"Sữa chua uống, Bật lửa, Bánh mì sandwich, Túi nylon, Bật lửa, Ô dù gấp, Kem đánh răng, Khoai tây chiên, Găng tay nilon, Xà phòng tắm, Túi nylon, Sữa chua uống, Bánh bao mini, Kem đánh răng, Ô dù gấp, Mì ly, Pin AA, Bánh snack, Sữa hộp, Kẹo cao su",WinMart+,Ha Noi,"Phố Bùi Huy Bích, Phường Hoàng Mai, Thành phố Hà Nội, 12506",15,4.2,convenience,20.967879299999996,105.8450244
"Bật lửa, Bóng đèn LED mini, Pin AA, Mì ly, Bàn chải đánh răng, Nước ngọt, Dao cạo râu, Bút bi, Bàn chải đánh răng, Cà phê lon",WinMart+,Ha Noi,"Phố Khương Trung, Phường Khương Đình, Thành phố Hà Nội, 11718",15,3.8,convenience,20.9945398,105.8175887
"Bút bi, Ô dù gấp, Pin AA, Nước ngọt, Mì gói, Bánh quy, Pin AA, Bao rác, Trà đóng chai, Dầu gội, Khăn ướt, Nước ngọt, Bánh snack",WinMart+,Ha Noi,"Đường Song Hành Cao Tốc Pháp Vân - Cầu Giẽ, Phường Yên Sở, Thành phố Hà Nội, 12506",10,4.2,convenience,20.951004499999996,105.8531583
"Kẹo, Cà phê lon, Bánh quy, Sữa chua uống, Găng tay nilon, Muỗng nhựa, Khăn ướt, Sổ tay nhỏ, Muỗng nhựa, Khăn giấy",WinMart+,Ha Noi,"Đường Hồ Mễ Trì, Phường Đại Mỗ, Thành phố Hà Nội, 12011",10,4.5,convenience,21.0019585,105.7924567
"Mì gói, Túi nylon, Khăn ướt, Thịt hộp, Bàn chải đánh răng, Bánh bao mini, Xà phòng tắm, Dây sạc điện thoại, Sổ tay nhỏ, Cà phê lon, Găng tay nilon, Nước tăng lực, Muỗng nhựa, Bật lửa, Kẹo cao su, Nước tăng lực",WinMart+,Ha Noi,"Ngõ 69 Phố Nhật Tảo, Phường Phú Thượng, Thành phố Hà Nội, 11909",20,4.4,convenience,21.0858921,105.7892759
"Khẩu trang y tế, Nước tăng lực, Thịt hộp, Bánh snack, Khoai tây chiên, Sổ tay nhỏ, Khoai tây chiên, Cốc nhựa, Găng tay nilon, Bánh bao mini",WinMart+,Ha Noi,"Ngõ 537 Đường Bát Khối, Phường Long Biên, Thành phố Hà Nội, 08443",15,3.7,convenience,21.0197651,105.9074322
"Dầu gội, Thịt hộp, Cốc nhựa, Khẩu trang y tế, Sữa chua uống, Kẹo cao su, Lăn khử mùi, Khăn giấy, Bóng đèn LED mini, Bật lửa, Cà phê lon, Bàn chải đánh răng",WinMart+,Ha Noi,"Hoa Phượng, Phường Phúc Lợi, Thành phố Hà Nội, 08443",20,3.9,convenience,21.046391999999997,105.9171152
"Bút bi, Nước tăng lực, Kem đánh răng, Sổ tay nhỏ, Khoai tây chiên, Kẹo, Găng tay nilon, Lăn khử mùi, Mì ly, Bánh mì sandwich, Sữa chua uống, Pin AA, Lăn khử mùi, Pin sạc",WinMart+,Ha Noi,"35, Đường Nguyễn Văn Huyên, Phường Nghĩa Đô, Thành phố Hà Nội, 10141",15,3.8,convenience,21.036705299999994,105.79799
"Snack, Kem cạo râu, Gạo, Trà túi lọc, Sốt cà chua, Kem cạo râu, Dầu gội, Son dưỡng môi, Cá hộp, Túi đựng rác, Cá hộp",WinMart,Ha Noi,"Ngõ 34A Hoàng Cầu, Phường Ô Chợ Dừa, Thành phố Hà Nội, 10265",115,4,supermarket,21.0195364,105.8226869
"Bánh bao mini, Bánh mì sandwich, Dầu gội, Pin sạc, Sữa chua uống, Nước ngọt, Bao rác, Cốc nhựa, Sữa hộp, Bút bi, Muỗng nhựa, Thịt hộp, Mì ly",WinMart+,Ha Noi,"Đường Nội Khu Chung Cư Yên Hòa Park View, Phường Yên Hòa, Thành phố Hà Nội, 10055",20,3.8,convenience,21.015951399999995,105.7970621
"Bút bi, Bánh snack, Ô dù gấp, Mì gói, Bàn chải đánh răng, Chai nước, Kem đánh răng, Gối cổ du lịch, Bánh bao mini, Thịt hộp, Bánh bao mini, Khăn giấy, Bao rác, Nước suối, Khăn giấy, Khăn giấy, Mì gói",WinMart+,Ha Noi,"28, Đường Yên Hòa, Phường Yên Nghĩa, Phụng Châu, Thành phố Hà Nội, 13400",20,4.2,convenience,20.945004199999996,105.7233946
"Nước ngọt, Sữa chua uống, Mì gói, Bánh bao mini, Sữa hộp, Găng tay nilon, Ô dù gấp, Khẩu trang y tế, Kẹo cao su, Sữa hộp, Ô dù gấp, Chai nước, Dầu gội, Bao rác, Khẩu trang y tế, Dầu gội, Kem đánh răng, Cà phê lon, Kẹo cao su, Mì gói",WinMart+,Ha Noi,"16, Đường Hoà Sơn, Phường Chương Mỹ, Thành phố Hà Nội, 13400",15,4.5,convenience,20.9221249,105.7021696
"Bánh quy, Bánh mì sandwich, Túi nylon, Bánh bao mini, Nước suối, Pin AA, Khăn giấy, Khoai tây chiên, Gối cổ du lịch, Khoai tây chiên, Mì ly, Khăn ướt, Túi nylon, Bánh quy, Găng tay nilon, Nước ngọt, Khoai tây chiên, Khẩu trang y tế",WinMart+,Ha Noi,"15, Đường Yên Sơn, Phường Chương Mỹ, Thành phố Hà Nội, 13400",10,3.6,convenience,20.916807,105.7017753
"Kẹo, Bóng đèn LED mini, Kẹo, Dây sạc điện thoại, Mì ly, Kẹo, Bàn chải đánh răng, Sữa chua uống, Bánh quy, Xà phòng tắm",WinMart+,Ha Noi,"Phố Trần Thủ Độ, Phường Yên Sở, Thành phố Hà Nội, 12506",15,4,convenience,20.963484,105.8450677
"Kẹo cao su, Lăn khử mùi, Bánh bao mini, Kẹo, Bút bi, Lăn khử mùi, Kẹo, Muỗng nhựa, Túi nylon, Bàn chải đánh răng, Túi nylon, Bao rác, Cà phê lon, Túi nylon, Kẹo cao su, Thịt hộp, Chai nước, Kẹo, Xà phòng tắm, Cốc nhựa",WinMart+,Ha Noi,"Ngõ 282 Kim Giang, Phường Định Công, Thành phố Hà Nội, 11718",10,3.6,convenience,20.9757361,105.8212666
"Khẩu trang y tế, Bánh mì sandwich, Nước tăng lực, Cốc nhựa, Khẩu trang y tế, Dao cạo râu, Nước suối, Bánh snack, Trà đóng chai, Pin sạc, Dao cạo râu, Nước ngọt",Circle K,Ha Noi,"Phố Nguyễn Chánh, Phường Yên Hòa, Thành phố Hà Nội, 10037",15,3.9,convenience,21.0184515,105.7877967
"Dầu gội, Khăn giấy, Dao cạo râu, Túi nylon, Bật lửa, Chai nước, Dây sạc điện thoại, Bật lửa, Gối cổ du lịch, Nước suối, Pin AA, Bàn chải đánh răng, Muỗng nhựa, Ô dù gấp, Khăn giấy",WinMart+,Ha Noi,"Phố Đống Kỳ, Phường Yên Sở, Thành phố Hà Nội, 12506",15,3.5,convenience,20.959691299999992,105.8444889
"Bao rác, Cà phê lon, Bóng đèn LED mini, Bút bi, Bút bi, Bao rác, Mì gói, Mì gói, Nước tăng lực, Khoai tây chiên, Bánh mì sandwich, Pin sạc, Xà phòng tắm, Bao rác, Khăn giấy, Dầu gội, Pin AA, Bàn chải đánh răng, Bóng đèn LED mini",WinMart+,Ha Noi,"Thôn 7, Đường Ninh Hiệp, Phường Từ Sơn, Xã Phù Đổng, Thành phố Hà Nội, Tỉnh Bắc Ninh, 10165",20,3.8,convenience,21.0822149,105.9399548
"Chai nước, Thịt hộp, Kẹo, Bật lửa, Khăn giấy, Sổ tay nhỏ, Dầu gội, Bánh quy, Nước suối, Kẹo, Mì ly, Nước tăng lực",WinMart+,Ha Noi,"Đường Đặng Phúc Thông, Phường Từ Sơn, Xã Phù Đổng, Thành phố Hà Nội, Tỉnh Bắc Ninh, 10165",10,4.3,convenience,21.097016999999994,105.9287387
"Dây sạc điện thoại, Xà phòng tắm, Nước ngọt, Cốc nhựa, Kẹo, Nước tăng lực, Khăn ướt, Chai nước, Gối cổ du lịch, Gối cổ du lịch, Thịt hộp, Mì gói, Nước ngọt, Dao cạo râu, Kẹo, Sữa hộp, Xà phòng tắm, Sổ tay nhỏ, Muỗng nhựa",WinMart+,Ha Noi,"Đường Đại Dương, Xã Gia Lâm, Thành phố Hà Nội, 17710",10,4.2,convenience,20.991281499999996,105.9395468
"Sổ tay nhỏ, Mì gói, Bánh quy, Muỗng nhựa, Kem đánh răng, Túi nylon, Dây sạc điện thoại, Khăn ướt, Xà phòng tắm, Khăn giấy, Bánh quy",WinMart+,Ha Noi,"Đường Nguyễn Quý Trị, Xã Gia Lâm, Thành phố Hà Nội, 17710",10,3.6,convenience,20.9835318,105.9541757
"Bao rác, Nước tăng lực, Nước suối, Dây sạc điện thoại, Trà đóng chai, Dao cạo râu, Pin AA, Chai nước, Túi nylon, Nước tăng lực, Dầu gội, Dây sạc điện thoại, Khoai tây chiên",WinMart+,Ha Noi,"Phố Doãn Kế Thiện, Phường Phú Diễn, Thành phố Hà Nội, 10065",10,3.9,convenience,21.0423257,105.7744069
"Sữa chua uống, Bật lửa, Thịt hộp, Ô dù gấp, Bánh bao mini, Mì gói, Pin AA, Chai nước, Lăn khử mùi, Dao cạo râu, Gối cổ du lịch",WinMart+,Ha Noi,"254, Phố Đại Từ, Phường Định Công, Thành phố Hà Nội, 11718",10,4,convenience,20.9705081,105.8319066
"Thịt hộp, Sữa hộp, Bóng đèn LED mini, Sổ tay nhỏ, Nước suối, Muỗng nhựa, Xà phòng tắm, Nước tăng lực, Chai nước, Kẹo cao su, Nước tăng lực, Sữa chua uống, Nước suối, Cốc nhựa, Bánh quy, Kẹo, Mì gói, Khăn ướt, Kem đánh răng",WinMart+,Ha Noi,"Ngõ 1 Đường Khuất Duy Tiến, Phường Thanh Xuân, Thành phố Hà Nội, 12011",20,3.6,convenience,20.992593599999992,105.8007857
"Nước suối, Bàn chải đánh răng, Nước suối, Xà phòng tắm, Kem đánh răng, Dao cạo râu, Mì ly, Bánh snack, Ô dù gấp, Ô dù gấp, Dao cạo râu, Lăn khử mùi",WinMart+,Ha Noi,"Phố Nguyễn Xuân Khoát, Phường Xuân Đỉnh, Thành phố Hà Nội, 10264",15,4.2,convenience,21.067218099999998,105.7983938
"Dầu gội, Cà phê lon, Trà đóng chai, Bật lửa, Kem đánh răng, Kẹo cao su, Ô dù gấp, Kem đánh răng, Túi nylon, Bật lửa, Bóng đèn LED mini, Mì ly, Chai nước, Dao cạo râu, Bánh bao mini, Trà đóng chai, Cốc nhựa, Kẹo, Nước tăng lực, Kem đánh răng",Circle K,Ha Noi,"Phố Hàng Bông, Phường Hoàn Kiếm, Thành phố Hà Nội, 11017",15,4.5,convenience,21.030250799999997,105.8472633
"Nước tăng lực, Bánh snack, Gối cổ du lịch, Bàn chải đánh răng, Muỗng nhựa, Túi nylon, Nước suối, Bánh quy, Thịt hộp, Trà đóng chai, Cốc nhựa",WinMart+,Ha Noi,"Đê Tả Sông Hồng, Xã Thiên Lộc, Thành phố Hà Nội, 11909",15,3.5,convenience,21.122963299999995,105.7444626
"Đồ thủ công, Khăn lụa, Cốc đôi, Khung ảnh, Bưu thiếp, Túi đựng quà, Ly in hình, Gối in hình, Khung ảnh, Bình hoa nhỏ, Móc khóa đôi, Bình giữ nhiệt, Sổ tay dễ thương, Thiệp chúc mừng, Thiệp chúc mừng, Khăn lụa, Bình hoa nhỏ",Memos Gift and Souvenir,Ha Noi,"Hướng đi cầu Thăng Long, Xã Nội Bài, Thành phố Hà Nội",60,4.1,gift,21.21901129999999,105.7903604
"Bình hoa nhỏ, Khung ảnh, Móc khóa đôi, Thiệp chúc mừng, Thiệp chúc mừng, Hộp quà tặng, Sổ tay dễ thương, Sổ tay dễ thương, Đồng hồ để bàn, Móc khóa đôi, Túi đựng quà, Bút ký cao cấp",Sky Souvenir Shop,Ha Noi,"Hướng đi cầu Thăng Long, Xã Nội Bài, Thành phố Hà Nội",60,4.9,gift,21.2193558,105.7891226
"Bình hoa nhỏ, Bình giữ nhiệt, Khăn lụa, Bình hoa nhỏ, Bút ký cao cấp, Bình giữ nhiệt, Gấu bông mini, Cốc đôi, Hộp quà tặng, Cốc đôi, Bánh handmade",Paradise Souvenir Boutique,Ha Noi,"Hướng đi cầu Thăng Long, Xã Nội Bài, Thành phố Hà Nội",210,4.1,gift,21.219063,105.7901591
"Cốc đôi, Chậu cây mini, Móc khóa đôi, Hộp quà tặng, Bánh handmade, Bánh handmade, Gối in hình, Gối in hình, Bình hoa nhỏ, Tượng nhỏ, Túi đựng quà, Sổ tay dễ thương, Gấu bông mini, Bưu thiếp, Đèn trang trí nhỏ",Lucky Souvenir Shop,Ha Noi,"Hướng đi cầu Thăng Long, Xã Nội Bài, Thành phố Hà Nội",140,4.4,gift,21.219136600000002,105.7898709
"Đồng hồ để bàn, Đồng hồ để bàn, Bình giữ nhiệt, Túi đựng quà, Quà lưu niệm, Tranh mini, Tranh mini, Khăn lụa, Móc khóa, Bưu thiếp, Túi đựng quà, Thiệp chúc mừng, Hộp quà tặng, Khăn lụa, Khung ảnh",Ngoc Bao Linh Souvenir Shop,Ha Noi,"Hướng đi cầu Thăng Long, Xã Nội Bài, Thành phố Hà Nội",130,4.3,gift,21.2191817,105.7896905
"Khung ảnh, Đồng hồ để bàn, Đèn trang trí nhỏ, Móc khóa, Bưu thiếp, Móc khóa, Khung ảnh LED, Đồng hồ để bàn, Thiệp chúc mừng, Quà lưu niệm, Nến thơm, Tranh mini, Gối in hình, Túi đựng quà, Thiệp chúc mừng, Bánh handmade, Ly in hình, Nến thơm",amazing Viet Nam,Ha Noi,"Hướng đi cầu Thăng Long, Xã Nội Bài, Thành phố Hà Nội",60,4.5,gift,21.219395399999993,105.7889945
"Bình hoa nhỏ, Túi đựng quà, Tượng nhỏ, Thiệp chúc mừng, Bình giữ nhiệt, Bưu thiếp, Thiệp chúc mừng, Bánh handmade, Khung ảnh LED, Đèn trang trí nhỏ, Bưu thiếp",Sweet Gift,Ha Noi,"Hướng đi cầu Thăng Long, Xã Nội Bài, Thành phố Hà Nội",230,4.9,gift,21.219173300000005,105.7897688
"Gối in hình, Tranh mini, Đồ thủ công, Bình hoa nhỏ, Hộp quà tặng, Túi đựng quà, Khung ảnh LED, Đồ thủ công, Bình hoa nhỏ, Đồ thủ công, Khung ảnh LED, Tranh mini, Thiệp chúc mừng, Thiệp chúc mừng, Bưu thiếp, Nến thơm, Đồng hồ để bàn, Đồng hồ để bàn",Vietnam Gift Shop,Ha Noi,"Hướng đi cầu Thăng Long, Xã Nội Bài, Thành phố Hà Nội",110,4.1,gift,21.2193659,105.78909150000001
"Túi đựng quà, Tranh mini, Túi đựng quà, Gối in hình, Sổ tay dễ thương, Sổ tay dễ thương, Bánh handmade, Đồng hồ để bàn, Ly in hình, Tranh mini, Bút ký cao cấp, Sổ tay dễ thương, Đèn trang trí nhỏ, Bưu thiếp, Tranh mini",Top Souvenir,Ha Noi,"Hướng đi cầu Thăng Long, Xã Nội Bài, Thành phố Hà Nội",140,4.3,gift,21.219215900000002,105.7895824
"Bút ký cao cấp, Bút ký cao cấp, Móc khóa đôi, Móc khóa, Quà lưu niệm, Hộp quà tặng, Móc khóa đôi, Chậu cây mini, Khăn lụa, Sổ tay dễ thương, Thiệp chúc mừng, Cốc đôi, Cốc đôi, Bưu thiếp, Khung ảnh, Bưu thiếp",Made In Viet Nam,Ha Noi,"Hướng đi cầu Thăng Long, Xã Nội Bài, Thành phố Hà Nội",110,4.3,gift,21.2194037,105.7889475
"Chậu cây mini, Khung ảnh LED, Bút ký cao cấp, Chậu cây mini, Tranh mini, Cốc đôi, Đồng hồ để bàn, Đồng hồ để bàn, Khăn lụa, Đồ thủ công, Quà lưu niệm, Gấu bông mini, Bình hoa nhỏ, Túi đựng quà, Hộp quà tặng, Tranh mini, Hộp quà tặng",Handmade Souvenir,Ha Noi,"Hướng đi cầu Thăng Long, Xã Nội Bài, Thành phố Hà Nội",270,4.9,gift,21.2192381,105.7895258
"Bút ký cao cấp, Tượng nhỏ, Móc khóa, Cốc đôi, Tượng nhỏ, Cốc đôi, Bình giữ nhiệt, Gối in hình, Khung ảnh, Gối in hình, Đồ thủ công, Chậu cây mini, Quà lưu niệm, Bình hoa nhỏ, Chậu cây mini, Tượng nhỏ, Nến thơm, Tượng nhỏ, Chậu cây mini",Bamboo Souvenir Shop,Ha Noi,"Hướng đi cầu Thăng Long, Xã Nội Bài, Thành phố Hà Nội",230,4.9,gift,21.2193459,105.7891656
"Gấu bông mini, Đèn trang trí nhỏ, Cốc đôi, Ly in hình, Túi đựng quà, Khung ảnh, Khung ảnh LED, Khung ảnh, Gối in hình, Túi đựng quà, Khăn lụa, Đồ thủ công, Gấu bông mini, Cốc đôi, Hộp quà tặng, Chậu cây mini, Quà lưu niệm, Khăn lụa",Song Viet Store,Ha Noi,"Hướng đi cầu Thăng Long, Xã Nội Bài, Thành phố Hà Nội",80,4.8,gift,21.219370900000005,105.7890355
"Gối in hình, Nến thơm, Bút ký cao cấp, Thiệp chúc mừng, Bưu thiếp, Gối in hình, Gấu bông mini, Bình giữ nhiệt, Bút ký cao cấp, Đèn trang trí nhỏ",Hong Ngoc Handicraft Shop,Ha Noi,"Hướng đi cầu Thăng Long, Xã Nội Bài, Thành phố Hà Nội",260,4.6,gift,21.219495700000003,105.7886622
"Gấu bông mini, Bánh handmade, Hộp quà tặng, Cốc đôi, Ly in hình, Khăn lụa, Hộp quà tặng, Khung ảnh LED, Móc khóa đôi, Bánh handmade, Tranh mini, Móc khóa đôi, Khăn lụa, Móc khóa",Thang Long Boutique,Ha Noi,"Hướng đi cầu Thăng Long, Xã Nội Bài, Thành phố Hà Nội",270,4.9,gift,21.219513600000003,105.7885741
"Ly in hình, Sổ tay dễ thương, Gấu bông mini, Nến thơm, Bưu thiếp, Cốc đôi, Bưu thiếp, Tượng nhỏ, Bút ký cao cấp, Sổ tay dễ thương, Túi đựng quà, Đồng hồ để bàn, Nến thơm, Gối in hình",Souvenir Shop,Ha Noi,"Bãi đỗ xe >16 chỗ, Xã Nội Bài, Thành phố Hà Nội",290,4.1,gift,21.2182885,105.7935486
"Túi đựng quà, Khăn lụa, Bút ký cao cấp, Gối in hình, Bút ký cao cấp, Sổ tay dễ thương, Nến thơm, Bưu thiếp, Đồ thủ công, Quà lưu niệm, Thiệp chúc mừng, Sổ tay dễ thương, Thiệp chúc mừng, Móc khóa đôi, Sổ tay dễ thương, Gấu bông mini, Đèn trang trí nhỏ, Đồ thủ công, Tượng nhỏ, Tượng nhỏ",Souvenir Shop,Ha Noi,"Bãi đỗ xe >16 chỗ, Xã Nội Bài, Thành phố Hà Nội",230,4.9,gift,21.217612300000003,105.7952944
"Tượng nhỏ, Khung ảnh LED, Sổ tay dễ thương, Hộp quà tặng, Đèn trang trí nhỏ, Thiệp chúc mừng, Ly in hình, Tranh mini, Cốc đôi, Quà lưu niệm, Tranh mini",Memos Souvenirs & Gifts,Ha Noi,"Bãi đỗ xe >16 chỗ, Xã Nội Bài, Thành phố Hà Nội",260,4.8,gift,21.2175359,105.79554970000001
"Đèn trang trí nhỏ, Gấu bông mini, Hộp quà tặng, Bình hoa nhỏ, Chậu cây mini, Đồng hồ để bàn, Khăn lụa, Khung ảnh LED, Móc khóa đôi, Đèn trang trí nhỏ, Bình giữ nhiệt, Thiệp chúc mừng, Sổ tay dễ thương, Thiệp chúc mừng, Đèn trang trí nhỏ, Chậu cây mini, Đèn trang trí nhỏ, Bánh handmade",Made In Viet Nam,Ha Noi,"Bãi đỗ xe >16 chỗ, Xã Nội Bài, Thành phố Hà Nội",250,4.4,gift,21.2177081,105.7949396
"Đèn trang trí nhỏ, Móc khóa, Tượng nhỏ, Gối in hình, Cốc đôi, Quà lưu niệm, Móc khóa, Quà lưu niệm, Cốc đôi, Sổ tay dễ thương, Bình giữ nhiệt, Khung ảnh, Quà lưu niệm, Tượng nhỏ, Khung ảnh LED, Đồ thủ công, Ly in hình, Nến thơm, Cốc đôi",Deli Mart,Ha Noi,"Hướng đi cầu Thăng Long, Xã Nội Bài, Thành phố Hà Nội",130,4,gift,21.219617100000004,105.7882137
"Đồng hồ để bàn, Gối in hình, Khung ảnh, Thiệp chúc mừng, Khăn lụa, Ly in hình, Chậu cây mini, Nến thơm, Bình hoa nhỏ, Bình hoa nhỏ, Cốc đôi, Khung ảnh, Thiệp chúc mừng",Viet Souvenir Shop,Ha Noi,"Hướng đi cầu Thăng Long, Xã Nội Bài, Thành phố Hà Nội",210,4.9,gift,21.2196368,105.7881368
"Khung ảnh, Khung ảnh, Tượng nhỏ, Gấu bông mini, Quà lưu niệm, Đồ thủ công, Khung ảnh LED, Hộp quà tặng, Gối in hình, Ly in hình, Khung ảnh, Bình giữ nhiệt, Bình giữ nhiệt, Bình giữ nhiệt, Hộp quà tặng, Bút ký cao cấp",Souvenir Shop,Ha Noi,"Quốc tế Đến T2, Xã Nội Bài, Thành phố Hà Nội",190,4.1,gift,21.218850399999997,105.7917909
"Đèn trang trí nhỏ, Đèn trang trí nhỏ, Hộp quà tặng, Cốc đôi, Gối in hình, Bình hoa nhỏ, Bưu thiếp, Bình hoa nhỏ, Nến thơm, Hộp quà tặng, Móc khóa, Ly in hình, Đồ thủ công, Đồng hồ để bàn, Gối in hình",Viet Nam’s Delights,Ha Noi,"Quốc tế Đến T2, Xã Nội Bài, Thành phố Hà Nội",130,4.6,gift,21.2188033,105.791917
"Móc khóa, Móc khóa đôi, Bưu thiếp, Nến thơm, Đồng hồ để bàn, Khung ảnh LED, Ly in hình, Chậu cây mini, Khung ảnh LED, Đồng hồ để bàn, Bình giữ nhiệt, Móc khóa, Bình giữ nhiệt, Chậu cây mini, Chậu cây mini, Đèn trang trí nhỏ, Gấu bông mini, Móc khóa, Nến thơm",Viet Nam’s Delights,Ha Noi,"Bãi đỗ xe >16 chỗ, Xã Nội Bài, Thành phố Hà Nội",260,4.6,gift,21.2183411,105.7934159
"Khung ảnh, Chậu cây mini, Cốc đôi, Tranh mini, Khăn lụa, Khung ảnh LED, Quà lưu niệm, Ly in hình, Bưu thiếp, Thiệp chúc mừng, Thiệp chúc mừng, Đèn trang trí nhỏ, Cốc đôi",Lucky Gift Shop,Ha Noi,"Bãi đỗ xe >16 chỗ, Xã Nội Bài, Thành phố Hà Nội",220,4.4,gift,21.217596299999993,105.7953382
"Bánh handmade, Bánh handmade, Thiệp chúc mừng, Nến thơm, Tượng nhỏ, Bình giữ nhiệt, Ly in hình, Đèn trang trí nhỏ, Khăn lụa, Bình giữ nhiệt, Khung ảnh LED, Thiệp chúc mừng, Thiệp chúc mừng, Đồ thủ công, Bút ký cao cấp, Chậu cây mini, Bình giữ nhiệt",Sweet Gift,Ha Noi,"Bãi đỗ xe >16 chỗ, Xã Nội Bài, Thành phố Hà Nội",100,4.3,gift,21.2175874,105.7953727
"Khẩu trang y tế, Son dưỡng môi, Túi đựng rác, Khăn giấy, Bông tẩy trang, Thớt, Khăn giấy, Khay nhựa, Nước hoa mini, Muối, Nước mắm, Bột giặt, Trứng gà, Rau củ quả, Nước trái cây, Kem cạo râu, Nước tương",FujiMart,Ha Noi,"324, Phố Tây Sơn, Phường Đống Đa, Thành phố Hà Nội, 11415",140,4,supermarket,21.005564500000002,105.8219659
"Bàn chải đánh răng, Sữa hộp, Dao cạo râu, Dao cạo râu, Bút bi, Khăn ướt, Nước tăng lực, Pin sạc, Pin AA, Bàn chải đánh răng, Cốc nhựa, Cà phê lon, Bao rác, Chai nước, Bánh snack, Bánh bao mini, Bóng đèn LED mini, Túi nylon, Kẹo",WinMart+,Ha Noi,"Đường Vân Hà, Xã Thư Lâm, Thành phố Hà Nội, 16000",15,4.2,convenience,21.136556499999998,105.9119472
"Khăn ướt, Thịt hộp, Bánh quy, Nước tăng lực, Bao rác, Khẩu trang y tế, Thịt hộp, Bao rác, Mì gói, Kem đánh răng, Túi nylon, Sổ tay nhỏ",WinMart+,Ha Noi,"Quốc lộ 3, Xã Đông Anh, Thành phố Hà Nội, 11810",15,3.9,convenience,21.1001047,105.8858631
"Bật lửa, Khăn giấy, Khẩu trang y tế, Nước ngọt, Bánh quy, Bánh bao mini, Bật lửa, Sữa hộp, Bao rác, Khoai tây chiên, Sữa chua uống, Dầu gội, Nước ngọt, Trà đóng chai, Cốc nhựa, Trà đóng chai, Nước tăng lực, Bao rác, Kem đánh răng",WinMart+,Ha Noi,"Quốc lộ 3, Xã Đông Anh, Thành phố Hà Nội, 12323",15,3.8,convenience,21.102865400000002,105.8650608
"Kẹo, Bút bi, Kem đánh răng, Bánh bao mini, Kẹo cao su, Bánh bao mini, Dầu gội, Sữa chua uống, Ô dù gấp, Dầu gội",WinMart+,Ha Noi,"Phố Lê Văn Thiêm, Phường Thanh Xuân, Thành phố Hà Nội, 10055",10,4,convenience,21.0024744,105.8022476
"Xà phòng tắm, Nước ngọt, Nước suối, Găng tay nilon, Dây sạc điện thoại, Khăn ướt, Bánh quy, Khăn giấy, Găng tay nilon, Bánh snack, Nước suối, Mì ly, Pin AA, Cốc nhựa, Khoai tây chiên, Dao cạo râu",WinMart+,Ha Noi,"Đường Số 5, Phường Phú Diễn, Thành phố Hà Nội, 10065",15,4.1,convenience,21.052079,105.7797926
"Kem đánh răng, Khăn ướt, Nước tăng lực, Gối cổ du lịch, Bóng đèn LED mini, Bật lửa, Kẹo, Pin sạc, Bật lửa, Túi nylon, Mì gói, Lăn khử mùi, Khoai tây chiên, Khăn giấy, Xà phòng tắm, Kẹo",WinMart+,Ha Noi,"Phố Nguyễn Thanh Bình, Phường Dương Nội, Thành phố Hà Nội, 10189",20,4.4,convenience,20.97285099999999,105.7561111
"Chai nước, Sữa hộp, Gối cổ du lịch, Kem đánh răng, Nước tăng lực, Nước ngọt, Mì ly, Cà phê lon, Kẹo, Trà đóng chai, Pin sạc, Mì gói, Bút bi, Túi nylon, Găng tay nilon, Thịt hộp",WinMart+,Ha Noi,"Ngõ 885 Tam Trinh, Phường Hoàng Mai, Thành phố Hà Nội, 11617",15,4.1,convenience,20.975942799999995,105.8688215
"Bánh snack, Bánh quy, Pin sạc, Sữa chua uống, Thịt hộp, Khăn giấy, Bánh snack, Sổ tay nhỏ, Lăn khử mùi, Nước tăng lực, Bánh bao mini, Bàn chải đánh răng, Bút bi, Nước suối, Kẹo, Khoai tây chiên, Găng tay nilon, Nước ngọt, Bánh quy",WinMart+,Ha Noi,"261, Phố Tân Mai, Phường Hoàng Mai, Thành phố Hà Nội, 11617",20,4.4,convenience,20.980140899999995,105.8505086
"Bánh bao mini, Nước suối, Bánh quy, Nước suối, Sổ tay nhỏ, Sổ tay nhỏ, Cốc nhựa, Dầu gội, Cà phê lon, Lăn khử mùi, Ô dù gấp, Bánh mì sandwich, Sữa hộp, Lăn khử mùi, Bút bi, Sữa chua uống, Kẹo, Nước suối, Xà phòng tắm",WinMart+,Ha Noi,"Đền Lừ 2, Phường Tương Mai, Thành phố Hà Nội, 11617",15,4.3,convenience,20.985606,105.8578995
"Muỗng nhựa, Nước tăng lực, Mì ly, Sổ tay nhỏ, Mì gói, Kẹo cao su, Bánh snack, Khăn ướt, Mì gói, Pin AA, Dầu gội, Dây sạc điện thoại, Lăn khử mùi, Sữa chua uống, Mì ly, Cốc nhựa",WinMart+,Ha Noi,"Ngõ 12 Phố Láng Hạ, Phường Giảng Võ, Thành phố Hà Nội, 10265",10,3.9,convenience,21.0206938,105.8168251
"Rau củ quả, Son dưỡng môi, Son dưỡng môi, Cà phê hòa tan, Cá hộp, Bột ngọt, Nước mắm, Ly thủy tinh, Dao bếp, Nước trái cây, Chảo chống dính, Nước mắm",Văn Khấn Cúng,Ha Noi,"Phố Nguyễn Duy Trinh, Phường Hoàng Liệt, Thành phố Hà Nội, 12506",190,4.5,supermarket,20.964484499999998,105.8344162
"Dây sạc điện thoại, Dầu gội, Mì gói, Pin AA, Bánh snack, Xà phòng tắm, Bóng đèn LED mini, Trà đóng chai, Bánh snack, Khoai tây chiên, Sữa chua uống, Nước ngọt, Kem đánh răng, Khoai tây chiên, Bút bi, Túi nylon, Muỗng nhựa",WinMart+,Ha Noi,"Phố Bùi Thiện Ngộ, Phường Việt Hưng, Thành phố Hà Nội, 08443",10,3.8,convenience,21.068095999999997,105.9097239
"Bánh snack, Nước ngọt, Nước tăng lực, Cốc nhựa, Bao rác, Sữa chua uống, Bánh quy, Mì gói, Kẹo, Túi nylon, Nước tăng lực",WinMart+,Ha Noi,"Ngõ 24, Xã Bình Minh, Thành phố Hà Nội, 10189",10,4.1,convenience,20.9295613,105.788983
"Dao cạo râu, Trà đóng chai, Túi nylon, Bật lửa, Bánh quy, Khăn ướt, Bút bi, Bánh bao mini, Bánh mì sandwich, Túi nylon",WinMart+,Ha Noi,"Dự án Kết nối đường qua Công ty xe bus vớI Dự án 423 Minh Khai, Phường Vĩnh Tuy, Thành phố Hà Nội, 11622",10,4.1,convenience,20.998906999999992,105.86598970000001
"Túi nylon, Găng tay nilon, Xà phòng tắm, Bánh bao mini, Khẩu trang y tế, Gối cổ du lịch, Bánh bao mini, Túi nylon, Dầu gội, Mì ly, Bánh mì sandwich, Ô dù gấp, Trà đóng chai, Bàn chải đánh răng, Bật lửa, Bút bi",WinMart+,Ha Noi,"14, Ngõ 59 Dương Khuê, Phường Từ Liêm, Thành phố Hà Nội, 10085",10,3.7,convenience,21.035909,105.7736554
"Gối cổ du lịch, Túi nylon, Bánh snack, Găng tay nilon, Sữa hộp, Sổ tay nhỏ, Pin sạc, Nước tăng lực, Khẩu trang y tế, Dây sạc điện thoại, Khăn ướt, Khẩu trang y tế, Dao cạo râu",WinMart+,Ha Noi,"Ngõ 11 Hàm Nghi, Phường Từ Liêm, Thành phố Hà Nội, 10085",15,4,convenience,21.034386599999998,105.7648865
"Nước ngọt, Khăn giấy, Găng tay nilon, Dây sạc điện thoại, Dao cạo râu, Bánh quy, Nước suối, Sổ tay nhỏ, Mì gói, Ô dù gấp",WinMart+,Ha Noi,"Phố Tân Khai, Phường Vĩnh Hưng, Thành phố Hà Nội, 11622",20,3.9,convenience,20.990503699999998,105.8728365
"Kem đánh răng, Dây sạc điện thoại, Mì ly, Bánh mì sandwich, Bút bi, Bánh snack, Lăn khử mùi, Bánh snack, Trà đóng chai, Chai nước, Bánh snack, Bánh bao mini, Bao rác",WinMart+,Ha Noi,"Đường Bạch Đằng, Phường Hồng Hà, Thành phố Hà Nội, 11023",15,4,convenience,21.030626400000003,105.8592404
"Muỗng nhựa, Kẹo cao su, Bao rác, Bật lửa, Chai nước, Kẹo cao su, Dao cạo râu, Chai nước, Dao cạo râu, Mì gói, Mì ly",WinMart+,Ha Noi,"36C, Phố Lý Nam Đế, Phường Hoàn Kiếm, Thành phố Hà Nội, 11000",10,4.4,convenience,21.0320691,105.84430120000002
"Bánh bao mini, Pin AA, Khẩu trang y tế, Bao rác, Khẩu trang y tế, Xà phòng tắm, Mì ly, Sữa chua uống, Bánh quy, Găng tay nilon",WinMart+,Ha Noi,"Ngõ 3 Xóm Đông Đường Tự Quản, Xã Thiên Lộc, Thành phố Hà Nội, 11909",10,3.5,convenience,21.1282433,105.7962667
"Khăn giấy, Bánh mì sandwich, Cà phê lon, Bật lửa, Khẩu trang y tế, Khăn giấy, Nước tăng lực, Dây sạc điện thoại, Cốc nhựa, Kem đánh răng, Pin AA, Bao rác, Sữa hộp, Xà phòng tắm, Trà đóng chai",WinMart+,Ha Noi,"Đường Vân Trì, Xã Phúc Thịnh, Thành phố Hà Nội, 12323",10,4.5,convenience,21.149017199999996,105.81526070000001
"Khăn ướt, Khẩu trang y tế, Bánh mì sandwich, Bật lửa, Thịt hộp, Dầu gội, Nước suối, Khăn giấy, Chai nước, Trà đóng chai, Khăn giấy, Sữa chua uống",WinMart+,Ha Noi,"Phố Hoàng Trọng Mậu, Phường Từ Liêm, Thành phố Hà Nội, 10074",20,4.2,convenience,21.0178756,105.7741709
"Dầu gội, Pin sạc, Muỗng nhựa, Nước suối, Muỗng nhựa, Dao cạo râu, Mì gói, Khẩu trang y tế, Sữa hộp, Bao rác, Muỗng nhựa, Khoai tây chiên, Bánh bao mini, Túi nylon, Thịt hộp, Sữa chua uống, Bánh snack, Dây sạc điện thoại, Mì gói, Khoai tây chiên",WinMart+,Ha Noi,"Phố Nguyễn Cơ Thạch, Phường Từ Liêm, Thành phố Hà Nội, 10085",10,4.4,convenience,21.035475800000004,105.7665769
"Bao rác, Gối cổ du lịch, Kem đánh răng, Bánh quy, Bao rác, Bàn chải đánh răng, Bàn chải đánh răng, Lăn khử mùi, Sữa chua uống, Xà phòng tắm, Nước suối",WinMart+,Ha Noi,"Phố Hồ Linh Quang, Phường Văn Miếu - Quốc Tử Giám, Thành phố Hà Nội, 11018",20,4.2,convenience,21.020711099999996,105.8375258
"Bánh snack, Túi nylon, Thịt hộp, Lăn khử mùi, Bóng đèn LED mini, Ô dù gấp, Bút bi, Bút bi, Trà đóng chai, Sổ tay nhỏ, Bàn chải đánh răng, Cốc nhựa, Lăn khử mùi",WinMart+,Ha Noi,"23B4, Phố Cự Lộc, Phường Thanh Xuân, Thành phố Hà Nội, 10167",20,4.3,convenience,21.000178099999992,105.8141164
"Ô dù gấp, Sữa hộp, Dao cạo râu, Nước suối, Lăn khử mùi, Muỗng nhựa, Khăn giấy, Mì gói, Dầu gội, Kẹo, Nước suối, Kẹo, Kẹo cao su, Khăn ướt, Cốc nhựa, Kẹo cao su, Bàn chải đánh răng, Trà đóng chai, Mì gói, Túi nylon",WinMart+,Ha Noi,"79, Đường Bát Khối, Phường Long Biên, Thành phố Hà Nội, 11023",10,4.1,convenience,21.0258355,105.88429660000001
"Mì ly, Cà phê lon, Bật lửa, Túi nylon, Nước tăng lực, Bàn chải đánh răng, Bánh bao mini, Bánh snack, Bao rác, Găng tay nilon, Xà phòng tắm, Lăn khử mùi, Chai nước, Mì ly, Kem đánh răng, Pin sạc",WinMart+,Ha Noi,"Đường Dương Nội, Phường Dương Nội, La Phù, Thành phố Hà Nội, 10070",10,3.8,convenience,20.982455599999998,105.7424468
"Khẩu trang y tế, Bánh quy, Nước ngọt, Xà phòng tắm, Nước ngọt, Bóng đèn LED mini, Khoai tây chiên, Nước ngọt, Mì gói, Thịt hộp, Bánh mì sandwich, Bật lửa, Bút bi, Cốc nhựa, Gối cổ du lịch, Bàn chải đánh răng",WinMart+,Ha Noi,"Khu Đô Thị Văn Quán, Phường Hà Đông, Thành phố Hà Nội, 12100",10,3.6,convenience,20.969254299999996,105.7920657
"Kem đánh răng, Khẩu trang y tế, Lăn khử mùi, Nước suối, Bật lửa, Xà phòng tắm, Khăn giấy, Khăn ướt, Gối cổ du lịch, Dây sạc điện thoại, Bánh quy, Dây sạc điện thoại, Bánh snack",WinMart+,Ha Noi,"Phố Hoàng Như Tiếp, Phường Bồ Đề, Thành phố Hà Nội, 11810",10,4,convenience,21.043481699999994,105.8757458
"Mì gói, Bật lửa, Bánh mì sandwich, Bóng đèn LED mini, Bánh quy, Pin sạc, Khăn giấy, Túi nylon, Bút bi, Khẩu trang y tế, Bánh mì sandwich, Sổ tay nhỏ, Bánh mì sandwich, Khoai tây chiên, Lăn khử mùi, Bánh quy, Khẩu trang y tế, Dao cạo râu, Bánh mì sandwich",WinMart+,Ha Noi,"Đường Võ Nguyên Giáp, Xã Vĩnh Thanh, Thành phố Hà Nội, 12323",20,4.3,convenience,21.114808899999993,105.830707
"Nước tăng lực, Bàn chải đánh răng, Mì gói, Sữa hộp, Bánh quy, Chai nước, Mì ly, Bánh snack, Khăn ướt, Dầu gội, Sữa chua uống, Bàn chải đánh răng, Gối cổ du lịch, Sổ tay nhỏ, Túi nylon, Bánh snack, Cà phê lon, Bánh bao mini, Khăn giấy, Nước tăng lực",WinMart+,Ha Noi,"Đường vành đai 4, Phường Yên Nghĩa, Xã An Khánh, Thành phố Hà Nội, 10189",10,4.2,convenience,20.9604083,105.7404698
"Lăn khử mùi, Khẩu trang y tế, Sữa hộp, Nước tăng lực, Kẹo, Khăn giấy, Bánh snack, Khăn ướt, Thịt hộp, Xà phòng tắm, Cốc nhựa, Nước tăng lực, Kẹo cao su, Ô dù gấp, Pin sạc",WinMart+,Ha Noi,"Đường Đa Tốn, Xã Bát Tràng, Thành phố Hà Nội, 17710",15,4.1,convenience,20.985994099999996,105.93079930000002
"Kẹo cao su, Dao cạo râu, Sổ tay nhỏ, Pin sạc, Bánh bao mini, Bánh quy, Dây sạc điện thoại, Mì gói, Kẹo, Pin AA, Thịt hộp, Bánh bao mini, Bao rác, Dao cạo râu, Bánh bao mini, Khoai tây chiên",WinMart+,Ha Noi,"Phố Gia Thượng, Phường Bồ Đề, Thành phố Hà Nội, 11810",20,3.7,convenience,21.06302519999999,105.8676263
"Nước ngọt, Gối cổ du lịch, Mì ly, Túi nylon, Khăn giấy, Kẹo, Ô dù gấp, Kem đánh răng, Bàn chải đánh răng, Sữa hộp, Dao cạo râu, Khăn ướt, Dầu gội",WinMart+,Ha Noi,"3, Phố Hàng Bút, Phường Hoàn Kiếm, Thành phố Hà Nội, 11000",10,3.8,convenience,21.0349146,105.8478529
"Sữa hộp, Bàn chải đánh răng, Sữa chua uống, Cà phê lon, Kẹo, Kem đánh răng, Chai nước, Cà phê lon, Bật lửa, Trà đóng chai, Khăn ướt, Bút bi, Bánh bao mini, Mì gói, Dao cạo râu",WinMart+,Ha Noi,"98, Đường Xuân Diệu, Phường Tây Hồ, Thành phố Hà Nội, 10202",15,3.7,convenience,21.062510199999995,105.829924
"Kẹo, Bánh snack, Lăn khử mùi, Bánh snack, Sổ tay nhỏ, Găng tay nilon, Túi nylon, Khăn giấy, Mì gói, Kem đánh răng, Khăn ướt, Cốc nhựa, Bao rác, Sổ tay nhỏ, Thịt hộp",WinMart+,Ha Noi,"268, Phố Lê Trọng Tấn, Phường Phương Liệt, Thành phố Hà Nội, 11718",15,4.3,convenience,20.990377999999996,105.8335859
"Cốc nhựa, Kẹo, Khăn giấy, Sữa hộp, Bánh quy, Xà phòng tắm, Kẹo cao su, Sữa chua uống, Bàn chải đánh răng, Trà đóng chai",WinMart+,Ha Noi,"101, Phố Hương Viên, Phường Hai Bà Trưng, Thành phố Hà Nội, 10078",20,4.3,convenience,21.0112734,105.8566009
"Bánh snack, Gối cổ du lịch, Sổ tay nhỏ, Sữa chua uống, Bánh mì sandwich, Trà đóng chai, Dây sạc điện thoại, Nước ngọt, Pin AA, Dầu gội, Dây sạc điện thoại, Pin AA",WinMart+,Ha Noi,"Ngõ 503 Ninh Hiệp, Xã Phù Đổng, Thành phố Hà Nội, 10165",15,4.1,convenience,21.082296000000003,105.9474947
"Pin AA, Thịt hộp, Kẹo, Dầu gội, Gối cổ du lịch, Gối cổ du lịch, Kẹo cao su, Cà phê lon, Dầu gội, Nước ngọt, Chai nước, Thịt hộp, Ô dù gấp, Sữa chua uống, Khoai tây chiên, Sữa chua uống, Sữa chua uống, Cà phê lon",WinMart+,Ha Noi,"Quốc lộ 23, Xã Mê Linh, Thành phố Hà Nội",20,3.6,convenience,21.147968600000002,105.7588111
"Bánh bao mini, Lăn khử mùi, Mì ly, Sữa hộp, Bao rác, Xà phòng tắm, Bánh mì sandwich, Pin sạc, Sổ tay nhỏ, Bánh bao mini, Dầu gội, Dầu gội, Dây sạc điện thoại",WinMart+,Ha Noi,"Đường Nam Hồng, Xã Mê Linh, Thành phố Hà Nội, 12910",20,3.8,convenience,21.1527291,105.7596872
"Thịt hộp, Bánh bao mini, Kẹo, Pin sạc, Bật lửa, Túi nylon, Bật lửa, Xà phòng tắm, Kem đánh răng, Bánh snack, Nước ngọt, Dây sạc điện thoại",WinMart+,Ha Noi,"Phố Vĩnh Hưng, Phường Vĩnh Hưng, Thành phố Hà Nội, 11622",15,4.5,convenience,20.991039099999995,105.8789807
"Nước tăng lực, Khẩu trang y tế, Cốc nhựa, Dầu gội, Chai nước, Bánh quy, Pin sạc, Găng tay nilon, Cốc nhựa, Kẹo cao su, Khăn ướt, Nước tăng lực, Khăn giấy, Mì ly, Bật lửa, Túi nylon, Bàn chải đánh răng, Khăn ướt, Lăn khử mùi, Xà phòng tắm",WinMart+,Ha Noi,"Phố Viên, Phường Đông Ngạc, Thành phố Hà Nội, 12500",10,4.5,convenience,21.071500499999996,105.773261
"Thịt hộp, Bao rác, Pin sạc, Bánh bao mini, Gối cổ du lịch, Trà đóng chai, Dầu gội, Gối cổ du lịch, Bàn chải đánh răng, Nước suối, Lăn khử mùi, Mì ly, Găng tay nilon, Bóng đèn LED mini",WinMart+,Ha Noi,"Ngõ 74 Đường Giáp Hải, Xã Bát Tràng, Thành phố Hà Nội, 11622",15,3.9,convenience,20.99699889999999,105.9146968
"Sữa chua uống, Dầu gội, Bánh snack, Nước tăng lực, Túi nylon, Găng tay nilon, Mì gói, Bóng đèn LED mini, Khoai tây chiên, Xà phòng tắm, Kem đánh răng, Nước ngọt",WinMart+,Ha Noi,"Phố Minh Tảo, Phường Xuân Đỉnh, Thành phố Hà Nội, 10264",10,3.6,convenience,21.0658786,105.8014662
"Nước suối, Nước tăng lực, Bánh snack, Pin sạc, Nước ngọt, Găng tay nilon, Muỗng nhựa, Ô dù gấp, Khăn ướt, Khẩu trang y tế, Nước suối, Pin AA, Mì gói, Mì ly, Khăn ướt, Khăn ướt",WinMart+,Ha Noi,"Ngõ 454 Minh Khai, Phường Vĩnh Tuy, Thành phố Hà Nội, 11622",20,3.9,convenience,20.995767299999997,105.8644061
"Bàn chải đánh răng, Bánh snack, Mì gói, Nước suối, Bóng đèn LED mini, Mì gói, Nước ngọt, Bánh snack, Khẩu trang y tế, Sữa chua uống, Nước ngọt, Dầu gội, Sữa chua uống, Bàn chải đánh răng",WinMart+,Ha Noi,"85, Phố Yên Sở, Phường Hoàng Mai, Thành phố Hà Nội, 12506",10,4.2,convenience,20.967001700000004,105.8704372
"Nước suối, Bao rác, Khoai tây chiên, Bàn chải đánh răng, Bánh snack, Bao rác, Khăn ướt, Muỗng nhựa, Túi nylon, Dao cạo râu, Bật lửa, Cốc nhựa, Khẩu trang y tế, Túi nylon, Thịt hộp",WinMart+,Ha Noi,"383, Đường Kiêu Kỵ, Xã Gia Lâm, Thành phố Hà Nội, Tỉnh Hưng Yên, 17710",10,4.1,convenience,20.967529799999998,105.95545310000001
"Gối cổ du lịch, Lăn khử mùi, Chai nước, Thịt hộp, Pin AA, Kẹo cao su, Muỗng nhựa, Pin sạc, Khăn giấy, Muỗng nhựa, Mì ly, Sữa chua uống, Bóng đèn LED mini, Dầu gội, Thịt hộp, Sổ tay nhỏ, Mì ly",WinMart+,Ha Noi,"Đường Nguyễn Khánh Toàn, Phường Nghĩa Đô, Thành phố Hà Nội, 11150",15,4.3,convenience,21.036323200000005,105.8029111
"Kem đánh răng, Cốc nhựa, Bút bi, Khăn giấy, Bàn chải đánh răng, Pin sạc, Muỗng nhựa, Pin sạc, Pin AA, Khăn ướt, Cà phê lon, Khẩu trang y tế, Pin AA, Khăn ướt, Ô dù gấp, Dầu gội, Thịt hộp, Nước suối",WinMart+,Ha Noi,"Phố Nguyễn Thanh Bình, Phường Hà Đông, Thành phố Hà Nội, 10189",10,4,convenience,20.9758497,105.7626138
"Gối cổ du lịch, Nước ngọt, Kẹo cao su, Pin sạc, Bật lửa, Sữa hộp, Xà phòng tắm, Kẹo cao su, Dây sạc điện thoại, Nước tăng lực, Lăn khử mùi, Nước suối, Khăn ướt, Găng tay nilon, Bao rác",WinMart+,Ha Noi,"Phố Nhật Tảo, Phường Phú Thượng, Thành phố Hà Nội, 11909",10,3.7,convenience,21.087506499999996,105.7869856
"Bánh mì sandwich, Nước ngọt, Mì gói, Bóng đèn LED mini, Sữa hộp, Mì gói, Mì ly, Cốc nhựa, Bút bi, Khoai tây chiên, Nước suối, Gối cổ du lịch, Dao cạo râu, Bánh quy, Cà phê lon, Xà phòng tắm, Cà phê lon",WinMart+,Ha Noi,"Ngõ 1 Đỗ Nhuận, Phường Xuân Đỉnh, Thành phố Hà Nội, 12500",20,4.3,convenience,21.068604299999997,105.7879773
"Muỗng nhựa, Bàn chải đánh răng, Bóng đèn LED mini, Dây sạc điện thoại, Sổ tay nhỏ, Sổ tay nhỏ, Bao rác, Cốc nhựa, Ô dù gấp, Ô dù gấp, Sổ tay nhỏ, Kẹo cao su, Pin sạc, Cà phê lon, Khăn ướt, Ô dù gấp, Xà phòng tắm, Bóng đèn LED mini",WinMart+,Ha Noi,"45, Ngõ Thịnh Hào 1, Phường Ô Chợ Dừa, Thành phố Hà Nội, 10081",20,3.8,convenience,21.0239291,105.8307102
"Bao rác, Thịt hộp, Bánh quy, Cốc nhựa, Kem đánh răng, Thịt hộp, Dao cạo râu, Dao cạo râu, Thịt hộp, Nước tăng lực, Bật lửa, Bàn chải đánh răng, Sổ tay nhỏ, Pin sạc, Dầu gội, Gối cổ du lịch",WinMart+,Ha Noi,"Ngõ 221 Phố Tôn Đức Thắng, Phường Văn Miếu - Quốc Tử Giám, Thành phố Hà Nội, 10081",15,3.7,convenience,21.021555799999994,105.8326207
"Sữa chua uống, Bật lửa, Gối cổ du lịch, Bút bi, Chai nước, Dầu gội, Sữa chua uống, Nước tăng lực, Khăn giấy, Pin sạc, Nước suối, Chai nước, Thịt hộp, Thịt hộp, Khoai tây chiên, Dây sạc điện thoại, Chai nước, Xà phòng tắm, Kẹo cao su",WinMart+,Ha Noi,"Đường Số 12, Phường Phú Diễn, Thành phố Hà Nội, 10065",15,3.9,convenience,21.0491873,105.7791421
"Pin AA, Bánh snack, Mì gói, Bóng đèn LED mini, Bao rác, Bánh mì sandwich, Sổ tay nhỏ, Trà đóng chai, Bánh snack, Dầu gội, Bánh mì sandwich, Sữa chua uống, Thịt hộp, Bánh quy, Pin AA, Kem đánh răng, Nước tăng lực, Bàn chải đánh răng, Gối cổ du lịch",Circle K,Ha Noi,"Đường Xuân Diệu, Phường Tây Hồ, Thành phố Hà Nội, 10202",20,4.3,convenience,21.060951900000003,105.8324811
"Ô dù gấp, Dây sạc điện thoại, Bút bi, Bóng đèn LED mini, Cà phê lon, Mì ly, Mì ly, Pin AA, Kẹo, Dao cạo râu, Bàn chải đánh răng, Xà phòng tắm",WinMart+,Ha Noi,"344, Đường Ngọc Thụy, Phường Bồ Đề, Thành phố Hà Nội, 11810",20,4.5,convenience,21.0600742,105.8638134
"Xà phòng tắm, Trà đóng chai, Sữa hộp, Khoai tây chiên, Sổ tay nhỏ, Ô dù gấp, Găng tay nilon, Nước ngọt, Bánh snack, Pin sạc, Mì ly, Cốc nhựa",GS25,Ha Noi,"147, Phố Đội Cấn, Phường Ngọc Hà, Thành phố Hà Nội, 11112",20,4.2,convenience,21.0347966,105.8273132
"Trà đóng chai, Xà phòng tắm, Bánh quy, Nước ngọt, Dao cạo râu, Găng tay nilon, Pin AA, Túi nylon, Chai nước, Mì ly",GS25,Ha Noi,"289, Đường Khuất Duy Tiến, Phường Đại Mỗ, Thành phố Hà Nội, 10055",10,3.8,convenience,21.002318699999996,105.7941205
"Bánh snack, Gối cổ du lịch, Thịt hộp, Bánh quy, Nước tăng lực, Thịt hộp, Cốc nhựa, Mì ly, Lăn khử mùi, Lăn khử mùi, Bao rác, Gối cổ du lịch",GS25,Ha Noi,"265, Đường Cầu Giấy, Phường Cầu Giấy, Thành phố Hà Nội, 10198",15,4.4,convenience,21.0343935,105.7955186
"Khăn giấy, Mì gói, Khẩu trang y tế, Gối cổ du lịch, Nước suối, Kem đánh răng, Túi nylon, Khoai tây chiên, Khoai tây chiên, Trà đóng chai, Kẹo, Khoai tây chiên, Bánh quy",GS25,Ha Noi,"12, Phố Hàng Dầu, Phường Hoàn Kiếm, Thành phố Hà Nội, 10147",20,4.1,convenience,21.0318137,105.8538172
"Kẹo cao su, Mì ly, Mì gói, Bánh snack, Nước ngọt, Bật lửa, Bánh bao mini, Pin sạc, Nước tăng lực, Ô dù gấp",GS25,Ha Noi,"9, Phố Đào Duy Anh, Phường Kim Liên, Thành phố Hà Nội, 10306",10,3.7,convenience,21.008689,105.8380821
"Mì gói, Bàn chải đánh răng, Pin sạc, Bàn chải đánh răng, Dầu gội, Gối cổ du lịch, Pin sạc, Dầu gội, Khăn ướt, Kem đánh răng",GS25,Ha Noi,"Đường Cầu Giấy, Phường Cầu Giấy, Thành phố Hà Nội, 10141",15,3.7,convenience,21.034330699999998,105.7948602
"Thịt hộp, Lăn khử mùi, Kẹo, Bao rác, Muỗng nhựa, Nước ngọt, Nước suối, Pin sạc, Trà đóng chai, Thịt hộp, Muỗng nhựa, Nước tăng lực, Túi nylon, Xà phòng tắm, Dao cạo râu, Sổ tay nhỏ, Bật lửa, Muỗng nhựa",WinMart+,Ha Noi,"Ngõ 230 Phố Lạc Trung, Phường Vĩnh Tuy, Thành phố Hà Nội, 11622",10,3.5,convenience,21.003837999999995,105.8660856
"Pin AA, Ô dù gấp, Lăn khử mùi, Bánh mì sandwich, Dầu gội, Xà phòng tắm, Trà đóng chai, Kẹo cao su, Ô dù gấp, Gối cổ du lịch, Dây sạc điện thoại, Bánh quy, Khoai tây chiên, Chai nước, Bàn chải đánh răng, Bàn chải đánh răng",WinMart+,Ha Noi,"Phố Nguyễn Thanh Bình, Phường Dương Nội, Thành phố Hà Nội, 10189",15,4.3,convenience,20.976109199999996,105.7609007
"Sữa chua uống, Ô dù gấp, Sữa hộp, Dao cạo râu, Trà đóng chai, Bánh mì sandwich, Kẹo cao su, Mì ly, Bánh quy, Cà phê lon, Bánh mì sandwich, Kẹo, Nước suối, Bánh bao mini, Găng tay nilon, Dầu gội",WinMart+,Ha Noi,"Phố Đỗ Đức Dục, Phường Từ Liêm, Thành phố Hà Nội, 10161",20,3.7,convenience,21.011883099999995,105.78523050000001
"Cà phê lon, Bao rác, Khăn giấy, Lăn khử mùi, Sổ tay nhỏ, Pin sạc, Túi nylon, Bàn chải đánh răng, Bóng đèn LED mini, Sổ tay nhỏ, Bóng đèn LED mini, Sổ tay nhỏ, Nước tăng lực, Túi nylon, Sữa chua uống, Kẹo cao su, Cà phê lon",WinMart+,Ha Noi,"Ngõ 9 Phố Nguyên Hồng, Phường Giảng Võ, Thành phố Hà Nội, 10067",20,3.9,convenience,21.02292079999999,105.8150563
"Cà phê lon, Bóng đèn LED mini, Gối cổ du lịch, Sữa chua uống, Xà phòng tắm, Sữa chua uống, Nước ngọt, Bao rác, Nước tăng lực, Bánh snack, Mì gói, Cốc nhựa",WinMart+,Ha Noi,"129, Phố Nam Dư, Phường Vĩnh Hưng, Thành phố Hà Nội, 11622",20,3.7,convenience,20.9845078,105.8877896
"Dây sạc điện thoại, Bánh bao mini, Sữa chua uống, Lăn khử mùi, Kẹo cao su, Khăn giấy, Bật lửa, Kẹo cao su, Khăn ướt, Khoai tây chiên, Bút bi, Mì ly, Cốc nhựa, Sữa hộp, Xà phòng tắm, Bao rác, Găng tay nilon, Khăn ướt, Chai nước, Thịt hộp",WinMart+,Ha Noi,"Đường Eco Lake View, Phường Định Công, Thành phố Hà Nội, 11718",15,4.2,convenience,20.9729754,105.8390652
"Bóng đèn LED mini, Nước tăng lực, Dầu gội, Pin AA, Nước tăng lực, Bánh snack, Bánh bao mini, Khẩu trang y tế, Bóng đèn LED mini, Túi nylon, Khăn ướt, Túi nylon, Nước tăng lực, Pin sạc, Bánh snack",WinMart+,Ha Noi,"314, Phố Trần Cung, Phường Nghĩa Đô, Thành phố Hà Nội, 10065",20,4,convenience,21.053668800000004,105.7879569
"Muỗng nhựa, Dầu gội, Bật lửa, Gối cổ du lịch, Khẩu trang y tế, Bàn chải đánh răng, Bánh mì sandwich, Pin AA, Thịt hộp, Khăn ướt, Trà đóng chai, Xà phòng tắm, Bánh bao mini, Bút bi, Dây sạc điện thoại, Chai nước",WinMart+,Ha Noi,"Phố Trịnh Văn Bô, Phường Xuân Phương, Thành phố Hà Nội, 10085",20,3.9,convenience,21.031757400000004,105.7554027
"Bật lửa, Nước ngọt, Pin sạc, Sữa hộp, Pin sạc, Kẹo, Xà phòng tắm, Pin sạc, Khăn giấy, Bóng đèn LED mini, Muỗng nhựa",WinMart+,Ha Noi,"Đường Xuân Phương, Phường Xuân Phương, Thành phố Hà Nội, 34000",15,4.1,convenience,21.047472499999998,105.7345487
"Kem đánh răng, Sổ tay nhỏ, Ô dù gấp, Thịt hộp, Khăn ướt, Găng tay nilon, Sổ tay nhỏ, Thịt hộp, Kẹo cao su, Bật lửa, Túi nylon",WinMart+,Ha Noi,"200, Đường Quyết Thắng, Phường Yên Nghĩa, Thành phố Hà Nội, 10189",10,3.6,convenience,20.954049800000004,105.7387217
"Xà phòng tắm, Khẩu trang y tế, Sữa chua uống, Bao rác, Trà đóng chai, Mì ly, Bóng đèn LED mini, Bánh snack, Cốc nhựa, Mì gói, Sổ tay nhỏ, Kẹo, Kem đánh răng, Bàn chải đánh răng, Bàn chải đánh răng, Kẹo, Bánh mì sandwich, Cốc nhựa, Sữa chua uống",WinMart+,Ha Noi,"Phố Nguyễn Lam, Phường Phúc Lợi, Thành phố Hà Nội, 08443",20,4.4,convenience,21.041837399999995,105.9039057
"Bánh mì sandwich, Găng tay nilon, Cốc nhựa, Bao rác, Bàn chải đánh răng, Nước tăng lực, Sữa hộp, Bóng đèn LED mini, Bánh bao mini, Gối cổ du lịch, Bánh quy, Gối cổ du lịch, Túi nylon, Xà phòng tắm, Thịt hộp, Bánh bao mini",WinMart+,Ha Noi,"Đường Ngũ Hiệp, Xã Thanh Trì, Thành phố Hà Nội, 12506",15,4,convenience,20.923017199999993,105.8579469
"Pin sạc, Dầu gội, Bút bi, Gối cổ du lịch, Muỗng nhựa, Kem đánh răng, Khẩu trang y tế, Xà phòng tắm, Cà phê lon, Bánh bao mini, Chai nước, Mì ly, Kem đánh răng, Bánh quy, Sữa hộp",WinMart+,Ha Noi,"Đường Ngũ Hiệp, Xã Nam Phù, Thành phố Hà Nội, 12506",15,3.8,convenience,20.921076899999996,105.8630493
"Muỗng nhựa, Mì gói, Găng tay nilon, Khẩu trang y tế, Kẹo cao su, Bánh mì sandwich, Thịt hộp, Cốc nhựa, Kẹo cao su, Cà phê lon, Dao cạo râu",WinMart+,Ha Noi,"65, Đường Cổ Điển, Xã Thanh Trì, Thành phố Hà Nội, 12506",20,4.5,convenience,20.940983999999997,105.8461022
"Thịt hộp, Gối cổ du lịch, Kẹo, Bút bi, Sổ tay nhỏ, Kẹo, Nước tăng lực, Dầu gội, Bóng đèn LED mini, Bánh snack, Dây sạc điện thoại, Dầu gội, Sữa hộp, Găng tay nilon",WinMart+,Ha Noi,"Đường Thanh Lãm, Phú Lương, Phường Phú Lương, Thành phố Hà Nội, 10189",15,3.9,convenience,20.944828499999996,105.7556497
"Bánh quy, Sữa chua uống, Sữa hộp, Bánh bao mini, Dây sạc điện thoại, Bánh quy, Nước tăng lực, Nước tăng lực, Nước tăng lực, Kẹo cao su, Kẹo cao su, Kẹo cao su, Dao cạo râu, Nước suối, Bật lửa, Thịt hộp, Cà phê lon",WinMart+,Ha Noi,"507, Đường Thụy Khuê, Phường Tây Hồ, Thành phố Hà Nội, 10072",10,3.9,convenience,21.0481715,105.80902110000001
"Nước ngọt, Bánh snack, Kem đánh răng, Khoai tây chiên, Bao rác, Kem đánh răng, Túi nylon, Túi nylon, Lăn khử mùi, Bóng đèn LED mini, Xà phòng tắm, Trà đóng chai, Túi nylon, Khăn ướt, Khăn giấy, Sữa chua uống, Sữa chua uống, Cà phê lon, Mì gói",WinMart+,Ha Noi,"Ngõ 19 Liễu Giai, Phường Ngọc Hà, Thành phố Hà Nội, 10299",15,4.3,convenience,21.0343859,105.8159851
"Bánh bao mini, Bút bi, Thịt hộp, Kem đánh răng, Nước ngọt, Bánh snack, Thịt hộp, Mì ly, Bàn chải đánh răng, Cốc nhựa, Nước suối, Pin sạc, Bàn chải đánh răng, Nước suối, Bánh quy, Pin AA, Khoai tây chiên, Bóng đèn LED mini",WinMart+,Ha Noi,"Ngõ 279 Phố Đội Cấn, Phường Ngọc Hà, Thành phố Hà Nội, 10237",15,3.8,convenience,21.038750599999997,105.8216559
"Kem đánh răng, Bóng đèn LED mini, Bật lửa, Kẹo, Pin sạc, Dao cạo râu, Bánh snack, Gối cổ du lịch, Kem đánh răng, Nước ngọt, Gối cổ du lịch, Thịt hộp",Circle K,Ha Noi,"65, Phố Vạn Bảo, Phường Ngọc Hà, Thành phố Hà Nội, 10237",15,4,convenience,21.033769800000005,105.8171421
"Trà đóng chai, Pin sạc, Sữa chua uống, Ô dù gấp, Thịt hộp, Cốc nhựa, Chai nước, Mì ly, Bánh bao mini, Ô dù gấp",WinMart+,Ha Noi,"Hải Đăng 1, Xã Gia Lâm, Thành phố Hà Nội, 17710",20,3.8,convenience,20.996147699999998,105.9441819
"Ngũ cốc ăn sáng, Dầu gội, Giấy vệ sinh, Mì gói, Bột giặt, Snack, Nước mắm, Nước trái cây, Nước hoa mini, Dầu ăn, Dầu ăn, Sữa chua, Bột giặt, Trà túi lọc",WinMart,Ha Noi,"Đường Võ Chí Công, Phường Tây Hồ, Thành phố Hà Nội, 10206",115,3.9,supermarket,21.065673200000003,105.8069288
"Bật lửa, Dây sạc điện thoại, Nước ngọt, Dao cạo râu, Khẩu trang y tế, Nước ngọt, Nước suối, Nước ngọt, Dao cạo râu, Cốc nhựa, Xà phòng tắm, Khoai tây chiên, Nước ngọt, Bút bi, Thịt hộp, Bánh bao mini, Nước suối, Bóng đèn LED mini",WinMart+,Ha Noi,"Phố Vũ Phạm Hàm, Phường Yên Hòa, Thành phố Hà Nội, 11313",15,4.2,convenience,21.018413500000005,105.7984276
"Găng tay nilon, Mì ly, Sữa chua uống, Trà đóng chai, Gối cổ du lịch, Bóng đèn LED mini, Bút bi, Bánh quy, Khăn giấy, Kẹo cao su, Bao rác, Khăn ướt, Bánh quy, Trà đóng chai, Gối cổ du lịch, Kem đánh răng, Khăn giấy, Muỗng nhựa",WinMart+,Ha Noi,"Đường Vạn Xuân, Xã Hoài Đức, Thành phố Hà Nội, 34000",15,3.5,convenience,21.0611191,105.7223143
"Găng tay nilon, Cốc nhựa, Dây sạc điện thoại, Dao cạo râu, Mì ly, Khăn giấy, Dao cạo râu, Bút bi, Chai nước, Khoai tây chiên, Dầu gội, Bánh bao mini, Bút bi, Cà phê lon, Cà phê lon",WinMart+,Ha Noi,"Đường Phan Trọng Tuệ, Phường Thanh Liệt, Xã Đại Thanh, Thành phố Hà Nội, 10135",20,3.7,convenience,20.957156899999998,105.806948
"Bánh bao mini, Dây sạc điện thoại, Sữa hộp, Kẹo, Bàn chải đánh răng, Khoai tây chiên, Cà phê lon, Bánh bao mini, Cà phê lon, Bàn chải đánh răng, Pin sạc, Xà phòng tắm, Nước ngọt, Dao cạo râu, Bàn chải đánh răng, Ô dù gấp, Sữa hộp, Mì ly",WinMart+,Ha Noi,"Đường Quang Lai, Xã Thanh Trì, Thành phố Hà Nội, 12506",20,4.4,convenience,20.931141699999998,105.84816420000001
"Bút bi, Găng tay nilon, Sữa chua uống, Thịt hộp, Dây sạc điện thoại, Gối cổ du lịch, Mì gói, Găng tay nilon, Cà phê lon, Cốc nhựa, Sữa hộp, Sổ tay nhỏ, Mì ly, Cà phê lon, Cốc nhựa, Trà đóng chai, Nước ngọt, Cà phê lon",WinMart+,Ha Noi,"Đường Dương Đức Hiền, Xã Thuận An, Thành phố Hà Nội, 17710",10,4,convenience,21.025992200000005,105.9920355
"Bánh mì sandwich, Nước ngọt, Kẹo, Ô dù gấp, Gối cổ du lịch, Túi nylon, Mì gói, Xà phòng tắm, Pin AA, Trà đóng chai, Dầu gội, Khẩu trang y tế, Mì ly, Pin sạc",WinMart+,Ha Noi,"Ngõ 7, Phường Đại Mỗ, Thành phố Hà Nội, 12011",15,4,convenience,20.995524599999996,105.7845384
"Bánh mì sandwich, Pin sạc, Nước ngọt, Kẹo, Bút bi, Lăn khử mùi, Nước suối, Khẩu trang y tế, Kẹo, Dầu gội, Trà đóng chai",WinMart+,Ha Noi,"Quốc lộ 3, Xã Sóc Sơn, Thành phố Hà Nội",20,4.1,convenience,21.202713999999997,105.8488749
"Bàn chải đánh răng, Mì gói, Sữa hộp, Mì ly, Dầu gội, Mì gói, Khoai tây chiên, Trà đóng chai, Cốc nhựa, Trà đóng chai, Khẩu trang y tế, Bánh snack, Mì ly, Trà đóng chai, Bánh quy, Dao cạo râu",WinMart+,Ha Noi,"Đường Ngô Chi Lan, Xã Sóc Sơn, Thành phố Hà Nội",20,3.9,convenience,21.2494026,105.84850700000001
"Bao rác, Kẹo, Khoai tây chiên, Bàn chải đánh răng, Sữa hộp, Kem đánh răng, Găng tay nilon, Túi nylon, Túi nylon, Dây sạc điện thoại, Bánh quy, Bánh bao mini, Muỗng nhựa, Pin AA, Bánh snack, Găng tay nilon, Pin AA",WinMart+,Ha Noi,"Quốc lộ 3, Xã Sóc Sơn, Thành phố Hà Nội",15,3.8,convenience,21.2225967,105.8490652
"Bút bi, Pin sạc, Xà phòng tắm, Ô dù gấp, Xà phòng tắm, Cà phê lon, Nước ngọt, Thịt hộp, Thịt hộp, Pin AA",WinMart+,Ha Noi,"Vạn Xuân, Xã Hoài Đức, Thành phố Hà Nội, 34000",20,3.7,convenience,21.07597609999999,105.6950051
"Dầu gội, Trà đóng chai, Nước ngọt, Thịt hộp, Bánh mì sandwich, Thịt hộp, Pin sạc, Bánh snack, Trà đóng chai, Khăn giấy, Kẹo, Gối cổ du lịch, Dây sạc điện thoại, Cà phê lon",WinMart+,Ha Noi,"Ngõ 201 Đường Phúc Lợi, Phường Phúc Lợi, Thành phố Hà Nội, 08443",20,4,convenience,21.042376299999994,105.9273797
"Dây sạc điện thoại, Kẹo, Mì gói, Bóng đèn LED mini, Bánh bao mini, Mì ly, Mì gói, Bánh quy, Muỗng nhựa, Chai nước",WinMart+,Ha Noi,"Ngõ 66 Dịch Vọng Hậu, Phường Cầu Giấy, Thành phố Hà Nội, 10085",10,3.9,convenience,21.031333100000005,105.7855444
"Ô dù gấp, Khẩu trang y tế, Gối cổ du lịch, Pin sạc, Trà đóng chai, Dầu gội, Kẹo cao su, Khăn ướt, Mì gói, Bánh mì sandwich, Khẩu trang y tế, Cà phê lon, Khoai tây chiên, Khăn ướt, Sổ tay nhỏ, Mì gói, Bóng đèn LED mini",WinMart+,Ha Noi,"Phố Nguyễn Thị Duệ, Phường Yên Hòa, Thành phố Hà Nội, 10037",10,4.4,convenience,21.019912799999993,105.7914011
"Khăn giấy, Bánh snack, Kẹo, Khăn giấy, Bánh bao mini, Ô dù gấp, Cà phê lon, Cốc nhựa, Chai nước, Bút bi, Kẹo, Mì ly, Khăn giấy, Dao cạo râu, Khăn giấy, Sữa hộp",WinMart+,Ha Noi,"Đại Dương 1, Xã Gia Lâm, Thành phố Hà Nội, 17710",10,3.8,convenience,20.990519799999994,105.94092400000001
"Sữa chua uống, Sổ tay nhỏ, Chai nước, Khoai tây chiên, Khăn giấy, Bánh quy, Găng tay nilon, Kẹo, Bút bi, Bánh snack, Bánh quy, Mì gói, Ô dù gấp, Bánh mì sandwich, Sữa chua uống, Nước suối, Muỗng nhựa, Bánh mì sandwich, Nước tăng lực",WinMart+,Ha Noi,"20, Phố Cầu Bây, Phường Phúc Lợi, Thành phố Hà Nội, 08443",15,3.9,convenience,21.033289900000007,105.9185159
"Kem đánh răng, Thịt hộp, Nước tăng lực, Cà phê lon, Bàn chải đánh răng, Bánh mì sandwich, Sữa hộp, Sữa chua uống, Ô dù gấp, Kẹo cao su, Kẹo cao su, Kẹo, Trà đóng chai, Bút bi, Trà đóng chai, Kẹo, Cà phê lon, Khoai tây chiên, Sữa hộp, Muỗng nhựa",WinMart+,Ha Noi,"Phố Nguyễn Khuyến, Phường Hà Đông, Thành phố Hà Nội, 12100",10,4,convenience,20.976472599999997,105.7893228
"Kẹo cao su, Khăn giấy, Gối cổ du lịch, Lăn khử mùi, Dầu gội, Khăn ướt, Dao cạo râu, Bánh snack, Bao rác, Khoai tây chiên, Khăn giấy, Dây sạc điện thoại, Mì gói, Cà phê lon, Pin sạc, Bánh quy, Bánh mì sandwich, Bao rác",WinMart+,Ha Noi,"Đại lộ Thăng Long, Xã An Khánh, Thành phố Hà Nội, 34000",15,3.5,convenience,21.010277699999993,105.7218514
"Dao cạo râu, Găng tay nilon, Kem đánh răng, Ô dù gấp, Thịt hộp, Nước tăng lực, Mì ly, Kem đánh răng, Găng tay nilon, Bánh bao mini, Dao cạo râu, Khẩu trang y tế",WinMart+,Ha Noi,"Đại Dương 8, Xã Gia Lâm, Thành phố Hà Nội, 17710",20,4.3,convenience,20.990683299999997,105.9427322
"Bàn chải đánh răng, Xà phòng tắm, Bánh snack, Sữa hộp, Dầu gội, Bánh quy, Gối cổ du lịch, Bánh mì sandwich, Pin sạc, Nước ngọt, Bánh snack, Sổ tay nhỏ, Xà phòng tắm",WinMart+,Ha Noi,"Đường Vũ Lăng, Xã Thanh Trì, Thành phố Hà Nội, 12506",20,4.2,convenience,20.933120599999995,105.85117
"Nước tăng lực, Trà đóng chai, Khăn ướt, Túi nylon, Nước ngọt, Nước tăng lực, Pin AA, Lăn khử mùi, Pin AA, Bàn chải đánh răng, Gối cổ du lịch, Sữa chua uống, Khăn ướt, Bánh snack, Cà phê lon, Muỗng nhựa, Sữa chua uống, Khăn ướt, Khẩu trang y tế",WinMart+,Ha Noi,"Đường Quang Lai, Xã Thanh Trì, Thành phố Hà Nội, 12506",20,4.4,convenience,20.9320516,105.8504128
"Túi nylon, Chai nước, Thịt hộp, Bánh snack, Sổ tay nhỏ, Kẹo, Bật lửa, Bút bi, Sữa chua uống, Bóng đèn LED mini, Trà đóng chai, Muỗng nhựa, Bánh snack, Pin sạc, Bánh snack, Cốc nhựa, Ô dù gấp, Pin AA",WinMart+,Ha Noi,"Phố Võng Thị, Phường Tây Hồ, Thành phố Hà Nội, 10072",10,4.4,convenience,21.051376899999998,105.8105127
"Ô dù gấp, Bánh quy, Khăn ướt, Bàn chải đánh răng, Cốc nhựa, Túi nylon, Găng tay nilon, Bánh mì sandwich, Mì gói, Pin AA, Nước ngọt, Bật lửa, Bật lửa, Túi nylon, Khăn ướt, Bật lửa, Cà phê lon, Bóng đèn LED mini, Sổ tay nhỏ, Kẹo cao su",WinMart+,Ha Noi,"Đường Hoàng Mai, Phường Tương Mai, Thành phố Hà Nội, 11617",15,3.6,convenience,20.986592799999997,105.8607743
"Cà phê lon, Bánh quy, Mì gói, Gối cổ du lịch, Găng tay nilon, Kẹo cao su, Gối cổ du lịch, Xà phòng tắm, Xà phòng tắm, Bánh bao mini, Khăn giấy, Dao cạo râu, Cà phê lon",WinMart+,Ha Noi,"2, Phố Kỳ Vũ, Phường Thượng Cát, Thành phố Hà Nội, 11909",10,3.5,convenience,21.0913833,105.732636
"Rau củ quả, Kem cạo râu, Nước trái cây, Dầu ăn, Giấy vệ sinh, Nước tương, Chảo chống dính, Sữa chua, Giấy vệ sinh, Trà túi lọc, Nước rửa chén",WinMart,Ha Noi,"3, Phố Lương Yên, Phường Hai Bà Trưng, Thành phố Hà Nội, 10078",140,3.6,supermarket,21.011133499999996,105.8633466
"Bánh snack, Nước suối, Chai nước, Muỗng nhựa, Mì gói, Mì ly, Pin AA, Bánh mì sandwich, Bóng đèn LED mini, Nước suối, Lăn khử mùi, Dao cạo râu, Lăn khử mùi, Gối cổ du lịch, Dầu gội, Pin sạc, Trà đóng chai, Nước tăng lực, Sữa hộp, Sổ tay nhỏ",WinMart+,Ha Noi,"Ngõ 61 Phố Ngụy Như Kon Tum, Phường Thanh Xuân, Thành phố Hà Nội, 10055",10,3.9,convenience,20.999890999999998,105.8007106
"Pin sạc, Pin AA, Chai nước, Kẹo cao su, Túi nylon, Mì gói, Găng tay nilon, Bánh mì sandwich, Khẩu trang y tế, Gối cổ du lịch",WinMart+,Ha Noi,"Đường Đại Việt, Phường Tây Mỗ, Thành phố Hà Nội, 10070",10,3.8,convenience,20.9995038,105.7399344
"Bóng đèn LED mini, Gối cổ du lịch, Mì gói, Nước suối, Thịt hộp, Cốc nhựa, Sữa hộp, Gối cổ du lịch, Dây sạc điện thoại, Thịt hộp, Gối cổ du lịch, Kẹo cao su, Sữa chua uống, Khăn ướt, Dầu gội",WinMart+,Ha Noi,"Phố Cầu Am, Phường Hà Đông, Thành phố Hà Nội, 12100",20,3.7,convenience,20.979600399999995,105.7747296
"Sữa hộp, Kem đánh răng, Khoai tây chiên, Dầu gội, Kẹo, Trà đóng chai, Xà phòng tắm, Găng tay nilon, Cà phê lon, Lăn khử mùi, Gối cổ du lịch",WinMart+,Ha Noi,"đương 03, Xã Gia Lâm, Thành phố Hà Nội, 17710",10,4.4,convenience,21.001144699999998,105.9439429
"Dao bếp, Đĩa sứ, Khẩu trang y tế, Chảo chống dính, Sữa chua, Nước lau sàn, Dao bếp, Giấy vệ sinh, Nước tương, Trứng gà, Chảo chống dính, Khay nhựa, Bàn chải, Đường, Nước hoa mini, Bột giặt, Cà phê hòa tan, Trà túi lọc",AEON MaxValu,Ha Noi,"345, Phố Đội Cấn, Phường Ngọc Hà, Thành phố Hà Nội, 10071",45,4.3,supermarket,21.0364155,105.81687940000002
"Kẹo, Dao cạo râu, Nước tăng lực, Khăn giấy, Sữa chua uống, Gối cổ du lịch, Nước suối, Túi nylon, Sữa chua uống, Trà đóng chai, Bánh snack, Găng tay nilon, Khăn ướt, Ô dù gấp, Mì gói, Ô dù gấp, Lăn khử mùi, Bánh mì sandwich, Bút bi, Khăn ướt",WinMart+,Ha Noi,"Phố Phúc La, Phường Hà Đông, Thành phố Hà Nội, 12100",10,3.5,convenience,20.9616436,105.7933913
"Pin AA, Găng tay nilon, Khẩu trang y tế, Thịt hộp, Túi nylon, Xà phòng tắm, Nước suối, Bánh snack, Sữa hộp, Bánh snack, Thịt hộp, Ô dù gấp, Cốc nhựa, Bóng đèn LED mini, Bàn chải đánh răng, Kẹo, Khăn ướt, Gối cổ du lịch",GS25,Ha Noi,"Ngõ 6 Phố Nguyễn Văn Lộc, Phường Hà Đông, Thành phố Hà Nội, 12011",20,4.4,convenience,20.983189999999997,105.7887354
"Trà túi lọc, Kem cạo râu, Cá hộp, Nước lau sàn, Bơ thực vật, Nước lau sàn, Bông tẩy trang, Muối, Dầu ăn, Chảo chống dính, Son dưỡng môi, Muối",AEON MaxValu,Ha Noi,"Phố Nguyễn Thị Duệ, Phường Yên Hòa, Thành phố Hà Nội, 10037",170,3.9,supermarket,21.018305699999996,105.7879846
"Cà phê lon, Pin AA, Kem đánh răng, Nước ngọt, Cà phê lon, Khăn giấy, Khăn giấy, Bút bi, Khẩu trang y tế, Cà phê lon, Kem đánh răng, Khoai tây chiên",WinMart+,Ha Noi,"Phố Hoàng Minh Giám, Phường Yên Hòa, Thành phố Hà Nội, 10055",15,4.4,convenience,21.006507,105.7958819
"Kẹo cao su, Dao cạo râu, Bút bi, Kem đánh răng, Khăn ướt, Ô dù gấp, Khoai tây chiên, Bao rác, Sổ tay nhỏ, Chai nước, Găng tay nilon",WinMart+,Ha Noi,"Ngõ 44 Nguyễn Cơ Thạch, Phường Từ Liêm, Thành phố Hà Nội, 10085",20,4.4,convenience,21.031905,105.7602894
"Snack, Chảo chống dính, Bột giặt, Nước tương, Sữa tươi, Nước xả vải, Bột mì, Đường, Sữa tắm, Ngũ cốc ăn sáng, Trà túi lọc, Sữa chua",AEON MaxValu,Ha Noi,"1, Đại lộ Thăng Long, Phường Đại Mỗ, Thành phố Hà Nội, 10161",75,3.6,supermarket,21.00299,105.79326480000002
"Bánh snack, Bánh quy, Nước suối, Mì gói, Khăn ướt, Chai nước, Găng tay nilon, Khăn giấy, Kẹo, Dây sạc điện thoại, Dầu gội, Mì ly, Cà phê lon",GS25,Ha Noi,"Lối vào sảnh toà P1 & P8, Phường Vĩnh Tuy, Thành phố Hà Nội, 11622",15,3.8,convenience,20.992513,105.8682364
"Túi nylon, Bánh bao mini, Nước suối, Kẹo, Bánh mì sandwich, Khăn giấy, Bánh snack, Bút bi, Kẹo, Cà phê lon, Khăn ướt, Kẹo, Bánh quy, Kem đánh răng",WinMart+,Ha Noi,"Phố Gia Quất, Phường Bồ Đề, Thành phố Hà Nội, 11810",20,4.1,convenience,21.0537846,105.877153
"Ly thủy tinh, Khăn giấy, Cà phê hòa tan, Túi đựng rác, Bàn chải, Gạo, Trứng gà, Sữa chua, Snack, Kem dưỡng da, Muỗng nĩa, Chảo chống dính",AEON MaxValu,Ha Noi,"Phố Nguyễn Hữu Liêu, Phường Xuân Đỉnh, Thành phố Hà Nội, 10264",195,3.9,supermarket,21.063477999999993,105.7949624
"Cốc nhựa, Khăn ướt, Mì gói, Lăn khử mùi, Sữa hộp, Kẹo, Mì ly, Bàn chải đánh răng, Muỗng nhựa, Cà phê lon, Chai nước, Pin AA, Găng tay nilon, Gối cổ du lịch, Nước tăng lực, Lăn khử mùi, Bút bi",WinMart+,Ha Noi,"Đường Lương Thế Vinh, Phường Thanh Xuân, Thành phố Hà Nội, 12011",20,3.9,convenience,20.989301499999996,105.7981327
"Muỗng nhựa, Lăn khử mùi, Dao cạo râu, Nước suối, Thịt hộp, Bàn chải đánh răng, Túi nylon, Bánh quy, Túi nylon, Bàn chải đánh răng, Bàn chải đánh răng, Túi nylon, Bút bi, Thịt hộp, Trà đóng chai, Pin AA, Kem đánh răng, Mì gói, Chai nước, Nước tăng lực",WinMart+,Ha Noi,"56, Ngõ 143 Phố Nguyễn Chính, Phường Hoàng Mai, Thành phố Hà Nội, 11617",20,4.4,convenience,20.977636,105.8496083
"Sữa chua uống, Dao cạo râu, Bật lửa, Khẩu trang y tế, Bàn chải đánh răng, Khăn ướt, Dầu gội, Ô dù gấp, Trà đóng chai, Ô dù gấp, Bánh quy, Dầu gội, Kem đánh răng, Khăn ướt, Bàn chải đánh răng, Sổ tay nhỏ, Bánh bao mini, Kẹo, Thịt hộp, Pin sạc",WinMart+,Ha Noi,"244, Phố Đội Cấn, Phường Ngọc Hà, Thành phố Hà Nội, 10237",20,4,convenience,21.0354616,105.818212
"Cà phê lon, Pin AA, Sữa chua uống, Kem đánh răng, Dây sạc điện thoại, Bàn chải đánh răng, Dây sạc điện thoại, Bóng đèn LED mini, Mì ly, Bàn chải đánh răng",WinMart+,Ha Noi,"123, Đường Trâu Quỳ, Xã Gia Lâm, Thành phố Hà Nội, 08443",15,3.6,convenience,21.008018,105.9367165
"Chai nước, Bao rác, Muỗng nhựa, Sữa hộp, Pin sạc, Lăn khử mùi, Pin AA, Khăn giấy, Gối cổ du lịch, Khăn giấy, Pin sạc, Bánh snack, Bánh mì sandwich, Pin AA",WinMart+,Ha Noi,"Đường Kim Thìa, Xã Sơn Đồng, Thành phố Hà Nội, 34000",20,4,convenience,21.047246899999998,105.70408590000001
"Bật lửa, Trà đóng chai, Bóng đèn LED mini, Bút bi, Sữa chua uống, Túi nylon, Bánh snack, Cốc nhựa, Ô dù gấp, Xà phòng tắm, Gối cổ du lịch, Dây sạc điện thoại, Mì gói, Sữa hộp, Bánh snack, Sữa chua uống, Xà phòng tắm",WinMart+,Ha Noi,"Đường Vũ Lăng, Xã Thanh Trì, Thành phố Hà Nội, 12506",15,3.7,convenience,20.925927999999995,105.855683
"Bánh snack, Muỗng nhựa, Bánh bao mini, Muỗng nhựa, Gối cổ du lịch, Chai nước, Chai nước, Bánh snack, Trà đóng chai, Cà phê lon, Chai nước, Pin sạc, Nước ngọt, Pin AA, Nước ngọt, Bánh bao mini",WinMart+,Ha Noi,"104, Đường Phùng Hưng, Phường Hà Đông, Thành phố Hà Nội, 12100",20,3.8,convenience,20.968398399999995,105.7863411
"Mì gói, Muối, Sữa chua, Nước trái cây, Bơ thực vật, Thịt heo, Son dưỡng môi, Bàn chải, Bơ thực vật, Cà phê hòa tan, Ngũ cốc ăn sáng",WinMart,Ha Noi,"8, Đường Quang Trung, Phường Hà Đông, Thành phố Hà Nội, 12100",155,3.7,supermarket,20.972596900000003,105.777435
"Bàn chải, Ngũ cốc ăn sáng, Khẩu trang y tế, Sữa tươi, Ly thủy tinh, Kem cạo râu, Thớt, Đĩa sứ, Bông tẩy trang, Khay nhựa, Sữa tắm, Khẩu trang y tế, Gạo, Mì gói, Nước lau sàn, Sữa chua, Bông tẩy trang, Khẩu trang y tế, Bàn chải",AEON MaxValu,Ha Noi,"Hải Đăng 5, Xã Gia Lâm, Thành phố Hà Nội, 17710",170,4.3,supermarket,20.9932694,105.94429840000001
"Chai nước, Chai nước, Kẹo cao su, Sữa hộp, Kem đánh răng, Nước tăng lực, Bao rác, Túi nylon, Cốc nhựa, Bánh snack, Nước tăng lực, Khẩu trang y tế, Túi nylon",WinMart+,Ha Noi,"Phố Vĩnh Hoàng, Phường Hoàng Mai, Thành phố Hà Nội, 11622",10,3.8,convenience,20.982047699999995,105.8705681
"Sữa chua uống, Sữa hộp, Dây sạc điện thoại, Kem đánh răng, Bật lửa, Khẩu trang y tế, Túi nylon, Chai nước, Thịt hộp, Găng tay nilon, Pin sạc, Khăn giấy, Bao rác, Bàn chải đánh răng, Chai nước",GS25,Ha Noi,"36, Phố Hoàng Cầu, Phường Ô Chợ Dừa, Thành phố Hà Nội, 10265",20,3.9,convenience,21.018958000000005,105.8239435
"Nước ngọt, Thịt hộp, Cốc nhựa, Dao cạo râu, Trà đóng chai, Ô dù gấp, Ô dù gấp, Kem đánh răng, Bật lửa, Trà đóng chai, Cà phê lon, Túi nylon, Khăn giấy, Kẹo, Bàn chải đánh răng",WinMart+,Ha Noi,"Ngách 535/14 Đường Lạc Long Quân, Phường Tây Hồ, Thành phố Hà Nội, 10206",20,4.3,convenience,21.06462759999999,105.8081019
"Ô dù gấp, Bánh mì sandwich, Cốc nhựa, Nước ngọt, Nước ngọt, Bút bi, Cốc nhựa, Mì gói, Bao rác, Khăn ướt, Nước suối, Bánh bao mini, Gối cổ du lịch, Bật lửa, Pin sạc, Bánh mì sandwich",WinMart+,Ha Noi,"Phố Trần Hữu Dực, Phường Từ Liêm, Thành phố Hà Nội, 10085",20,4,convenience,21.030936399999998,105.7611207
"Thịt hộp, Dầu gội, Khăn ướt, Khoai tây chiên, Bật lửa, Nước tăng lực, Sữa chua uống, Bánh mì sandwich, Ô dù gấp, Trà đóng chai, Khăn ướt, Bánh quy, Gối cổ du lịch, Găng tay nilon, Sữa hộp, Mì ly",GS25,Ha Noi,"Phố Nguyễn Hữu Huân, Phường Hoàn Kiếm, Thành phố Hà Nội, 11011",10,4.4,convenience,21.03440339999999,105.8542808
"Pin sạc, Dây sạc điện thoại, Bánh snack, Nước suối, Gối cổ du lịch, Túi nylon, Khoai tây chiên, Bóng đèn LED mini, Kẹo cao su, Xà phòng tắm, Trà đóng chai, Ô dù gấp, Trà đóng chai, Bật lửa, Trà đóng chai, Dao cạo râu, Bánh snack, Ô dù gấp, Bánh bao mini, Kẹo",WinMart+,Ha Noi,"Đường Văn Lang, Phường Tây Mỗ, Thành phố Hà Nội, 34000",10,3.6,convenience,21.0030129,105.7353956
"Pin AA, Sổ tay nhỏ, Mì gói, Khăn giấy, Pin AA, Pin sạc, Khẩu trang y tế, Sữa hộp, Bàn chải đánh răng, Dây sạc điện thoại, Dao cạo râu, Kẹo cao su, Sữa hộp, Túi nylon, Pin sạc, Bật lửa, Khăn giấy, Thịt hộp",WinMart+,Ha Noi,"Đường Đại Hưng, Xã Ngọc Hồi, Thành phố Hà Nội, 12506",15,3.9,convenience,20.9237996,105.8347315
"Gối cổ du lịch, Bật lửa, Sổ tay nhỏ, Bánh snack, Khẩu trang y tế, Nước suối, Bật lửa, Kẹo, Khẩu trang y tế, Cốc nhựa, Sổ tay nhỏ, Mì ly, Nước suối, Pin sạc, Pin sạc, Kẹo, Khăn giấy",WinMart+,Ha Noi,"100, Đường Nguyễn Sơn, Phường Bồ Đề, Thành phố Hà Nội, 11810",20,4,convenience,21.047368300000002,105.8770516
"Kẹo cao su, Muỗng nhựa, Mì gói, Trà đóng chai, Bóng đèn LED mini, Sữa hộp, Dao cạo râu, Muỗng nhựa, Pin AA, Túi nylon, Bao rác, Bóng đèn LED mini, Sữa chua uống, Pin sạc, Bật lửa, Dao cạo râu, Dao cạo râu, Bàn chải đánh răng, Kẹo",WinMart+,Ha Noi,"Biển Hồ 5, Xã Gia Lâm, Thành phố Hà Nội, 17710",10,3.9,convenience,21.003077599999997,105.9458265
"Pin AA, Muỗng nhựa, Xà phòng tắm, Nước tăng lực, Cà phê lon, Nước tăng lực, Xà phòng tắm, Lăn khử mùi, Găng tay nilon, Lăn khử mùi, Mì ly, Pin AA, Túi nylon, Bật lửa, Bánh snack, Muỗng nhựa, Mì gói, Khẩu trang y tế, Kem đánh răng",WinMart+,Ha Noi,"9, Phố Trần Kim Xuyến, Phường Yên Hòa, Thành phố Hà Nội, 10037",20,3.9,convenience,21.018510699999997,105.7948119
"Khẩu trang y tế, Bánh bao mini, Khăn giấy, Bao rác, Bánh bao mini, Bánh snack, Bao rác, Sữa hộp, Găng tay nilon, Gối cổ du lịch, Bánh mì sandwich, Xà phòng tắm, Túi nylon, Pin sạc",GS25,Ha Noi,"Đường Số 7 Times City, Phường Vĩnh Tuy, Thành phố Hà Nội, 11622",15,3.6,convenience,20.99231989999999,105.8699567
"Mì ly, Nước tăng lực, Dây sạc điện thoại, Khoai tây chiên, Ô dù gấp, Bút bi, Bánh bao mini, Muỗng nhựa, Nước ngọt, Bút bi, Dao cạo râu, Thịt hộp, Bao rác, Bánh mì sandwich, Kem đánh răng, Sữa chua uống",WinMart+,Ha Noi,"155, Phố Vương Thừa Vũ, Phường Phương Liệt, Thành phố Hà Nội, 11415",10,3.9,convenience,20.996654799999998,105.821904
"Cốc nhựa, Túi nylon, Nước suối, Nước ngọt, Cốc nhựa, Pin AA, Mì ly, Bật lửa, Dầu gội, Bóng đèn LED mini, Túi nylon, Khoai tây chiên",WinMart+,Ha Noi,"Đường Vũ Lăng, Xã Thanh Trì, Thành phố Hà Nội, 12506",15,3.9,convenience,20.9293715,105.8527336
"Trà đóng chai, Kẹo cao su, Xà phòng tắm, Cốc nhựa, Muỗng nhựa, Túi nylon, Mì ly, Dao cạo râu, Mì gói, Trà đóng chai, Kem đánh răng, Bao rác",WinMart+,Ha Noi,"34, Phố Mạc Xá, Phường Thượng Cát, Thành phố Hà Nội, 11909",15,4,convenience,21.086356499999997,105.75969660000001
"Bao rác, Bật lửa, Túi nylon, Dây sạc điện thoại, Găng tay nilon, Bánh mì sandwich, Bánh bao mini, Trà đóng chai, Bánh bao mini, Bút bi, Khăn giấy, Khăn giấy, Nước ngọt, Xà phòng tắm, Sữa hộp, Bánh mì sandwich, Bao rác, Nước tăng lực",WinMart+,Ha Noi,"Ngõ 160 Phố Ngọc Trì, Phường Long Biên, Thành phố Hà Nội, 08443",20,3.7,convenience,21.017779799999996,105.9113726
"Bóng đèn LED mini, Kẹo, Pin AA, Pin sạc, Sổ tay nhỏ, Cốc nhựa, Xà phòng tắm, Nước ngọt, Bút bi, Pin AA, Cà phê lon, Thịt hộp, Bóng đèn LED mini, Găng tay nilon, Bóng đèn LED mini, Kẹo cao su, Cốc nhựa, Muỗng nhựa, Mì gói, Mì ly",WinMart+,Ha Noi,"Ngõ 85 Lĩnh Nam, Phường Vĩnh Tuy, Thành phố Hà Nội, 11622",10,3.7,convenience,20.989597199999995,105.866702
"Mì gói, Găng tay nilon, Thịt hộp, Ô dù gấp, Ô dù gấp, Túi nylon, Nước tăng lực, Bánh mì sandwich, Bóng đèn LED mini, Lăn khử mùi, Dây sạc điện thoại, Dây sạc điện thoại, Sổ tay nhỏ, Cốc nhựa, Sữa hộp, Khẩu trang y tế, Khăn ướt, Muỗng nhựa, Pin AA, Bật lửa",WinMart+,Ha Noi,"153-155, Phố Thanh Am, Phường Việt Hưng, Thành phố Hà Nội, 11810",15,3.7,convenience,21.0717025,105.9003779
"Khẩu trang y tế, Trà đóng chai, Bóng đèn LED mini, Bàn chải đánh răng, Dây sạc điện thoại, Sữa chua uống, Bàn chải đánh răng, Pin sạc, Nước tăng lực, Bóng đèn LED mini, Mì gói, Khoai tây chiên, Kẹo cao su, Bàn chải đánh răng, Thịt hộp",WinMart+,Ha Noi,"Đường trục phía Nam, Xã Bình Minh, Thành phố Hà Nội, 10189",20,3.6,convenience,20.9301126,105.7847485
"Nước ngọt, Dao cạo râu, Nước suối, Bánh snack, Sữa chua uống, Bật lửa, Nước ngọt, Mì gói, Kẹo cao su, Mì ly, Kẹo cao su, Kem đánh răng, Túi nylon, Khẩu trang y tế, Khoai tây chiên, Găng tay nilon, Bánh quy",Tạp hoá Thanh Bình,Ha Noi,"3, Ngõ 101 Đường Gia Thượng, Phường Việt Hưng, Thành phố Hà Nội, 11810",20,3.8,convenience,21.0743293,105.8886191
"Bóng đèn LED mini, Dây sạc điện thoại, Bút bi, Kem đánh răng, Pin sạc, Lăn khử mùi, Túi nylon, Sữa hộp, Nước ngọt, Nước suối, Cốc nhựa, Bàn chải đánh răng, Cốc nhựa",WinMart+,Ha Noi,"Ngõ 477 Nguyễn Trãi, Phường Thanh Liệt, Thành phố Hà Nội, 12011",15,3.7,convenience,20.9887063,105.8012158
"Sổ tay nhỏ, Bánh bao mini, Muỗng nhựa, Xà phòng tắm, Sữa chua uống, Kẹo cao su, Kem đánh răng, Pin AA, Pin AA, Bật lửa, Chai nước, Dây sạc điện thoại, Khăn ướt, Nước ngọt, Kẹo cao su, Sữa chua uống",WinMart+,Ha Noi,"Ngách 20 Ngõ Trại Cá, Phường Tương Mai, Thành phố Hà Nội, 11617",20,3.6,convenience,20.9950775,105.8458993
"Kem đánh răng, Mì ly, Sữa chua uống, Nước tăng lực, Ô dù gấp, Dao cạo râu, Sữa chua uống, Bóng đèn LED mini, Cà phê lon, Bánh snack, Kẹo, Gối cổ du lịch, Bánh quy, Bao rác, Mì ly, Trà đóng chai, Túi nylon",WinMart+,Ha Noi,"107 Tổ 8, Ngõ 138 Đường Lâm Tiên, Xã Thư Lâm, Thành phố Hà Nội, 12323",20,4.3,convenience,21.154736500000002,105.8508314
"Sữa chua uống, Bánh mì sandwich, Cốc nhựa, Kem đánh răng, Bánh snack, Găng tay nilon, Mì gói, Mì gói, Thịt hộp, Xà phòng tắm, Mì gói, Mì ly, Bóng đèn LED mini, Kem đánh răng, Bàn chải đánh răng, Mì ly, Túi nylon",GS25,Ha Noi,"Phố Nguyễn Thanh Bình, Phường Dương Nội, Thành phố Hà Nội, 10189",15,3.9,convenience,20.9732412,105.7575753
"Muỗng nhựa, Dây sạc điện thoại, Mì ly, Bật lửa, Khăn ướt, Chai nước, Khẩu trang y tế, Muỗng nhựa, Pin AA, Thịt hộp, Sữa chua uống, Bàn chải đánh răng, Nước suối",WinMart+,Ha Noi,"Phố Chu Huy Mân, Phường Phúc Lợi, Thành phố Hà Nội, 08443",20,4.3,convenience,21.042026900000003,105.9050652
"Sổ tay dễ thương, Đồ thủ công, Bánh handmade, Chậu cây mini, Bút ký cao cấp, Sổ tay dễ thương, Gối in hình, Túi đựng quà, Quà lưu niệm, Khung ảnh, Bánh handmade, Sổ tay dễ thương, Khung ảnh LED, Thiệp chúc mừng, Khăn lụa, Bánh handmade, Đồ thủ công",Ngọc Tâm An - Quà tặng cao cấp,Ha Noi,"Số 80, Ngõ 140 Đường Khuất Duy Tiến, Phường Thanh Xuân, Thành phố Hà Nội, 11415",230,4.1,gift,20.998453099999992,105.8009381
"Pin sạc, Cốc nhựa, Túi nylon, Dầu gội, Bao rác, Cốc nhựa, Dây sạc điện thoại, Ô dù gấp, Khẩu trang y tế, Nước tăng lực, Khăn ướt",WinMart+,Ha Noi,"Đường Nguyễn Gia Bồng, Phường Bồ Đề, Thành phố Hà Nội, 11810",15,3.8,convenience,21.061295199999996,105.8794992
"Bóng đèn LED mini, Bánh mì sandwich, Bút bi, Ô dù gấp, Bóng đèn LED mini, Pin AA, Khoai tây chiên, Chai nước, Pin AA, Thịt hộp",Circle K,Ha Noi,"Phố Cửa Nam, Phường Cửa Nam, Thành phố Hà Nội, 11060",15,4.2,convenience,21.027574799999996,105.8422178
"Chai nước, Bao rác, Bánh snack, Bánh snack, Kẹo cao su, Cốc nhựa, Cà phê lon, Lăn khử mùi, Nước ngọt, Cốc nhựa, Sổ tay nhỏ, Nước tăng lực",WinMart+,Ha Noi,"Ngõ 321 Đường Phúc Lợi, Phường Phúc Lợi, Cổ Bi, Thành phố Hà Nội, 08443",15,4.1,convenience,21.036340099999997,105.9329907
"Bánh mì sandwich, Trà đóng chai, Trà đóng chai, Khăn giấy, Nước suối, Sữa hộp, Kẹo cao su, Khăn giấy, Cốc nhựa, Dầu gội, Mì gói, Cà phê lon",WinMart+,Ha Noi,"Đường Phúc Lợi, Phường Phúc Lợi, Cổ Bi, Thành phố Hà Nội, 08443",15,3.7,convenience,21.040046199999992,105.9280938
"Găng tay nilon, Thịt hộp, Bánh bao mini, Bóng đèn LED mini, Mì ly, Khăn ướt, Găng tay nilon, Sữa chua uống, Bao rác, Kem đánh răng, Bánh quy, Bật lửa, Mì ly, Bút bi, Nước ngọt, Bút bi, Nước tăng lực, Chai nước, Bao rác",WinMart+,Ha Noi,"Phố Phan Đình Giót, Phường Hà Đông, Thành phố Hà Nội, 10189",15,4.1,convenience,20.965652499999997,105.76623440000002
"Muỗng nhựa, Nước ngọt, Dầu gội, Bật lửa, Túi nylon, Gối cổ du lịch, Kẹo cao su, Bóng đèn LED mini, Sổ tay nhỏ, Bút bi, Muỗng nhựa, Nước suối, Khăn ướt, Kẹo cao su, Khăn giấy, Lăn khử mùi, Kẹo cao su, Sổ tay nhỏ",WinMart+,Ha Noi,"Đường Số 3 Times City, Phường Vĩnh Tuy, Thành phố Hà Nội, 11622",10,4.2,convenience,20.992119100000004,105.8662926
"Kẹo cao su, Lăn khử mùi, Trà đóng chai, Bánh mì sandwich, Dao cạo râu, Khoai tây chiên, Sữa chua uống, Pin AA, Nước ngọt, Dây sạc điện thoại, Khoai tây chiên, Thịt hộp, Bánh mì sandwich, Khăn ướt, Bàn chải đánh răng, Bật lửa, Thịt hộp, Khăn ướt",WinMart+,Ha Noi,"200-202, Phố Định Công Thượng, Phường Định Công, Thành phố Hà Nội, 11718",10,3.6,convenience,20.984608599999998,105.8229629
"Bàn chải đánh răng, Pin sạc, Cà phê lon, Bàn chải đánh răng, Sổ tay nhỏ, Mì gói, Thịt hộp, Bánh snack, Kẹo cao su, Ô dù gấp, Bao rác, Pin AA",WinMart+,Ha Noi,"Ngõ 22 Đường Khuyến Lương, Phường Lĩnh Nam, Thành phố Hà Nội, 11622",20,3.9,convenience,20.968710399999996,105.8800786
"Nước trái cây, Bàn chải, Khẩu trang y tế, Túi đựng rác, Dầu ăn, Nước tương, Nước tương, Nước tương, Nước xả vải, Nước lau sàn, Đĩa sứ, Thớt, Dầu ăn",Rèm Màn Chăn ga gối đệm Quyền Lan,Ha Noi,"Số 50 Ngõ 95, Đường tỉnh 418, Xã Phúc Thọ, Thành phố Hà Nội, 12800",150,3.7,supermarket,21.111403300000003,105.5390884
"Gối cổ du lịch, Bút bi, Nước ngọt, Sổ tay nhỏ, Nước tăng lực, Dầu gội, Bút bi, Dây sạc điện thoại, Pin AA, Bàn chải đánh răng, Khoai tây chiên, Bút bi, Sổ tay nhỏ, Mì gói, Sữa hộp, Trà đóng chai, Bao rác, Kẹo, Kẹo cao su, Cà phê lon",WinMart+,Ha Noi,"Phố Linh Đường, Phường Hoàng Liệt, Thành phố Hà Nội, 12506",15,4,convenience,20.9633902,105.8261734
"Lăn khử mùi, Bút bi, Mì ly, Bánh mì sandwich, Cốc nhựa, Sổ tay nhỏ, Khẩu trang y tế, Khẩu trang y tế, Bóng đèn LED mini, Pin sạc, Khăn giấy, Gối cổ du lịch",WinMart+,Ha Noi,"Đường Tân Xuân, Phường Đông Ngạc, Thành phố Hà Nội, 11909",20,4.4,convenience,21.083370299999995,105.7847462
"Bật lửa, Mì gói, Sữa hộp, Mì ly, Kem đánh răng, Nước tăng lực, Bao rác, Găng tay nilon, Xà phòng tắm, Kẹo cao su, Cà phê lon, Bánh bao mini, Kem đánh răng, Bút bi, Thịt hộp, Dao cạo râu, Nước ngọt, Găng tay nilon, Bánh bao mini",WinMart+,Ha Noi,"Phố Hưng Thịnh, Phường Yên Sở, Yên Mỹ, Thành phố Hà Nội, 12506",20,4.5,convenience,20.9623445,105.8644825
"Găng tay nilon, Pin AA, Khăn ướt, Mì gói, Pin sạc, Muỗng nhựa, Bánh mì sandwich, Bánh mì sandwich, Xà phòng tắm, Ô dù gấp, Nước ngọt, Nước ngọt",WinMart+,Ha Noi,"53, Phố Hàng Lược, Phường Hoàn Kiếm, Thành phố Hà Nội, 11058",20,3.7,convenience,21.0375574,105.8480985
"Bánh bao mini, Chai nước, Bàn chải đánh răng, Xà phòng tắm, Nước tăng lực, Nước ngọt, Bánh snack, Bóng đèn LED mini, Nước tăng lực, Nước tăng lực, Găng tay nilon, Khẩu trang y tế, Khăn ướt, Bánh mì sandwich, Khăn giấy, Khẩu trang y tế, Ô dù gấp, Bánh mì sandwich, Cốc nhựa, Mì gói",GS25,Ha Noi,"Phố Nguyễn Khuyến, Phường Hà Đông, Thành phố Hà Nội, 12100",10,4.3,convenience,20.969695500000004,105.792017
"Bàn chải đánh răng, Sữa hộp, Sữa chua uống, Sữa chua uống, Kem đánh răng, Kẹo cao su, Găng tay nilon, Trà đóng chai, Bánh bao mini, Sữa chua uống, Bánh bao mini, Sữa chua uống, Lăn khử mùi, Ô dù gấp, Khẩu trang y tế, Nước ngọt, Bao rác, Nước suối",WinMart+,Ha Noi,"Đường Văn Lang, Phường Tây Mỗ, Thành phố Hà Nội, 34000",15,4.4,convenience,21.0041225,105.7359468
"Túi nylon, Dây sạc điện thoại, Bánh bao mini, Nước tăng lực, Nước ngọt, Kẹo, Cốc nhựa, Khăn giấy, Kẹo cao su, Bánh bao mini",GS25,Ha Noi,"Đường Trần Duy Hưng, Phường Yên Hòa, Thành phố Hà Nội, 10161",15,3.8,convenience,21.0049689,105.7941881
"Sữa chua uống, Sữa hộp, Kem đánh răng, Găng tay nilon, Mì gói, Bật lửa, Nước tăng lực, Pin AA, Mì ly, Muỗng nhựa, Bật lửa",K-market,Ha Noi,"Đường Khuất Duy Tiến, Phường Yên Hòa, Thành phố Hà Nội, 10055",10,3.9,convenience,21.004343899999995,105.7938811
"Khoai tây chiên, Bao rác, Dầu gội, Lăn khử mùi, Bánh quy, Muỗng nhựa, Mì gói, Bật lửa, Lăn khử mùi, Sổ tay nhỏ, Khẩu trang y tế, Bánh quy, Dây sạc điện thoại",K-Market,Ha Noi,"Đường Trần Duy Hưng, Phường Yên Hòa, Thành phố Hà Nội, 10055",20,4,convenience,21.006028000000004,105.7951733
"Khăn ướt, Sữa tươi, Bột giặt, Dầu ăn, Sữa tắm, Dầu gội, Nước rửa chén, Dầu gội, Trà, Khăn ướt, Nước lau sàn, Sữa bột trẻ em, Sữa bột trẻ em, Trà, Sữa chua",Muji,Ha Noi,"Phố Hoàng Minh Giám, Phường Yên Hòa, Thành phố Hà Nội, 10055",10,4.3,department_store,21.007011299999995,105.7960695
"Mì ly, Bao rác, Kem đánh răng, Pin AA, Sữa chua uống, Sữa chua uống, Kem đánh răng, Lăn khử mùi, Mì gói, Bánh mì sandwich, Bánh mì sandwich, Nước ngọt, Kem đánh răng, Kem đánh răng, Nước ngọt, Mì gói, Chai nước, Sữa hộp, Túi nylon, Thịt hộp",WinMart+,Ha Noi,"Ngách 32/48 Phố Đỗ Đức Dục, Phường Từ Liêm, Thành phố Hà Nội, 10161",15,4,convenience,21.009884399999997,105.78148000000002
"Nước ngọt, Túi nylon, Găng tay nilon, Bàn chải đánh răng, Khăn giấy, Chai nước, Thịt hộp, Bao rác, Bóng đèn LED mini, Kẹo cao su, Kẹo",P'mart,Ha Noi,"Phố Hoàng Ngân, Phường Thanh Xuân, Thành phố Hà Nội, 10055",10,4.4,convenience,21.0040975,105.7945462
"Kính mát, Vali kéo, Phấn má, Ví da, Son môi, Kem nền, Máy sấy tóc, Ba lô thời trang, Sách, Kính mát, Găng tay, Túi tote, Nón thời trang, Áo thun, Dầu dưỡng tóc, Áo sơ mi, Quần short",Vincom Center Bà Triệu,Ha Noi,"191, Phố Bà Triệu, Phường Hai Bà Trưng, Thành phố Hà Nội, 10058",250,3.6,mall,21.011315228478825,105.84971114659585
"Áo sơ mi, Đồng hồ thông minh, Đồ chơi trẻ em, Dép sandal, Sách, Giày cao gót, Vòng tay, Đồ chơi trẻ em, Giày thể thao, Tai nghe Bluetooth, Mỹ phẩm trang điểm, Áo khoác, Ốp điện thoại, Kem nền, Áo khoác, Thắt lưng, Váy dạ hội, Váy dạ hội, Áo thun, Phấn má",The Loop,Ha Noi,"Phường Cầu Giấy, Thành phố Hà Nội, 10085",150,3.8,mall,21.035992297339696,105.78241194844914
"Thắt lưng, Giày thể thao, Ví da, Giày cao gót, Vali kéo, Vali kéo, Vali kéo, Đầm công sở, Nước hoa, Mascara, Laptop mini, Kem nền, Ba lô thời trang, Đồng hồ, Mỹ phẩm trang điểm",Vincom Phạm Ngọc Thạch,Ha Noi,"2, Phố Phạm Ngọc Thạch, Phường Kim Liên, Thành phố Hà Nội, 11415",450,3.8,mall,21.006255358720665,105.83201384605577
"Đĩa sứ, Bột mì, Rau củ quả, Muỗng nĩa, Gạo, Khẩu trang y tế, Sữa tắm, Giấy vệ sinh, Nước hoa mini, Rau củ quả, Ngũ cốc ăn sáng, Nước trái cây, Ngũ cốc ăn sáng, Dầu ăn, Son dưỡng môi, Mì gói, Bột mì, Muỗng nĩa, Nước trái cây, Bột ngọt",Fivimart,Ha Noi,"671, Đường Hoàng Hoa Thám, Phường Ngọc Hà, Thành phố Hà Nội, 10072",85,3.6,supermarket,21.04707816896967,105.80782318918432
"Túi tote, Khăn choàng, Áo thun, Thắt lưng, Găng tay, Giày thể thao, Áo khoác da, Máy sấy tóc, Khăn choàng, Dép sandal, Dép sandal, Kính mát, Đồng hồ thông minh, Túi tote",Vincom Plaza Long Biên,Ha Noi,"Phố Chu Huy Mân, Phường Phúc Lợi, Thành phố Hà Nội, 08443",400,3.9,mall,21.050927800589356,105.91636079961513
"Thực phẩm đóng hộp, Gạo, Dầu gội, Trà, Nước suối, Tã em bé, Mì gói, Nước lau sàn, Sữa tắm, Tã em bé, Gạo, Nước rửa chén, Nước xả vải, Khăn giấy",Gốm Bát Tràng,Ha Noi,"Hữu Nghị, Xã Bát Tràng, Thành phố Hà Nội, 11622",15,3.8,department_store,20.978405479550048,105.91448367094964
"Đường, Thực phẩm đóng hộp, Nước rửa chén, Bột nêm, Dầu ăn, Gạo, Ngũ cốc, Sữa tắm, Tã em bé, Bánh kẹo, Mì gói",Gốm Bát Tràng,Ha Noi,"Hữu Nghị, Xã Bát Tràng, Thành phố Hà Nội, 11622",20,4.1,department_store,20.978405479550048,105.91448367094964
"Sữa chua, Dầu ăn, Đường, Nước xả vải, Sữa chua, Sữa tươi, Nước lau sàn, Bàn chải, Nước mắm, Snack, Khẩu trang y tế, Snack, Rau củ quả, Nước xả vải, Sữa tắm, Sữa tắm, Dao bếp",WinMart,Ha Noi,"Đường Hoàng Quốc Việt, Phường Nghĩa Đô, Thành phố Hà Nội, 10065",105,3.6,supermarket,21.04680136,105.79646946552441
"Nước trái cây, Ngũ cốc ăn sáng, Bàn chải, Mì gói, Dao bếp, Snack, Snack, Nước tương, Kem dưỡng da, Sốt cà chua",Hapro Thanh Xuân,Ha Noi,Không rõ,80,4,supermarket,20.990872247711433,105.80156239575557
"Vali kéo, Son môi, Kính mát, Găng tay, Lược điện, Thắt lưng, Laptop mini, Đồ chơi trẻ em, Quần jean, Mascara, Giày cao gót, Phấn má",Trung tâm thương mại The Garden,Ha Noi,"Đường Mễ Trì, Phường Từ Liêm, Thành phố Hà Nội, 10074",300,4.6,mall,21.015162344372033,105.77768767729194
"Nón thời trang, Vòng tay, Giày cao gót, Sách, Laptop mini, Nón thời trang, Ốp điện thoại, Sách, Đồ chơi trẻ em, Son môi, Lược điện, Tai nghe Bluetooth, Khăn choàng, Bông tai, Dép sandal, Máy sấy tóc, Khăn choàng, Tai nghe Bluetooth",Tràng Tiền Plaza,Ha Noi,"24, Phố Hàng Bài, Phường Hoàn Kiếm, Thành phố Hà Nội, 11022",150,4.5,mall,21.024767095629468,105.85333732781123
"Cá hộp, Nước mắm, Khay nhựa, Rau củ quả, Bột giặt, Trà túi lọc, Bột giặt, Sữa tắm, Sữa tươi, Giấy vệ sinh, Nước rửa chén, Khẩu trang y tế, Bột giặt, Ngũ cốc ăn sáng, Son dưỡng môi, Ngũ cốc ăn sáng, Mì gói, Nước mắm, Nước tương",WinMart,Ha Noi,"163A, Phố Đại La, Phường Tương Mai, Thành phố Hà Nội, 10000",115,3.9,supermarket,20.996387600110438,105.8444398500553
"Đồng hồ thông minh, Kính mát, Kem nền, Túi xách, Giày cao gót, Quần jean, Laptop mini, Ba lô thời trang, Thắt lưng, Dép sandal",Vincom Nguyễn Chí Thanh,Ha Noi,"54A, Đường Nguyễn Chí Thanh, Phường Láng, Thành phố Hà Nội, 10080",100,4,mall,21.02346316308907,105.80933013943854
"Giày thể thao, Mascara, Ba lô thời trang, Khăn choàng, Nước hoa, Túi xách, Sách, Quần jean, Nón thời trang, Đồng hồ, Sách, Ba lô thời trang, Túi tote, Thắt lưng, Găng tay, Son môi, Dầu dưỡng tóc, Túi tote, Ba lô thời trang, Váy dạ hội",Trung tâm thương mại Chợ Mơ,Ha Noi,"459C, Ngách 9/35 Phố Minh Khai, Phường Bạch Mai, Thành phố Hà Nội, 11617",450,4.8,mall,20.996820537477415,105.85059697788684
"Mỹ phẩm trang điểm, Kem nền, Áo khoác da, Túi xách, Vali kéo, Đầm công sở, Kính mát, Túi xách, Lược điện, Áo thun, Son môi, Đầm công sở, Thắt lưng, Vòng tay, Ba lô thời trang, Ba lô thời trang, Đồ chơi trẻ em, Đồ chơi trẻ em, Đồng hồ thông minh, Kem nền",Chợ Vĩnh Phát,Ha Noi,"Ngách 505/8 Đường Ninh Hiệp, Xã Phù Đổng, Thành phố Hà Nội, 10165",450,4.8,mall,21.078104450333818,105.94721184913772
"Nón thời trang, Quần jean, Tai nghe Bluetooth, Áo khoác, Sách, Vòng tay, Khăn choàng, Phấn má, Vòng tay, Giày thể thao, Ốp điện thoại, Kem nền",Chợ Vải Ninh Hiệp,Ha Noi,"Hẻm 503/54/40/47 Đường Ninh Hiệp, Xã Phù Đổng, Thành phố Hà Nội, 10165",400,4.1,mall,21.07782267520915,105.94852649468427
"Quần short, Ví da, Găng tay, Ba lô thời trang, Đồng hồ, Sách, Laptop mini, Áo sơ mi, Kem nền, Son môi, Ốp điện thoại, Kem nền, Ba lô thời trang, Kính mát, Dép sandal, Áo khoác, Đầm công sở",Chợ Phú Điền,Ha Noi,"Ngõ 515 Đường Ninh Hiệp, Xã Phù Đổng, Thành phố Hà Nội, 10165",100,3.6,mall,21.077339676502667,105.94801851547405
"Mì ly, Mì ly, Sữa chua uống, Pin AA, Cốc nhựa, Sổ tay nhỏ, Khăn giấy, Thịt hộp, Sữa hộp, Sổ tay nhỏ, Túi nylon, Muỗng nhựa",WinMart+,Ha Noi,"102, Phố Lê Thanh Nghị, Phường Bạch Mai, Thành phố Hà Nội, 10999",15,4.3,convenience,21.002066150002527,105.84641009999892
"Bột ngọt, Nước hoa mini, Ngũ cốc ăn sáng, Nước tương, Snack, Nước rửa chén, Muối, Dầu gội, Khẩu trang y tế, Kem dưỡng da, Son dưỡng môi",Đồng Tâm Mart,Ha Noi,"238, Phố Lê Thanh Nghị, Phường Bạch Mai, Thành phố Hà Nội, 10999",50,3.7,supermarket,21.00194790000364,105.84255825000022
"Áo sơ mi, Ba lô thời trang, Ví da, Dầu dưỡng tóc, Son môi, Vali kéo, Quần short, Đồng hồ thông minh, Giày thể thao, Son môi",AEON Mall Hà Đông,Ha Noi,"Đường 70 mới, Phường Dương Nội, Thành phố Hà Nội, 10070",350,3.9,mall,20.989562053217952,105.75102497591446
"Áo khoác da, Kem nền, Nước hoa, Đồng hồ thông minh, Dầu dưỡng tóc, Mỹ phẩm trang điểm, Lược điện, Đồng hồ, Đồng hồ, Kem nền, Đầm công sở, Bông tai, Tai nghe Bluetooth, Sách, Vali kéo, Kem nền, Áo khoác da, Vali kéo, Laptop mini, Áo thun",Mê Linh Plaza Hà Đông,Ha Noi,"Phố Hà Cầu, Phường Hà Đông, Thành phố Hà Nội, 10189",350,4.8,mall,20.96410530598817,105.77192056410938
"Giày thể thao, Ví da, Mascara, Áo khoác, Laptop mini, Ba lô thời trang, Quần short, Kem nền, Bông tai, Đầm công sở",Vincom Mega Mall Smart City,Ha Noi,"Trục chính khu đô thị Smart City, Phường Tây Mỗ, Thành phố Hà Nội, 10070",400,5,mall,21.005912482129325,105.75446046402887
"Quần short, Áo thun, Dép sandal, Thắt lưng, Thắt lưng, Lược điện, Ba lô thời trang, Tai nghe Bluetooth, Túi tote, Vali kéo, Sách, Bông tai",GO! Thăng Long,Ha Noi,"222, Đường Trần Duy Hưng, Phường Yên Hòa, Thành phố Hà Nội, 10055",100,4.7,mall,21.00737795185476,105.79309992969384
"Máy sấy tóc, Nước hoa, Giày cao gót, Lược điện, Đồng hồ, Nước hoa, Ví da, Máy sấy tóc, Túi tote, Phấn má",AEON Mall Long Biên,Ha Noi,"Lối vào Ô tô, Phường Long Biên, Thành phố Hà Nội, 08443",400,4.5,mall,21.027230106921017,105.89949980056453
"Quần short, Ba lô thời trang, Đồng hồ, Son môi, Kính mát, Áo khoác da, Mỹ phẩm trang điểm, Dép sandal, Túi xách, Váy dạ hội, Mỹ phẩm trang điểm, Đồng hồ, Áo sơ mi",Vincom Center,Ha Noi,"Đường Trần Duy Hưng, Phường Yên Hòa, Thành phố Hà Nội, 10055",100,4.9,mall,21.006635204648674,105.79552699714657
"Vali kéo, Giày cao gót, Tai nghe Bluetooth, Giày thể thao, Bông tai, Kem nền, Găng tay, Thắt lưng, Ba lô thời trang, Ba lô thời trang, Găng tay, Giày thể thao",Trung tâm thương mại Artemis,Ha Noi,"Phố Lê Trọng Tấn, Phường Phương Liệt, Thành phố Hà Nội, 11415",500,4.9,mall,20.999843239352927,105.82837701786188
"Khăn giấy, Bột mì, Trà túi lọc, Chảo chống dính, Son dưỡng môi, Khay nhựa, Snack, Đĩa sứ, Dầu ăn, Sốt cà chua, Dầu gội, Nước xả vải, Muỗng nĩa, Bàn chải, Giấy bọc thực phẩm, Trà túi lọc, Nước tương",BRG Mart,Ha Noi,"8, Phố Phạm Ngọc Thạch, Phường Kim Liên, Thành phố Hà Nội, 11415",175,3.6,supermarket,21.007482703376816,105.83331111648577
"Vòng tay, Giày cao gót, Áo sơ mi, Quần short, Ốp điện thoại, Túi tote, Sách, Quần jean, Thắt lưng, Đồ chơi trẻ em, Bông tai, Lược điện, Dầu dưỡng tóc, Laptop mini, Quần jean, Đầm công sở, Túi xách, Ba lô thời trang",Trương Định Plaza,Ha Noi,"461, Đường Trương Định, Phường Tương Mai, Thành phố Hà Nội, 11617",300,3.7,mall,20.98498748138151,105.84671841941672
"Gạo, Nước xả vải, Bánh kẹo, Nước suối, Kem đánh răng, Tã em bé, Mì gói, Nước lau sàn, Khăn ướt, Khăn ướt, Dầu ăn, Gạo, Bình sữa, Dầu gội, Dầu gội",MiniGood,Ha Noi,"Hẻm 101 Ngách 1 Ngõ 72 Nguyễn Trãi, Phường Thanh Xuân, Thành phố Hà Nội, 10167",10,4.5,department_store,21.003435151317422,105.81470093361251
"Khăn giấy, Kem cạo râu, Nước hoa mini, Cá hộp, Sữa chua, Bơ thực vật, Bột mì, Nước lau sàn, Ngũ cốc ăn sáng, Dầu gội, Bột giặt, Khăn giấy, Bột mì, Muối, Bột giặt",WinMart,Ha Noi,Không rõ,195,4.4,supermarket,21.00343712,105.81626878734251
"Nước rửa chén, Trà, Cà phê, Nước lau sàn, Sữa bột, Nước xả vải, Trà, Ngũ cốc, Giấy vệ sinh, Giấy vệ sinh, Sữa bột trẻ em, Nước mắm, Giấy vệ sinh",Daiso Japan,Ha Noi,Không rõ,10,3.9,department_store,21.002445520624228,105.81490392064052
"Dao bếp, Nước tương, Giấy vệ sinh, Trà túi lọc, Thớt, Giấy vệ sinh, Kem dưỡng da, Thịt heo, Chảo chống dính, Dao bếp, Trứng gà, Dao bếp, Chảo chống dính, Dao bếp, Đĩa sứ, Thịt heo",Siêu thị AEON,Ha Noi,"Bãi đỗ xe ô tô trên cao, Phường Long Biên, Thành phố Hà Nội, 08443",185,4,supermarket,21.028034531243193,105.8981987942347
"Nước ngọt, Sữa bột, Bánh ăn dặm, Nước mắm, Bình sữa, Bột giặt, Sữa tắm, Sữa bột trẻ em, Nước mắm, Tã em bé, Giấy vệ sinh",Daiso Japan,Ha Noi,"27, Đường Cổ Linh, Phường Long Biên, Thành phố Hà Nội, 08443",20,4.4,department_store,21.027154798736124,105.90038728736548
"Kem đánh răng, Mì gói, Tã em bé, Ngũ cốc, Dầu ăn, Giấy vệ sinh, Kem đánh răng, Gạo, Bột giặt, Gạo, Sữa bột, Nước suối, Gạo, Trà, Khăn giấy",MUJI,Ha Noi,"Phố Nguyễn Ngọc Chân, Phường Long Biên, Thành phố Hà Nội, 08443",15,4.4,department_store,21.026246134799827,105.90050385237755
"Muối, Sữa tắm, Muối, Sữa tắm, Bình sữa, Bột nêm, Khăn ướt, Bình sữa, Bột nêm, Tã em bé, Nước suối, Dầu gội, Bình sữa, Bình sữa, Nước rửa chén, Nước rửa chén, Bình sữa",Siêu thị AEON,Ha Noi,"Lối vào Ô tô, Phường Long Biên, Thành phố Hà Nội, 08443",15,3.6,department_store,21.02801426881062,105.8981812
"Dầu ăn, Trà, Sữa tươi, Bình sữa, Khăn giấy, Bột giặt, Nước lau sàn, Dầu ăn, Mì gói, Bánh ăn dặm, Khăn ướt, Bánh ăn dặm, Ngũ cốc, Gạo, Gạo",Miniso,Ha Noi,"Lối vào Ô tô, Phường Long Biên, Thành phố Hà Nội, 08443",15,3.8,department_store,21.027328085582187,105.89997584663936
"Gạo, Bột giặt, Nước mắm, Cà phê, Khăn ướt, Nước suối, Ngũ cốc, Trà, Bột nêm, Đường, Muối, Sữa bột, Bánh kẹo, Sữa tươi, Trà, Nước lau sàn, Bình sữa, Dầu ăn, Nước xả vải",Siêu thị AEON,Ha Noi,"Bãi đỗ xe ô tô trên cao, Phường Long Biên, Thành phố Hà Nội, 08443",20,3.7,department_store,21.02801903996062,105.8982094052731
"Giày cao gót, Khăn choàng, Giày cao gót, Đồng hồ, Vali kéo, Áo sơ mi, Kem nền, Ba lô thời trang, Kính mát, Kính mát, Đồng hồ",Interserco,Ha Noi,"Đường Phạm Hùng, Phường Cầu Giấy, Thành phố Hà Nội, 10085",200,4.5,mall,21.028241180129044,105.78069591546858
"Nước mắm, Sốt cà chua, Khẩu trang y tế, Nước hoa mini, Đĩa sứ, Sữa tắm, Nước hoa mini, Nước trái cây, Sữa chua, Nước tương, Nước tương, Thớt",Tôm Mart,Ha Noi,"74, Phố Nam Đồng, Phường Đống Đa, Thành phố Hà Nội, 10306",195,3.7,supermarket,21.012903846430625,105.83246246688685
"Dầu gội, Khăn ướt, Bánh snack, Bánh mì sandwich, Dầu gội, Khoai tây chiên, Túi nylon, Bàn chải đánh răng, Kẹo, Muỗng nhựa, Dây sạc điện thoại, Bánh quy, Gối cổ du lịch, Găng tay nilon, Kẹo, Túi nylon, Kẹo, Bánh quy, Khăn giấy",MiAnh Minimart,Ha Noi,"44, Phố Lê Đại Hành, Phường Hai Bà Trưng, Thành phố Hà Nội, 10058",15,4,convenience,21.01160977146226,105.84836499634932
"Tai nghe Bluetooth, Bông tai, Mỹ phẩm trang điểm, Mascara, Lược điện, Son môi, Vòng tay, Vòng tay, Nước hoa, Quần jean, Áo khoác da",Vincom Mega Mall Ocean Park,Ha Noi,"Đường Sao Biển, Kiêu Kỵ, Thành phố Hà Nội, 17710",300,3.6,mall,20.993912823516744,105.95953553783178
"Pin sạc, Dao cạo râu, Kẹo, Nước suối, Kem đánh răng, Gối cổ du lịch, Túi nylon, Kẹo, Bánh snack, Muỗng nhựa, Bánh bao mini, Xà phòng tắm",WinMart+,Ha Noi,"134, Đường Hoàng Tăng Bí, Phường Đông Ngạc, Thành phố Hà Nội, 11909",20,4.4,convenience,21.083372375255244,105.77187025865912
"Mascara, Son môi, Laptop mini, Sách, Bông tai, Ốp điện thoại, Quần short, Áo sơ mi, Quần short, Dép sandal, Ba lô thời trang, Vòng tay, Áo khoác, Mascara, Son môi, Nước hoa",Mê Linh Plaza,Ha Noi,"Km8, Đường Võ Văn Kiệt, Xã Quang Minh, Thành phố Hà Nội, 12910",100,4.6,mall,21.18673288064795,105.78277426145013
"Dao bếp, Rau củ quả, Rau củ quả, Túi đựng rác, Thớt, Son dưỡng môi, Nước hoa mini, Kem cạo râu, Snack, Cà phê hòa tan, Bông tẩy trang, Muỗng nĩa, Sốt cà chua, Bột mì",Mega Market,Ha Noi,"126, Đường Tam Trinh, Phường Hoàng Mai, Thành phố Hà Nội, 11617",180,4.3,supermarket,20.969524591562237,105.86605525011886
"Găng tay nilon, Nước suối, Khẩu trang y tế, Xà phòng tắm, Kẹo, Bật lửa, Cà phê lon, Dây sạc điện thoại, Khăn giấy, Găng tay nilon, Lăn khử mùi, Mì ly, Cốc nhựa, Bóng đèn LED mini, Thịt hộp, Bánh mì sandwich",Circle K,Ha Noi,"Phố Nguyên Hồng, Phường Láng, Thành phố Hà Nội, 10167",15,4.4,convenience,21.016630718953618,105.81109014114597
"Đường, Thớt, Nước lau sàn, Kem cạo râu, Giấy vệ sinh, Muối, Kem cạo râu, Dầu gội, Trứng gà, Sữa tươi, Snack, Sốt cà chua, Nước rửa chén, Sữa tươi, Trà túi lọc, Khay nhựa, Thịt heo, Gạo, Nước mắm, Sữa chua",WinMart,Ha Noi,"19, Phố Trúc Khê, Phường Láng, Thành phố Hà Nội, 11513",190,3.7,supermarket,21.015775226664584,105.80819988041328
"Bột mì, Sữa tươi, Sữa tắm, Snack, Trứng gà, Nước xả vải, Bàn chải, Muỗng nĩa, Sốt cà chua, Nước xả vải, Nước rửa chén, Sốt cà chua, Đĩa sứ, Nước rửa chén, Trà túi lọc",MM Mega Market Thăng Long,Ha Noi,"236, Đường Phạm Văn Đồng, Phường Phú Diễn, Thành phố Hà Nội, 10065",195,3.7,supermarket,21.054368352336635,105.78009023645245
"Kẹo cao su, Kem đánh răng, Sổ tay nhỏ, Bánh quy, Dây sạc điện thoại, Bật lửa, Chai nước, Găng tay nilon, Bóng đèn LED mini, Khăn ướt, Bàn chải đánh răng, Trà đóng chai, Bánh mì sandwich, Kem đánh răng, Lăn khử mùi, Sữa chua uống, Nước suối, Nước tăng lực, Muỗng nhựa, Sữa hộp",Circle K,Ha Noi,"33, Phố Chùa Láng, Phường Láng, Thành phố Hà Nội, 10080",10,3.6,convenience,21.022994524977346,105.8077322959595
"Son môi, Đồ chơi trẻ em, Máy sấy tóc, Đồng hồ thông minh, Ba lô thời trang, Áo khoác, Phấn má, Túi tote, Son môi, Kem nền, Giày cao gót, Tai nghe Bluetooth",TASCO Mall,Ha Noi,"7-9, Đường Nguyễn Văn Linh, Phường Việt Hưng, Thành phố Hà Nội, 11810",350,4.3,mall,21.050842512030936,105.8934813284449
"Váy dạ hội, Quần short, Quần jean, Khăn choàng, Giày thể thao, Áo khoác, Túi tote, Mỹ phẩm trang điểm, Túi xách, Găng tay, Phấn má, Dép sandal, Vali kéo, Giày thể thao, Tai nghe Bluetooth, Áo thun, Đồ chơi trẻ em, Nước hoa, Mascara",thơi trang bé,Ha Noi,"Ngách 145/93 Cổ Nhuế, Phường Đông Ngạc, Thành phố Hà Nội, 12500",300,4.4,mall,21.061145249999623,105.77821975000256
"Mascara, Khăn choàng, Lược điện, Kính mát, Nước hoa, Máy sấy tóc, Túi tote, Khăn choàng, Kem nền, Ốp điện thoại, Tai nghe Bluetooth, Kem nền",công ty giao thông vận tại số 1,Ha Noi,"Ngách 119/38 Đường Cổ Nhuế, Phường Đông Ngạc, Thành phố Hà Nội, 12500",400,4.6,mall,21.060890232223862,105.77911105156556
"Đồ chơi trẻ em, Vali kéo, Mỹ phẩm trang điểm, Dép sandal, Quần short, Kính mát, Son môi, Vòng tay, Kính mát, Đồng hồ thông minh, Áo khoác, Khăn choàng, Ba lô thời trang, Găng tay, Phấn má, Đầm công sở, Bông tai, Áo thun",công ty công nghệ onelike,Ha Noi,"Ngách 119/38 Đường Cổ Nhuế, Phường Đông Ngạc, Thành phố Hà Nội, 12500",250,4.9,mall,21.060695524404807,105.77924409991567
"Áo khoác da, Áo thun, Túi xách, Quần jean, Dép sandal, Áo thun, Lược điện, Túi xách, Thắt lưng, Áo sơ mi, Váy dạ hội",shop bà bầu,Ha Noi,"Ngách 119/38 Đường Cổ Nhuế, Phường Đông Ngạc, Thành phố Hà Nội, 12500",450,4,mall,21.060799527215234,105.77917186019518
"Máy sấy tóc, Áo khoác da, Áo sơ mi, Túi tote, Túi xách, Máy sấy tóc, Giày cao gót, Giày thể thao, Mỹ phẩm trang điểm, Vali kéo, Đồng hồ, Dầu dưỡng tóc, Khăn choàng, Nón thời trang, Dép sandal, Lược điện, Mỹ phẩm trang điểm, Quần jean, Nước hoa",cửa hàng đô gia dung,Ha Noi,"Ngách 119/38 Đường Cổ Nhuế, Phường Đông Ngạc, Thành phố Hà Nội, 12500",400,4.2,mall,21.06077601938232,105.77938683400697
"Lược điện, Thắt lưng, Kem nền, Giày thể thao, Áo khoác da, Kính mát, Áo khoác da, Đồng hồ, Tai nghe Bluetooth, Áo thun, Mỹ phẩm trang điểm, Vòng tay",gian hàng trưng bày đồ gia dụng,Ha Noi,"Ngách 119/38 Đường Cổ Nhuế, Phường Đông Ngạc, Thành phố Hà Nội, 12500",200,4.2,mall,21.060676601549204,105.77952159468924
"Đồ chơi trẻ em, Đồng hồ, Dầu dưỡng tóc, Ba lô thời trang, Áo khoác, Túi xách, Laptop mini, Giày cao gót, Nón thời trang, Mascara, Vòng tay, Váy dạ hội, Áo sơ mi, Thắt lưng",công ty trách nhiệm hữu hạn 1 thành viên lâm nghi,Ha Noi,"Ngách 119/38 Đường Cổ Nhuế, Phường Đông Ngạc, Thành phố Hà Nội, 12500",300,3.7,mall,21.060606669839533,105.77959279681167
"Ốp điện thoại, Váy dạ hội, Son môi, Giày thể thao, Mascara, Túi tote, Giày thể thao, Mascara, Máy sấy tóc, Dầu dưỡng tóc, Áo khoác, Phấn má, Bông tai, Quần short",quán cafe,Ha Noi,"Ngách 119/38 Đường Cổ Nhuế, Phường Đông Ngạc, Thành phố Hà Nội, 12500",150,3.7,mall,21.060532186442416,105.77941754434327
"Son môi, Kem nền, Lược điện, Quần short, Đồng hồ thông minh, Áo khoác da, Váy dạ hội, Khăn choàng, Ba lô thời trang, Đồng hồ thông minh, Kính mát, Áo khoác, Quần short, Túi tote, Áo thun",Thế Giới Sữa Cổ Nhuế,Ha Noi,"Ngõ 173 Đường Cổ Nhuế, Phường Đông Ngạc, Thành phố Hà Nội, 12500",300,4.9,mall,21.06226307441116,105.78000909240227
"Nước mắm, Cá hộp, Giấy bọc thực phẩm, Dao bếp, Nước hoa mini, Bông tẩy trang, Trà túi lọc, Sữa tươi, Túi đựng rác, Túi đựng rác",WinMart,Ha Noi,"18, Phố Trần Đăng Ninh, Phường Cầu Giấy, Thành phố Hà Nội, 10141",190,3.5,supermarket,21.038286158732408,105.7940268968159
"Ngũ cốc ăn sáng, Túi đựng rác, Kem cạo râu, Nước hoa mini, Dầu ăn, Giấy vệ sinh, Ngũ cốc ăn sáng, Sữa tắm, Chảo chống dính, Kem cạo râu, Nước lau sàn, Dầu gội, Gạo, Dầu ăn, Khay nhựa, Cá hộp",Siêu thị Lan Chi,Ha Noi,"Quốc lộ 32, Xã Vật Lại, Thành phố Hà Nội",95,3.8,supermarket,21.20615283929207,105.41595329504186
"Sữa tắm, Đĩa sứ, Nước mắm, Sữa tươi, Nước tương, Trà túi lọc, Sốt cà chua, Đĩa sứ, Khay nhựa, Ly thủy tinh, Bột mì, Nước tương, Chảo chống dính, Chảo chống dính, Rau củ quả, Giấy vệ sinh",Siêu thị Long Bình,Ha Noi,"Đường Trần Trọng Liêu, Xã Thường Tín, Thành phố Hà Nội",175,3.6,supermarket,20.872851280654164,105.8692633015137
"Trứng gà, Sữa tươi, Dầu ăn, Bàn chải, Giấy bọc thực phẩm, Đĩa sứ, Kem dưỡng da, Khăn giấy, Bột giặt, Ly thủy tinh",Siêu thị Lan Chi Thường Tín,Ha Noi,"Đường Trần Trọng Liêu, Xã Hồng Vân, Thành phố Hà Nội",110,4.1,supermarket,20.870385950816868,105.8737336684414
"Đầm công sở, Ví da, Bông tai, Mỹ phẩm trang điểm, Túi xách, Túi xách, Vòng tay, Giày thể thao, Đồng hồ, Lược điện, Kính mát, Mascara, Quần jean, Vali kéo, Tai nghe Bluetooth, Phấn má, Áo khoác, Đồng hồ, Đồng hồ",Lotte Mall West Lake Hanoi,Ha Noi,"Đường Võ Chí Công, Phường Tây Hồ, Thành phố Hà Nội, 10206",250,4.3,mall,21.07601582276017,105.8126099026943
"Laptop mini, Ba lô thời trang, Ốp điện thoại, Nón thời trang, Đồ chơi trẻ em, Áo khoác, Ba lô thời trang, Vòng tay, Găng tay, Laptop mini, Dầu dưỡng tóc, Mỹ phẩm trang điểm, Đồ chơi trẻ em, Giày cao gót, Quần jean, Vali kéo, Thắt lưng",Trung tâm Dịch vụ Thương mại Thanh Trì,Ha Noi,"Ngõ 265 Ngọc Hồi, Xã Thanh Trì, Thành phố Hà Nội, 12506",100,4,mall,20.949356723123426,105.84518607579142
"Sữa tươi, Dầu ăn, Kem đánh răng, Cà phê, Dầu ăn, Bột nêm, Ngũ cốc, Nước xả vải, Giấy vệ sinh, Thực phẩm đóng hộp, Sữa tắm, Khăn giấy, Bình sữa, Sữa chua, Khăn ướt, Khăn ướt, Sữa chua, Nước rửa chén",AEON Xuân Thủy,Ha Noi,"122-124, Đường Xuân Thủy, Phường Cầu Giấy, Thành phố Hà Nội, 10141",10,3.5,department_store,21.03725865542656,105.78645269476304
"Muỗng nhựa, Kẹo, Khăn ướt, Xà phòng tắm, Kẹo cao su, Khăn giấy, Gối cổ du lịch, Khoai tây chiên, Kem đánh răng, Xà phòng tắm",Sivimart,Ha Noi,"2A, Phố Trần Đại Nghĩa, Phường Bạch Mai, Thành phố Hà Nội, 10999",15,3.5,convenience,21.003576289811107,105.84452302238718
"Sữa chua uống, Kẹo, Sổ tay nhỏ, Bật lửa, Ô dù gấp, Cà phê lon, Bút bi, Chai nước, Cà phê lon, Chai nước, Bánh bao mini",WinMart+,Ha Noi,"153-155, Đường Đê La Thành, Phường Văn Miếu - Quốc Tử Giám, Thành phố Hà Nội, 10306",10,3.8,convenience,21.017510890132417,105.83137149411444
"Bánh handmade, Tượng nhỏ, Thiệp chúc mừng, Đồng hồ để bàn, Ly in hình, Đồ thủ công, Bình hoa nhỏ, Chậu cây mini, Khung ảnh, Gối in hình, Đồ thủ công, Bút ký cao cấp",Quà tặng Tháng Năm,Ha Noi,"Phố Ông Ích Khiêm, Phường Ba Đình, Thành phố Hà Nội, 10232",250,4.3,gift,21.035795949970485,105.83400299996653
"Túi đựng quà, Khung ảnh LED, Tranh mini, Bưu thiếp, Móc khóa, Quà lưu niệm, Bình giữ nhiệt, Quà lưu niệm, Đồng hồ để bàn, Đồng hồ để bàn, Chậu cây mini, Bình giữ nhiệt, Gấu bông mini, Tượng nhỏ, Hộp quà tặng, Ly in hình, Hộp quà tặng, Cốc đôi, Khung ảnh LED",Quà tặng Tháng Năm,Ha Noi,"Phố Ông Ích Khiêm, Phường Ba Đình, Thành phố Hà Nội, 10232",130,4.7,gift,21.036068294119005,105.83406192061864
"Bàn chải đánh răng, Kem đánh răng, Bút bi, Ô dù gấp, Trà đóng chai, Nước suối, Kem đánh răng, Gối cổ du lịch, Bao rác, Cốc nhựa, Xà phòng tắm, Dầu gội",Circle K,Ha Noi,"Phố Tràng Tiền, Phường Hoàn Kiếm, Thành phố Hà Nội, 11022",20,3.5,convenience,21.025125700000963,105.85488954999518
"Bơ thực vật, Bơ thực vật, Nước trái cây, Dầu ăn, Thịt heo, Sốt cà chua, Nước hoa mini, Thớt, Bột giặt, Dầu ăn, Sữa chua",Siêu thị Hapromart,Ha Noi,"Ngõ 2 Ngô Xuân Quảng, Xã Gia Lâm, Thành phố Hà Nội, 08443",75,4.2,supermarket,21.02046798212405,105.93756574509845
"Bột mì, Ngũ cốc ăn sáng, Kem dưỡng da, Khay nhựa, Sữa tắm, Khăn giấy, Cá hộp, Nước hoa mini, Giấy bọc thực phẩm, Thịt heo",Lotus Mart,Ha Noi,"21, Phố Tô Hiến Thành, Phường Hai Bà Trưng, Thành phố Hà Nội, 10058",90,4.3,supermarket,21.013409688772747,105.85065935130503
"Phấn má, Kính mát, Máy sấy tóc, Găng tay, Áo sơ mi, Áo thun, Kem nền, Áo sơ mi, Lược điện, Áo khoác, Son môi, Ốp điện thoại, Mascara, Nón thời trang, Đầm công sở, Sách, Phấn má",The LINC @ ParkCity Hanoi,Ha Noi,"Đường Lê Trọng Tấn, Phường Dương Nội, Thành phố Hà Nội, 10189",450,3.5,mall,20.965709869024092,105.75675307414863
"Nước trái cây, Khăn giấy, Trà túi lọc, Dao bếp, Đường, Đĩa sứ, Chảo chống dính, Giấy bọc thực phẩm, Sữa tươi, Kem dưỡng da, Nước xả vải, Trứng gà, Dầu ăn, Mì gói, Mì gói, Muối, Ly thủy tinh, Sữa chua, Rau củ quả, Ly thủy tinh",WinMart,Ha Noi,"Trục chính khu đô thị Smart City, Phường Tây Mỗ, Thành phố Hà Nội, 10070",160,4,supermarket,21.006152386095867,105.75439749767328
"Nước ngọt, Gạo, Đường, Kem đánh răng, Nước xả vải, Ngũ cốc, Bột nêm, Nước ngọt, Bánh kẹo, Bánh ăn dặm, Bánh ăn dặm, Sữa tươi, Nước lau sàn, Bột giặt, Khăn giấy, Thực phẩm đóng hộp, Tã em bé",Kohnan,Ha Noi,"Trục chính khu đô thị Smart City, Phường Tây Mỗ, Thành phố Hà Nội, 10070",15,4.3,department_store,21.006083137405795,105.75335278867566
"Nước hoa mini, Muối, Bàn chải, Thịt heo, Bàn chải, Kem dưỡng da, Trà túi lọc, Giấy vệ sinh, Sốt cà chua, Cá hộp, Đường, Nước tương, Sốt cà chua, Kem cạo râu, Ngũ cốc ăn sáng",WinMart,Ha Noi,"Đường Số 4, Phường Vĩnh Tuy, Thành phố Hà Nội, 11622",185,3.9,supermarket,20.993830615021423,105.86959020516817
