item_name,shop_name,city,address,price,material,category,lat,lon
None,travel_agency,Hà Giang,"Đường 19 Tháng 5, Nguyễn Trãi, Hà Giang, Phường Hà Giang 1, Tỉnh Tuyên Quang, 20152, Việt Nam",None,None,travel_agency,22.8169939,104.9783681
Du lịch Tầm Nhìn Mở,travel_agency,Hà Giang,"Du lịch Tầm Nhìn Mở, Đường Quyết Thắng, Ngọc Hà, Phường Hà Giang 2, Tỉnh Tuyên Quang, 20152, Việt Nam",None,None,travel_agency,22.8368647,105.0123516
Shop thời trang Tiến Quý,clothes,Hà Giang,"315, Nguyễn Thái Học",None,None,clothes,22.831448,104.9875693
None,hairdresser,Hà Giang,"Phố Hải Thượng Lãn Ông, Minh Khai, Phường Hà Giang 2, Tỉnh Tuyên Quang, 20152, Việt Nam",None,None,hairdresser,22.8220556,104.9861435
None,hairdresser,Hà Giang,"Đường Minh Khai, Phường Hà Giang 2, Tỉnh Tuyên Quang, 20152, Việt Nam",None,None,hairdresser,22.8177953,104.9873668
None,hairdresser,Hà Giang,"Đường Minh Khai, Phường Hà Giang 2, Tỉnh Tuyên Quang, 20152, Việt Nam",None,None,hairdresser,22.8177033,104.9876974
None,convenience,Hà Giang,"Đường Cù Chính Lan, Minh Khai, Phường Hà Giang 2, Tỉnh Tuyên Quang, 20152, Việt Nam",None,None,convenience,22.8176408,104.9878424
None,convenience,Hà Giang,"Đường Lý Tự Trọng, Minh Khai, Phường Hà Giang 2, Tỉnh Tuyên Quang, 20152, Việt Nam",None,None,convenience,22.8194913,104.9900718
T-132 store,shoes,Hà Giang,"T-132 store, Đường Minh Khai, Phường Hà Giang 2, Tỉnh Tuyên Quang, 20152, Việt Nam",None,None,shoes,22.8175906,104.9871971
None,hairdresser,Hà Giang,"Đường Nguyễn Thái Học, Minh Khai, Phường Hà Giang 2, Tỉnh Tuyên Quang, 20152, Việt Nam",None,None,hairdresser,22.822056,104.985183
None,convenience,Hà Giang,"Đường Lý Tự Trọng, Minh Khai, Phường Hà Giang 2, Tỉnh Tuyên Quang, 20152, Việt Nam",None,None,convenience,22.8205553,104.9903107
None,convenience,Hà Giang,"Phố Nguyễn Chí Thanh, Minh Khai, Phường Hà Giang 2, Tỉnh Tuyên Quang, 20152, Việt Nam",None,None,convenience,22.8169434,104.9886948
None,convenience,Hà Giang,"Đường Nguyễn Văn Cừ, Minh Khai, Phường Hà Giang 2, Tỉnh Tuyên Quang, 20152, Việt Nam",None,None,convenience,22.8254914,104.9873333
None,butcher,Hà Giang,"Small Meat Market, Đường Nguyễn Trãi, Nguyễn Trãi, Hà Giang, Phường Hà Giang 1, Tỉnh Tuyên Quang, 20152, Việt Nam",None,None,butcher,22.8206268,104.9817756
None,bakery,Hà Giang,"Đường Trần Phú, Minh Khai, Phường Hà Giang 2, Tỉnh Tuyên Quang, 20152, Việt Nam",None,None,bakery,22.8229822,104.9876248
Duc Truyen,bakery,Hà Giang,Trần Phú,None,None,bakery,22.822955,104.9878561
king roti,bakery,Hà Giang,"king roti, Đường Trần Phú, Minh Khai, Phường Hà Giang 2, Tỉnh Tuyên Quang, 20152, Việt Nam",None,None,bakery,22.8235412,104.9878286
None,clothes,Hà Giang,"Đường Nguyễn Thái Học, Minh Khai, Phường Hà Giang 2, Tỉnh Tuyên Quang, 20152, Việt Nam",None,None,clothes,22.8224609,104.9851681
None,bakery,Hà Giang,"Bread and Cake Bakery, Đường Nguyễn Trãi, Nguyễn Trãi, Hà Giang, Phường Hà Giang 1, Tỉnh Tuyên Quang, 20152, Việt Nam",None,None,bakery,22.8212872,104.9818674
Công ty du lịch Vision Travel,travel_agency,Hà Giang,"N.69, Lane 487, Đường Lý Thường Kiệt, Hà Giang, 310000",None,None,travel_agency,22.8387815,105.0119813
Giầy Da Vũ Ngọc,shoes,Hà Giang,"282, Quốc lộ 2C",None,None,shoes,22.8188974,104.9811551
None,motorcycle,Hà Giang,"Qt motorbike, Đường Tránh Thành phố Hà Giang, Phương Thiện, Hà Giang, Phường Hà Giang 1, Tỉnh Tuyên Quang, 20152, Việt Nam",None,None,motorcycle,22.8058967,104.9753449
None,convenience,Hà Giang,"Convenience Store, Đường Lý Tự Trọng, Trần Phú, Phường Hà Giang 2, Tỉnh Tuyên Quang, 20152, Việt Nam",None,None,convenience,22.8258833,104.9889015
Truong Thuy,motorcycle,Hà Giang,Tran Phu,None,None,motorcycle,22.820681,104.9872481
None,motorcycle,Hà Giang,Nguyễn Thái Học,None,None,motorcycle,22.8288374,104.9857165
Bui Thi Thanh,bakery,Hà Giang,"53, Lê Hồng Phong",None,None,bakery,22.825512,104.9884587
Manh Xam,tattoo,Hà Giang,"328B, Minh Khai",None,None,tattoo,22.8211237,104.9819377
None,motorcycle,Hà Giang,Minh Khai,None,None,motorcycle,22.8168865,104.9877084
Tiem Banh Mit,bakery,Hà Giang,"85M, Nguyễn Thái Học",None,None,bakery,22.8223772,104.9851225
phuong spa,massage,Hà Giang,"phuong spa, Đường Nguyễn Trãi, Nguyễn Trãi, Hà Giang, Phường Hà Giang 1, Tỉnh Tuyên Quang, 20152, Việt Nam",None,None,massage,22.8252913,104.9838862
None,copyshop,Hà Giang,"Đường Nguyễn Trãi, Nguyễn Trãi, Hà Giang, Phường Hà Giang 1, Tỉnh Tuyên Quang, 20152, Việt Nam",None,None,copyshop,22.8252265,104.983997
None,hairdresser,Hà Giang,"Đường Nguyễn Trãi, Nguyễn Trãi, Hà Giang, Phường Hà Giang 1, Tỉnh Tuyên Quang, 20152, Việt Nam",None,None,hairdresser,22.8245588,104.9838129
None,copyshop,Hà Giang,"Đường Nguyễn Trãi, Nguyễn Trãi, Hà Giang, Phường Hà Giang 1, Tỉnh Tuyên Quang, 20152, Việt Nam",None,None,copyshop,22.8232218,104.983469
None,greengrocer,Hà Giang,"Đường Nguyễn Trãi, Nguyễn Trãi, Hà Giang, Phường Hà Giang 1, Tỉnh Tuyên Quang, 20152, Việt Nam",None,None,greengrocer,22.822054,104.9825277
None,variety_store,Hà Giang,"Đường Minh Khai, Minh Khai, Phường Hà Giang 2, Tỉnh Tuyên Quang, 20152, Việt Nam",None,None,variety_store,22.8182725,104.9863934
None,stationery,Hà Giang,"Đường Trần Hưng Đạo, Nguyễn Trãi, Hà Giang, Phường Hà Giang 1, Tỉnh Tuyên Quang, 20152, Việt Nam",None,None,stationery,22.8299695,104.9826962
None,car_parts,Hà Giang,"Đường Nguyễn Trãi, Nguyễn Trãi, Hà Giang, Phường Hà Giang 1, Tỉnh Tuyên Quang, 20152, Việt Nam",None,None,car_parts,22.823268,104.9834909
None,hairdresser,Hà Giang,"Đường Nguyễn Trãi, Nguyễn Trãi, Hà Giang, Phường Hà Giang 1, Tỉnh Tuyên Quang, 20152, Việt Nam",None,None,hairdresser,22.8225237,104.9829393
None,supermarket,Hà Giang,"Phố Phó Đức Chính, Trần Phú, Phường Hà Giang 2, Tỉnh Tuyên Quang, 20152, Việt Nam",None,None,supermarket,22.8325095,104.9865132
None,bakery,Hà Giang,"Đường Nguyễn Trãi, Nguyễn Trãi, Hà Giang, Phường Hà Giang 1, Tỉnh Tuyên Quang, 20152, Việt Nam",None,None,bakery,22.8240899,104.9836542
spa,beauty,Hà Giang,"spa, Đường Nguyễn Trãi, Nguyễn Trãi, Hà Giang, Phường Hà Giang 1, Tỉnh Tuyên Quang, 20152, Việt Nam",None,None,beauty,22.8238499,104.983633
None,copyshop,Hà Giang,"Đường Nguyễn Trãi, Nguyễn Trãi, Hà Giang, Phường Hà Giang 1, Tỉnh Tuyên Quang, 20152, Việt Nam",None,None,copyshop,22.8230083,104.9831901
None,car_repair,Hà Giang,"Đường Nguyễn Trãi, Nguyễn Trãi, Hà Giang, Phường Hà Giang 1, Tỉnh Tuyên Quang, 20152, Việt Nam",None,None,car_repair,22.8226452,104.9829507
None,books,Hà Giang,"Phố Yên Biên, Trần Phú, Phường Hà Giang 2, Tỉnh Tuyên Quang, 20152, Việt Nam",None,None,books,22.8315549,104.9858314
None,mobile_phone,Hà Giang,"Đường Nguyễn Trãi, Nguyễn Trãi, Hà Giang, Phường Hà Giang 1, Tỉnh Tuyên Quang, 20152, Việt Nam",None,None,mobile_phone,22.8231806,104.9834308
None,motorcycle_repair,Hà Giang,"Đường Lý Tự Trọng, Trần Phú, Phường Hà Giang 2, Tỉnh Tuyên Quang, 20152, Việt Nam",None,None,motorcycle_repair,22.8296131,104.9903536
Ovocny trh,department_store,Hà Giang,"Ovocny trh, Đường Nguyễn Thái Học, Trần Phú, Phường Hà Giang 2, Tỉnh Tuyên Quang, 20152, Việt Nam",None,None,department_store,22.8325345,104.9866311
Ding Tea,beverages,Hà Giang,"Ding Tea, Đường Nguyễn Thái Học, Minh Khai, Phường Hà Giang 2, Tỉnh Tuyên Quang, 20152, Việt Nam",None,None,beverages,22.8255904,104.9859974
Bong motorbike rental,motorcycle,Hà Giang,"61, Minh Khai, 310000",None,None,motorcycle,22.8186195,104.9858461
Ha Giang Loop Tour,travel_agency,Hà Giang,"10, Đường Quyết Thắng, Hà Giang, 310000",None,None,travel_agency,22.8372564,105.01257
None,pet,Hà Giang,"Đường Nguyễn Thái Học, Trần Phú, Phường Hà Giang 2, Tỉnh Tuyên Quang, 20152, Việt Nam",None,None,pet,22.8321235,104.9866653
Xe maý cho thuê,motorcycle,Hà Giang,"113a, Nguyễn Trãi, 20000",None,None,motorcycle,22.8130639,104.9801978
Thực Decal - xe máy - Motorbike Parts Accessories,motorcycle,Hà Giang,"120, Nguyễn Trãi",None,None,motorcycle,22.8172371,104.9810199
Honda,motorcycle,Hà Giang,"Honda, Đường Nguyễn Trãi, Mè Thượng, Nguyễn Trãi, Hà Giang, Phường Hà Giang 1, Tỉnh Tuyên Quang, 20152, Việt Nam",None,None,motorcycle,22.8174174,104.980874
Phoenix Center,supermarket,Hà Giang,"Phoenix Center, Đường Minh Khai, Minh Khai, Phường Hà Giang 2, Tỉnh Tuyên Quang, 20152, Việt Nam",None,None,supermarket,22.8191164,104.9845623
Thaco Ha Giang,car,Hà Giang,"Thaco Ha Giang, Đường Tránh Thành phố Hà Giang, Phương Thiện, Hà Giang, Phường Hà Giang 1, Tỉnh Tuyên Quang, 20152, Việt Nam",None,None,car,22.804055,104.9767484
J-Mart Hàng Nhật Nội Địa,supermarket,Hà Giang,"39, Tô Vĩnh Diện, Ha Giang, 20152",None,None,supermarket,22.8188905,104.985224
None,travel_agency,Hà Giang,"Tbus Agency, Đường Tránh Thành phố Hà Giang, Phương Thiện, Hà Giang, Phường Hà Giang 1, Tỉnh Tuyên Quang, 20152, Việt Nam",None,None,travel_agency,22.8050699,104.9765887
None,motorcycle,Hà Giang,"Style Motorbikes Ha Giang, Đường Hoàng Hữu Chuyên, Châng, Chiến Thắng, Hà Giang, Phường Hà Giang 1, Tỉnh Tuyên Quang, 20152, Việt Nam",None,None,motorcycle,22.7995312,104.9777231
None,car_repair,Hà Giang,"Truong Thuy Motor, Đường Trần Phú, Minh Khai, Phường Hà Giang 2, Tỉnh Tuyên Quang, 20152, Việt Nam",None,None,car_repair,22.8212256,104.987376
Yamaha town,motorcycle_repair,Hà Giang,"Yamaha town, Đường Nguyễn Trãi, Mè Thượng, Nguyễn Trãi, Hà Giang, Phường Hà Giang 1, Tỉnh Tuyên Quang, 20152, Việt Nam",None,None,motorcycle_repair,22.8056632,104.9785456
Yamaha town,motorcycle_repair,Hà Giang,"Yamaha town, Đường Nguyễn Trãi, Mè Thượng, Nguyễn Trãi, Hà Giang, Phường Hà Giang 1, Tỉnh Tuyên Quang, 20152, Việt Nam",None,None,motorcycle_repair,22.8083439,104.9788006
Sua Xe,motorcycle_repair,Hà Giang,"Sua Xe, Đường 20 Tháng 8, Phương Độ, Hà Giang, Phường Hà Giang 1, Tỉnh Tuyên Quang, 20152, Việt Nam",None,None,motorcycle_repair,22.8284865,104.9569034
WinMart,supermarket,Hà Giang,"WinMart, Đường Nguyễn Trãi, Mè Thượng, Nguyễn Trãi, Hà Giang, Phường Hà Giang 1, Tỉnh Tuyên Quang, 20152, Việt Nam",None,None,supermarket,22.8142514,104.981384
None,supermarket,Cao Bằng,"Đường Pác Bó, Tổ dân phố 20, Phường Nùng Trí Cao, Tỉnh Cao Bằng, 21110, Việt Nam",None,None,supermarket,22.6743268,106.2571258
Sieu Thi,supermarket,Cao Bằng,None,None,None,supermarket,22.6645153,106.2592726
None,convenience,Cao Bằng,"Quốc lộ 34, Xã Bảo Lạc, Tỉnh Cao Bằng, Việt Nam",None,None,convenience,22.9538035,105.681717
None,bakery,Cao Bằng,"Quốc lộ 34, Xã Bảo Lạc, Tỉnh Cao Bằng, Việt Nam",None,None,bakery,22.9542432,105.6813523
None,car_repair,Cao Bằng,"Quốc lộ 34, Xã Tĩnh Túc, Tỉnh Cao Bằng, Việt Nam",None,None,car_repair,22.6260682,105.8320798
None,car_repair,Cao Bằng,"Đường tỉnh 212, Xã Thành Công, Tỉnh Cao Bằng, Việt Nam",None,None,car_repair,22.543073,105.8401161
Tire Repairs Shop,tyres,Cao Bằng,"Tire Repairs Shop, Quốc lộ 34, Xã Ca Thành, Tỉnh Cao Bằng, Việt Nam",None,None,tyres,22.7146891,105.7986603
None,beverages,Cao Bằng,"Rest Stop, Quốc lộ 34, Huy Giáp, Xã Huy Giáp, Tỉnh Cao Bằng, Việt Nam",None,None,beverages,22.7662105,105.7661956
None,beverages,Cao Bằng,"Dinh Phong, Quốc lộ 3, Xã Phục Hòa, Tỉnh Cao Bằng, Việt Nam",None,None,beverages,22.5343457,106.5082749
None,motorcycle_repair,Cao Bằng,"Quốc lộ 3, Xã Phục Hòa, Tỉnh Cao Bằng, Việt Nam",None,None,motorcycle_repair,22.5305881,106.5157407
None,convenience,Cao Bằng,"Quốc lộ 34, Xã Tĩnh Túc, Tỉnh Cao Bằng, Việt Nam",None,None,convenience,22.6500678,105.8886535
None,mobile_phone,Cao Bằng,"Phố đi bộ Kim Đồng, Phường Thục Phán, Tỉnh Cao Bằng, 27000, Việt Nam",None,None,mobile_phone,22.6622593,106.2597013
None,motorcycle,Cao Bằng,"Phố đi bộ Kim Đồng, Phường Thục Phán, Tỉnh Cao Bằng, 27000, Việt Nam",None,None,motorcycle,22.6651256,106.2606396
None,motorcycle,Cao Bằng,"Phố đi bộ Kim Đồng, Phường Thục Phán, Tỉnh Cao Bằng, 27000, Việt Nam",None,None,motorcycle,22.6644172,106.2609211
None,supermarket,Cao Bằng,"Phố Nguyễn Du, Phường Thục Phán, Tỉnh Cao Bằng, 27000, Việt Nam",None,None,supermarket,22.6626403,106.2589918
None,supermarket,Cao Bằng,"QL.4A, Xã Trùng Khánh, Tỉnh Cao Bằng, Việt Nam",None,None,supermarket,22.8355925,106.5303243
None,computer,Cao Bằng,"Ahihi Gaming - Internet café, Quốc lộ 34, Xã Bảo Lạc, Tỉnh Cao Bằng, Việt Nam",None,None,computer,22.9457494,105.6764966
None,beverages,Cao Bằng,"Nước Mía - Sugar cane juice, Quốc lộ 34, Xã Bảo Lạc, Tỉnh Cao Bằng, Việt Nam",None,None,beverages,22.9482662,105.6809667
None,copyshop,Cao Bằng,"Thái Hà Photo copy, Quốc lộ 34, Xã Bảo Lạc, Tỉnh Cao Bằng, Việt Nam",None,None,copyshop,22.9489876,105.6808416
Khải Linh,bakery,Cao Bằng,"Khải Linh, Quốc lộ 34, Xã Bảo Lạc, Tỉnh Cao Bằng, Việt Nam",None,None,bakery,22.9498613,105.681138
None,copyshop,Cao Bằng,"Duy Tân Photocopy, Quốc lộ 34, Xã Bảo Lạc, Tỉnh Cao Bằng, Việt Nam",None,None,copyshop,22.9498039,105.6813688
Huy BG,hairdresser,Cao Bằng,"Huy BG, Quốc lộ 34, Xã Bảo Lạc, Tỉnh Cao Bằng, Việt Nam",None,None,hairdresser,22.9497861,105.681117
Ga me tốc độ cao,computer,Cao Bằng,"Ga me tốc độ cao, 217, Xã Bảo Lạc, Tỉnh Cao Bằng, Việt Nam",None,None,computer,22.9475003,105.6822471
None,mobile_phone,Cao Bằng,"T - mobile center, Quốc lộ 34, Xã Bảo Lạc, Tỉnh Cao Bằng, Việt Nam",None,None,mobile_phone,22.9474729,105.6792869
None,mobile_phone,Cao Bằng,"Viettel - Telecom Store, Quốc lộ 34, Xã Bảo Lạc, Tỉnh Cao Bằng, Việt Nam",None,None,mobile_phone,22.9481562,105.6805508
Hoàng Duy,copyshop,Cao Bằng,"Hoàng Duy, Quốc lộ 4A;Quốc Lộ 34B, Phường Tân Giang, Tỉnh Cao Bằng, 27000, Việt Nam",None,None,copyshop,22.6498937,106.2713269
Vinfast Cao Bằng,car,Cao Bằng,"Vinfast Cao Bằng, Đường Pác Bó, Tổ dân phố 20, Phường Nùng Trí Cao, Tỉnh Cao Bằng, 21110, Việt Nam",None,None,car,22.6752907,106.2516593
None,computer,Cao Bằng,"Quốc lộ 4A;Quốc Lộ 34B, Phường Tân Giang, Tỉnh Cao Bằng, 27000, Việt Nam",None,None,computer,22.6508056,106.2703872
None,greengrocer,Cao Bằng,"Local market, ĐT.211, Xã Trùng Khánh, Tỉnh Cao Bằng, Việt Nam",None,None,greengrocer,22.8348255,106.524816
None,toys,Cao Bằng,"ĐT.211, Xã Trùng Khánh, Tỉnh Cao Bằng, Việt Nam",None,None,toys,22.8345512,106.5239229
None,bakery,Cao Bằng,"Khánh An Bakery, ĐT.211, Xã Trùng Khánh, Tỉnh Cao Bằng, Việt Nam",None,None,bakery,22.8354098,106.524225
Bánh sinh nhật,bakery,Cao Bằng,"Bánh sinh nhật, ĐT.211, Xã Trùng Khánh, Tỉnh Cao Bằng, Việt Nam",None,None,bakery,22.8345007,106.5238877
None,clothes,Cao Bằng,"Kids Shop, Phố Kim Đồng, Phường Thục Phán, Tỉnh Cao Bằng, 27000, Việt Nam",None,None,clothes,22.6605473,106.2596274
None,greengrocer,Cao Bằng,"Hà My, Phố Xuân Trường, Phường Thục Phán, Tỉnh Cao Bằng, 27000, Việt Nam",None,None,greengrocer,22.6671793,106.2591877
Mechanic Huy Hoang,car_repair,Cao Bằng,"Mechanic Huy Hoang, ĐT.211, Xã Trùng Khánh, Tỉnh Cao Bằng, Việt Nam",None,None,car_repair,22.8320736,106.5221252
Tuyết An,tyres,Cao Bằng,"Tơ 6, Phường Ngọc Xuân",None,None,tyres,22.6843956,106.2485469
Banh Thanh Do,bakery,Cao Bằng,"Banh Thanh Do, Đường Vườn Cam, Phường Thục Phán, Tỉnh Cao Bằng, 27000, Việt Nam",None,None,bakery,22.6669656,106.2610683
None,motorcycle,Cao Bằng,"QL.4A;QL.3, Tổ dân phố 21, Phường Nùng Trí Cao, Tỉnh Cao Bằng, 27000, Việt Nam",None,None,motorcycle,22.6667433,106.2637609
Bánh mì Ánh Nguyệt,bakery,Cao Bằng,"Bánh mì Ánh Nguyệt, Đường Đông Khê, Phường Tân Giang, Tỉnh Cao Bằng, 27000, Việt Nam",None,None,bakery,22.6537935,106.2684136
None,motorcycle,Cao Bằng,"Quốc lộ 34, Xã Bảo Lạc, Tỉnh Cao Bằng, Việt Nam",None,None,motorcycle,22.9475469,105.6778851
None,convenience,Cao Bằng,"Quốc lộ 4A;Quốc Lộ 34B, Xã Đông Khê, Tỉnh Cao Bằng, Việt Nam",None,None,convenience,22.4292642,106.4324348
None,supermarket,Cao Bằng,"Marketplace, QL.4A, bản Gun, Xã Đàm Thủy, Tỉnh Cao Bằng, Việt Nam",None,None,supermarket,22.8589315,106.6964586
Cao Bang laundry service and breakfast,laundry,Cao Bằng,024,None,None,laundry,22.6601104,106.2638044
None,travel_agency,Cao Bằng,"234, Đường 3 Tháng 10, 27000",None,None,travel_agency,22.6603156,106.2637589
Lớp Xe 3-10,tyres,Cao Bằng,Lô 15,None,None,tyres,22.6789417,106.2484659
F88 Sông Hiến,pawnbroker,Cao Bằng,"09, Cầu Sông Hiến, Cao Bằng, 21000",None,None,pawnbroker,22.6658984,106.2538136
None,motorcycle,Cao Bằng,"Đường Pác Bó, Tổ dân phố 20, Phường Nùng Trí Cao, Tỉnh Cao Bằng, 21110, Việt Nam",None,None,motorcycle,22.6751531,106.2518351
None,bicycle,Cao Bằng,"Đường Pác Bó, Tổ dân phố 20, Phường Nùng Trí Cao, Tỉnh Cao Bằng, 21110, Việt Nam",None,None,bicycle,22.6751133,106.2519018
Kolia Organic Farm,farm,Cao Bằng,"Kolia Organic Farm, Đường tỉnh 212, Phja Đén, Xã Thành Công, Tỉnh Cao Bằng, Việt Nam",None,None,farm,22.562518,105.8635262
Good Shop,convenience,Cao Bằng,"Good Shop, Quốc lộ 34, Huy Giáp, Xã Huy Giáp, Tỉnh Cao Bằng, Việt Nam",None,None,convenience,22.7801723,105.7497916
None,car_repair,Cao Bằng,"Đường tỉnh 212, Xã Thành Công, Tỉnh Cao Bằng, Việt Nam",None,None,car_repair,22.543073,105.8401161
None,car_repair,Cao Bằng,"Quốc lộ 34, Xã Tĩnh Túc, Tỉnh Cao Bằng, Việt Nam",None,None,car_repair,22.6260682,105.8320798
Tire Repairs Shop,tyres,Cao Bằng,"Tire Repairs Shop, Quốc lộ 34, Xã Ca Thành, Tỉnh Cao Bằng, Việt Nam",None,None,tyres,22.7146891,105.7986603
None,beverages,Cao Bằng,"Rest Stop, Quốc lộ 34, Huy Giáp, Xã Huy Giáp, Tỉnh Cao Bằng, Việt Nam",None,None,beverages,22.7662105,105.7661956
Cửa hàng xe điện Tuấn Thủy,bicycle,Cao Bằng,"196, Đường Pác Bó",None,None,bicycle,22.6699603,106.2619945
Sua Xe,motorcycle_repair,Cao Bằng,"Sua Xe, Quốc lộ 34, Xã Bảo Lâm, Tỉnh Cao Bằng, Việt Nam",None,None,motorcycle_repair,22.8413629,105.4934952
Sua Xe,motorcycle_repair,Cao Bằng,"Sua Xe, Quốc lộ 4C, Xã Lý Bôn, Tỉnh Cao Bằng, Việt Nam",None,None,motorcycle_repair,22.9894192,105.491329
Sua Xe,motorcycle_repair,Cao Bằng,"Sua Xe, Quốc lộ 34, Xã Lý Bôn, Tỉnh Cao Bằng, Việt Nam",None,None,motorcycle_repair,22.9023886,105.532453
Sua Xe,motorcycle_repair,Cao Bằng,"Sua Xe, Quốc lộ 34, Xã Bảo Lâm, Tỉnh Cao Bằng, Việt Nam",None,None,motorcycle_repair,22.8758743,105.521505
Sua Xe,motorcycle_repair,Cao Bằng,"Sua Xe, Quốc lộ 34, Nà Phòng, Xã Lý Bôn, Tỉnh Cao Bằng, Việt Nam",None,None,motorcycle_repair,22.9360849,105.5463507
Sua Xe,motorcycle_repair,Cao Bằng,"Sua Xe, Quốc lộ 4C, Nà Phòng, Xã Lý Bôn, Tỉnh Cao Bằng, Việt Nam",None,None,motorcycle_repair,22.9392491,105.5464212
Sua Xe,motorcycle_repair,Cao Bằng,"Sua Xe, Quốc lộ 4C, Xã Lý Bôn, Tỉnh Cao Bằng, Việt Nam",None,None,motorcycle_repair,22.9862762,105.5001329
None,fuel,Cao Bằng,"Quốc lộ 4C, Nà Phòng, Xã Lý Bôn, Tỉnh Cao Bằng, Việt Nam",None,None,fuel,22.9485643,105.546635
Sua Xe,motorcycle_repair,Cao Bằng,"Sua Xe, Quốc lộ 34, Xã Bảo Lâm, Tỉnh Cao Bằng, Việt Nam",None,None,motorcycle_repair,22.7931885,105.4588791
Sua Xe,motorcycle_repair,Cao Bằng,"Sua Xe, Đường tỉnh 206;Quốc lộ 4A, Xã Quảng Uyên, Tỉnh Cao Bằng, Việt Nam",None,None,motorcycle_repair,22.6874698,106.4401521
Sua Xe,motorcycle_repair,Cao Bằng,"Sua Xe, QL.4A, Xã Đàm Thủy, Xã Lý Quốc, Tỉnh Cao Bằng, Việt Nam",None,None,motorcycle_repair,22.85604,106.7104341
Sua Xe,motorcycle_repair,Cao Bằng,"Sua Xe, Quốc lộ 3:4A;34, Xã Nguyễn Huệ, Tỉnh Cao Bằng, Việt Nam",None,None,motorcycle_repair,22.7045508,106.3033547
Sua Xe,motorcycle_repair,Cao Bằng,"Sua Xe, Quốc lộ 3;4A, Phja Tháp, Xã Quảng Uyên, Tỉnh Cao Bằng, Việt Nam",None,None,motorcycle_repair,22.684993,106.4153557
Sua Xe,motorcycle_repair,Cao Bằng,"Sua Xe, Đường tỉnh 206;Quốc lộ 4A, Xã Quảng Uyên, Tỉnh Cao Bằng, Việt Nam",None,None,motorcycle_repair,22.6878421,106.4410818
Sua Xe,motorcycle_repair,Cao Bằng,"Sua Xe, Quốc lộ 3:4A;34, Xã Nguyễn Huệ, Tỉnh Cao Bằng, 21110, Việt Nam",None,None,motorcycle_repair,22.7060466,106.2768289
Sua Xe,motorcycle_repair,Cao Bằng,"Sua Xe, Quốc lộ 3:4A;34, Xã Nguyễn Huệ, Tỉnh Cao Bằng, Việt Nam",None,None,motorcycle_repair,22.7005138,106.3183969
Sua Xe,motorcycle_repair,Cao Bằng,"Sua Xe, Quốc lộ 3;4A, Phja Tháp, Xã Quảng Uyên, Tỉnh Cao Bằng, Việt Nam",None,None,motorcycle_repair,22.7059757,106.3654963
Sua Xe,motorcycle_repair,Cao Bằng,"Sua Xe, Đường tỉnh 206;Quốc lộ 4A, Xã Quảng Uyên, Tỉnh Cao Bằng, Việt Nam",None,None,motorcycle_repair,22.6883656,106.4417527
Sua Xe,motorcycle_repair,Cao Bằng,"Sua Xe, QL.4A, Xã Đàm Thủy, Xã Lý Quốc, Tỉnh Cao Bằng, Việt Nam",None,None,motorcycle_repair,22.8562163,106.7103357
None,ticket,Cao Bằng,"QL.4A, Xã Đàm Thủy, Xã Lý Quốc, Tỉnh Cao Bằng, Việt Nam",None,None,ticket,22.8511448,106.7275977
Sua Xe,motorcycle_repair,Cao Bằng,"Sua Xe, QL.4A, Bản Nà Quán, Xã Lý Quốc, Tỉnh Cao Bằng, Việt Nam",None,None,motorcycle_repair,22.7970542,106.7608477
Sua Xe,motorcycle_repair,Cao Bằng,"Sua Xe, ĐT.207, Xã Độc Lập, Tỉnh Cao Bằng, Việt Nam",None,None,motorcycle_repair,22.6880116,106.5018712
Sua Xe,motorcycle_repair,Cao Bằng,"Sua Xe, Đường tỉnh 206;Quốc lộ 4A, Xã Quảng Uyên, Tỉnh Cao Bằng, Việt Nam",None,None,motorcycle_repair,22.6879046,106.4411292
Sua Xe,motorcycle_repair,Cao Bằng,"Sua Xe, Đường cao tốc Đồng Đăng - Trà Lĩnh, Xã Quảng Uyên, Tỉnh Cao Bằng, Việt Nam",None,None,motorcycle_repair,22.6790902,106.453092
Sua Xe,motorcycle_repair,Cao Bằng,"Sua Xe, Quốc lộ 3, Xã Hạnh Phúc, Tỉnh Cao Bằng, Việt Nam",None,None,motorcycle_repair,22.6166123,106.462318
Sua Xe,motorcycle_repair,Cao Bằng,"Sua Xe, ĐT.207;QL.4A, Xã Hạ Lang, Tỉnh Cao Bằng, Việt Nam",None,None,motorcycle_repair,22.6889746,106.6715786
Sua Xe,motorcycle_repair,Cao Bằng,"Sua Xe, ĐT.207, Xã Độc Lập, Tỉnh Cao Bằng, Việt Nam",None,None,motorcycle_repair,22.6819436,106.5408811
Sua Xe,motorcycle_repair,Cao Bằng,"Sua Xe, Quốc lộ 3, Xã Quảng Uyên, Tỉnh Cao Bằng, Việt Nam",None,None,motorcycle_repair,22.6858344,106.4416806
None,fuel,Cao Bằng,"Quốc lộ 4A, Xã Đông Khê, Xã Thất Khê, Tỉnh Cao Bằng, Việt Nam",None,None,fuel,22.4042146,106.4355977
Sua Xe,motorcycle_repair,Cao Bằng,"Sua Xe, ĐT.207;QL.4A, Xã Hạ Lang, Tỉnh Cao Bằng, Việt Nam",None,None,motorcycle_repair,22.6914538,106.67311
Sua Xe,motorcycle_repair,Cao Bằng,"Sua Xe, ĐT.207;QL.4A, Bằng Ca, Xã Lý Quốc, Tỉnh Cao Bằng, Việt Nam",None,None,motorcycle_repair,22.7746997,106.7631544
Sua Xe,motorcycle_repair,Cao Bằng,"Sua Xe, ĐT.207;QL.4A, Xã Hạ Lang, Tỉnh Cao Bằng, Việt Nam",None,None,motorcycle_repair,22.6958438,106.6851365
Sua Xe,motorcycle_repair,Cao Bằng,"Sua Xe, ĐT.208, Xã Phục Hòa, Tỉnh Cao Bằng, Việt Nam",None,None,motorcycle_repair,22.533727,106.508854
Sua Xe,motorcycle_repair,Cao Bằng,"Sua Xe, Quốc lộ 3, Xã Hạnh Phúc, Tỉnh Cao Bằng, Việt Nam",None,None,motorcycle_repair,22.6128119,106.465082
Sua Xe,motorcycle_repair,Cao Bằng,"Sua Xe, Quốc lộ 4A, Xã Đông Khê, Xã Thất Khê, Tỉnh Cao Bằng, Việt Nam",None,None,motorcycle_repair,22.4015149,106.4356676
Sua Xe,motorcycle_repair,Cao Bằng,"Sua Xe, ĐT.208, Xã Phục Hòa, Tỉnh Cao Bằng, Việt Nam",None,None,motorcycle_repair,22.5252939,106.508905
Sua Xe,motorcycle_repair,Cao Bằng,"Sua Xe, ĐT.207;QL.4A, Xã Quang Long, Tỉnh Cao Bằng, Việt Nam",None,None,motorcycle_repair,22.7234033,106.6680791
Sua Xe,motorcycle_repair,Cao Bằng,"Sua Xe, ĐT.207;QL.4A, Xã Quang Long, Tỉnh Cao Bằng, Việt Nam",None,None,motorcycle_repair,22.7344722,106.6946516
Sua Xe,motorcycle_repair,Cao Bằng,"Sua Xe, ĐT.207, Xã Độc Lập, Tỉnh Cao Bằng, Việt Nam",None,None,motorcycle_repair,22.7109027,106.4547374
Sua Xe,motorcycle_repair,Cao Bằng,"Sua Xe, Quốc lộ 3, Xã Quảng Uyên, Tỉnh Cao Bằng, Việt Nam",None,None,motorcycle_repair,22.6851954,106.4419035
Sua Xe,motorcycle_repair,Cao Bằng,"Sua Xe, Quốc lộ 3, Xã Phục Hòa, Tỉnh Cao Bằng, Việt Nam",None,None,motorcycle_repair,22.5393013,106.5046361
Sua Xe,motorcycle_repair,Cao Bằng,"Sua Xe, ĐT.207, Xã Hạ Lang, Tỉnh Cao Bằng, Việt Nam",None,None,motorcycle_repair,22.687695,106.6693301
Sua Xe,motorcycle_repair,Cao Bằng,"Sua Xe, ĐT.207;QL.4A, Xã Hạ Lang, Tỉnh Cao Bằng, Việt Nam",None,None,motorcycle_repair,22.692972,106.6773906
Sua Xe,motorcycle_repair,Cao Bằng,"Sua Xe, Quốc lộ 3, Xã Hạnh Phúc, Tỉnh Cao Bằng, Việt Nam",None,None,motorcycle_repair,22.64996,106.4401616
Sua Xe,motorcycle_repair,Cao Bằng,"Sua Xe, ĐT.207, Xã Độc Lập, Tỉnh Cao Bằng, Việt Nam",None,None,motorcycle_repair,22.6826174,106.5427404
Sua Xe,motorcycle_repair,Cao Bằng,"Sua Xe, Đường tỉnh 206;Quốc lộ 4A, Xã Quảng Uyên, Tỉnh Cao Bằng, Việt Nam",None,None,motorcycle_repair,22.697882,106.4434639
Sua Xe,motorcycle_repair,Cao Bằng,"Sua Xe, ĐT.207;QL.4A, Bằng Ca, Xã Lý Quốc, Tỉnh Cao Bằng, Việt Nam",None,None,motorcycle_repair,22.7820792,106.7730881
None,fuel,Cao Bằng,"Quốc lộ 3C, Xã Huy Giáp, Tỉnh Cao Bằng, Việt Nam",None,None,fuel,22.7805204,105.7257259
None,sports,Cao Bằng,"Đường Vườn Cam, Phường Thục Phán, Tỉnh Cao Bằng, 21110, Việt Nam",None,None,sports,22.6705065,106.2568895
None,mobile_phone,Cao Bằng,"QL.4A;QL.3, Phường Thục Phán, Tỉnh Cao Bằng, 27000, Việt Nam",None,None,mobile_phone,22.6654087,106.2612041
Kim Tín,jewelry,Cao Bằng,"Kim Tín, Phố đi bộ Kim Đồng, Phường Thục Phán, Tỉnh Cao Bằng, 27000, Việt Nam",None,None,jewelry,22.6651364,106.2612179
Tổng hợp Cao Bằng,supermarket,Cao Bằng,"Tổng hợp Cao Bằng, Phố Đàm Quang Trung, Phường Thục Phán, Tỉnh Cao Bằng, 27000, Việt Nam",None,None,supermarket,22.6645415,106.2593339
Siêu thị Hợp Giang,supermarket,Cao Bằng,"Siêu thị Hợp Giang, Phố Hồng Việt, Phường Thục Phán, Tỉnh Cao Bằng, 27000, Việt Nam",None,None,supermarket,22.6642787,106.259825
Siêu thị Ngọc Xuân,supermarket,Cao Bằng,"Siêu thị Ngọc Xuân, Đường Pác Bó, Tổ dân phố 20, Phường Nùng Trí Cao, Tỉnh Cao Bằng, 21110, Việt Nam",None,None,supermarket,22.674288,106.257232
None,motorcycle_repair,Cao Bằng,"Siêu thị Ngọc Xuân, Đường Pác Bó, Tổ dân phố 20, Phường Nùng Trí Cao, Tỉnh Cao Bằng, 21110, Việt Nam",None,None,motorcycle_repair,22.6743991,106.2570935
None,motorcycle_repair,Cao Bằng,"Thành Hội, Phố đi bộ Kim Đồng, Phường Thục Phán, Tỉnh Cao Bằng, 27000, Việt Nam",None,None,motorcycle_repair,22.6626986,106.2602643
None,motorcycle,Cao Bằng,"Phố đi bộ Kim Đồng, Phường Thục Phán, Tỉnh Cao Bằng, 27000, Việt Nam",None,None,motorcycle,22.6651391,106.2606413
Siêu thị điện máy HC Cao Bằng,electronics,Cao Bằng,"Siêu thị điện máy HC Cao Bằng, Phố Kim Đồng, Phường Thục Phán, Tỉnh Cao Bằng, 27000, Việt Nam",None,None,electronics,22.660552,106.2591689
None,mobile_phone,Cao Bằng,"QL.4A;QL.3, Phường Thục Phán, Tỉnh Cao Bằng, 27000, Việt Nam",None,None,mobile_phone,22.6655168,106.2612079
To go up the hill,ticket,Lào Cai,"Mai coffee, 020, Hàm Rồng, Sapa, Sa Pa, Phường Sa Pa, Tỉnh Lào Cai, 31786, Việt Nam",None,None,ticket,22.3355792,103.8439
None,kiosk,Lào Cai,"Đường tỉnh 152, Sapa, Sa Pa, Phường Sa Pa, Tỉnh Lào Cai, 33000, Việt Nam",None,None,kiosk,22.3233961,103.8538573
None,kiosk,Lào Cai,"Đường tỉnh 152, Sapa, Sa Pa, Phường Sa Pa, Tỉnh Lào Cai, 33000, Việt Nam",None,None,kiosk,22.3196095,103.8547492
None,convenience,Lào Cai,"Ta Van, Tả Van, Xã Tả Van, Tỉnh Lào Cai, 33000, Việt Nam",None,None,convenience,22.3025979,103.8881449
None,copyshop,Lào Cai,"Đường Ngũ Chỉ Sơn, Sapa, Sa Pa, Phường Sa Pa, Tỉnh Lào Cai, 31786, Việt Nam",None,None,copyshop,22.3368036,103.8443194
None,convenience,Lào Cai,"Xuân Viên, Sapa, Sa Pa, Phường Sa Pa, Tỉnh Lào Cai, 31786, Việt Nam",None,None,convenience,22.3369219,103.8438931
None,convenience,Lào Cai,"Đường Nguyễn Huệ, Lào Cai, Phường Lào Cai, Tỉnh Lào Cai, 31153, Việt Nam",None,None,convenience,22.4926588,103.9771557
Bánh Mỳ Quốc Vinh,bakery,Lào Cai,"Bánh Mỳ Quốc Vinh, Đường Ngọc Uyển, Bắc Hà, Xã Bắc Hà, Tỉnh Lào Cai, Việt Nam",None,None,bakery,22.533879,104.2908542
The Charm Destination SPA,massage,Lào Cai,"The Charm Destination SPA, Ta Van, Tả Van, Xã Tả Van, Tỉnh Lào Cai, 33000, Việt Nam",None,None,massage,22.3007316,103.8941609
None,convenience,Lào Cai,"Đường tỉnh 152, Su Pan, Mường Hoa, Xã Tả Van, Tỉnh Lào Cai, Việt Nam",None,None,convenience,22.2937634,103.9155753
Cau Mây,clothes,Lào Cai,"Cau Mây, Mường Hoa, Sapa, Sa Pa, Phường Sa Pa, Tỉnh Lào Cai, 31786, Việt Nam",None,None,clothes,22.3324477,103.8435693
None,convenience,Lào Cai,"Mường Hoa, Sapa, Sa Pa, Phường Sa Pa, Tỉnh Lào Cai, 33000, Việt Nam",None,None,convenience,22.3331483,103.8428215
Mua Sam Tong Hop Sa Pa,supermarket,Lào Cai,"46, Đường Ngũ Chỉ Sơn",None,None,supermarket,22.3378107,103.8482967
Sua Xe Dinh Nghia,car,Lào Cai,"55, Thach Son",None,None,car,22.3361041,103.8457145
Viettel,mobile_phone,Lào Cai,"Viettel, ĐT.174, Trạm Tấu, Xã Hạnh Phúc, Tỉnh Lào Cai, 33600, Việt Nam",None,None,mobile_phone,21.4682547,104.3781227
Thường anh,computer,Lào Cai,"151, điện biên",None,None,computer,21.6233866,104.5082092
Hung's Organic farm,greengrocer,Lào Cai,"Hung's Organic farm, Phố Đồng Lợi, Sapa, Sa Pa, Phường Sa Pa, Tỉnh Lào Cai, 31786, Việt Nam",None,None,greengrocer,22.3331788,103.8415044
Canifa,clothes,Lào Cai,"Canifa, Phố Cốc Lếu, Cốc Lếu, Lào Cai, Phường Lào Cai, Tỉnh Lào Cai, 31100, Việt Nam",None,None,clothes,22.496229,103.9683558
None,clothes,Lào Cai,"5, Đừng cốc Lều",None,None,clothes,22.5013063,103.9668477
FPT Shop,electronics,Lào Cai,"FPT Shop, Phan Chu Trinh, Cốc Lếu, Lào Cai, Phường Lào Cai, Tỉnh Lào Cai, 31100, Việt Nam",None,None,electronics,22.4963237,103.9677933
None,bakery,Lào Cai,"Đường Ngọc Uyển, Bắc Hà, Xã Bắc Hà, Tỉnh Lào Cai, Việt Nam",None,None,bakery,22.5359445,104.2909454
None,travel_agency,Lào Cai,"Inter Bus Lines, Lương Định Của, Sapa, Sa Pa, Phường Sa Pa, Tỉnh Lào Cai, 31786, Việt Nam",None,None,travel_agency,22.3377082,103.8504297
None,motorcycle_repair,Lào Cai,"Quốc lộ 70, Xã Phúc Khánh, Tỉnh Lào Cai, Việt Nam",None,None,motorcycle_repair,22.2031556,104.5333034
None,supermarket,Lào Cai,"Cầu Mây, Sapa, Sa Pa, Phường Sa Pa, Tỉnh Lào Cai, 31786, Việt Nam",None,None,supermarket,22.3341982,103.8421693
None,beverages,Lào Cai,"Sugar cane juice, Quốc lộ 279, Nghia Do, Xã Nghĩa Đô, Tỉnh Lào Cai, Việt Nam",None,None,beverages,22.3588841,104.4855837
Hoang Yen,travel_agency,Lào Cai,"Hoang Yen, Đường 20-9, Bắc Hà, Xã Bắc Hà, Tỉnh Lào Cai, Việt Nam",None,None,travel_agency,22.536604,104.290863
Trâu Say,beverages,Lào Cai,"Trâu Say, Quốc lộ 4D, Trung Chải, Xã Tả Phìn, Tỉnh Lào Cai, Việt Nam",None,None,beverages,22.4020869,103.8926588
Cat Cat Ticket,ticket,Lào Cai,"Cat Cat Ticket, Cat Cat Road, Cát Cát, Hoàng Liên, Xã Tả Van, Tỉnh Lào Cai, 31786, Việt Nam",None,None,ticket,22.3310133,103.82954
La La H mong shop,clothes,Lào Cai,"La La H mong shop, Phan Xi Păng, Sapa, Sa Pa, Phường Sa Pa, Tỉnh Lào Cai, 31786, Việt Nam",None,None,clothes,22.3329417,103.8398697
Vietnam Nomad Trails,travel_agency,Lào Cai,"Vietnam Nomad Trails, Tuệ Tĩnh, Sapa, Sa Pa, Phường Sa Pa, Tỉnh Lào Cai, 31786, Việt Nam",None,None,travel_agency,22.3338744,103.8412836
Trung Tâm Công Nghệ Sang Trong,computer,Lào Cai,Đường tỉnh 279,None,None,computer,22.0085422,104.0541258
None,car_repair,Lào Cai,"Honda Wing Service, Phố Trần Phú, Phố Ràng, Xã Bảo Yên, Tỉnh Lào Cai, Việt Nam",None,None,car_repair,22.2355796,104.4776544
Photocopy Ngọc Mai,copyshop,Lào Cai,"123, Đường Điện Biên, 02163",None,None,copyshop,21.597905,104.5128653
None,tyres,Lào Cai,"Giàng Chỉn Hùng, Bắc Cường, Phường Cam Đường, Tỉnh Lào Cai, 31153, Việt Nam",None,None,tyres,22.4709896,103.9775517
Đại Linh,tyres,Lào Cai,"213, Quốc Lộ 37",None,None,tyres,21.7272709,104.9182531
None,tyres,Lào Cai,"81, Đường Nguyễn Huệ",None,None,tyres,22.4984207,103.9735943
Chính Hãng,tyres,Lào Cai,"127, Phố Quy Hóa",None,None,tyres,22.4832082,103.9724435
Thành Công,tyres,Lào Cai,"Thành Công, Đường Trần Phú, Nam Cường, Bắc Lệnh, Phường Cam Đường, Tỉnh Lào Cai, 31153, Việt Nam",None,None,tyres,22.4712915,103.9755152
Hà Huy Hùng,tyres,Lào Cai,"Hà Huy Hùng, Đường Trần Phú, Nam Cường, Bắc Lệnh, Phường Cam Đường, Tỉnh Lào Cai, 31153, Việt Nam",None,None,tyres,22.472097,103.9746114
best shop in town for your win,motorcycle,Lào Cai,"best shop in town for your win, Đường tỉnh 174, Nghĩa Lộ, Phường Nghĩa Lộ, Tỉnh Lào Cai, 02163, Việt Nam",None,None,motorcycle,21.6015362,104.5058827
Chợ Cán Cẩu,supermarket,Lào Cai,"Chợ Cán Cẩu, Quốc lộ 4, Thôn Cán Chư Sử, Xã Si Ma Cai, Tỉnh Lào Cai, Việt Nam",None,None,supermarket,22.6519412,104.3149744
None,clothes,Lào Cai,"Hemp & Embroidery, Mường Hoa, Sapa, Sa Pa, Phường Sa Pa, Tỉnh Lào Cai, 31786, Việt Nam",None,None,clothes,22.3323725,103.8436302
None,supermarket,Lào Cai,"X6 Mart, Đường Ngũ Chỉ Sơn, Sapa, Sa Pa, Phường Sa Pa, Tỉnh Lào Cai, 31786, Việt Nam",None,None,supermarket,22.3377416,103.8472269
None,bicycle,Lào Cai,"Small bike repair, Đường Nguyễn Huệ, Lào Cai, Phường Lào Cai, Tỉnh Lào Cai, 31100, Việt Nam",None,None,bicycle,22.4947367,103.9758389
None,beverages,Lào Cai,"Local shop, Đường Sả Xéng, Hàm Rồng, Sa Pa, Xã Tả Van, Tỉnh Lào Cai, 33000, Việt Nam",None,None,beverages,22.3246794,103.8824673
None,travel_agency,Lào Cai,08 Thac Bac Road,None,None,travel_agency,22.3357766,103.8397492
None,copyshop,Lào Cai,"Xuân Viên, Sapa, Sa Pa, Phường Sa Pa, Tỉnh Lào Cai, 31786, Việt Nam",None,None,copyshop,22.3365417,103.8437223
None,motorcycle,Lào Cai,"Bad Motorbike Shop (RIPPED US OFF), Thạch Sơn, Sapa, Sa Pa, Phường Sa Pa, Tỉnh Lào Cai, 31786, Việt Nam",None,None,motorcycle,22.336304,103.8463701
None,supermarket,Lào Cai,"MT Mart, Đúóng Hoàng Liên, Cốc Lếu, Lào Cai, Phường Lào Cai, Tỉnh Lào Cai, 31100, Việt Nam",None,None,supermarket,22.5005014,103.9653662
fresh coconuts,beverages,Lào Cai,"fresh coconuts, Đường Nguyễn Huệ, Lào Cai, Phường Lào Cai, Tỉnh Lào Cai, 31100, Việt Nam",None,None,beverages,22.5040663,103.9691991
None,supermarket,Lào Cai,"Đường tỉnh 152, Hau Thao, Tả Van, Xã Tả Van, Tỉnh Lào Cai, 33000, Việt Nam",None,None,supermarket,22.3038708,103.8987763
None,supermarket,Lào Cai,"Đường tỉnh 152, Hau Thao, Tả Van, Xã Tả Van, Tỉnh Lào Cai, Việt Nam",None,None,supermarket,22.3019534,103.9014904
None,supermarket,Lào Cai,"X6 Mart, Tả Van, Xã Tả Van, Tỉnh Lào Cai, 33000, Việt Nam",None,None,supermarket,22.304304,103.8905348
None,convenience,Lào Cai,"Ta Van, Tả Van, Xã Tả Van, Tỉnh Lào Cai, 33000, Việt Nam",None,None,convenience,22.3004223,103.8941577
None,convenience,Lào Cai,"Ta Van, Tả Van, Xã Tả Van, Tỉnh Lào Cai, 33000, Việt Nam",None,None,convenience,22.3003935,103.8942303
None,convenience,Lào Cai,"Ta Van, Tả Van, Xã Tả Van, Tỉnh Lào Cai, 33000, Việt Nam",None,None,convenience,22.3038847,103.8853611
None,bakery,Lào Cai,"Thạch Sơn, Sapa, Sa Pa, Phường Sa Pa, Tỉnh Lào Cai, 31786, Việt Nam",None,None,bakery,22.3360189,103.8456225
Xuân Trúong Mart,supermarket,Lào Cai,"Xuân Trúong Mart, Đường Ngũ Chỉ Sơn, Sapa, Sa Pa, Phường Sa Pa, Tỉnh Lào Cai, 31786, Việt Nam",None,None,supermarket,22.3377799,103.8483728
None,ticket,Lào Cai,"Tickets office for Ham Rong Garden 70k, Hàm Rồng, Sapa, Sa Pa, Phường Sa Pa, Tỉnh Lào Cai, 31786, Việt Nam",None,None,ticket,22.3349922,103.8432237
None,motorcycle,Lào Cai,"mechanic, Đường tỉnh 152, Sapa, Sa Pa, Phường Sa Pa, Tỉnh Lào Cai, 31786, Việt Nam",None,None,motorcycle,22.32556,103.8542099
None,motorcycle,Lào Cai,"mechanic, Đường tỉnh 152, Sapa, Sa Pa, Phường Sa Pa, Tỉnh Lào Cai, 31786, Việt Nam",None,None,motorcycle,22.324149,103.8544608
None,clothes,Lào Cai,"Black Hmong weaving workshop, Cầu treo Lao Chải, Lao Chai, Xã Tả Van, Tỉnh Lào Cai, 33000, Việt Nam",None,None,clothes,22.3069746,103.8770396
Cây giống Công Nga,yes,Lào Cai,Tỉnh lộ 153,None,None,yes,22.6822664,104.2539475
Ngọc Lan Quán,alcohol,Lào Cai,"Ngọc Lan Quán, Đường tỉnh 154, Xã Cao Sơn, Tỉnh Lào Cai, Việt Nam",None,None,alcohol,22.6492678,104.1439847
None,ticket,Lào Cai,"Ticket office for tourist area 75000 VND, Mường Hoa, Sapa, Sa Pa, Phường Sa Pa, Tỉnh Lào Cai, 31786, Việt Nam",None,None,ticket,22.3275705,103.8466151
None,books,Lào Cai,"Photocopy & Printing, Xuân Viên, Sapa, Sa Pa, Phường Sa Pa, Tỉnh Lào Cai, 31786, Việt Nam",None,None,books,22.3376362,103.8441314
Pujceni motorky,car_parts,Lào Cai,"Pujceni motorky, Kim Đồng, Sapa, Sa Pa, Phường Sa Pa, Tỉnh Lào Cai, 31786, Việt Nam",None,None,car_parts,22.3371196,103.8476004
None,supermarket,Lào Cai,"Phra long market, Quốc lộ 4, Xã Pha Long, Tỉnh Lào Cai, Việt Nam",None,None,supermarket,22.8153826,104.2369721
Dinh Nghia,motorcycle,Lào Cai,"Dinh Nghia, Thạch Sơn, Sapa, Sa Pa, Phường Sa Pa, Tỉnh Lào Cai, 31786, Việt Nam",None,None,motorcycle,22.3360804,103.8455625
Sun World Fansipan Legend,ticket,Lào Cai,"Sun World Fansipan Legend, Phan Xi Păng, Sapa, Sa Pa, Phường Sa Pa, Tỉnh Lào Cai, 31786, Việt Nam",None,None,ticket,22.3348899,103.8407568
"Ticket cashpoint, 40k Dong entrance fee for Ma Tra",ticket,Lào Cai,"Ticket cashpoint, 40k Dong entrance fee for Ma Tra, Đường đi Má Cha, nối đến đường đi Tả Phìn, Sapa, Sa Pả, Sa Pa, Phường Sa Pa, Tỉnh Lào Cai, 31786, Việt Nam",None,None,ticket,22.3574451,103.8514202
Cốc Lều A Market,supermarket,Lào Cai,"Cốc Lều A Market, Phố Cốc Lếu, Cốc Lếu, Lào Cai, Phường Lào Cai, Tỉnh Lào Cai, 31100, Việt Nam",None,None,supermarket,22.5008931,103.967559
Cốc Lều B Market,supermarket,Lào Cai,"Cốc Lều B Market, Đường Hồng Hà, Cốc Lếu, Lào Cai, Phường Lào Cai, Tỉnh Lào Cai, 31100, Việt Nam",None,None,supermarket,22.501287,103.9680784
None,ticket,Lào Cai,"Đường Lý Thị Dủ, Phan Si Păng, Sa Pa, Xã Tả Van, Tỉnh Lào Cai, 31786, Việt Nam",None,None,ticket,22.332206,103.8240304
None,massage,Lào Cai,"Massage room, Ta Van, Tả Van, Xã Tả Van, Tỉnh Lào Cai, 33000, Việt Nam",None,None,massage,22.3011654,103.8945137
Sapa La Belle Spa,massage,Lào Cai,"07A/25, Tue Tinh Road Cau May Street, 330000",None,None,massage,22.3004929,103.8923751
None,supermarket,Lào Cai,"Lê Hồng Phong, Phố Lu, Xã Bảo Thắng, Tỉnh Lào Cai, Việt Nam",None,None,supermarket,22.3231447,104.1815612
None,travel_agency,Lào Cai,"13, Tuệ Tĩnh",None,None,travel_agency,22.3341888,103.8415441
None,travel_agency,Lào Cai,"Ethos, Đường Thác Bạc, Sapa, Phan Si Păng, Sa Pa, Phường Sa Pa, Tỉnh Lào Cai, 31786, Việt Nam",None,None,travel_agency,22.3371478,103.8333924
Garaoto Luận Thành,car_repair,Lào Cai,Cù Chính Lan,None,None,car_repair,22.4732359,103.9770175
None,ticket,Lào Cai,"Ticket cat cat village and waterfall (70k), Cát Cát, Cat Cat, Cát Cát, Hoàng Liên, Xã Tả Van, Tỉnh Lào Cai, 31786, Việt Nam",None,None,ticket,22.3309642,103.8340516
None,bakery,Lào Cai,"Sandwich Stand, Cầu Mây, Sapa, Sa Pa, Phường Sa Pa, Tỉnh Lào Cai, 31786, Việt Nam",None,None,bakery,22.3336789,103.8422789
Local market,supermarket,Lào Cai,"Local market, Phỗ Minh Khai, Cốc Lếu, Lào Cai, Phường Lào Cai, Tỉnh Lào Cai, 31100, Việt Nam",None,None,supermarket,22.4920566,103.9744456
Tắm Lá Thuốc Bản Dao Sapa,massage,Lào Cai,"035, Lê Văn Tám, 33000",None,None,massage,22.3366652,103.8462762
None,travel_agency,Lào Cai,"Sapa Chau, Pho Le Van Tam, Sapa, Sa Pa, Phường Sa Pa, Tỉnh Lào Cai, 31786, Việt Nam",None,None,travel_agency,22.3375268,103.8472081
Bibi Express,bakery,Lào Cai,"Bibi Express, Cầu Mây, Sapa, Sa Pa, Phường Sa Pa, Tỉnh Lào Cai, 31786, Việt Nam",None,None,bakery,22.3347798,103.8411581
Street Barber,hairdresser,Lào Cai,"Street Barber, Tả Van, Xã Tả Van, Tỉnh Lào Cai, 33000, Việt Nam",None,None,hairdresser,22.3037837,103.890124
Motorbike repair shop,motorcycle,Lào Cai,"Motorbike repair shop, Quốc lộ 4D, Sapa, Sa Pả, Sa Pa, Phường Sa Pa, Tỉnh Lào Cai, 31786, Việt Nam",None,None,motorcycle,22.3385808,103.8530601
Nội thất Sofa 189,furniture,Lào Cai,"189, Đường Hoàng Liên, 330000",None,None,furniture,22.4929854,103.9687134
None,clothes,Lào Cai,Cat Cat Road,None,None,clothes,22.3283103,103.8350808
None,convenience,Lào Cai,"Mường Hoa, Sapa, Sa Pa, Phường Sa Pa, Tỉnh Lào Cai, 33000, Việt Nam",None,None,convenience,22.3289762,103.8455487
"Ticket cashpoint for entering towards Ta Phin, 40k Dong (2019)",ticket,Lào Cai,"Ticket cashpoint for entering towards Ta Phin, 40k Dong (2019), ĐH.100, Hàm Rồng, Sa Pa, Phường Sa Pa, Tỉnh Lào Cai, 33000, Việt Nam",None,None,ticket,22.3626394,103.8612416
Mecanic,motorcycle,Lào Cai,"Mecanic, Quốc lộ 279, Nghia Do, Xã Nghĩa Đô, Tỉnh Lào Cai, Việt Nam",None,None,motorcycle,22.3876735,104.4660694
None,convenience,Lào Cai,"Trạm dừng nghỉ 237, Đường cao tốc Hà Nội - Lào Cai, Xã Gia Phú, Tỉnh Lào Cai, Việt Nam",None,None,convenience,22.3647163,104.0824406
Honda,car_repair,Lào Cai,"Honda, Quốc lộ 4D, Sapa, Sa Pả, Sa Pa, Phường Sa Pa, Tỉnh Lào Cai, 31786, Việt Nam",None,None,car_repair,22.3379461,103.8525488
None,greengrocer,Lào Cai,"fruit farmers market, Đường Sâu Chua, Hàm Rồng, Phường Sa Pa, Tỉnh Lào Cai, 33000, Việt Nam",None,None,greengrocer,22.3653653,103.8682208
Hmong Antique Handicrafts,"Clothing,_bags,_handicrafts,_wall-hangs,_cushion_covers.",Lào Cai,"8a, Hoang Dieu",None,None,"Clothing,_bags,_handicrafts,_wall-hangs,_cushion_covers.",22.336818,103.842561
Market muong hun,variety_store,Lào Cai,"Market muong hun, Đường tỉnh 158, Xã Mường Hum, Tỉnh Lào Cai, Việt Nam",None,None,variety_store,22.5289018,103.7110883
Chocolate Bakery - Motorbike rental,motorcycle,Lào Cai,"Chocolate Bakery - Motorbike rental, Đường Thác Bạc, Sapa, Phan Si Păng, Sa Pa, Phường Sa Pa, Tỉnh Lào Cai, 31786, Việt Nam",None,None,motorcycle,22.3353841,103.8397037
Hành Trình Sa Pa,travel_agency,Lào Cai,Mường Hoa,None,None,travel_agency,22.3316477,103.8444415
None,travel_agency,Lào Cai,"Ket Doan Bus Office, Quốc lộ 4D, Sapa, Sa Pa, Phường Sa Pa, Tỉnh Lào Cai, 31786, Việt Nam",None,None,travel_agency,22.3383694,103.8511614
None,beverages,Lào Cai,"Đường Sín Chải, Sa Pa, Phường Sa Pa, Tỉnh Lào Cai, 31786, Việt Nam",None,None,beverages,22.3408769,103.8137884
Viettel,mobile_phone,Lào Cai,"Viettel, Phố Bạch Thái Bưởi, Kim Tân, Lào Cai, Phường Lào Cai, Tỉnh Lào Cai, 31153, Việt Nam",None,None,mobile_phone,22.4814579,103.9750619
Motorbike part cheap,motorcycle,Lào Cai,"Motorbike part cheap, Phố Nguyễn Tri Phương, Lào Cai, Phường Lào Cai, Tỉnh Lào Cai, 31100, Việt Nam",None,None,motorcycle,22.5016409,103.9723499
None,motorcycle,Lào Cai,"Quốc lộ 4E, Xã Bát Xát, Tỉnh Lào Cai, Việt Nam",None,None,motorcycle,22.5894235,103.8424527
Stan Smith vertes 550 000 VND,shoes,Lào Cai,"Stan Smith vertes 550 000 VND, Thạch Sơn, Sapa, Sa Pa, Phường Sa Pa, Tỉnh Lào Cai, 31786, Việt Nam",None,None,shoes,22.3376612,103.8511927
Bích thụ,bakery,Lào Cai,"Bích thụ, DT.152, Yên Thế, Xã Lục Yên, Tỉnh Lào Cai, Việt Nam",None,None,bakery,22.1126441,104.7682048
None,copyshop,Lào Cai,"Thanh Niên, Phố Lu, Xã Bảo Thắng, Tỉnh Lào Cai, Việt Nam",None,None,copyshop,22.3204364,104.1855089
None,supermarket,Lào Cai,"Quốc lộ 279, Nghia Do, Xã Nghĩa Đô, Tỉnh Lào Cai, Việt Nam",None,None,supermarket,22.3924421,104.4671562
None,ticket,Lào Cai,"Đường đi từ Trạm Tôn đến Đỉnh núi Fansipan, Xã Tả Van, Tỉnh Lào Cai, Việt Nam",None,None,ticket,22.3529081,103.7747208
None,convenience,Lào Cai,"VMM2019, Xã Tả Van, Tỉnh Lào Cai, 33000, Việt Nam",None,None,convenience,22.3064796,103.8534001
None,supermarket,Lào Cai,"Thạch Sơn, Sapa, Sa Pa, Phường Sa Pa, Tỉnh Lào Cai, 31786, Việt Nam",None,None,supermarket,22.3369026,103.8486972
Vincom Plaza,mall,Lào Cai,"Vincom Plaza, Đường Nguyễn Thái Học, Hồng Hà, Phường Yên Bái, Tỉnh Lào Cai, Việt Nam",None,None,mall,21.7082028,104.8820482
None,outdoor,Lào Cai,"Xuân Viên, Sapa, Sa Pa, Phường Sa Pa, Tỉnh Lào Cai, 31786, Việt Nam",None,None,outdoor,22.3363478,103.8438967
None,ticket,Lào Cai,"Phố Khánh Yên, Cốc Lếu, Lào Cai, Phường Lào Cai, Tỉnh Lào Cai, 31153, Việt Nam",None,None,ticket,22.4923305,103.9782816
Avin,massage,Lào Cai,"Avin, Đường Thác Bạc, Sapa, Phan Si Păng, Sa Pa, Phường Sa Pa, Tỉnh Lào Cai, 31786, Việt Nam",None,None,massage,22.335357,103.8395708
TOM - Trails of Mountain,travel_agency,Lào Cai,01A,None,None,travel_agency,22.3356209,103.8392157
None,convenience,Lào Cai,"Phố Khánh Yên, Cốc Lếu, Lào Cai, Phường Lào Cai, Tỉnh Lào Cai, 31153, Việt Nam",None,None,convenience,22.492219,103.9783375
None,convenience,Lào Cai,"Quốc lộ 32, Púng Luông, Xã Púng Luông, Tỉnh Lào Cai, Việt Nam",None,None,convenience,21.7668643,104.1720589
None,convenience,Lào Cai,"Đường Hoàng Liên Sơn, Phường Trung Tâm, Tỉnh Lào Cai, 02163, Việt Nam",None,None,convenience,21.6037942,104.5104171
None,convenience,Lào Cai,"Quốc lộ 32, Dế Xu Phình, Xã Púng Luông, Tỉnh Lào Cai, Việt Nam",None,None,convenience,21.8008035,104.1497362
None,convenience,Lào Cai,"Đường tỉnh 175B, Ngã Ba Kim, Xã Púng Luông, Tỉnh Lào Cai, Việt Nam",None,None,convenience,21.7651961,104.171857
None,convenience,Lào Cai,"Quốc lộ 32, Chao, Tú Lệ, Xã Tú Lệ, Tỉnh Lào Cai, Việt Nam",None,None,convenience,21.8160223,104.2906455
None,convenience,Lào Cai,"Quốc lộ 32, Xã Púng Luông, Tỉnh Lào Cai, Việt Nam",None,None,convenience,21.8010842,104.1496344
None,convenience,Lào Cai,"Tả Phìn, Xã Tả Phìn, Tỉnh Lào Cai, Việt Nam",None,None,convenience,22.3971399,103.8419012
None,clothes,Lào Cai,"Đường Lý Thị Dủ, Phan Si Păng, Sa Pa, Xã Tả Van, Tỉnh Lào Cai, 31786, Việt Nam",None,None,clothes,22.3311534,103.8294149
None,convenience,Lào Cai,"Đường Sín Chải, Sa Pa, Phường Sa Pa, Tỉnh Lào Cai, 31786, Việt Nam",None,None,convenience,22.352502,103.8039099
None,car_repair,Lào Cai,"Quốc lộ 4D, TTSa Pa, Lào Cai, Sapa, Sa Pả, Sa Pa, Phường Sa Pa, Tỉnh Lào Cai, 33000, Việt Nam",None,None,car_repair,22.348738,103.8563755
Hung Son Spa,massage,Lào Cai,"Hung Son Spa, Thạch Sơn, Sapa, Sa Pa, Phường Sa Pa, Tỉnh Lào Cai, 31786, Việt Nam",None,None,massage,22.3372583,103.8509124
None,convenience,Lào Cai,"ĐH.100, Tả Phìn, Xã Tả Phìn, Tỉnh Lào Cai, 33000, Việt Nam",None,None,convenience,22.3955838,103.8430109
None,convenience,Lào Cai,"Cat Cat Road, Cát Cát, Hoàng Liên, Xã Tả Van, Tỉnh Lào Cai, 31786, Việt Nam",None,None,convenience,22.3310824,103.8294892
Men Style,hairdresser,Lào Cai,"Men Style, Thạch Sơn, Sapa, Sa Pa, Phường Sa Pa, Tỉnh Lào Cai, 31786, Việt Nam",None,None,hairdresser,22.3376281,103.8518732
None,convenience,Lào Cai,"Đường Lý Thị Dủ, Phan Si Păng, Sa Pa, Xã Tả Van, Tỉnh Lào Cai, 31786, Việt Nam",None,None,convenience,22.3315078,103.8275982
None,convenience,Lào Cai,"VMM 2019, Tả Phìn, Xã Tả Phìn, Tỉnh Lào Cai, Việt Nam",None,None,convenience,22.3931999,103.8333247
None,convenience,Lào Cai,"Đường Ô Quý Hồ, Phan Si Păng, Sa Pa, Phường Sa Pa, Tỉnh Lào Cai, Việt Nam",None,None,convenience,22.3665238,103.8028782
None,convenience,Lào Cai,"Đường tỉnh 152, Sapa, Sa Pa, Phường Sa Pa, Tỉnh Lào Cai, 33000, Việt Nam",None,None,convenience,22.3203421,103.8547925
None,gift,Lào Cai,"Cầu treo Lao Chải, Lao Chai, Xã Tả Van, Tỉnh Lào Cai, 33000, Việt Nam",None,None,gift,22.3082533,103.8766748
None,craft,Lào Cai,"Cầu treo Lao Chải, Lao Chai, Xã Tả Van, Tỉnh Lào Cai, 33000, Việt Nam",None,None,craft,22.3070749,103.8766624
None,massage,Lào Cai,"Ta Van, Tả Van, Xã Tả Van, Tỉnh Lào Cai, 33000, Việt Nam",None,None,massage,22.3028762,103.8877169
None,convenience,Lào Cai,"Ta Van, Tả Van, Xã Tả Van, Tỉnh Lào Cai, 33000, Việt Nam",None,None,convenience,22.3027887,103.8879891
None,convenience,Lào Cai,"Đường tỉnh 152, Su Pan, Mường Hoa, Xã Tả Van, Tỉnh Lào Cai, Việt Nam",None,None,convenience,22.2991879,103.9080715
None,clothes,Lào Cai,"Si bridge, Cat Cat, Cát Cát, Hoàng Liên, Xã Tả Van, Tỉnh Lào Cai, Việt Nam",None,None,clothes,22.3278392,103.8325778
None,clothes,Lào Cai,"Si bridge, Cat Cat, Cát Cát, Hoàng Liên, Xã Tả Van, Tỉnh Lào Cai, Việt Nam",None,None,clothes,22.3272201,103.8341035
None,motorcycle_repair,Lào Cai,"Ta Van, Tả Van, Xã Tả Van, Tỉnh Lào Cai, 33000, Việt Nam",None,None,motorcycle_repair,22.3028399,103.8878389
None,convenience,Lào Cai,"Đường tỉnh 152, Cầu Mây, Xã Tả Van, Tỉnh Lào Cai, 33000, Việt Nam",None,None,convenience,22.3063781,103.8946569
None,convenience,Lào Cai,"Ta Van, Tả Van, Xã Tả Van, Tỉnh Lào Cai, 33000, Việt Nam",None,None,convenience,22.3029137,103.8875595
None,convenience,Lào Cai,"Cầu treo Lao Chải, Lao Chai, Xã Tả Van, Tỉnh Lào Cai, 33000, Việt Nam",None,None,convenience,22.3066644,103.8778282
None,convenience,Lào Cai,"Đường tỉnh 152, Cầu Mây, Phường Sa Pa, Tỉnh Lào Cai, 33000, Việt Nam",None,None,convenience,22.3148836,103.8774711
None,greengrocer,Lào Cai,"Đường tỉnh 152, Sapa, Sa Pa, Phường Sa Pa, Tỉnh Lào Cai, 33000, Việt Nam",None,None,greengrocer,22.3194357,103.8580049
None,convenience,Lào Cai,"Cầu treo Lao Chải, Lao Chai, Xã Tả Van, Tỉnh Lào Cai, 33000, Việt Nam",None,None,convenience,22.3067407,103.877339
None,outdoor,Lào Cai,"Mường Hoa, Sapa, Sa Pa, Phường Sa Pa, Tỉnh Lào Cai, 33000, Việt Nam",None,None,outdoor,22.332825,103.8433955
None,gift,Lào Cai,"Si bridge, Cat Cat, Cát Cát, Hoàng Liên, Xã Tả Van, Tỉnh Lào Cai, 33000, Việt Nam",None,None,gift,22.3270994,103.8353628
None,gift,Lào Cai,"Si bridge, Cat Cat, Cát Cát, Hoàng Liên, Xã Tả Van, Tỉnh Lào Cai, Việt Nam",None,None,gift,22.3279929,103.8324652
None,gift,Lào Cai,"Cat Cat Bridge, Cát Cát, Hoàng Liên, Xã Tả Van, Tỉnh Lào Cai, Việt Nam",None,None,gift,22.3283929,103.8302853
None,convenience,Lào Cai,"Phố Thác Bạc, Sapa, Sa Pa, Phường Sa Pa, Tỉnh Lào Cai, 33000, Việt Nam",None,None,convenience,22.3356613,103.8394432
None,bag,Lào Cai,"Si bridge, Cat Cat, Cát Cát, Hoàng Liên, Xã Tả Van, Tỉnh Lào Cai, Việt Nam",None,None,bag,22.3278144,103.8326332
None,convenience,Lào Cai,"Đường tỉnh 152, Su Pan, Mường Hoa, Xã Tả Van, Tỉnh Lào Cai, Việt Nam",None,None,convenience,22.3000146,103.9061506
None,art,Lào Cai,"Ta Van, Tả Van, Xã Tả Van, Tỉnh Lào Cai, 33000, Việt Nam",None,None,art,22.3036227,103.8861545
None,outdoor,Lào Cai,"Phố Đồng Lợi, Sapa, Sa Pa, Phường Sa Pa, Tỉnh Lào Cai, 33000, Việt Nam",None,None,outdoor,22.3331097,103.8425806
None,bakery,Lào Cai,"Ta Van, Tả Van, Xã Tả Van, Tỉnh Lào Cai, 33000, Việt Nam",None,None,bakery,22.3019198,103.8897171
None,gift,Lào Cai,"Cầu treo Lao Chải, Lao Chai, Xã Tả Van, Tỉnh Lào Cai, 33000, Việt Nam",None,None,gift,22.3093396,103.8766073
None,craft,Lào Cai,"Cầu treo Lao Chải, Lao Chai, Xã Tả Van, Tỉnh Lào Cai, 33000, Việt Nam",None,None,craft,22.3054201,103.878859
None,gift,Lào Cai,"Si bridge, Cat Cat, Cát Cát, Hoàng Liên, Xã Tả Van, Tỉnh Lào Cai, Việt Nam",None,None,gift,22.326587,103.8328612
None,convenience,Lào Cai,"Cầu treo Lao Chải, Lao Chai, Xã Tả Van, Tỉnh Lào Cai, 33000, Việt Nam",None,None,convenience,22.3068401,103.8775835
None,convenience,Lào Cai,"Cầu treo Lao Chải, Lao Chai, Xã Tả Van, Tỉnh Lào Cai, 33000, Việt Nam",None,None,convenience,22.3065023,103.8785931
None,motorcycle_repair,Lào Cai,"Đường tỉnh 152, Sapa, Sa Pa, Phường Sa Pa, Tỉnh Lào Cai, 33000, Việt Nam",None,None,motorcycle_repair,22.3195138,103.8571228
None,outdoor,Lào Cai,"Cầu Mây, Sapa, Sa Pa, Phường Sa Pa, Tỉnh Lào Cai, 31786, Việt Nam",None,None,outdoor,22.334357,103.8419517
None,convenience,Lào Cai,"Cầu treo Lao Chải, Lao Chai, Xã Tả Van, Tỉnh Lào Cai, 33000, Việt Nam",None,None,convenience,22.3091107,103.8768523
None,motorcycle_repair,Lào Cai,"Cầu treo Lao Chải, Lao Chai, Xã Tả Van, Tỉnh Lào Cai, 33000, Việt Nam",None,None,motorcycle_repair,22.3072833,103.8767079
None,convenience,Lào Cai,"Đường tỉnh 152, Cầu Mây, Phường Sa Pa, Tỉnh Lào Cai, 33000, Việt Nam",None,None,convenience,22.3146646,103.8770705
None,gift,Lào Cai,"Si bridge, Cat Cat, Cát Cát, Hoàng Liên, Xã Tả Van, Tỉnh Lào Cai, 33000, Việt Nam",None,None,gift,22.3271627,103.8349195
None,gift,Lào Cai,"Cầu treo Lao Chải, Lao Chai, Xã Tả Van, Tỉnh Lào Cai, 33000, Việt Nam",None,None,gift,22.3092722,103.8764048
None,greengrocer,Lào Cai,"Ta Van, Tả Van, Xã Tả Van, Tỉnh Lào Cai, 33000, Việt Nam",None,None,greengrocer,22.3026632,103.8883461
None,gift,Lào Cai,"Cat Cat Bridge, Cát Cát, Hoàng Liên, Xã Tả Van, Tỉnh Lào Cai, Việt Nam",None,None,gift,22.32855,103.8309876
Lá Dao Spa-Home-Restaurant,massage,Lào Cai,"Lá Dao Spa-Home-Restaurant, Ta Van, Tả Van, Xã Tả Van, Tỉnh Lào Cai, 33000, Việt Nam",None,None,massage,22.3018522,103.8911797
None,greengrocer,Lào Cai,"Đường tỉnh 152, Sapa, Sa Pa, Phường Sa Pa, Tỉnh Lào Cai, 33000, Việt Nam",None,None,greengrocer,22.3194392,103.8578611
None,massage,Lào Cai,"Ta Van, Tả Van, Xã Tả Van, Tỉnh Lào Cai, 33000, Việt Nam",None,None,massage,22.3001424,103.8938205
None,clothes,Lào Cai,"Đường Lao Chải, Lao Chai, Phường Sa Pa, Tỉnh Lào Cai, 33000, Việt Nam",None,None,clothes,22.3105944,103.8759507
None,convenience,Lào Cai,"Đường tỉnh 152, Cầu Mây, Phường Sa Pa, Tỉnh Lào Cai, 33000, Việt Nam",None,None,convenience,22.3147802,103.8776994
None,convenience,Lào Cai,"Quốc lộ 4D, Xã Cốc San, Tỉnh Lào Cai, 31153, Việt Nam",None,None,convenience,22.463235,103.9619822
Rubies Beauty,beauty,Lào Cai,"Rubies Beauty, Phố Hợp Thành, Kim Tân, Lào Cai, Phường Lào Cai, Tỉnh Lào Cai, 31100, Việt Nam",None,None,beauty,22.4913651,103.9779286
Hongchi Mobile,mobile_phone,Lào Cai,"Hongchi Mobile, Đường Nguyễn Huệ, Lào Cai, Phường Lào Cai, Tỉnh Lào Cai, 31100, Việt Nam",None,None,mobile_phone,22.4920547,103.9772643
None,mobile_phone,Lào Cai,"Đường Nguyễn Huệ, Lào Cai, Phường Lào Cai, Tỉnh Lào Cai, 31153, Việt Nam",None,None,mobile_phone,22.4905696,103.9783913
None,bakery,Lào Cai,"Phố Hàm Nghi, Kim Tân, Lào Cai, Phường Lào Cai, Tỉnh Lào Cai, 31153, Việt Nam",None,None,bakery,22.475229,103.9734883
None,convenience,Lào Cai,"Quốc lộ 4D, Trung Chải, Xã Tả Phìn, Tỉnh Lào Cai, Việt Nam",None,None,convenience,22.411213,103.8983987
None,chemist,Lào Cai,"Phố Hàm Nghi, Kim Tân, Lào Cai, Phường Lào Cai, Tỉnh Lào Cai, 31153, Việt Nam",None,None,chemist,22.4791297,103.9756184
None,electronics,Lào Cai,"Nguyễn Huệ, Kim Tân, Lào Cai, Phường Lào Cai, Tỉnh Lào Cai, 31153, Việt Nam",None,None,electronics,22.4814032,103.9759401
None,convenience,Lào Cai,"Phố Khánh Yên, Cốc Lếu, Lào Cai, Phường Lào Cai, Tỉnh Lào Cai, 31153, Việt Nam",None,None,convenience,22.4920152,103.9783352
None,supermarket,Lào Cai,"Thạch Sơn, Sapa, Sa Pa, Phường Sa Pa, Tỉnh Lào Cai, 31786, Việt Nam",None,None,supermarket,22.3372293,103.8503654
None,chemist,Lào Cai,"Phố Hàm Nghi, Kim Tân, Lào Cai, Phường Lào Cai, Tỉnh Lào Cai, 31153, Việt Nam",None,None,chemist,22.4771336,103.9756146
Lucky GH,travel_agency,Lào Cai,"Lucky GH, Đường Ngũ Chỉ Sơn, Sapa, Sa Pa, Phường Sa Pa, Tỉnh Lào Cai, 31786, Việt Nam",None,None,travel_agency,22.3375437,103.8492912
X8 Gaming Center,video_games,Lào Cai,"083, Phố Hợp Thành, Lào Cai, 33000",None,None,video_games,22.4895533,103.9770793
"6 Ng. Vuon Treo, TT",ticket,Lào Cai,"6, Vuon Treo",None,None,ticket,22.3396951,103.8486889
Bao yen bakery,bakery,Lào Cai,"Bao yen bakery, Thạch Sơn, Sapa, Sa Pa, Phường Sa Pa, Tỉnh Lào Cai, 31786, Việt Nam",None,None,bakery,22.337591,103.8510698
Hieu Bei bakery,bakery,Lào Cai,"Hieu Bei bakery, Quốc lộ 4D, Sapa, Sa Pả, Sa Pa, Phường Sa Pa, Tỉnh Lào Cai, 31786, Việt Nam",None,None,bakery,22.3378916,103.8524746
None,convenience,Lào Cai,"Drinks, Snacks and Gasoline., Đường đi Má Cha, Phường Sa Pa, Tỉnh Lào Cai, 31786, Việt Nam",None,None,convenience,22.3784411,103.8430823
None,supermarket,Lào Cai,"Local street Market, Quốc lộ 4E, Lung Phinh, Xã Lùng Phình, Tỉnh Lào Cai, Việt Nam",None,None,supermarket,22.5937941,104.324817
None,supermarket,Lào Cai,"Local street Market, Quốc lộ 4D, Phường Lào Cai, Tỉnh Lào Cai, Việt Nam",None,None,supermarket,22.5152877,104.033039
None,motorcycle,Lào Cai,"Avenue to Rent and Buy Motorbike., Đường Nguyễn Huệ, Lào Cai, Phường Lào Cai, Tỉnh Lào Cai, 31100, Việt Nam",None,None,motorcycle,22.4908923,103.9780762
None,travel_agency,Lào Cai,"Đường Hoàng Liên Sơn, Phường Trung Tâm, Tỉnh Lào Cai, 02163, Việt Nam",None,None,travel_agency,21.6027871,104.5103791
None,travel_agency,Lào Cai,"Cầu Mây, Xã Tả Van, Tỉnh Lào Cai, Việt Nam",None,None,travel_agency,22.2501026,103.8867139
Nhà Thuốc Tú Anh,chemist,Lào Cai,"339, Lào Cai",None,None,chemist,22.496405,103.9624166
Tí vélo,bicycle,Lào Cai,"Tí vélo, Phố Mường Than, Kim Tân, Lào Cai, Phường Lào Cai, Tỉnh Lào Cai, 31100, Việt Nam",None,None,bicycle,22.4808195,103.9727182
None,supermarket,Lào Cai,"Phố Cốc Lếu, Cốc Lếu, Lào Cai, Phường Lào Cai, Tỉnh Lào Cai, 31153, Việt Nam",None,None,supermarket,22.4992559,103.9680961
LCC Bike & Coffee,bicycle,Lào Cai,"LCC Bike & Coffee, Đường An Dương Vương, Cốc Lếu, Lào Cai, Phường Lào Cai, Tỉnh Lào Cai, 31100, Việt Nam",None,None,bicycle,22.4848159,103.9770637
None,convenience,Lào Cai,"VMM2019, Xã Tả Van, Tỉnh Lào Cai, 33000, Việt Nam",None,None,convenience,22.3132883,103.8502444
None,convenience,Lào Cai,"Đường Ô Quý Hồ, Phan Si Păng, Sa Pa, Phường Sa Pa, Tỉnh Lào Cai, 31786, Việt Nam",None,None,convenience,22.3680389,103.8024461
None,convenience,Lào Cai,"VMM2019, Xã Tả Van, Tỉnh Lào Cai, 33000, Việt Nam",None,None,convenience,22.3143791,103.8494368
None,convenience,Lào Cai,"152, Thanh Bình, Xã Bản Hồ, Tỉnh Lào Cai, Việt Nam",None,None,convenience,22.3102058,103.9946542
VĂN NGỌC STORE,mobile_phone,Lào Cai,"Đường tỉnh 152, Xã Bản Hồ, 31000",None,None,mobile_phone,22.2774554,103.9438849
None,clothes,Lào Cai,"Cầu treo Lao Chải, Lao Chai, Xã Tả Van, Tỉnh Lào Cai, 33000, Việt Nam",None,None,clothes,22.3083537,103.8766987
None,bakery,Lào Cai,"Xuân Viên, Sapa, Sa Pa, Phường Sa Pa, Tỉnh Lào Cai, 33000, Việt Nam",None,None,bakery,22.3361774,103.8426029
Oh Kiên ein Thoai,mobile_phone,Lào Cai,"Oh Kiên ein Thoai, Xuân Viên, Sapa, Sa Pa, Phường Sa Pa, Tỉnh Lào Cai, 31786, Việt Nam",None,None,mobile_phone,22.3361867,103.842703
Trekking Shop,outdoor,Lào Cai,"Trekking Shop, Xuân Viên, Sapa, Sa Pa, Phường Sa Pa, Tỉnh Lào Cai, 31786, Việt Nam",None,None,outdoor,22.3361859,103.8426499
Samsung,electronics,Lào Cai,"Samsung, Thạch Sơn, Sapa, Sa Pa, Phường Sa Pa, Tỉnh Lào Cai, 31786, Việt Nam",None,None,electronics,22.3360571,103.8440959
None,hairdresser,Lào Cai,"Xuân Viên, Sapa, Sa Pa, Phường Sa Pa, Tỉnh Lào Cai, 31786, Việt Nam",None,None,hairdresser,22.3375907,103.8441087
None,paint,Lào Cai,"Quốc lộ 4D, TTSa Pa, Lào Cai, Sapa, Sa Pả, Sa Pa, Phường Sa Pa, Tỉnh Lào Cai, 31786, Việt Nam",None,None,paint,22.3393023,103.8544348
None,doityourself,Lào Cai,"Quốc lộ 4D, TTSa Pa, Lào Cai, Sapa, Sa Pả, Sa Pa, Phường Sa Pa, Tỉnh Lào Cai, 33000, Việt Nam",None,None,doityourself,22.3420556,103.8556121
None,convenience,Lào Cai,"Quốc lộ 4D, TTSa Pa, Lào Cai, Sapa, Sa Pả, Sa Pa, Phường Sa Pa, Tỉnh Lào Cai, 31786, Việt Nam",None,None,convenience,22.3386451,103.853394
None,car_repair,Lào Cai,"Quốc lộ 4D, Sapa, Sa Pả, Sa Pa, Phường Sa Pa, Tỉnh Lào Cai, 31786, Việt Nam",None,None,car_repair,22.3381932,103.8530442
None,laundry,Lào Cai,"Ngõ Hùng Hồ, Sapa, Sa Pa, Phường Sa Pa, Tỉnh Lào Cai, 31786, Việt Nam",None,None,laundry,22.3378419,103.8434799
None,convenience,Lào Cai,"Quốc lộ 32, Phường Trung Tâm, Tỉnh Lào Cai, 02163, Việt Nam",None,None,convenience,21.5622746,104.5377448
None,motorcycle,Lào Cai,"Nguyễn Văn Cừ, Đồng Tâm, Phường Yên Bái, Tỉnh Lào Cai, Việt Nam",None,None,motorcycle,21.721922,104.9163216
None,copyshop,Lào Cai,"Đường Trần Phú, Phường Yên Bái, Tỉnh Lào Cai, Việt Nam",None,None,copyshop,21.7202832,104.9157143
None,beverages,Lào Cai,"Đường Âu Cơ, Phường Văn Phú, Tỉnh Lào Cai, Việt Nam",None,None,beverages,21.7108862,104.9286652
WinMart+,convenience,Lào Cai,"WinMart+, Đường Thành Công, Nguyễn Thái Học, Phường Yên Bái, Tỉnh Lào Cai, Việt Nam",None,None,convenience,21.7082472,104.8819642
None,yes,Lào Cai,"Đường cao tốc Hà Nội - Lào Cai, Xã Châu Quế, Tỉnh Lào Cai, Việt Nam",None,None,yes,22.0125359,104.5316141
None,motorcycle_repair,Lào Cai,"ĐT.174, Trạm Tấu, Xã Hạnh Phúc, Tỉnh Lào Cai, 33600, Việt Nam",None,None,motorcycle_repair,21.4686421,104.3779558
None,electronics,Lào Cai,"ĐT.174, Trạm Tấu, Xã Hạnh Phúc, Tỉnh Lào Cai, 33600, Việt Nam",None,None,electronics,21.4687292,104.3776153
None,convenience,Lào Cai,"Quốc lộ 32, Púng Luông, Xã Púng Luông, Tỉnh Lào Cai, Việt Nam",None,None,convenience,21.7659931,104.1682238
None,motorcycle_repair,Lào Cai,"Quốc lộ 37, Xã Hưng Khánh, Tỉnh Lào Cai, Việt Nam",None,None,motorcycle_repair,21.579244,104.7605861
Viettel store,mobile_phone,Lào Cai,"Viettel store, Đường Điện Biên Phủ - Quốc lộ 4D, Sapa, Phan Si Păng, Sa Pa, Phường Sa Pa, Tỉnh Lào Cai, 31786, Việt Nam",None,None,mobile_phone,22.3385563,103.837796
None,motorcycle_repair,Lào Cai,"Đường Điện Biên Phủ - Quốc lộ 4D, Sapa, Phan Si Păng, Sa Pa, Phường Sa Pa, Tỉnh Lào Cai, 33000, Việt Nam",None,None,motorcycle_repair,22.3403891,103.8457804
WinMart+,convenience,Lào Cai,"WinMart+, Lương Định Của, Sapa, Sa Pa, Phường Sa Pa, Tỉnh Lào Cai, 31786, Việt Nam",None,None,convenience,22.337676,103.8502966
None,massage,Lào Cai,"Herena Luxury Massage & Spa Sapa, Thủ Dầu Một, Sapa, Sa Pa, Phường Sa Pa, Tỉnh Lào Cai, 31786, Việt Nam",None,None,massage,22.3362475,103.8446562
None,laundry,Lào Cai,"Laundry - Grocery Duc Huong Sa Pa, Lê Hồng Phong, Sapa, Sa Pa, Phường Sa Pa, Tỉnh Lào Cai, 31786, Việt Nam",None,None,laundry,22.3385971,103.8438445
None,travel_agency,Lào Cai,"Sapa O'Chau Travel Social Enterprise, Đường Điện Biên Phủ - Quốc lộ 4D, Sapa, Phan Si Păng, Sa Pa, Phường Sa Pa, Tỉnh Lào Cai, 31786, Việt Nam",None,None,travel_agency,22.3399409,103.840811
Wood House's Coffee and Tea,coffee,Lào Cai,"Wood House's Coffee and Tea, VMM trail 2015, Tả Phìn, Xã Tả Phìn, Tỉnh Lào Cai, 31786, Việt Nam",None,None,coffee,22.3859944,103.8373284
Sapa Express,travel_agency,Lào Cai,"Sapa Express, Quốc lộ 4D, Sapa, Sa Pa, Phường Sa Pa, Tỉnh Lào Cai, 31786, Việt Nam",None,None,travel_agency,22.3399368,103.8484876
Sua Xe,motorcycle_repair,Lào Cai,"Sua Xe, Đường Ô Quý Hồ, Phan Si Păng, Sa Pa, Phường Sa Pa, Tỉnh Lào Cai, 31786, Việt Nam",None,None,motorcycle_repair,22.3698029,103.7985906
Sua Xe,motorcycle_repair,Lào Cai,"Sua Xe, Đường tỉnh 152, Su Pan, Mường Hoa, Xã Tả Van, Tỉnh Lào Cai, Việt Nam",None,None,motorcycle_repair,22.2941856,103.9152407
Sua Xe,motorcycle_repair,Lào Cai,"Sua Xe, Cát Cát, Cat Cat, Cát Cát, Hoàng Liên, Phường Sa Pa, Tỉnh Lào Cai, 31786, Việt Nam",None,None,motorcycle_repair,22.3314022,103.8298891
Sua Xe,motorcycle_repair,Lào Cai,"Sua Xe, Đường tỉnh 152, Hau Thao, Xã Tả Van, Tỉnh Lào Cai, Việt Nam",None,None,motorcycle_repair,22.3004311,103.9056142
None,ticket,Lào Cai,"Đường Điện Biên Phủ - Quốc lộ 4D, Sapa, Phan Si Păng, Sa Pa, Phường Sa Pa, Tỉnh Lào Cai, 31786, Việt Nam",None,None,ticket,22.3399874,103.8258466
Yamaha town,motorcycle_repair,Lào Cai,"Yamaha town, Đường Hoàng Liên, Kim Tân, Lào Cai, Phường Lào Cai, Tỉnh Lào Cai, 31100, Việt Nam",None,None,motorcycle_repair,22.4958036,103.9679548
Honda,motorcycle_repair,Lào Cai,"Honda, Đường Hoàng Liên, Kim Tân, Lào Cai, Phường Lào Cai, Tỉnh Lào Cai, 31100, Việt Nam",None,None,motorcycle_repair,22.4822529,103.9706749
Sua Xe,motorcycle_repair,Lào Cai,"Sua Xe, Quốc lộ 4D, TTSa Pa, Lào Cai, Xã Tả Phìn, Tỉnh Lào Cai, 33000, Việt Nam",None,None,motorcycle_repair,22.3733,103.8731997
Honda,motorcycle_repair,Lào Cai,"Phố Bạch Thái Bưởi, Kim Tân, Lào Cai, Phường Lào Cai, Tỉnh Lào Cai, 31153, Việt Nam",None,None,motorcycle_repair,22.4811882,103.9752821
Sua Xe,motorcycle_repair,Lào Cai,"Sua Xe, Quốc lộ 4D, Trung Chải, Trung Chải, Xã Tả Phìn, Tỉnh Lào Cai, 33000, Việt Nam",None,None,motorcycle_repair,22.3911144,103.8839231
None,fuel,Lào Cai,"Đường Ô Quý Hồ, Phan Si Păng, Sa Pa, Phường Sa Pa, Tỉnh Lào Cai, 31786, Việt Nam",None,None,fuel,22.3465355,103.8205926
Honda,motorcycle_repair,Lào Cai,"Honda, Đường Hoàng Liên, Kim Tân, Lào Cai, Phường Lào Cai, Tỉnh Lào Cai, 31100, Việt Nam",None,None,motorcycle_repair,22.4853623,103.9700669
Honda,motorcycle_repair,Lào Cai,"Honda, Đường Hoàng Liên, Kim Tân, Lào Cai, Phường Lào Cai, Tỉnh Lào Cai, 31100, Việt Nam",None,None,motorcycle_repair,22.497717,103.9674194
Sua Xe,motorcycle_repair,Lào Cai,"Sua Xe, Quốc lộ 4D, Trung Chải, Trung Chải, Xã Tả Phìn, Tỉnh Lào Cai, 33000, Việt Nam",None,None,motorcycle_repair,22.3887446,103.8813386
20k,ticket,Lào Cai,"20k, Đường Ô Quý Hồ, Phan Si Păng, Sa Pa, Phường Sa Pa, Tỉnh Lào Cai, Việt Nam",None,None,ticket,22.3616781,103.7780907
Sua Xe,motorcycle_repair,Lào Cai,"Sua Xe, Quốc lộ 4D, Xã Bản Lầu, Tỉnh Lào Cai, Việt Nam",None,None,motorcycle_repair,22.5482305,104.0613401
Sua Xe,motorcycle_repair,Lào Cai,"Sua Xe, Quốc lộ 4, Si Ma Cai, Xã Si Ma Cai, Tỉnh Lào Cai, Việt Nam",None,None,motorcycle_repair,22.6922851,104.2757854
Sua Xe,motorcycle_repair,Lào Cai,"Sua Xe, Quốc lộ 4D, Mường Khương, Xã Mường Khương, Tỉnh Lào Cai, Việt Nam",None,None,motorcycle_repair,22.7082746,104.1068847
Sua Xe,motorcycle_repair,Lào Cai,"Sua Xe, Đường Giải Phóng 11-11, Tung Chung Phố, Mường Khương, Xã Mường Khương, Tỉnh Lào Cai, Việt Nam",None,None,motorcycle_repair,22.7608467,104.1345793
Sua Xe,motorcycle_repair,Lào Cai,"Sua Xe, Quốc lộ 4, Xã Sín Chéng, Tỉnh Lào Cai, Việt Nam",None,None,motorcycle_repair,22.6796922,104.2275175
Sua Xe,motorcycle_repair,Lào Cai,"Sua Xe, Đường Giải Phóng 11-11, Tung Chung Phố, Mường Khương, Xã Mường Khương, Tỉnh Lào Cai, Việt Nam",None,None,motorcycle_repair,22.7727558,104.1621934
Sua Xe,motorcycle_repair,Lào Cai,"Sua Xe, Quốc lộ 4, Xã Pha Long, Tỉnh Lào Cai, Việt Nam",None,None,motorcycle_repair,22.8041075,104.2016731
None,fuel,Lào Cai,"Quốc lộ 4, Xã Sín Chéng, Tỉnh Lào Cai, Việt Nam",None,None,fuel,22.6796529,104.2269147
Sua Xe,motorcycle_repair,Lào Cai,"Sua Xe, Quốc lộ 4D, Mường Khương, Xã Mường Khương, Tỉnh Lào Cai, Việt Nam",None,None,motorcycle_repair,22.6707165,104.10093
Sua Xe,motorcycle_repair,Lào Cai,"Sua Xe, Quốc lộ 4, Si Ma Cai, Xã Si Ma Cai, Tỉnh Lào Cai, Việt Nam",None,None,motorcycle_repair,22.6915893,104.2713534
Sua Xe,motorcycle_repair,Lào Cai,"Sua Xe, Quốc lộ 4, Xã Pha Long, Tỉnh Lào Cai, Việt Nam",None,None,motorcycle_repair,22.8089068,104.2289452
Sua Xe,motorcycle_repair,Lào Cai,"Sua Xe, Quốc lộ 4, Xã Sín Chéng, Tỉnh Lào Cai, Việt Nam",None,None,motorcycle_repair,22.7151219,104.2231308
None,fuel,Lào Cai,"Quốc lộ 4, Hoa Chú Phùng, Xã Si Ma Cai, Tỉnh Lào Cai, Việt Nam",None,None,fuel,22.6849213,104.2515087
Sua Xe,motorcycle_repair,Lào Cai,"Sua Xe, Quốc lộ 4, Si Ma Cai, Xã Si Ma Cai, Tỉnh Lào Cai, Việt Nam",None,None,motorcycle_repair,22.6915554,104.2732747
Sua Xe,motorcycle_repair,Lào Cai,"Sua Xe, Quốc lộ 4, Thôn Cán Chư Sử, Xã Lùng Phình, Tỉnh Lào Cai, Việt Nam",None,None,motorcycle_repair,22.5965489,104.3228225
Sua Xe,motorcycle_repair,Lào Cai,"Sua Xe, Quốc lộ 4, Thôn Cán Chư Sử, Xã Lùng Phình, Tỉnh Lào Cai, Việt Nam",None,None,motorcycle_repair,22.6086359,104.3151953
Sua Xe,motorcycle_repair,Lào Cai,"Sua Xe, Nậm Cáy, Bắc Hà, Xã Bắc Hà, Tỉnh Lào Cai, Việt Nam",None,None,motorcycle_repair,22.5341175,104.2958993
Sua Xe,motorcycle_repair,Lào Cai,"Sua Xe, Quốc lộ 4, Thôn Cán Chư Sử, Xã Lùng Phình, Tỉnh Lào Cai, Việt Nam",None,None,motorcycle_repair,22.5948027,104.3241844
Sua Xe,motorcycle_repair,Lào Cai,"Sua Xe, Đường tỉnh 159, Bản Liền, Xã Bản Liền, Tỉnh Lào Cai, Việt Nam",None,None,motorcycle_repair,22.5153598,104.3994956
Sua Xe,motorcycle_repair,Lào Cai,"Sua Xe, Quốc lộ 4E, Lung Phinh, Xã Lùng Phình, Tỉnh Lào Cai, Việt Nam",None,None,motorcycle_repair,22.5522957,104.3038182
Sua Xe,motorcycle_repair,Lào Cai,"Sua Xe, Quốc lộ 4, Thôn Cán Chư Sử, Xã Si Ma Cai, Tỉnh Lào Cai, Việt Nam",None,None,motorcycle_repair,22.6457096,104.3144469
Sua Xe,motorcycle_repair,Lào Cai,"Sua Xe, Quốc lộ 4, Thôn Cán Chư Sử, Xã Si Ma Cai, Tỉnh Lào Cai, Việt Nam",None,None,motorcycle_repair,22.6486319,104.3146349
Tuan Hanh,doityourself,Lào Cai,"Tuan Hanh, Đường Ô Quý Hồ, Phan Si Păng, Sa Pa, Phường Sa Pa, Tỉnh Lào Cai, 31786, Việt Nam",None,None,doityourself,22.3657746,103.8034336
None,motorcycle,Lào Cai,"Đường Ô Quý Hồ, Phan Si Păng, Sa Pa, Phường Sa Pa, Tỉnh Lào Cai, 31786, Việt Nam",None,None,motorcycle,22.3650009,103.8041607
Dung Hao Hong,garden_centre,Lào Cai,"Dung Hao Hong, Đường Ô Quý Hồ, Phan Si Păng, Sa Pa, Phường Sa Pa, Tỉnh Lào Cai, 31786, Việt Nam",None,None,garden_centre,22.3652131,103.8037486
None,convenience,Lào Cai,"Đường tỉnh 155, Ngũ Chỉ Sơn, Xã Ngũ Chỉ Sơn, Tỉnh Lào Cai, Việt Nam",None,None,convenience,22.4063111,103.7899949
None,hairdresser,Lào Cai,"Đường Ô Quý Hồ, Phan Si Păng, Sa Pa, Phường Sa Pa, Tỉnh Lào Cai, 31786, Việt Nam",None,None,hairdresser,22.352768,103.8133372
None,laundry,Lào Cai,"ĐH.100, Tả Phìn, Xã Tả Phìn, Tỉnh Lào Cai, Việt Nam",None,None,laundry,22.4006929,103.8383709
None,hairdresser,Lào Cai,"ĐH.100, Tả Phìn, Xã Tả Phìn, Tỉnh Lào Cai, Việt Nam",None,None,hairdresser,22.3965641,103.8421597
None,convenience,Lào Cai,"ĐH.100, Tả Phìn, Xã Tả Phìn, Tỉnh Lào Cai, Việt Nam",None,None,convenience,22.3908509,103.8465051
None,convenience,Lào Cai,"ĐH.100, Tả Phìn, Xã Tả Phìn, Tỉnh Lào Cai, Việt Nam",None,None,convenience,22.3974882,103.8419659
Lagom Home: Services,travel_agency,Lào Cai,"Lagom Home: Services, VMM trail 2015, Su Pan, Mường Hoa, Xã Tả Van, Tỉnh Lào Cai, Việt Nam",None,None,travel_agency,22.2976592,103.9175585
Bitis,mall,Lào Cai,"Bitis, Đường Nguyễn Huệ, Lào Cai, Phường Lào Cai, Tỉnh Lào Cai, 31100, Việt Nam",None,None,mall,22.5060651,103.9665478
None,car_repair,Lào Cai,"Đường tỉnh 159, Xã Lùng Phình, Tỉnh Lào Cai, Việt Nam",None,None,car_repair,22.604828,104.272553
Siêu thị Anh Mỹ,mall,Lào Cai,"Siêu thị Anh Mỹ, Phố Đặng Văn Ngữ, Cốc Lếu, Lào Cai, Phường Lào Cai, Tỉnh Lào Cai, 31100, Việt Nam",None,None,mall,22.4988057,103.9655209
None,gift,Lào Cai,"Cat Cat Road, Cát Cát, Hoàng Liên, Xã Tả Van, Tỉnh Lào Cai, 31786, Việt Nam",None,None,gift,22.3310433,103.8296591
None,craft,Lào Cai,"Si bridge, Cat Cat, Cát Cát, Hoàng Liên, Xã Tả Van, Tỉnh Lào Cai, 33000, Việt Nam",None,None,craft,22.3271119,103.8349773
GO!,supermarket,Lào Cai,"Đại lộ Trần Hưng Đạo, Lào Cai",None,None,supermarket,22.4338712,104.0158893
Viettel,mobile_phone,Yên Bái,"Viettel, ĐT.174, Trạm Tấu, Xã Hạnh Phúc, Tỉnh Lào Cai, 33600, Việt Nam",None,None,mobile_phone,21.4682547,104.3781227
Thường anh,computer,Yên Bái,"151, điện biên",None,None,computer,21.6233866,104.5082092
Photocopy Ngọc Mai,copyshop,Yên Bái,"123, Đường Điện Biên, 02163",None,None,copyshop,21.597905,104.5128653
Đại Linh,tyres,Yên Bái,"213, Quốc Lộ 37",None,None,tyres,21.7272709,104.9182531
best shop in town for your win,motorcycle,Yên Bái,"best shop in town for your win, Đường tỉnh 174, Nghĩa Lộ, Phường Nghĩa Lộ, Tỉnh Lào Cai, 02163, Việt Nam",None,None,motorcycle,21.6015362,104.5058827
Bích thụ,bakery,Yên Bái,"Bích thụ, DT.152, Yên Thế, Xã Lục Yên, Tỉnh Lào Cai, Việt Nam",None,None,bakery,22.1126441,104.7682048
Vincom Plaza,mall,Yên Bái,"Vincom Plaza, Đường Nguyễn Thái Học, Hồng Hà, Phường Yên Bái, Tỉnh Lào Cai, Việt Nam",None,None,mall,21.7082028,104.8820482
None,convenience,Yên Bái,"Quốc lộ 32, Púng Luông, Xã Púng Luông, Tỉnh Lào Cai, Việt Nam",None,None,convenience,21.7668643,104.1720589
None,convenience,Yên Bái,"Đường Hoàng Liên Sơn, Phường Trung Tâm, Tỉnh Lào Cai, 02163, Việt Nam",None,None,convenience,21.6037942,104.5104171
None,convenience,Yên Bái,"Quốc lộ 32, Dế Xu Phình, Xã Púng Luông, Tỉnh Lào Cai, Việt Nam",None,None,convenience,21.8008035,104.1497362
None,convenience,Yên Bái,"Đường tỉnh 175B, Ngã Ba Kim, Xã Púng Luông, Tỉnh Lào Cai, Việt Nam",None,None,convenience,21.7651961,104.171857
None,convenience,Yên Bái,"Quốc lộ 32, Chao, Tú Lệ, Xã Tú Lệ, Tỉnh Lào Cai, Việt Nam",None,None,convenience,21.8160223,104.2906455
None,convenience,Yên Bái,"Quốc lộ 32, Xã Púng Luông, Tỉnh Lào Cai, Việt Nam",None,None,convenience,21.8010842,104.1496344
None,travel_agency,Yên Bái,"Đường Hoàng Liên Sơn, Phường Trung Tâm, Tỉnh Lào Cai, 02163, Việt Nam",None,None,travel_agency,21.6027871,104.5103791
None,convenience,Yên Bái,"Quốc lộ 32, Phường Trung Tâm, Tỉnh Lào Cai, 02163, Việt Nam",None,None,convenience,21.5622746,104.5377448
None,motorcycle,Yên Bái,"Nguyễn Văn Cừ, Đồng Tâm, Phường Yên Bái, Tỉnh Lào Cai, Việt Nam",None,None,motorcycle,21.721922,104.9163216
None,copyshop,Yên Bái,"Đường Trần Phú, Phường Yên Bái, Tỉnh Lào Cai, Việt Nam",None,None,copyshop,21.7202832,104.9157143
None,beverages,Yên Bái,"Đường Âu Cơ, Phường Văn Phú, Tỉnh Lào Cai, Việt Nam",None,None,beverages,21.7108862,104.9286652
WinMart+,convenience,Yên Bái,"WinMart+, Đường Thành Công, Nguyễn Thái Học, Phường Yên Bái, Tỉnh Lào Cai, Việt Nam",None,None,convenience,21.7082472,104.8819642
None,yes,Yên Bái,"Đường cao tốc Hà Nội - Lào Cai, Xã Châu Quế, Tỉnh Lào Cai, Việt Nam",None,None,yes,22.0125359,104.5316141
None,motorcycle_repair,Yên Bái,"ĐT.174, Trạm Tấu, Xã Hạnh Phúc, Tỉnh Lào Cai, 33600, Việt Nam",None,None,motorcycle_repair,21.4686421,104.3779558
None,electronics,Yên Bái,"ĐT.174, Trạm Tấu, Xã Hạnh Phúc, Tỉnh Lào Cai, 33600, Việt Nam",None,None,electronics,21.4687292,104.3776153
None,convenience,Yên Bái,"Quốc lộ 32, Púng Luông, Xã Púng Luông, Tỉnh Lào Cai, Việt Nam",None,None,convenience,21.7659931,104.1682238
None,motorcycle_repair,Yên Bái,"Quốc lộ 37, Xã Hưng Khánh, Tỉnh Lào Cai, Việt Nam",None,None,motorcycle_repair,21.579244,104.7605861
Thực phẩm sạch Tâm Đỏ,supermarket,Điện Biên,"Thực phẩm sạch Tâm Đỏ, Trần Đăng Ninh, Mường Thanh, Điện Biên Phủ, Phường Điện Biên Phủ, Tỉnh Điện Biên, 32000, Việt Nam",None,None,supermarket,21.3920509,103.012188
Hoa Ba Supermarket,supermarket,Điện Biên,"Hoa Ba Supermarket, Đường Võ Nguyên Giáp, Phường Mường Thanh, Tỉnh Điện Biên, 32000, Việt Nam",None,None,supermarket,21.3787302,103.0161872
None,optician,Điện Biên,"Đường Võ Nguyên Giáp, Tân Thanh, Điện Biên Phủ, Phường Điện Biên Phủ, Tỉnh Điện Biên, 32000, Việt Nam",None,None,optician,21.393416,103.0158552
Moto Việt Nhật,car,Điện Biên,"78, quốc lộ 12b",None,None,car,21.7591675,103.0903426
None,convenience,Điện Biên,"Rest Stop, Quốc lộ 12, Na Sang, Xã Na Sang, Tỉnh Điện Biên, Việt Nam",None,None,convenience,21.7162909,103.079625
Tam Tam travel,travel_agency,Điện Biên,"võ nguyên giaps, 380000",None,None,travel_agency,21.402508,103.0239674
None,gift,Điện Biên,"Hoà Bình, Tân Thanh, Điện Biên Phủ, Phường Điện Biên Phủ, Tỉnh Điện Biên, 32000, Việt Nam",None,None,gift,21.393129,103.0189708
Sửa chữa,car_repair,Điện Biên,"Sửa chữa, Quốc lộ 12, Xã Thanh Nưa, Tỉnh Điện Biên, 32000, Việt Nam",None,None,car_repair,21.4245197,103.0060556
None,beverages,Điện Biên,"Quốc lộ 12, Xã Mường Pồn, Tỉnh Điện Biên, Việt Nam",None,None,beverages,21.5721263,103.0155633
cửa hàng đề can hinh thuý,car,Điện Biên,15,None,None,car,21.3784398,103.0161674
Minh Lan,tyres,Điện Biên,"Minh Lan, Đường Võ Nguyên Giáp, Tân Thanh, Điện Biên Phủ, Phường Điện Biên Phủ, Tỉnh Điện Biên, 32000, Việt Nam",None,None,tyres,21.4022479,103.0233056
Minh Đạo,tyres,Điện Biên,"Minh Đạo, Đường Võ Nguyên Giáp, Tân Thanh, Điện Biên Phủ, Phường Điện Biên Phủ, Tỉnh Điện Biên, 32000, Việt Nam",None,None,tyres,21.4023416,103.0238646
Minh Lan,tyres,Điện Biên,"Minh Lan, Đường Võ Nguyên Giáp, Tân Thanh, Điện Biên Phủ, Phường Điện Biên Phủ, Tỉnh Điện Biên, 32000, Việt Nam",None,None,tyres,21.4021726,103.0232338
None,motorcycle,Điện Biên,"Mechanic, Quốc lộ 12, Xã Mường Tùng, Tỉnh Điện Biên, Việt Nam",None,None,motorcycle,21.8883891,103.1318248
None,convenience,Điện Biên,"Quốc lộ 279, Cửa khẩu Tây Trang, Na Láy, Xã Sam Mứn, Tỉnh Điện Biên, Việt Nam",None,None,convenience,21.2502871,102.9189777
None,convenience,Điện Biên,"Quốc lộ 12, Xã Mường Pồn, Tỉnh Điện Biên, Việt Nam",None,None,convenience,21.4913206,103.0205557
None,convenience,Điện Biên,"Quốc lộ 12, Xã Mường Pồn, Tỉnh Điện Biên, Việt Nam",None,None,convenience,21.5386792,103.0121791
None,convenience,Điện Biên,"Quốc lộ 12, Xã Mường Pồn, Tỉnh Điện Biên, Việt Nam",None,None,convenience,21.6290629,103.0494042
None,convenience,Điện Biên,"Quốc lộ 12, Na Sang, Xã Na Sang, Tỉnh Điện Biên, Việt Nam",None,None,convenience,21.716502,103.0785209
None,convenience,Điện Biên,"Quốc lộ 12, Sa Lông, Xã Na Sang, Tỉnh Điện Biên, Việt Nam",None,None,convenience,21.7901208,103.0994998
None,convenience,Điện Biên,"Quốc lộ 12, Sa Lông, Xã Na Sang, Tỉnh Điện Biên, Việt Nam",None,None,convenience,21.8158298,103.114775
None,convenience,Điện Biên,"Quốc lộ 12, Xã Mường Tùng, Tỉnh Điện Biên, Việt Nam",None,None,convenience,21.8782447,103.132904
None,convenience,Điện Biên,"Quốc lộ 12, Xã Mường Tùng, Tỉnh Điện Biên, Việt Nam",None,None,convenience,21.8961235,103.1322791
None,convenience,Điện Biên,"Quốc lộ 12, Xã Mường Tùng, Tỉnh Điện Biên, Việt Nam",None,None,convenience,21.889919,103.132605
None,convenience,Điện Biên,"Quốc lộ 12, Bản Ló 2, Phường Mường Lay, Tỉnh Điện Biên, Việt Nam",None,None,convenience,21.9766879,103.1497335
None,convenience,Điện Biên,"Quốc lộ 12, Bản Ló 2, Phường Mường Lay, Tỉnh Điện Biên, Việt Nam",None,None,convenience,21.9869551,103.1513965
None,convenience,Điện Biên,"Quốc lộ 12, Bản Hóc, Na Lay, Mường Lay, Phường Mường Lay, Tỉnh Điện Biên, Việt Nam",None,None,convenience,22.0499376,103.163626
None,car_repair,Điện Biên,"Tôn Thất Tùng, Mường Thanh, Điện Biên Phủ, Phường Điện Biên Phủ, Tỉnh Điện Biên, 32000, Việt Nam",None,None,car_repair,21.3837992,103.0248014
Honda,motorcycle,Điện Biên,"Honda, Đường Võ Nguyên Giáp, Phường Mường Thanh, Tỉnh Điện Biên, 32000, Việt Nam",None,None,motorcycle,21.3771122,103.0154583
Siêu thị Thuý Quý,supermarket,Điện Biên,"Siêu thị Thuý Quý, Đường Võ Nguyên Giáp, Na Lát, Na Lay, Mường Lay, Phường Mường Lay, Tỉnh Điện Biên, Việt Nam",None,None,supermarket,22.0238046,103.1531587
Pha Đin Oi Studio,photo,Điện Biên,Quốc lộ 6 - Quốc lộ 279,None,None,photo,21.5951191,103.4258132
None,convenience,Điện Biên,"Quốc lộ 279, Cửa khẩu Tây Trang, Na Láy, Xã Sam Mứn, Tỉnh Điện Biên, Việt Nam",None,None,convenience,21.2229498,102.9212032
None,bakery,Điện Biên,"Quốc lộ 12, Mường Chà, Xã Na Sang, Tỉnh Điện Biên, Việt Nam",None,None,bakery,21.7591011,103.0904116
Dung Hai Mart,supermarket,Điện Biên,"Dung Hai Mart, Quốc lộ 12, Mường Chà, Xã Na Sang, Tỉnh Điện Biên, Việt Nam",None,None,supermarket,21.758483,103.0926035
Cửa Hàng Đtdđ Trường Giang,mobile_phone,Điện Biên,"Cửa Hàng Đtdđ Trường Giang, Trần Đăng Ninh, Mường Thanh, Điện Biên Phủ, Phường Điện Biên Phủ, Tỉnh Điện Biên, 32000, Việt Nam",None,None,mobile_phone,21.3922425,103.014534
None,ticket,Điện Biên,"Đường Võ Nguyên Giáp, Phường Điện Biên Phủ, Tỉnh Điện Biên, 32000, Việt Nam",None,None,ticket,21.3832826,103.0159768
None,convenience,Điện Biên,"Quốc lộ 279, Xã Búng Lao, Tỉnh Điện Biên, Việt Nam",None,None,convenience,21.5326446,103.245294
None,convenience,Điện Biên,"Quốc lộ 279, Xã Nà Tấu, Tỉnh Điện Biên, Việt Nam",None,None,convenience,21.5141276,103.1346689
thegioididong,electronics,Điện Biên,"thegioididong, Trần Đăng Ninh, Mường Thanh, Điện Biên Phủ, Phường Điện Biên Phủ, Tỉnh Điện Biên, 32000, Việt Nam",None,None,electronics,21.3926574,103.014218
None,convenience,Lai Châu,"Đường Trần Hưng Đạo, Cư Nhà La, Đoàn Kết, Lai Châu, Phường Đoàn Kết, Tỉnh Lai Châu, Việt Nam",None,None,convenience,22.4010292,103.4543455
Salon Kieu Thuy,cosmetics,Lai Châu,"Salon Kieu Thuy, Quốc lộ 32 - Quốc lộ 279, Than Uyên, Xã Than Uyên, Tỉnh Lai Châu, Việt Nam",None,None,cosmetics,21.9479765,103.88231
None,computer,Lai Châu,"Máy tính hùng dũng, Quốc lộ 32 - Quốc lộ 279, Than Uyên, Xã Than Uyên, Tỉnh Lai Châu, Việt Nam",None,None,computer,21.9477729,103.8816505
Giai Khat,beverages,Lai Châu,"Giai Khat, Quốc lộ 12, Bản Phiêng Ban, Lê Lợi, Xã Lê Lợi, Tỉnh Lai Châu, Việt Nam",None,None,beverages,22.0986559,103.1689178
Auto Dũng Hải,tyres,Lai Châu,"Auto Dũng Hải, Đường Trần Phú, Tân Phong, Phường Tân Phong, Tỉnh Lai Châu, Việt Nam",None,None,tyres,22.3987217,103.4595942
None,motorcycle,Lai Châu,"Mechanic, Quốc lộ 4D, Sơn Bình, Bình Lư, Xã Bình Lư, Tỉnh Lai Châu, Việt Nam",None,None,motorcycle,22.3319177,103.6674894
None,bicycle,Lai Châu,"Bike shop, Đường Trần Hưng Đạo, Cư Nhà La, Đoàn Kết, Lai Châu, Phường Đoàn Kết, Tỉnh Lai Châu, Việt Nam",None,None,bicycle,22.4010295,103.4538524
None,convenience,Lai Châu,"Fruits and vegetables shop, Quốc lộ 12, Pa Tần 3, Pa Tần, Xã Pa Tần, Tỉnh Lai Châu, Việt Nam",None,None,convenience,22.4642717,103.1966587
None,convenience,Lai Châu,"Convenience store, Quốc lộ 12, Pa Tần 3, Pa Tần, Xã Pa Tần, Tỉnh Lai Châu, Việt Nam",None,None,convenience,22.4626606,103.1958659
None,bakery,Lai Châu,"French bakery, Đường Trần Hưng Đạo, Cư Nhà La, Đoàn Kết, Lai Châu, Phường Đoàn Kết, Tỉnh Lai Châu, Việt Nam",None,None,bakery,22.3993591,103.457492
Quán Dũng Thanh bản nà bầu tân uyên lai châu,computer,Lai Châu,đường bê tông nà bầu,None,None,computer,22.1771244,103.7410576
di động bách huyền khu 26 thị trấn tân uyên lai châu,mobile_phone,Lai Châu,"khu 26, Quốc lộ 32",None,None,mobile_phone,22.1691052,103.7574059
BÁCH HUYỀN,mobile_phone,Lai Châu,khu 26,None,None,mobile_phone,22.1738366,103.753439
Tráng sửa chửa xe máy,car_repair,Lai Châu,"Tráng sửa chửa xe máy, Đường tỉnh 132, Lèng Chư, Bản Hợp 2, Dào San, Xã Dào San, Tỉnh Lai Châu, Việt Nam",None,None,car_repair,22.6513703,103.3052769
None,convenience,Lai Châu,"Quốc lộ 4D, Huổi Lùng, Lai Châu, Xã Phong Thổ, Tỉnh Lai Châu, Việt Nam",None,None,convenience,22.526043,103.3246022
None,convenience,Lai Châu,"Quốc lộ 4D, Huổi Lùng, Lai Châu, Phường Đoàn Kết, Tỉnh Lai Châu, Việt Nam",None,None,convenience,22.461046,103.3708481
None,convenience,Lai Châu,"Quốc lộ 4D, Bản Giang Ma, Giang Ma, Xã Tả Lèng, Tỉnh Lai Châu, Việt Nam",None,None,convenience,22.3907238,103.5469043
None,convenience,Lai Châu,"Quốc lộ 4D, Sin Câu, Giang Ma, Xã Tả Lèng, Tỉnh Lai Châu, Việt Nam",None,None,convenience,22.3870522,103.5534999
None,convenience,Lai Châu,"Quốc lộ 12, Chăn Nưa, Xã Lê Lợi, Tỉnh Lai Châu, Việt Nam",None,None,convenience,22.2057514,103.1722641
None,convenience,Lai Châu,"Quốc lộ 12, Chăn Nưa, Xã Lê Lợi, Tỉnh Lai Châu, Việt Nam",None,None,convenience,22.216259,103.1692694
None,convenience,Lai Châu,"Quốc lộ 12, Chăn Nưa, Xã Lê Lợi, Tỉnh Lai Châu, Việt Nam",None,None,convenience,22.2162453,103.1688094
None,convenience,Lai Châu,"QL.12, Xã Sìn Hồ, Tỉnh Lai Châu, Việt Nam",None,None,convenience,22.2776362,103.161369
None,convenience,Lai Châu,"Quốc lộ 12, Xã Sìn Hồ, Tỉnh Lai Châu, Việt Nam",None,None,convenience,22.3196043,103.1668568
None,convenience,Lai Châu,"Quốc lộ 12, An Tần, Xã Pa Tần, Tỉnh Lai Châu, Việt Nam",None,None,convenience,22.4437954,103.193534
None,convenience,Lai Châu,"Quốc lộ 12, Nậm Pậy, Phong Thổ, Xã Phong Thổ, Tỉnh Lai Châu, Việt Nam",None,None,convenience,22.5081668,103.2672646
None,car_repair,Lai Châu,"Motorbike mechanic, Quốc lộ 32 - Quốc lộ 279, Than Uyên, Xã Mường Kim, Tỉnh Lai Châu, Việt Nam",None,None,car_repair,21.9080648,103.8759471
Local shop,convenience,Lai Châu,"Local shop, Đường tỉnh 127, Mường Mô, Xã Mường Mô, Tỉnh Lai Châu, Việt Nam",None,None,convenience,22.2082084,102.939615
"(BẢO HÂN )tắm thuốc người dao ,trờm đá nóng giác hơi",massage,Lai Châu,Quốc lộ 4D,None,None,massage,22.3885874,103.4981034
None,convenience,Lai Châu,"Quốc lộ 4D, Sơn Bình, Bình Lư, Xã Bình Lư, Tỉnh Lai Châu, Việt Nam",None,None,convenience,22.3507503,103.6905605
None,convenience,Lai Châu,"Quốc lộ 4D, Sơn Bình, Bình Lư, Xã Bình Lư, Tỉnh Lai Châu, Việt Nam",None,None,convenience,22.3395081,103.6695448
None,convenience,Lai Châu,"Quốc lộ 32, Xã Bản Bo, Tỉnh Lai Châu, Việt Nam",None,None,convenience,22.2825712,103.6759549
Honda Trường Thành,motorcycle,Lai Châu,"Honda Trường Thành, Quốc lộ 32 - Quốc lộ 279, Than Uyên, Xã Than Uyên, Tỉnh Lai Châu, Việt Nam",None,None,motorcycle,21.951701,103.882865
None,beverages,Lai Châu,"Quốc lộ 32 - Quốc lộ 279, Than Uyên, Xã Than Uyên, Tỉnh Lai Châu, Việt Nam",None,None,beverages,21.9894904,103.9117508
Honda head,motorcycle_repair,Lai Châu,"Honda head, Quốc lộ 32 - Quốc lộ 279, Than Uyên, Xã Than Uyên, Tỉnh Lai Châu, Việt Nam",None,None,motorcycle_repair,21.9517066,103.883058
Sua Xe,motorcycle_repair,Lai Châu,"Sua Xe, Quốc lộ 279, Xã Mường Kim, Tỉnh Lai Châu, Việt Nam",None,None,motorcycle_repair,21.8709636,103.76458
None,fuel,Lai Châu,"Quốc lộ 279, Xã Mường Kim, Tỉnh Lai Châu, Việt Nam",None,None,fuel,21.8197688,103.7386177
Sua Xe,motorcycle_repair,Lai Châu,"Sua Xe, Quốc lộ 32 - Quốc lộ 279, Than Uyên, Xã Than Uyên, Tỉnh Lai Châu, Việt Nam",None,None,motorcycle_repair,21.9370294,103.8814863
Yamaha town,motorcycle_repair,Lai Châu,"Yamaha town, Quốc lộ 32 - Quốc lộ 279, Than Uyên, Xã Than Uyên, Tỉnh Lai Châu, Việt Nam",None,None,motorcycle_repair,21.9562578,103.8863987
Yamaha town,motorcycle_repair,Lai Châu,"Yamaha town, Quốc lộ 32 - Quốc lộ 279, Than Uyên, Xã Than Uyên, Tỉnh Lai Châu, Việt Nam",None,None,motorcycle_repair,21.9604116,103.8883904
Sua Xe,motorcycle_repair,Lai Châu,"Sua Xe, Quốc lộ 4D, Sơn Bình, Bình Lư, Xã Bình Lư, Tỉnh Lai Châu, Việt Nam",None,None,motorcycle_repair,22.3321944,103.6675367
Sua Xe,motorcycle_repair,Lai Châu,"Sua Xe, Quốc lộ 32, Xã Bản Bo, Tỉnh Lai Châu, Việt Nam",None,None,motorcycle_repair,22.2754246,103.684134
Sua Xe,motorcycle_repair,Lai Châu,"Sua Xe, Quốc lộ 32, Xã Bản Bo, Tỉnh Lai Châu, Việt Nam",None,None,motorcycle_repair,22.2810528,103.6784531
Sua Xe,motorcycle_repair,Lai Châu,"Sua Xe, Quốc lộ 32 - Quốc lộ 279, Than Uyên, Xã Than Uyên, Tỉnh Lai Châu, Việt Nam",None,None,motorcycle_repair,21.9717996,103.8953355
Sua Xe,motorcycle_repair,Lai Châu,"Sua Xe, Quốc lộ 32, Xã Mường Than, Tỉnh Lai Châu, Việt Nam",None,None,motorcycle_repair,22.050722,103.9092398
Honda head,motorcycle_repair,Lai Châu,"Honda head, Đường Lê Lợi, Tân Uyên, Xã Tân Uyên, Tỉnh Lai Châu, Việt Nam",None,None,motorcycle_repair,22.1706532,103.7564286
Sua Xe,motorcycle_repair,Lai Châu,"Sua Xe, Quốc lộ 32, Xã Bản Bo, Tỉnh Lai Châu, Việt Nam",None,None,motorcycle_repair,22.2666663,103.6926366
Sua Xe,motorcycle_repair,Lai Châu,"Sua Xe, Quốc lộ 32, Xã Mường Than, Tỉnh Lai Châu, Việt Nam",None,None,motorcycle_repair,22.0419166,103.915153
Sua Xe,motorcycle_repair,Lai Châu,"Sua Xe, Đường Lê Lợi, Tân Uyên, Xã Tân Uyên, Tỉnh Lai Châu, Việt Nam",None,None,motorcycle_repair,22.2151276,103.7415916
Sua Xe,motorcycle_repair,Lai Châu,"Sua Xe, Quốc lộ 32, Tân Uyên, Xã Tân Uyên, Tỉnh Lai Châu, Việt Nam",None,None,motorcycle_repair,22.1257514,103.7971665
Sua Xe,motorcycle_repair,Lai Châu,"Sua Xe, Quốc lộ 32 - Quốc lộ 279, Than Uyên, Xã Than Uyên, Tỉnh Lai Châu, Việt Nam",None,None,motorcycle_repair,21.9887112,103.9112662
Sua Xe,motorcycle_repair,Lai Châu,"Sua Xe, Đường Lê Lợi, Tân Uyên, Xã Tân Uyên, Tỉnh Lai Châu, Việt Nam",None,None,motorcycle_repair,22.1806418,103.749272
Sua Xe,motorcycle_repair,Lai Châu,"Sua Xe, Đường Lê Lợi, Tân Uyên, Xã Tân Uyên, Tỉnh Lai Châu, Việt Nam",None,None,motorcycle_repair,22.2095582,103.7419132
Phong Thổ Mart,supermarket,Lai Châu,"Phong Thổ Mart, Quốc lộ 4D, Huổi Lùng, Lai Châu, Xã Phong Thổ, Tỉnh Lai Châu, Việt Nam",None,None,supermarket,22.5445747,103.2999694
Auto Hưng Thịnh,car,Lai Châu,"Auto Hưng Thịnh, Đường Bùi Thị Xuân, Phan Chu Hoa, Phường Tân Phong, Tỉnh Lai Châu, Việt Nam",None,None,car,22.3850058,103.4712502
Siêu thị An Bình,electronics,Lai Châu,"Siêu thị An Bình, Đường Nùng Nàng - Nậm Tăm, Phiêng Chá, Nậm Tăm, Xã Nậm Tăm, Tỉnh Lai Châu, Việt Nam",None,None,electronics,22.283076,103.4119788
None,trade,Lai Châu,"Đường Nguyễn Hữu Thọ, Khu 8, Mường Tè, Xã Bum Tở, Tỉnh Lai Châu, Việt Nam",None,None,trade,22.3855695,102.8083042
Showroom Hoàng Tuấn,electronics,Lai Châu,"Showroom Hoàng Tuấn, Đường Võ Nguyên Giáp, Khu 12, Mường Tè, Xã Bum Tở, Tỉnh Lai Châu, Việt Nam",None,None,electronics,22.3799745,102.8208713
Bách hóa Huệ Tạo,convenience,Tuyên Quang,"135 tổ 7 TT Vị Xuyên-Vị Xuyên-Hà Giang, QL2",None,None,convenience,22.6649734,104.9869959
None,kiosk,Tuyên Quang,"Lao Và Chải, Xã Yên Minh, Tỉnh Tuyên Quang, Việt Nam",None,None,kiosk,23.1216932,105.0926253
Small supermarket,convenience,Tuyên Quang,"Small supermarket, Phố Trần Hưng Đạo, Tam Sơn, Xã Quản Bạ, Tỉnh Tuyên Quang, Việt Nam",None,None,convenience,23.0646896,104.9927417
Supermarket,convenience,Tuyên Quang,"Supermarket, Đường Trường Chinh, Việt Quang, Xã Bắc Quang, Tỉnh Tuyên Quang, Việt Nam",None,None,convenience,22.4153796,104.8184058
None,car_repair,Tuyên Quang,"Đường Trần Hưng Đạo, Phắc Nghè, Đầu Cầu, Xã Yên Minh, Tỉnh Tuyên Quang, Việt Nam",None,None,car_repair,23.1198568,105.137886
Cửa Hàng Thịt Lợn :DŨNG TÂN,butcher,Tuyên Quang,xuân vân-yên sơn-tuyên quang,None,None,butcher,21.9407308,105.2241016
Rice fields,greengrocer,Tuyên Quang,"Rice fields, Quốc lộ 2, Khu TĐC Bình Vàng, Xã Vị Xuyên, Tỉnh Tuyên Quang, Việt Nam",None,None,greengrocer,22.7023989,105.0022193
None,travel_agency,Tuyên Quang,"Đường 19 Tháng 5, Nguyễn Trãi, Hà Giang, Phường Hà Giang 1, Tỉnh Tuyên Quang, 20152, Việt Nam",None,None,travel_agency,22.8169939,104.9783681
Ngọc hội,outdoor,Tuyên Quang,"Ngọc hội, Đường Võ Nguyên Giáp, Vĩnh Lộc, Xã Chiêm Hóa, Tỉnh Tuyên Quang, Việt Nam",None,None,outdoor,22.1507859,105.2678668
Mechanic,car_repair,Tuyên Quang,"Mechanic, TL 181, Oửa Oải, Sáng Pá, Xã Lùng Tám, Tỉnh Tuyên Quang, Việt Nam",None,None,car_repair,22.9807848,105.0957025
Áo Cưới Tâm Studio,photo,Tuyên Quang,"176, Tuyên Quang",None,None,photo,22.1441624,105.2594384
Du lịch Tầm Nhìn Mở,travel_agency,Tuyên Quang,"Du lịch Tầm Nhìn Mở, Đường Quyết Thắng, Ngọc Hà, Phường Hà Giang 2, Tỉnh Tuyên Quang, 20152, Việt Nam",None,None,travel_agency,22.8368647,105.0123516
Shop thời trang Tiến Quý,clothes,Tuyên Quang,"315, Nguyễn Thái Học",None,None,clothes,22.831448,104.9875693
None,mobile_phone,Tuyên Quang,"Đường tỉnh 177, Cốc Pài, Xã Pà Vầy Sủ, Tỉnh Tuyên Quang, Việt Nam",None,None,mobile_phone,22.6897421,104.4635747
Thegioididong,mobile_phone,Tuyên Quang,"Thegioididong, Đường Hoàng Quyền, Vinh Quang, Xã Hoàng Su Phì, Tỉnh Tuyên Quang, Việt Nam",None,None,mobile_phone,22.7429349,104.6797862
None,hairdresser,Tuyên Quang,"Đường Hoàng Quyền, Vinh Quang, Xã Hoàng Su Phì, Tỉnh Tuyên Quang, Việt Nam",None,None,hairdresser,22.7427625,104.6793299
None,clothes,Tuyên Quang,"Đường Hoàng Quyền, Vinh Quang, Xã Hoàng Su Phì, Tỉnh Tuyên Quang, Việt Nam",None,None,clothes,22.7418574,104.6793984
None,clothes,Tuyên Quang,"Đường Hoàng Quyền, Vinh Quang, Xã Hoàng Su Phì, Tỉnh Tuyên Quang, Việt Nam",None,None,clothes,22.7423466,104.6795854
None,convenience,Tuyên Quang,"Đường tỉnh 177, Xã Nậm Dịch, Tỉnh Tuyên Quang, Việt Nam",None,None,convenience,22.6571417,104.7044073
None,hairdresser,Tuyên Quang,"Đường tỉnh 177, Xã Tân Quang, Tỉnh Tuyên Quang, Việt Nam",None,None,hairdresser,22.5271342,104.8392358
None,hairdresser,Tuyên Quang,"Phố Hải Thượng Lãn Ông, Minh Khai, Phường Hà Giang 2, Tỉnh Tuyên Quang, 20152, Việt Nam",None,None,hairdresser,22.8220556,104.9861435
None,hairdresser,Tuyên Quang,"Đường Minh Khai, Phường Hà Giang 2, Tỉnh Tuyên Quang, 20152, Việt Nam",None,None,hairdresser,22.8177953,104.9873668
None,hairdresser,Tuyên Quang,"Đường Minh Khai, Phường Hà Giang 2, Tỉnh Tuyên Quang, 20152, Việt Nam",None,None,hairdresser,22.8177033,104.9876974
None,convenience,Tuyên Quang,"Đường Cù Chính Lan, Minh Khai, Phường Hà Giang 2, Tỉnh Tuyên Quang, 20152, Việt Nam",None,None,convenience,22.8176408,104.9878424
None,convenience,Tuyên Quang,"Đường Lý Tự Trọng, Minh Khai, Phường Hà Giang 2, Tỉnh Tuyên Quang, 20152, Việt Nam",None,None,convenience,22.8194913,104.9900718
T-132 store,shoes,Tuyên Quang,"T-132 store, Đường Minh Khai, Phường Hà Giang 2, Tỉnh Tuyên Quang, 20152, Việt Nam",None,None,shoes,22.8175906,104.9871971
None,hairdresser,Tuyên Quang,"Đường Nguyễn Thái Học, Minh Khai, Phường Hà Giang 2, Tỉnh Tuyên Quang, 20152, Việt Nam",None,None,hairdresser,22.822056,104.985183
None,convenience,Tuyên Quang,"Đường Lý Tự Trọng, Minh Khai, Phường Hà Giang 2, Tỉnh Tuyên Quang, 20152, Việt Nam",None,None,convenience,22.8205553,104.9903107
None,convenience,Tuyên Quang,"Phố Nguyễn Chí Thanh, Minh Khai, Phường Hà Giang 2, Tỉnh Tuyên Quang, 20152, Việt Nam",None,None,convenience,22.8169434,104.9886948
None,convenience,Tuyên Quang,"Đường Nguyễn Văn Cừ, Minh Khai, Phường Hà Giang 2, Tỉnh Tuyên Quang, 20152, Việt Nam",None,None,convenience,22.8254914,104.9873333
Thegioididong,mobile_phone,Tuyên Quang,"Thegioididong, Ngô 19, Phắc Nghè, Xã Yên Minh, Tỉnh Tuyên Quang, Việt Nam",None,None,mobile_phone,23.1187336,105.1401123
Hùng Lan,clothes,Tuyên Quang,"Hùng Lan, Đường Trần Hưng Đạo, Phắc Nghè, Đầu Cầu, Xã Yên Minh, Tỉnh Tuyên Quang, Việt Nam",None,None,clothes,23.1194318,105.1392924
Honda Đức Hải,motorcycle,Tuyên Quang,"Honda Đức Hải, Đường Trần Hưng Đạo, Phắc Nghè, Đầu Cầu, Xã Yên Minh, Tỉnh Tuyên Quang, Việt Nam",None,None,motorcycle,23.1194064,105.1394762
None,hairdresser,Tuyên Quang,"Đường nguyên Nguyên Thái Học, Nà Mạ, Xã Yên Minh, Tỉnh Tuyên Quang, Việt Nam",None,None,hairdresser,23.1197493,105.1371707
None,mobile_phone,Tuyên Quang,"Đường Thống Nhất, Xã Yên Minh, Tỉnh Tuyên Quang, Việt Nam",None,None,mobile_phone,23.1168105,105.1420646
None,hairdresser,Tuyên Quang,"Đường Trần Hưng Đạo, Phắc Nghè, Đầu Cầu, Xã Yên Minh, Tỉnh Tuyên Quang, Việt Nam",None,None,hairdresser,23.1174373,105.1429843
None,hairdresser,Tuyên Quang,"Đường Trần Hưng Đạo, Phắc Nghè, Đầu Cầu, Xã Yên Minh, Tỉnh Tuyên Quang, Việt Nam",None,None,hairdresser,23.1178435,105.1452623
None,convenience,Tuyên Quang,"Đường Trần Hưng Đạo, Phắc Nghè, Đầu Cầu, Xã Yên Minh, Tỉnh Tuyên Quang, Việt Nam",None,None,convenience,23.1175992,105.1458146
None,convenience,Tuyên Quang,"Quốc lộ 4C, nan vin, Xã Quản Bạ, Tỉnh Tuyên Quang, Việt Nam",None,None,convenience,23.0715856,105.0168488
a coffee,beverages,Tuyên Quang,"a coffee, Nguyễn Trãi, Xã Đồng Văn, Tỉnh Tuyên Quang, Việt Nam",None,None,beverages,23.2787394,105.361656
None,ticket,Tuyên Quang,"Đường cột cờ quốc gia, Cẳng Tằng, Xã Lũng Cú, Tỉnh Tuyên Quang, Việt Nam",None,None,ticket,23.3624968,105.316169
None,convenience,Tuyên Quang,"Quốc lộ 4C, Xã Niêm Sơn, Tỉnh Tuyên Quang, Việt Nam",None,None,convenience,23.008728,105.4834933
Cương hằng photocoppy,copyshop,Tuyên Quang,TL 178,None,None,copyshop,22.656136,104.7051781
None,butcher,Tuyên Quang,"Small Meat Market, Đường Nguyễn Trãi, Nguyễn Trãi, Hà Giang, Phường Hà Giang 1, Tỉnh Tuyên Quang, 20152, Việt Nam",None,None,butcher,22.8206268,104.9817756
None,bakery,Tuyên Quang,"Đường Trần Phú, Minh Khai, Phường Hà Giang 2, Tỉnh Tuyên Quang, 20152, Việt Nam",None,None,bakery,22.8229822,104.9876248
Duc Truyen,bakery,Tuyên Quang,Trần Phú,None,None,bakery,22.822955,104.9878561
None,convenience,Tuyên Quang,"Đường 3 Tháng 2, Quyết Tiến, Quán Xín Ngài, Xã Đồng Văn, Tỉnh Tuyên Quang, Việt Nam",None,None,convenience,23.2780871,105.3611656
None,convenience,Tuyên Quang,"Meo Vac Night Market, Đường Lộc Viễn Tài, Xã Mèo Vạc, Tỉnh Tuyên Quang, Việt Nam",None,None,convenience,23.1646265,105.4084022
None,supermarket,Tuyên Quang,"Đường Nguyễn Du, Xã Mèo Vạc, Tỉnh Tuyên Quang, Việt Nam",None,None,supermarket,23.1637139,105.4090831
king roti,bakery,Tuyên Quang,"king roti, Đường Trần Phú, Minh Khai, Phường Hà Giang 2, Tỉnh Tuyên Quang, 20152, Việt Nam",None,None,bakery,22.8235412,104.9878286
None,car_repair,Tuyên Quang,"Quốc lộ 4C, Đầu Cầu, Lao Và Chải, Xã Yên Minh, Tỉnh Tuyên Quang, Việt Nam",None,None,car_repair,23.1206225,105.0915473
None,car_repair,Tuyên Quang,"Quốc lộ 4C, Đầu Cầu, Lao Và Chải, Xã Yên Minh, Tỉnh Tuyên Quang, Việt Nam",None,None,car_repair,23.1272937,105.0836843
None,car_repair,Tuyên Quang,"TL 176, Xã Minh Sơn, Tỉnh Tuyên Quang, Việt Nam",None,None,car_repair,22.8393699,105.249623
Grocerystore,greengrocer,Tuyên Quang,"Grocerystore, Đường Lâm Đồng, Vinh Quang, Xã Hoàng Su Phì, Tỉnh Tuyên Quang, Việt Nam",None,None,greengrocer,22.7424766,104.6801447
None,beverages,Tuyên Quang,"Quốc lộ 2, Xã Thái Sơn, Tỉnh Tuyên Quang, Việt Nam",None,None,beverages,22.0007866,105.088704
good Bahn mi,bakery,Tuyên Quang,"good Bahn mi, Đường Trần Hưng Đạo, Phắc Nghè, Đầu Cầu, Xã Yên Minh, Tỉnh Tuyên Quang, Việt Nam",None,None,bakery,23.1189064,105.152954
30k,ticket,Tuyên Quang,"30k, Quốc lộ 4C, Chợ Kem, Xã Cán Tỷ, Tỉnh Tuyên Quang, Việt Nam",None,None,ticket,23.0788636,105.0201098
None,clothes,Tuyên Quang,"Đường Nguyễn Thái Học, Minh Khai, Phường Hà Giang 2, Tỉnh Tuyên Quang, 20152, Việt Nam",None,None,clothes,22.8224609,104.9851681
None,bakery,Tuyên Quang,"Bread and Cake Bakery, Đường Nguyễn Trãi, Nguyễn Trãi, Hà Giang, Phường Hà Giang 1, Tỉnh Tuyên Quang, 20152, Việt Nam",None,None,bakery,22.8212872,104.9818674
Công ty du lịch Vision Travel,travel_agency,Tuyên Quang,"N.69, Lane 487, Đường Lý Thường Kiệt, Hà Giang, 310000",None,None,travel_agency,22.8387815,105.0119813
smala marcket,supermarket,Tuyên Quang,"smala marcket, Quốc lộ 4C, Xã Phố Bảng, Tỉnh Tuyên Quang, Việt Nam",None,None,supermarket,23.1921111,105.1934069
Giầy Da Vũ Ngọc,shoes,Tuyên Quang,"282, Quốc lộ 2C",None,None,shoes,22.8188974,104.9811551
None,motorcycle,Tuyên Quang,"Qt motorbike, Đường Tránh Thành phố Hà Giang, Phương Thiện, Hà Giang, Phường Hà Giang 1, Tỉnh Tuyên Quang, 20152, Việt Nam",None,None,motorcycle,22.8058967,104.9753449
None,motorcycle,Tuyên Quang,"Đường 3 Tháng 2, Quyết Tiến, Quán Xín Ngài, Xã Đồng Văn, Tỉnh Tuyên Quang, Việt Nam",None,None,motorcycle,23.2771828,105.3585127
None,bakery,Tuyên Quang,"Bread Bakery, Đường Trần Phú, Tam Sơn, Xã Quản Bạ, Tỉnh Tuyên Quang, Việt Nam",None,None,bakery,23.0658517,104.9956744
None,convenience,Tuyên Quang,"Convenience Store, Đường Lý Tự Trọng, Trần Phú, Phường Hà Giang 2, Tỉnh Tuyên Quang, 20152, Việt Nam",None,None,convenience,22.8258833,104.9889015
Truong Thuy,motorcycle,Tuyên Quang,Tran Phu,None,None,motorcycle,22.820681,104.9872481
None,motorcycle,Tuyên Quang,Nguyễn Thái Học,None,None,motorcycle,22.8288374,104.9857165
Bui Thi Thanh,bakery,Tuyên Quang,"53, Lê Hồng Phong",None,None,bakery,22.825512,104.9884587
Manh Xam,tattoo,Tuyên Quang,"328B, Minh Khai",None,None,tattoo,22.8211237,104.9819377
None,motorcycle,Tuyên Quang,Minh Khai,None,None,motorcycle,22.8168865,104.9877084
Tiem Banh Mit,bakery,Tuyên Quang,"85M, Nguyễn Thái Học",None,None,bakery,22.8223772,104.9851225
None,motorcycle,Tuyên Quang,"Honda Service, Đường Trần Hưng Đạo, Phắc Nghè, Đầu Cầu, Xã Yên Minh, Tỉnh Tuyên Quang, Việt Nam",None,None,motorcycle,23.1191636,105.1395842
phuong spa,massage,Tuyên Quang,"phuong spa, Đường Nguyễn Trãi, Nguyễn Trãi, Hà Giang, Phường Hà Giang 1, Tỉnh Tuyên Quang, 20152, Việt Nam",None,None,massage,22.8252913,104.9838862
None,copyshop,Tuyên Quang,"Đường Nguyễn Trãi, Nguyễn Trãi, Hà Giang, Phường Hà Giang 1, Tỉnh Tuyên Quang, 20152, Việt Nam",None,None,copyshop,22.8252265,104.983997
None,hairdresser,Tuyên Quang,"Đường Nguyễn Trãi, Nguyễn Trãi, Hà Giang, Phường Hà Giang 1, Tỉnh Tuyên Quang, 20152, Việt Nam",None,None,hairdresser,22.8245588,104.9838129
None,copyshop,Tuyên Quang,"Đường Nguyễn Trãi, Nguyễn Trãi, Hà Giang, Phường Hà Giang 1, Tỉnh Tuyên Quang, 20152, Việt Nam",None,None,copyshop,22.8232218,104.983469
None,greengrocer,Tuyên Quang,"Đường Nguyễn Trãi, Nguyễn Trãi, Hà Giang, Phường Hà Giang 1, Tỉnh Tuyên Quang, 20152, Việt Nam",None,None,greengrocer,22.822054,104.9825277
None,variety_store,Tuyên Quang,"Đường Minh Khai, Minh Khai, Phường Hà Giang 2, Tỉnh Tuyên Quang, 20152, Việt Nam",None,None,variety_store,22.8182725,104.9863934
None,stationery,Tuyên Quang,"Đường Trần Hưng Đạo, Nguyễn Trãi, Hà Giang, Phường Hà Giang 1, Tỉnh Tuyên Quang, 20152, Việt Nam",None,None,stationery,22.8299695,104.9826962
None,car_parts,Tuyên Quang,"Đường Nguyễn Trãi, Nguyễn Trãi, Hà Giang, Phường Hà Giang 1, Tỉnh Tuyên Quang, 20152, Việt Nam",None,None,car_parts,22.823268,104.9834909
None,hairdresser,Tuyên Quang,"Đường Nguyễn Trãi, Nguyễn Trãi, Hà Giang, Phường Hà Giang 1, Tỉnh Tuyên Quang, 20152, Việt Nam",None,None,hairdresser,22.8225237,104.9829393
None,supermarket,Tuyên Quang,"Phố Phó Đức Chính, Trần Phú, Phường Hà Giang 2, Tỉnh Tuyên Quang, 20152, Việt Nam",None,None,supermarket,22.8325095,104.9865132
None,bakery,Tuyên Quang,"Đường Nguyễn Trãi, Nguyễn Trãi, Hà Giang, Phường Hà Giang 1, Tỉnh Tuyên Quang, 20152, Việt Nam",None,None,bakery,22.8240899,104.9836542
spa,beauty,Tuyên Quang,"spa, Đường Nguyễn Trãi, Nguyễn Trãi, Hà Giang, Phường Hà Giang 1, Tỉnh Tuyên Quang, 20152, Việt Nam",None,None,beauty,22.8238499,104.983633
None,copyshop,Tuyên Quang,"Đường Nguyễn Trãi, Nguyễn Trãi, Hà Giang, Phường Hà Giang 1, Tỉnh Tuyên Quang, 20152, Việt Nam",None,None,copyshop,22.8230083,104.9831901
None,car_repair,Tuyên Quang,"Đường Nguyễn Trãi, Nguyễn Trãi, Hà Giang, Phường Hà Giang 1, Tỉnh Tuyên Quang, 20152, Việt Nam",None,None,car_repair,22.8226452,104.9829507
None,books,Tuyên Quang,"Phố Yên Biên, Trần Phú, Phường Hà Giang 2, Tỉnh Tuyên Quang, 20152, Việt Nam",None,None,books,22.8315549,104.9858314
None,mobile_phone,Tuyên Quang,"Đường Nguyễn Trãi, Nguyễn Trãi, Hà Giang, Phường Hà Giang 1, Tỉnh Tuyên Quang, 20152, Việt Nam",None,None,mobile_phone,22.8231806,104.9834308
None,motorcycle_repair,Tuyên Quang,"Motorbike mechanic, Quốc lộ 4C, Xã Bạch Đích, Tỉnh Tuyên Quang, Việt Nam",None,None,motorcycle_repair,23.1671724,105.0573651
None,motorcycle,Tuyên Quang,"motorbike mechanic, Đường tỉnh 176, Lung Phin, Xã Lũng Phìn, Tỉnh Tuyên Quang, Việt Nam",None,None,motorcycle,23.113292,105.2596664
None,confectionery,Tuyên Quang,"small shop, Đường tỉnh 176, Lung Phin, Xã Lũng Phìn, Tỉnh Tuyên Quang, Việt Nam",None,None,confectionery,23.1132606,105.2595949
None,motorcycle_repair,Tuyên Quang,"Đường Lý Tự Trọng, Trần Phú, Phường Hà Giang 2, Tỉnh Tuyên Quang, 20152, Việt Nam",None,None,motorcycle_repair,22.8296131,104.9903536
None,convenience,Tuyên Quang,"English speaking kiosk, TL 178, Xã Quang Bình, Tỉnh Tuyên Quang, Việt Nam",None,None,convenience,22.4752985,104.5585987
Ovocny trh,department_store,Tuyên Quang,"Ovocny trh, Đường Nguyễn Thái Học, Trần Phú, Phường Hà Giang 2, Tỉnh Tuyên Quang, 20152, Việt Nam",None,None,department_store,22.8325345,104.9866311
PNJ,jewelry,Tuyên Quang,"PNJ, Phố Đặng Thuỳ Trâm, Phường Minh Xuân, Tỉnh Tuyên Quang, Việt Nam",None,None,jewelry,21.818915,105.205262
None,convenience,Tuyên Quang,"Grocery, Đường tỉnh 177, Xã Tân Quang, Tỉnh Tuyên Quang, Việt Nam",None,None,convenience,22.4959479,104.8744707
Ding Tea,beverages,Tuyên Quang,"Ding Tea, Đường Nguyễn Thái Học, Minh Khai, Phường Hà Giang 2, Tỉnh Tuyên Quang, 20152, Việt Nam",None,None,beverages,22.8255904,104.9859974
None,supermarket,Tuyên Quang,"Meo Vac Market, Đường Lộc Viễn Tài, Xã Mèo Vạc, Tỉnh Tuyên Quang, Việt Nam",None,None,supermarket,23.1647145,105.4090324
None,supermarket,Tuyên Quang,"San Phin Market (every 6th day), Quốc lộ 4C, Đoàn Kết, Sủng Là, Xã Sà Phìn, Tỉnh Tuyên Quang, Việt Nam",None,None,supermarket,23.2592559,105.2651712
None,motorcycle_repair,Tuyên Quang,"Quốc lộ 4C, Xã Tát Ngà, Tỉnh Tuyên Quang, Việt Nam",None,None,motorcycle_repair,23.1066743,105.4307044
Bong motorbike rental,motorcycle,Tuyên Quang,"61, Minh Khai, 310000",None,None,motorcycle,22.8186195,104.9858461
None,car_repair,Tuyên Quang,"For repairing motorbike tires, ĐT.182B, Giàng Xì Tủng, Khia Lía, Xã Đồng Văn, Tỉnh Tuyên Quang, Việt Nam",None,None,car_repair,23.2863231,105.3126343
Ha Giang Loop Tour,travel_agency,Tuyên Quang,"10, Đường Quyết Thắng, Hà Giang, 310000",None,None,travel_agency,22.8372564,105.01257
None,pet,Tuyên Quang,"Đường Nguyễn Thái Học, Trần Phú, Phường Hà Giang 2, Tỉnh Tuyên Quang, 20152, Việt Nam",None,None,pet,22.8321235,104.9866653
None,car_repair,Tuyên Quang,"Pro mechanic!, Quốc lộ 4C, Xã Phố Bảng, Tỉnh Tuyên Quang, Việt Nam",None,None,car_repair,23.1948733,105.1914383
None,car_repair,Tuyên Quang,"Mechanic, Quốc lộ 4C, Xã Yên Minh, Tỉnh Tuyên Quang, Việt Nam",None,None,car_repair,23.1230648,105.16463
Good sugar cane,beverages,Tuyên Quang,"Good sugar cane, Quốc lộ 4C, Sín Sỏi Hồ, Xã Cán Tỷ, Tỉnh Tuyên Quang, Việt Nam",None,None,beverages,23.0843719,105.037526
Sugar cane,beverages,Tuyên Quang,"Sugar cane, TL 176, Xã Mậu Duệ, Tỉnh Tuyên Quang, Việt Nam",None,None,beverages,23.0638174,105.2282381
None,kiosk,Tuyên Quang,"Quốc lộ 4C, Đầu Cầu, Lao Và Chải, Xã Yên Minh, Tỉnh Tuyên Quang, Việt Nam",None,None,kiosk,23.1271093,105.0837005
None,car_repair,Tuyên Quang,"Quốc lộ 4C, Xã Mèo Vạc, Tỉnh Tuyên Quang, Việt Nam",None,None,car_repair,23.1990921,105.410458
None,car_repair,Tuyên Quang,"Đường tỉnh 176, Lung Phin, Xã Mậu Duệ, Tỉnh Tuyên Quang, Việt Nam",None,None,car_repair,23.0663107,105.2350817
None,convenience,Tuyên Quang,"Groceries, Beer, Coffee, Quốc lộ 4C, Xã Quản Bạ, Tỉnh Tuyên Quang, Việt Nam",None,None,convenience,23.044915,105.0135987
yamaha,motorcycle,Tuyên Quang,"yamaha, Quốc lộ 4C, Xã Mèo Vạc, Tỉnh Tuyên Quang, Việt Nam",None,None,motorcycle,23.1656089,105.4095856
Xe maý cho thuê,motorcycle,Tuyên Quang,"113a, Nguyễn Trãi, 20000",None,None,motorcycle,22.8130639,104.9801978
None,bakery,Tuyên Quang,"DT.183, Xã Xuân Giang, Tỉnh Tuyên Quang, Việt Nam",None,None,bakery,22.3203739,104.6668396
None,hairdresser,Tuyên Quang,"Giang Hair Nail-Mi, Quốc lộ 4C, Xã Minh Tân, Tỉnh Tuyên Quang, Việt Nam",None,None,hairdresser,22.9591142,104.9485243
Lũng Phìn Market,supermarket,Tuyên Quang,"Lũng Phìn Market, Đường tỉnh 176, Lung Phin, Xã Lũng Phìn, Tỉnh Tuyên Quang, Việt Nam",None,None,supermarket,23.1509616,105.305485
Thực Decal - xe máy - Motorbike Parts Accessories,motorcycle,Tuyên Quang,"120, Nguyễn Trãi",None,None,motorcycle,22.8172371,104.9810199
None,ticket,Tuyên Quang,"Village, Quốc lộ 4C, nan vin, Xã Quản Bạ, Tỉnh Tuyên Quang, Việt Nam",None,None,ticket,23.0710114,105.0165829
Duc do,motorcycle,Tuyên Quang,"Duc do, Đường 3 Tháng 2, Quyết Tiến, Quán Xín Ngài, Xã Đồng Văn, Tỉnh Tuyên Quang, Việt Nam",None,None,motorcycle,23.2770194,105.3560192
Honda,motorcycle,Tuyên Quang,"Honda, Đường Nguyễn Trãi, Mè Thượng, Nguyễn Trãi, Hà Giang, Phường Hà Giang 1, Tỉnh Tuyên Quang, 20152, Việt Nam",None,None,motorcycle,22.8174174,104.980874
Phoenix Center,supermarket,Tuyên Quang,"Phoenix Center, Đường Minh Khai, Minh Khai, Phường Hà Giang 2, Tỉnh Tuyên Quang, 20152, Việt Nam",None,None,supermarket,22.8191164,104.9845623
Thaco Ha Giang,car,Tuyên Quang,"Thaco Ha Giang, Đường Tránh Thành phố Hà Giang, Phương Thiện, Hà Giang, Phường Hà Giang 1, Tỉnh Tuyên Quang, 20152, Việt Nam",None,None,car,22.804055,104.9767484
None,gift,Tuyên Quang,"Đường cột cờ quốc gia, Cẳng Tằng, Thèn Pả, Xã Lũng Cú, Tỉnh Tuyên Quang, Việt Nam",None,None,gift,23.3601854,105.3163536
Lại Tiến Thành,department_store,Tuyên Quang,"53, Tân hà",None,None,department_store,21.8282992,105.2112262
J-Mart Hàng Nhật Nội Địa,supermarket,Tuyên Quang,"39, Tô Vĩnh Diện, Ha Giang, 20152",None,None,supermarket,22.8188905,104.985224
kanion 120k,ticket,Tuyên Quang,"kanion 120k, Quốc lộ 4C, Xã Mèo Vạc, Tỉnh Tuyên Quang, Việt Nam",None,None,ticket,23.2225153,105.4428718
None,beauty,Tuyên Quang,dt190: Dương Thị soài,None,None,beauty,22.1928387,105.3315232
None,convenience,Tuyên Quang,dt19: hkd nguyễn hồng giang,None,None,convenience,22.1913201,105.3302828
None,electronics,Tuyên Quang,"2, dt190 bùi mạnh Tuấn",None,None,electronics,22.1910899,105.3301474
None,convenience,Tuyên Quang,"0, đt 190 Nguyễn Thị hằng",None,None,convenience,22.1890026,105.3269774
None,convenience,Tuyên Quang,đường quốc lộ đt 190 vũ Trung Tuấn,None,None,convenience,22.1895418,105.3275822
None,photo,Tuyên Quang,đt 190 hà đức cường,None,None,photo,22.1895362,105.3276446
None,hairdresser,Tuyên Quang,đt 190 đào quốc kỳ,None,None,hairdresser,22.1896289,105.3289949
None,convenience,Tuyên Quang,dt190: lê thị bích,None,None,convenience,22.1902653,105.3294421
None,beverages,Tuyên Quang,mỏ. karaoke thành Nga,None,None,beverages,22.1894994,105.3298569
None,convenience,Tuyên Quang,cổng mỏ. hoàng thị hải yến,None,None,convenience,22.1895698,105.3303707
None,hairdresser,Tuyên Quang,mỏ. Tiến Cường,None,None,hairdresser,22.1900269,105.3308537
None,convenience,Tuyên Quang,mỏ . cửa hàng Nguyễn Hữu Kiên,None,None,convenience,22.1901291,105.3315661
None,convenience,Tuyên Quang,mỏ: đoàn thị phi ( phi hào),None,None,convenience,22.1900823,105.3320811
None,hairdresser,Tuyên Quang,"5000805275, mỏ: phạm thị huyền",None,None,hairdresser,22.1901321,105.3321787
None,convenience,Tuyên Quang,mỏ : vũ thị dương,None,None,convenience,22.1909741,105.3355025
None,convenience,Tuyên Quang,"Quốc lộ 4C, Xã Tát Ngà, Tỉnh Tuyên Quang, Việt Nam",None,None,convenience,23.0741167,105.4232666
None,travel_agency,Tuyên Quang,"Tbus Agency, Đường Tránh Thành phố Hà Giang, Phương Thiện, Hà Giang, Phường Hà Giang 1, Tỉnh Tuyên Quang, 20152, Việt Nam",None,None,travel_agency,22.8050699,104.9765887
None,kiosk,Tuyên Quang,"TL 176, Xã Du Già, Tỉnh Tuyên Quang, 20318, Việt Nam",None,None,kiosk,22.9403446,105.1985526
None,kiosk,Tuyên Quang,"TL 176, Xã Du Già, Tỉnh Tuyên Quang, 20318, Việt Nam",None,None,kiosk,22.9405524,105.1980619
None,kiosk,Tuyên Quang,"TL 176, Xã Du Già, Tỉnh Tuyên Quang, 20318, Việt Nam",None,None,kiosk,22.9396079,105.1999466
None,kiosk,Tuyên Quang,"TL 176, Xã Du Già, Tỉnh Tuyên Quang, 20318, Việt Nam",None,None,kiosk,22.9363676,105.2058121
trại rau,greengrocer,Tuyên Quang,"trại rau, QL.37, Xã Sơn Dương, Tỉnh Tuyên Quang, Việt Nam",None,None,greengrocer,21.6687756,105.4303743
None,supermarket,Tuyên Quang,"Nguyễn Trãi, Xã Đồng Văn, Tỉnh Tuyên Quang, Việt Nam",None,None,supermarket,23.2791436,105.3612306
None,travel_agency,Tuyên Quang,"Lý Thường Kiệt, Xã Đồng Văn, Tỉnh Tuyên Quang, Việt Nam",None,None,travel_agency,23.3018455,105.3673111
None,travel_agency,Tuyên Quang,"Quốc lộ 4C, Xóm Mới, Thình Lũng, Xã Đồng Văn, Tỉnh Tuyên Quang, Việt Nam",None,None,travel_agency,23.2636414,105.3767348
Honda Linh lực,motorcycle_repair,Tuyên Quang,"Honda Linh lực, Đường Tân Trào, Xã Sơn Dương, Tỉnh Tuyên Quang, Việt Nam",None,None,motorcycle_repair,21.6970411,105.3914326
None,motorcycle,Tuyên Quang,"Style Motorbikes Ha Giang, Đường Hoàng Hữu Chuyên, Châng, Chiến Thắng, Hà Giang, Phường Hà Giang 1, Tỉnh Tuyên Quang, 20152, Việt Nam",None,None,motorcycle,22.7995312,104.9777231
None,kiosk,Tuyên Quang,"TL 181, Oửa Oải, Sáng Pá, Xã Đường Thượng, Tỉnh Tuyên Quang, Việt Nam",None,None,kiosk,22.9718174,105.1421882
None,supermarket,Tuyên Quang,"TL 176, Xã Du Già, Tỉnh Tuyên Quang, 20318, Việt Nam",None,None,supermarket,22.9323136,105.2235386
None,hairdresser,Tuyên Quang,"TL 176, Xã Du Già, Tỉnh Tuyên Quang, 20318, Việt Nam",None,None,hairdresser,22.9323487,105.2239713
None,supermarket,Tuyên Quang,"TL 176, Xã Du Già, Tỉnh Tuyên Quang, 20318, Việt Nam",None,None,supermarket,22.9312064,105.222977
None,hairdresser,Tuyên Quang,"TL 176, Xã Du Già, Tỉnh Tuyên Quang, 20318, Việt Nam",None,None,hairdresser,22.9302578,105.2232071
None,clothes,Tuyên Quang,"TL 176, Xã Du Già, Tỉnh Tuyên Quang, 20318, Việt Nam",None,None,clothes,22.9322085,105.2231826
None,gift,Tuyên Quang,"Quốc lộ 4C, Xã Phố Bảng, Tỉnh Tuyên Quang, Việt Nam",None,None,gift,23.1694489,105.194898
None,supermarket,Tuyên Quang,"Quốc lộ 4C, Tam Sơn, Xã Minh Tân, Tỉnh Tuyên Quang, Việt Nam",None,None,supermarket,22.9943168,104.9478501
None,car_repair,Tuyên Quang,"Truong Thuy Motor, Đường Trần Phú, Minh Khai, Phường Hà Giang 2, Tỉnh Tuyên Quang, 20152, Việt Nam",None,None,car_repair,22.8212256,104.987376
None,grocery,Tuyên Quang,"Xã Thượng Sơn, Tỉnh Tuyên Quang, Việt Nam",None,None,grocery,22.6996252,104.8233342
None,grocery,Tuyên Quang,"Xã Thượng Sơn, Tỉnh Tuyên Quang, Việt Nam",None,None,grocery,22.6904861,104.8335313
None,grocery,Tuyên Quang,"Xã Thượng Sơn, Tỉnh Tuyên Quang, Việt Nam",None,None,grocery,22.6925751,104.8323341
None,grocery,Tuyên Quang,"Xã Thượng Sơn, Tỉnh Tuyên Quang, Việt Nam",None,None,grocery,22.7001918,104.8236132
None,grocery,Tuyên Quang,"Xã Tân Tiến, Tỉnh Tuyên Quang, Việt Nam",None,None,grocery,22.7384581,104.7749016
None,grocery,Tuyên Quang,"Xã Tân Tiến, Tỉnh Tuyên Quang, Việt Nam",None,None,grocery,22.7383255,104.7748067
None,convenience,Tuyên Quang,"Xã Tân Tiến, Tỉnh Tuyên Quang, Việt Nam",None,None,convenience,22.744557,104.7624152
None,grocery,Tuyên Quang,"Xã Tân Tiến, Tỉnh Tuyên Quang, Việt Nam",None,None,grocery,22.7448583,104.7634898
None,car_repair,Tuyên Quang,"Đường tỉnh 177, Xã Tân Tiến, Tỉnh Tuyên Quang, Việt Nam",None,None,car_repair,22.7445373,104.7256083
None,grocery,Tuyên Quang,"Đường tỉnh 177, Xã Tân Tiến, Tỉnh Tuyên Quang, Việt Nam",None,None,grocery,22.7447068,104.7255296
None,grocery,Tuyên Quang,"Xã Tân Tiến, Tỉnh Tuyên Quang, Việt Nam",None,None,grocery,22.7447374,104.7626884
None,car_repair,Tuyên Quang,"Xã Tân Tiến, Tỉnh Tuyên Quang, Việt Nam",None,None,car_repair,22.7446167,104.7625056
None,beauty,Tuyên Quang,"Đường Trần Hưng Đạo, Phắc Nghè, Đầu Cầu, Xã Yên Minh, Tỉnh Tuyên Quang, Việt Nam",None,None,beauty,23.120284,105.1371656
None,clothes,Tuyên Quang,"Đường Trần Hưng Đạo, Phắc Nghè, Đầu Cầu, Xã Yên Minh, Tỉnh Tuyên Quang, Việt Nam",None,None,clothes,23.1198516,105.1382144
None,furniture,Tuyên Quang,"Đường Trần Hưng Đạo, Phắc Nghè, Đầu Cầu, Xã Yên Minh, Tỉnh Tuyên Quang, Việt Nam",None,None,furniture,23.1203455,105.1366335
None,convenience,Tuyên Quang,"Đường Trần Hưng Đạo, Phắc Nghè, Đầu Cầu, Xã Yên Minh, Tỉnh Tuyên Quang, Việt Nam",None,None,convenience,23.1202866,105.1367651
None,bicycle,Tuyên Quang,"Đường Trần Hưng Đạo, Phắc Nghè, Đầu Cầu, Xã Yên Minh, Tỉnh Tuyên Quang, Việt Nam",None,None,bicycle,23.1201966,105.1373699
None,convenience,Tuyên Quang,"Đường Trần Hưng Đạo, Phắc Nghè, Đầu Cầu, Xã Yên Minh, Tỉnh Tuyên Quang, Việt Nam",None,None,convenience,23.1209474,105.1356024
None,convenience,Tuyên Quang,"Đường Trần Hưng Đạo, Phắc Nghè, Đầu Cầu, Xã Yên Minh, Tỉnh Tuyên Quang, Việt Nam",None,None,convenience,23.1223131,105.1313146
None,convenience,Tuyên Quang,"Quốc lộ 2, Xã Vị Xuyên, Tỉnh Tuyên Quang, Việt Nam",None,None,convenience,22.7462821,104.990501
None,convenience,Tuyên Quang,"Quốc lộ 2, Xã Tân Quang, Tỉnh Tuyên Quang, Việt Nam",None,None,convenience,22.5279844,104.8886913
None,motorcycle_repair,Tuyên Quang,"Quốc lộ 2, Xã Vị Xuyên, Tỉnh Tuyên Quang, Việt Nam",None,None,motorcycle_repair,22.7559746,104.9977244
None,convenience,Tuyên Quang,"Quốc lộ 2, Xã Vị Xuyên, Tỉnh Tuyên Quang, Việt Nam",None,None,convenience,22.736623,104.9861146
None,convenience,Tuyên Quang,"Quốc lộ 2, Xã Vị Xuyên, Tỉnh Tuyên Quang, Việt Nam",None,None,convenience,22.7354084,104.9843961
None,convenience,Tuyên Quang,"Đường Trần Hưng Đạo, Nông trường Việt Lâm, Xã Vị Xuyên, Tỉnh Tuyên Quang, Việt Nam",None,None,convenience,22.631581,104.9669566
None,convenience,Tuyên Quang,"Đường Trần Hưng Đạo, Nông trường Việt Lâm, Xã Vị Xuyên, Tỉnh Tuyên Quang, Việt Nam",None,None,convenience,22.6278303,104.9606104
None,supermarket,Tuyên Quang,"Đường Trần Hưng Đạo, Nông trường Việt Lâm, Xã Vị Xuyên, Tỉnh Tuyên Quang, Việt Nam",None,None,supermarket,22.6257019,104.9576343
Stihl,hardware,Tuyên Quang,"Stihl, Quốc lộ 2, Xã Tân Quang, Tỉnh Tuyên Quang, Việt Nam",None,None,hardware,22.4954741,104.8751153
Chien Motor,motorcycle_repair,Tuyên Quang,"Chien Motor, Quốc lộ 4C, Đoàn Kết, Sủng Là, Xã Đồng Văn, Tỉnh Tuyên Quang, Việt Nam",None,None,motorcycle_repair,23.2715828,105.3215221
Sua Xe,motorcycle_repair,Tuyên Quang,"Sua Xe, Đường tỉnh 178, Cốc Pài, Xã Pà Vầy Sủ, Tỉnh Tuyên Quang, Việt Nam",None,None,motorcycle_repair,22.6814157,104.4621341
Yamaha,motorcycle_repair,Tuyên Quang,"Yamaha, Đường tỉnh 178, Cốc Pài, Xã Pà Vầy Sủ, Tỉnh Tuyên Quang, Việt Nam",None,None,motorcycle_repair,22.6781416,104.4627034
Honda head,motorcycle_repair,Tuyên Quang,"Honda head, Đường Trường Chinh, Việt Quang, Xã Bắc Quang, Tỉnh Tuyên Quang, Việt Nam",None,None,motorcycle_repair,22.4176507,104.8110903
Sua Xe,motorcycle_repair,Tuyên Quang,"Sua Xe, Đường tỉnh 178, Xã Nấm Dẩn, Tỉnh Tuyên Quang, Việt Nam",None,None,motorcycle_repair,22.6109115,104.4852119
Sua Xe,motorcycle_repair,Tuyên Quang,"Sua Xe, TL 178, Nà Chì, Xã Khuôn Lùng, Tỉnh Tuyên Quang, Việt Nam",None,None,motorcycle_repair,22.5195952,104.5049751
Sua Xe,motorcycle_repair,Tuyên Quang,"Sua Xe, Đường tỉnh 178, Cốc Pài, Xã Pà Vầy Sủ, Tỉnh Tuyên Quang, Việt Nam",None,None,motorcycle_repair,22.6729911,104.4620419
Sua Xe,motorcycle_repair,Tuyên Quang,"Sua Xe, TL 178, Nà Chì, Xã Khuôn Lùng, Tỉnh Tuyên Quang, Việt Nam",None,None,motorcycle_repair,22.5113744,104.5139116
None,fuel,Tuyên Quang,"Đường tỉnh 178, Xã Nấm Dẩn, Tỉnh Tuyên Quang, Việt Nam",None,None,fuel,22.6122467,104.4853472
Sua Xe,motorcycle_repair,Tuyên Quang,"Sua Xe, Đường Nguyễn Trãi, Khu TĐC Bình Vàng, Xã Vị Xuyên, Tỉnh Tuyên Quang, Việt Nam",None,None,motorcycle_repair,22.662838,104.9878363
Sua Xe,motorcycle_repair,Tuyên Quang,"Sua Xe, Đường tỉnh 178, Nà Chì, Xã Khuôn Lùng, Tỉnh Tuyên Quang, Việt Nam",None,None,motorcycle_repair,22.5364864,104.5123819
Sua Xe,motorcycle_repair,Tuyên Quang,"Sua Xe, Quốc lộ 279, Xã Tân Trịnh, Tỉnh Tuyên Quang, Việt Nam",None,None,motorcycle_repair,22.4104735,104.7545626
Sua Xe,motorcycle_repair,Tuyên Quang,"Sua Xe, Quốc lộ 2, Việt Quang, Xã Bắc Quang, Tỉnh Tuyên Quang, Việt Nam",None,None,motorcycle_repair,22.4201635,104.8298347
Honda head,motorcycle_repair,Tuyên Quang,"Honda head, Đường Nguyễn Trãi, Khu TĐC Bình Vàng, Xã Vị Xuyên, Tỉnh Tuyên Quang, Việt Nam",None,None,motorcycle_repair,22.6676115,104.9839167
Sua Xe,motorcycle_repair,Tuyên Quang,"Sua Xe, TL 178, Xã Quang Bình, Tỉnh Tuyên Quang, Việt Nam",None,None,motorcycle_repair,22.4777661,104.5566273
Yamaha town,motorcycle_repair,Tuyên Quang,"Yamaha town, Đường Nguyễn Trãi, Mè Thượng, Nguyễn Trãi, Hà Giang, Phường Hà Giang 1, Tỉnh Tuyên Quang, 20152, Việt Nam",None,None,motorcycle_repair,22.8056632,104.9785456
Yamaha town,motorcycle_repair,Tuyên Quang,"Yamaha town, Đường Nguyễn Trãi, Mè Thượng, Nguyễn Trãi, Hà Giang, Phường Hà Giang 1, Tỉnh Tuyên Quang, 20152, Việt Nam",None,None,motorcycle_repair,22.8083439,104.9788006
Sua Xe,motorcycle_repair,Tuyên Quang,"Sua Xe, Đường 20 Tháng 8, Phương Độ, Hà Giang, Phường Hà Giang 1, Tỉnh Tuyên Quang, 20152, Việt Nam",None,None,motorcycle_repair,22.8284865,104.9569034
Sua Xe,motorcycle_repair,Tuyên Quang,"Sua Xe, Under Construction, Xã Cao Bồ, Tỉnh Tuyên Quang, Việt Nam",None,None,motorcycle_repair,22.7454376,104.904744
Sua Xe,motorcycle_repair,Tuyên Quang,"Sua Xe, Under Construction, Xã Cao Bồ, Tỉnh Tuyên Quang, Việt Nam",None,None,motorcycle_repair,22.7465031,104.9073491
WinMart,supermarket,Tuyên Quang,"WinMart, Đường Nguyễn Trãi, Mè Thượng, Nguyễn Trãi, Hà Giang, Phường Hà Giang 1, Tỉnh Tuyên Quang, 20152, Việt Nam",None,None,supermarket,22.8142514,104.981384
Sua Xe,motorcycle_repair,Tuyên Quang,"Sua Xe, TL 176, Xã Đường Thượng, Tỉnh Tuyên Quang, 20318, Việt Nam",None,None,motorcycle_repair,22.9862656,105.2392957
Sua Xe,motorcycle_repair,Tuyên Quang,"Sua Xe, TL 176, Xã Mậu Duệ, Tỉnh Tuyên Quang, Việt Nam",None,None,motorcycle_repair,23.0642552,105.2238258
Sua Xe,motorcycle_repair,Tuyên Quang,"Sua Xe, Quốc lộ 4C, Thuận Hòa, Vị Xuyên, Hà Giang, Xã Thuận Hòa, Tỉnh Tuyên Quang, Việt Nam",None,None,motorcycle_repair,22.8762061,105.0013965
Sua Xe,motorcycle_repair,Tuyên Quang,"Sua Xe, Quốc lộ 4C, Thuận Hòa, Vị Xuyên, Hà Giang, Xã Thuận Hòa, Tỉnh Tuyên Quang, Việt Nam",None,None,motorcycle_repair,22.9070777,105.0060488
Sua Xe,motorcycle_repair,Tuyên Quang,"Sua Xe, TL 176, Xã Mậu Duệ, Tỉnh Tuyên Quang, Việt Nam",None,None,motorcycle_repair,23.0632569,105.2197248
Sua Xe,motorcycle_repair,Tuyên Quang,"Sua Xe, Quốc lộ 4C, Xã Yên Minh, Tỉnh Tuyên Quang, Việt Nam",None,None,motorcycle_repair,23.1643648,105.1869385
Sua Xe,motorcycle_repair,Tuyên Quang,"Sua Xe, TL 181, Oửa Oải, Sáng Pá, Xã Đường Thượng, Tỉnh Tuyên Quang, Việt Nam",None,None,motorcycle_repair,22.9755448,105.1647536
Sua Xe,motorcycle_repair,Tuyên Quang,"Sua Xe, Quốc lộ 4C, Đoàn Kết, Sủng Là, Xã Sà Phìn, Tỉnh Tuyên Quang, Việt Nam",None,None,motorcycle_repair,23.226959,105.2016253
Sua Xe,motorcycle_repair,Tuyên Quang,"Sua Xe, Quốc lộ 4C, Đoàn Kết, Sủng Là, Xã Sà Phìn, Tỉnh Tuyên Quang, Việt Nam",None,None,motorcycle_repair,23.2320048,105.2157252
None,fuel,Tuyên Quang,"TL 181, Oửa Oải, Sáng Pá, Xã Đường Thượng, Tỉnh Tuyên Quang, Việt Nam",None,None,fuel,22.983627,105.1986527
None,fuel,Tuyên Quang,"TL 176, Xã Đường Thượng, Tỉnh Tuyên Quang, 20318, Việt Nam",None,None,fuel,22.9895683,105.2358519
None,fuel,Tuyên Quang,"TL 181, Oửa Oải, Sáng Pá, Xã Đường Thượng, Tỉnh Tuyên Quang, Việt Nam",None,None,fuel,22.9753174,105.163698
Sua Xe,motorcycle_repair,Tuyên Quang,"Sua Xe, Quốc lộ 4C, Xã Yên Minh, Tỉnh Tuyên Quang, Việt Nam",None,None,motorcycle_repair,23.1319981,105.1688368
None,fuel,Tuyên Quang,"TL 181, Oửa Oải, Sáng Pá, Xã Đường Thượng, Tỉnh Tuyên Quang, Việt Nam",None,None,fuel,22.9757479,105.1667427
Sua Xe,motorcycle_repair,Tuyên Quang,"Sua Xe, TL 181, Oửa Oải, Sáng Pá, Xã Đường Thượng, Tỉnh Tuyên Quang, Việt Nam",None,None,motorcycle_repair,22.9769872,105.1719773
Sua Xe,motorcycle_repair,Tuyên Quang,"Sua Xe, Quốc lộ 4C, Đoàn Kết, Sủng Là, Xã Đồng Văn, Tỉnh Tuyên Quang, Việt Nam",None,None,motorcycle_repair,23.2567502,105.294593
None,fuel,Tuyên Quang,"TL 176, Xã Mậu Duệ, Tỉnh Tuyên Quang, Việt Nam",None,None,fuel,23.0300882,105.1937421
Sua Xe,motorcycle_repair,Tuyên Quang,"Sua Xe, Quốc lộ 4C, Xã Phố Bảng, Tỉnh Tuyên Quang, Việt Nam",None,None,motorcycle_repair,23.1857406,105.1966949
Sua Xe,motorcycle_repair,Tuyên Quang,"Sua Xe, Quốc lộ 4C, Đoàn Kết, Sủng Là, Xã Sà Phìn, Tỉnh Tuyên Quang, Việt Nam",None,None,motorcycle_repair,23.2315512,105.2121032
Sua Xe,motorcycle_repair,Tuyên Quang,"Sua Xe, TL 176, Xã Mậu Duệ, Tỉnh Tuyên Quang, Việt Nam",None,None,motorcycle_repair,23.0286966,105.2032432
None,fuel,Tuyên Quang,"TL 176, Xã Đường Thượng, Tỉnh Tuyên Quang, 20318, Việt Nam",None,None,fuel,22.9770892,105.240548
None,fuel,Tuyên Quang,"TL 181, Oửa Oải, Sáng Pá, Xã Lùng Tám, Tỉnh Tuyên Quang, Việt Nam",None,None,fuel,22.9811057,105.0977651
None,fuel,Tuyên Quang,"TL 181, Oửa Oải, Sáng Pá, Xã Lùng Tám, Tỉnh Tuyên Quang, Việt Nam",None,None,fuel,22.9805851,105.1409385
Sua Xe,motorcycle_repair,Tuyên Quang,"Sua Xe, TL 181, Oửa Oải, Sáng Pá, Xã Đường Thượng, Tỉnh Tuyên Quang, Việt Nam",None,None,motorcycle_repair,22.976151,105.1688215
Sua Xe,motorcycle_repair,Tuyên Quang,"Sua Xe, Quốc lộ 4C, Xã Phố Bảng, Tỉnh Tuyên Quang, Việt Nam",None,None,motorcycle_repair,23.1959221,105.1912507
Sua Xe,motorcycle_repair,Tuyên Quang,"Sua Xe, Quốc lộ 4C, Xã Phố Bảng, Tỉnh Tuyên Quang, Việt Nam",None,None,motorcycle_repair,23.2203824,105.1970007
None,gift,Tuyên Quang,"Quốc lộ 4C, Đoàn Kết, Sủng Là, Xã Sà Phìn, Tỉnh Tuyên Quang, Việt Nam",None,None,gift,23.2261899,105.2026934
10k,ticket,Tuyên Quang,"10k, Quốc lộ 4C, Đoàn Kết, Sủng Là, Xã Sà Phìn, Tỉnh Tuyên Quang, Việt Nam",None,None,ticket,23.2260945,105.2027686
Sua Xe,motorcycle_repair,Tuyên Quang,"Sua Xe, ĐH.15, Mã Sồ, Ma Lé, Xã Lũng Cú, Tỉnh Tuyên Quang, Việt Nam",None,None,motorcycle_repair,23.2795304,105.2744528
None,fuel,Tuyên Quang,"Đường Lũng Cú Mới, Cẳng Tằng, Thèn Pả, Lũng Cú, Xã Lũng Cú, Tỉnh Tuyên Quang, Việt Nam",None,None,fuel,23.3636751,105.3236192
None,fuel,Tuyên Quang,"Đường Lũng Cú Mới, Cẳng Tằng, Thèn Pả, Lũng Cú, Xã Lũng Cú, Tỉnh Tuyên Quang, Việt Nam",None,None,fuel,23.3545675,105.3128434
None,fuel,Tuyên Quang,"Đường cột cờ quốc gia, Cẳng Tằng, Lũng Cú, Xã Lũng Cú, Tỉnh Tuyên Quang, Việt Nam",None,None,fuel,23.361554,105.3155218
Sua Xe,motorcycle_repair,Tuyên Quang,"Sua Xe, ĐH.15, Mã Sồ, Ma Lé, Xã Lũng Cú, Tỉnh Tuyên Quang, Việt Nam",None,None,motorcycle_repair,23.2798368,105.2753813
Sua Xe,motorcycle_repair,Tuyên Quang,"Sua Xe, ĐH.15, Mã Sồ, Ma Lé, Xã Lũng Cú, Tỉnh Tuyên Quang, Việt Nam",None,None,motorcycle_repair,23.2945616,105.2941508
None,fuel,Tuyên Quang,"Quốc lộ 4C, Đoàn Kết, Sủng Là, Xã Sà Phìn, Tỉnh Tuyên Quang, Việt Nam",None,None,fuel,23.2601297,105.2652055
Sua Xe,motorcycle_repair,Tuyên Quang,"Sua Xe, Đường Lũng Cú Mới, Cẳng Tằng, Thèn Pả, Lũng Cú, Xã Lũng Cú, Tỉnh Tuyên Quang, Việt Nam",None,None,motorcycle_repair,23.3637408,105.3238823
Sua Xe,motorcycle_repair,Tuyên Quang,"Sua Xe, Đường cột cờ quốc gia, Ma Lé, Lèng Xảng, Ma Lé, Xã Lũng Cú, Tỉnh Tuyên Quang, Việt Nam",None,None,motorcycle_repair,23.30998,105.3004211
Sua Xe,motorcycle_repair,Tuyên Quang,"Sua Xe, Đường Lũng Cú Mới, Cẳng Tằng, Thèn Pả, Lũng Cú, Xã Lũng Cú, Tỉnh Tuyên Quang, Việt Nam",None,None,motorcycle_repair,23.354485,105.3126804
None,fuel,Tuyên Quang,"Đường cột cờ quốc gia, Ma Lé, Lèng Xảng, Ma Lé, Xã Lũng Cú, Tỉnh Tuyên Quang, Việt Nam",None,None,fuel,23.3528264,105.3105924
None,gift,Tuyên Quang,"Đường cột cờ quốc gia, Cẳng Tằng, Thèn Pả, Lũng Cú, Xã Lũng Cú, Tỉnh Tuyên Quang, Việt Nam",None,None,gift,23.3604929,105.3162677
Sua Xe,motorcycle_repair,Tuyên Quang,"Sua Xe, TL 217, Khau Vai, Xã Khâu Vai, Tỉnh Tuyên Quang, Việt Nam",None,None,motorcycle_repair,23.1068676,105.5030699
Sua Xe,motorcycle_repair,Tuyên Quang,"Sua Xe, Quốc lộ 4C, Xã Mèo Vạc, Tỉnh Tuyên Quang, Việt Nam",None,None,motorcycle_repair,23.2279248,105.4282203
Sua Xe,motorcycle_repair,Tuyên Quang,"Sua Xe, DH03, Xã Sơn Vĩ, Tỉnh Tuyên Quang, Việt Nam",None,None,motorcycle_repair,23.219593,105.4622001
Sua Xe,motorcycle_repair,Tuyên Quang,"Sua Xe, DH03, Xã Sơn Vĩ, Tỉnh Tuyên Quang, Việt Nam",None,None,motorcycle_repair,23.1996076,105.4967924
None,fuel,Tuyên Quang,"TL 217, Khau Vai, Xã Khâu Vai, Tỉnh Tuyên Quang, Việt Nam",None,None,fuel,23.1061732,105.503382
Sua Xe,motorcycle_repair,Tuyên Quang,"Sua Xe, DH03, Xã Sơn Vĩ, Tỉnh Tuyên Quang, Việt Nam",None,None,motorcycle_repair,23.2436514,105.4614433
Sua Xe,motorcycle_repair,Tuyên Quang,"Sua Xe, DH03, Xã Sơn Vĩ, Tỉnh Tuyên Quang, Việt Nam",None,None,motorcycle_repair,23.2229462,105.4571773
Sua Xe,motorcycle_repair,Tuyên Quang,"Sua Xe, Quốc lộ 4C, Xã Đồng Văn, Tỉnh Tuyên Quang, Việt Nam",None,None,motorcycle_repair,23.2429006,105.4096876
None,fuel,Tuyên Quang,"DH03, Xã Sơn Vĩ, Tỉnh Tuyên Quang, Việt Nam",None,None,fuel,23.2035259,105.4966369
None,fuel,Tuyên Quang,"Quốc lộ 4C, Xã Mèo Vạc, Tỉnh Tuyên Quang, Việt Nam",None,None,fuel,23.2244567,105.4420169
None,fuel,Tuyên Quang,"DH03, Xã Sơn Vĩ, Tỉnh Tuyên Quang, Việt Nam",None,None,fuel,23.199718,105.4974664
None,fuel,Tuyên Quang,"DH03, Xã Sơn Vĩ, Tỉnh Tuyên Quang, Việt Nam",None,None,fuel,23.2371378,105.4679964
Sua Xe,motorcycle_repair,Tuyên Quang,"Sua Xe, 217, Khau Vai, Xã Khâu Vai, Tỉnh Tuyên Quang, Việt Nam",None,None,motorcycle_repair,23.0855587,105.4892892
None,fuel,Tuyên Quang,"DH03, Xã Sơn Vĩ, Tỉnh Tuyên Quang, Việt Nam",None,None,fuel,23.230434,105.4884674
None,fuel,Tuyên Quang,"TL 217, Khau Vai, Xã Khâu Vai, Tỉnh Tuyên Quang, Việt Nam",None,None,fuel,23.1070706,105.5028848
Sua Xe,motorcycle_repair,Tuyên Quang,"Sua Xe, Đường tỉnh 176, Lung Phin, Xã Sủng Máng, Tỉnh Tuyên Quang, Việt Nam",None,None,motorcycle_repair,23.1734618,105.3542569
Sua Xe,motorcycle_repair,Tuyên Quang,"Sua Xe, DH01, Sà Phìn, Xã Sà Phìn, Tỉnh Tuyên Quang, Việt Nam",None,None,motorcycle_repair,23.2130867,105.2929905
Sua Xe,motorcycle_repair,Tuyên Quang,"Sua Xe, Đường tỉnh 176, Lung Phin, Xã Lũng Phìn, Tỉnh Tuyên Quang, Việt Nam",None,None,motorcycle_repair,23.1514476,105.3028545
Sua Xe,motorcycle_repair,Tuyên Quang,"Sua Xe, Đường tỉnh 176, Lung Phin, Xã Sủng Máng, Tỉnh Tuyên Quang, Việt Nam",None,None,motorcycle_repair,23.1736637,105.3537493
Sua Xe,motorcycle_repair,Tuyên Quang,"Sua Xe, Đường tỉnh 176, Lung Phin, Xã Lũng Phìn, Tỉnh Tuyên Quang, Việt Nam",None,None,motorcycle_repair,23.1473065,105.2971282
Sua Xe,motorcycle_repair,Tuyên Quang,"Sua Xe, Đường tỉnh 176, Lung Phin, Xã Lũng Phìn, Tỉnh Tuyên Quang, Việt Nam",None,None,motorcycle_repair,23.1023785,105.2529472
None,fuel,Tuyên Quang,"Đường tỉnh 176, Lung Phin, Xã Lũng Phìn, Tỉnh Tuyên Quang, Việt Nam",None,None,fuel,23.1514424,105.3036585
Sua Xe,motorcycle_repair,Tuyên Quang,"Sua Xe, DH01, Sà Phìn, Xã Sủng Máng, Tỉnh Tuyên Quang, Việt Nam",None,None,motorcycle_repair,23.1758827,105.3082129
Sua Xe,motorcycle_repair,Tuyên Quang,"Sua Xe, Đường tỉnh 176, Lung Phin, Xã Lũng Phìn, Tỉnh Tuyên Quang, Việt Nam",None,None,motorcycle_repair,23.1501914,105.3062472
Sua Xe,motorcycle_repair,Tuyên Quang,"Sua Xe, Đường tỉnh 176, Lung Phin, Xã Sủng Máng, Tỉnh Tuyên Quang, Việt Nam",None,None,motorcycle_repair,23.1701364,105.3301452
Sua Xe,motorcycle_repair,Tuyên Quang,"Sua Xe, Đường tỉnh 176, Lung Phin, Xã Lũng Phìn, Tỉnh Tuyên Quang, Việt Nam",None,None,motorcycle_repair,23.1483489,105.2976557
Sua Xe,motorcycle_repair,Tuyên Quang,"Sua Xe, DH01, Sà Phìn, Xã Sà Phìn, Tỉnh Tuyên Quang, Việt Nam",None,None,motorcycle_repair,23.2109635,105.2944555
Sua Xe,motorcycle_repair,Tuyên Quang,"Sua Xe, Đường tỉnh 176, Lung Phin, Xã Mậu Duệ, Tỉnh Tuyên Quang, Việt Nam",None,None,motorcycle_repair,23.0671542,105.244058
Sua Xe,motorcycle_repair,Tuyên Quang,"Sua Xe, Quốc lộ 4C, Niem Son, Xã Niêm Sơn, Tỉnh Tuyên Quang, Việt Nam",None,None,motorcycle_repair,23.035678,105.422527
None,fuel,Tuyên Quang,"Quốc lộ 4C, Niem Son, Xã Niêm Sơn, Tỉnh Tuyên Quang, Việt Nam",None,None,fuel,23.0355197,105.4228946
None,fuel,Tuyên Quang,"Quốc lộ 4C, Niem Son, Xã Niêm Sơn, Tỉnh Tuyên Quang, Việt Nam",None,None,fuel,23.0337994,105.4271531
Sua Xe,motorcycle_repair,Tuyên Quang,"Sua Xe, Quốc lộ 4C, Xã Tát Ngà, Tỉnh Tuyên Quang, Việt Nam",None,None,motorcycle_repair,23.0715836,105.4295614
None,fuel,Tuyên Quang,"Quốc lộ 4C, Xã Niêm Sơn, Tỉnh Tuyên Quang, Việt Nam",None,None,fuel,23.0087941,105.483299
Sua Xe,motorcycle_repair,Tuyên Quang,"Sua Xe, Quốc lộ 4C, Xã Niêm Sơn, Tỉnh Tuyên Quang, Việt Nam",None,None,motorcycle_repair,23.0107801,105.4821138
None,fuel,Tuyên Quang,"QL.280, Xã Đường Hồng, Tỉnh Tuyên Quang, Việt Nam",None,None,fuel,22.648936,105.4687542
Sua Xe,motorcycle_repair,Tuyên Quang,"Sua Xe, Quốc lộ 4C, Xã Niêm Sơn, Tỉnh Tuyên Quang, Việt Nam",None,None,motorcycle_repair,23.0086825,105.4830135
Sua Xe,motorcycle_repair,Tuyên Quang,"Sua Xe, Quốc lộ 279, Xá Thị, Xã Hồng Thái, Tỉnh Tuyên Quang, Việt Nam",None,None,motorcycle_repair,22.4657009,105.5335748
Sua Xe,motorcycle_repair,Tuyên Quang,"Sua Xe, QL.280, Thôm Luông, Xã Yên Hoa, Tỉnh Tuyên Quang, 22451, Việt Nam",None,None,motorcycle_repair,22.511795,105.4804922
None,fuel,Tuyên Quang,"Quốc lộ 4C, Xã Niêm Sơn, Tỉnh Tuyên Quang, Việt Nam",None,None,fuel,23.0556139,105.4230093
Sua Xe,motorcycle_repair,Tuyên Quang,"Sua Xe, QL.280, Xã Yên Cường, Tỉnh Tuyên Quang, Việt Nam",None,None,motorcycle_repair,22.6997815,105.388997
Sua Xe,motorcycle_repair,Tuyên Quang,"Sua Xe, Quốc lộ 4C, Niem Son, Xã Niêm Sơn, Tỉnh Tuyên Quang, Việt Nam",None,None,motorcycle_repair,23.0386531,105.4210404
Sua Xe,motorcycle_repair,Tuyên Quang,"Sua Xe, QL.280, Xã Đường Hồng, Tỉnh Tuyên Quang, Việt Nam",None,None,motorcycle_repair,22.6502444,105.4660552
Sua Xe,motorcycle_repair,Tuyên Quang,"Sua Xe, QL.3B, Pác Cốp, Xã Yên Lập, Tỉnh Tuyên Quang, 22351, Việt Nam",None,None,motorcycle_repair,22.2206335,105.3618286
Sua Xe,motorcycle_repair,Tuyên Quang,"Sua Xe, Đường Nguyễn Tất Thành, Xã Yên Lập, Tỉnh Tuyên Quang, Việt Nam",None,None,motorcycle_repair,22.2461386,105.3507933
Sua Xe,motorcycle_repair,Tuyên Quang,"Sua Xe, Quốc lộ 279, TT Na Hang, Na Hang, Xã Nà Hang, Tỉnh Tuyên Quang, Việt Nam",None,None,motorcycle_repair,22.3533316,105.3880346
Sua Xe,motorcycle_repair,Tuyên Quang,"Sua Xe, Đường Hoàng Thế Cao, Nà Mỏ, Xã Nà Hang, Tỉnh Tuyên Quang, Việt Nam",None,None,motorcycle_repair,22.370315,105.420279
None,fuel,Tuyên Quang,"Quốc lộ 279, Sơn Phú, Bản Dạ, Xã Hồng Thái, Tỉnh Tuyên Quang, Việt Nam",None,None,fuel,22.4012986,105.5009321
Sua Xe,motorcycle_repair,Tuyên Quang,"Sua Xe, Quốc lộ 279, Sơn Phú, Bản Dạ, Xã Hồng Thái, Tỉnh Tuyên Quang, Việt Nam",None,None,motorcycle_repair,22.4202653,105.5050121
Sua Xe,motorcycle_repair,Tuyên Quang,"Sua Xe, QL.3B, Pác Cốp, Xã Yên Lập, Tỉnh Tuyên Quang, Việt Nam",None,None,motorcycle_repair,22.2369415,105.3978983
Sua Xe,motorcycle_repair,Tuyên Quang,"Sua Xe, Đường Nguyễn Tất Thành, Xã Yên Lập, Tỉnh Tuyên Quang, 22351, Việt Nam",None,None,motorcycle_repair,22.2421749,105.3491609
Sua Xe,motorcycle_repair,Tuyên Quang,"Sua Xe, Quốc lộ 279, Sơn Phú, Bản Dạ, Xã Hồng Thái, Tỉnh Tuyên Quang, Việt Nam",None,None,motorcycle_repair,22.4010621,105.5009581
Sua Xe,motorcycle_repair,Tuyên Quang,"Sua Xe, QL.3B, Pác Cốp, Xã Yên Lập, Tỉnh Tuyên Quang, 22351, Việt Nam",None,None,motorcycle_repair,22.2190701,105.352327
Sua Xe,motorcycle_repair,Tuyên Quang,"Sua Xe, Quốc lộ 279, Sơn Phú, Nà Mu, Xã Hồng Thái, Tỉnh Tuyên Quang, Việt Nam",None,None,motorcycle_repair,22.3787902,105.4683349
Quản Bạ,kiosk,Tuyên Quang,"Quản Bạ, Quốc lộ 4C, Tam Sơn, Xã Quản Bạ, Tỉnh Tuyên Quang, Việt Nam",None,None,kiosk,23.0584372,104.9966058
Nơi đăng ký và Bán vé,ticket,Tuyên Quang,"Nơi đăng ký và Bán vé, Đường cột cờ quốc gia, Cẳng Tằng, Thèn Pả, Lũng Cú, Xã Lũng Cú, Tỉnh Tuyên Quang, Việt Nam",None,None,ticket,23.3604666,105.3161182
None,convenience,Tuyên Quang,"Cho Bác Quang - local market, Đường Trường Chinh, Việt Quang, Xã Bắc Quang, Tỉnh Tuyên Quang, Việt Nam",None,None,convenience,22.4132044,104.808673
None,convenience,Tuyên Quang,"Đường cột cờ quốc gia, Cẳng Tằng, Thèn Pả, Lũng Cú, Xã Lũng Cú, Tỉnh Tuyên Quang, Việt Nam",None,None,convenience,23.3598562,105.3158046
Xe máy Ngọc Tâm,motorcycle,Tuyên Quang,"Xe máy Ngọc Tâm, Đường Lộc Viễn Tài, Xã Mèo Vạc, Tỉnh Tuyên Quang, Việt Nam",None,None,motorcycle,23.1655199,105.4080903
None,car_repair,Bắc Kạn,"Quốc lộ 3, Ba Hoi, Phường Đức Xuân, Tỉnh Thái Nguyên, Việt Nam",None,None,car_repair,22.1900131,105.8482449
None,bakery,Bắc Kạn,"ĐT.258, Na Tie, Xã Chợ Rã, Tỉnh Thái Nguyên, Việt Nam",None,None,bakery,22.4573014,105.73935
Lo Banh Mi Anh Tu,confectionery,Bắc Kạn,"Lo Banh Mi Anh Tu, Quốc lộ 3, Vân Tùng, Xã Ngân Sơn, Tỉnh Thái Nguyên, Việt Nam",None,None,confectionery,22.4284822,105.9968332
Đèo Gió,greengrocer,Bắc Kạn,"Đèo Gió, Quốc lộ 3, Vân Tùng, Xã Ngân Sơn, Tỉnh Thái Nguyên, Việt Nam",None,None,greengrocer,22.4205036,105.9648856
Ba Be Entrance,ticket,Bắc Kạn,"Ba Be Entrance, Quốc lộ 3C, Bản Vài, Xã Ba Bể, Tỉnh Thái Nguyên, 23000, Việt Nam",None,None,ticket,22.4191541,105.6372437
Ticket for Hua Ma Cave (22000 vnd),ticket,Bắc Kạn,"Ticket for Hua Ma Cave (22000 vnd), 350 steps, Lẻo Keo, Xã Đồng Phúc, Tỉnh Thái Nguyên, Việt Nam",None,None,ticket,22.3526384,105.6780068
Roadside gas seller,gas,Bắc Kạn,"Roadside gas seller, Quốc lộ 3C, Pác Ngòi, Xã Ba Bể, Tỉnh Thái Nguyên, 23000, Việt Nam",None,None,gas,22.3858006,105.6403136
None,ticket,Bắc Kạn,"Boat tour port, Quốc lộ 3C, Pác Ngòi, Xã Ba Bể, Tỉnh Thái Nguyên, 23000, Việt Nam",None,None,ticket,22.3944877,105.6269408
None,yes,Bắc Kạn,"Pác Ngòi - Quảng Khê, Lủng Quang, Xã Đồng Phúc, Tỉnh Thái Nguyên, 23000, Việt Nam",None,None,yes,22.3546311,105.6731399
Hoang Dien,yes,Bắc Kạn,"Hoang Dien, Pác Ngòi-Hoàng Trĩ, Pjạc, Xã Đồng Phúc, Tỉnh Thái Nguyên, Việt Nam",None,None,yes,22.3373016,105.6579492
Huy Voc restaurant,yes,Bắc Kạn,"Huy Voc restaurant, 350 steps, Lẻo Keo, Xã Đồng Phúc, Tỉnh Thái Nguyên, Việt Nam",None,None,yes,22.3526017,105.6780583
None,ticket,Bắc Kạn,"Boat tickets (prices are per boat, you need to share to not pay full price), ĐT. 258, Nam Mẫu, Xã Ba Bể, Tỉnh Thái Nguyên, 23000, Việt Nam",None,None,ticket,22.4088,105.6230112
Sua Xe,motorcycle_repair,Bắc Kạn,"Sua Xe, Quốc lộ 3C, Xã Nam Cường, Tỉnh Thái Nguyên, 23000, Việt Nam",None,None,motorcycle_repair,22.3747443,105.6012422
Sua Xe,motorcycle_repair,Bắc Kạn,"Sua Xe, QL.3B, Pác Cốp, Xã Yên Thịnh, Tỉnh Thái Nguyên, Việt Nam",None,None,motorcycle_repair,22.1894378,105.4922027
Sua Xe,motorcycle_repair,Bắc Kạn,"Sua Xe, Quốc lộ 279, Nà Tảo, Lũng Điếc, Xã Phúc Lộc, Tỉnh Thái Nguyên, Việt Nam",None,None,motorcycle_repair,22.4569956,105.7883275
None,fuel,Bắc Kạn,"Vành đai 2 (Quốc lộ 279), Cốc Lót, Nà Mèo, Xã Phúc Lộc, Tỉnh Thái Nguyên, Việt Nam",None,None,fuel,22.4208072,105.8520523
Sua Xe,motorcycle_repair,Bắc Kạn,"Sua Xe, Quốc lộ 3, Xã Bằng Vân, Tỉnh Thái Nguyên, Việt Nam",None,None,motorcycle_repair,22.4791345,106.0500667
Sua Xe,motorcycle_repair,Bắc Kạn,"Sua Xe, ĐT 257B, Lẻo Keo, Xã Đồng Phúc, Tỉnh Thái Nguyên, Việt Nam",None,None,motorcycle_repair,22.3437058,105.6945707
Sua Xe,motorcycle_repair,Bắc Kạn,"Sua Xe, Quốc lộ 279, TT Nà Phặc, Nà Kèng, Xã Nà Phặc, Tỉnh Thái Nguyên, Việt Nam",None,None,motorcycle_repair,22.3791993,105.892818
Sua Xe,motorcycle_repair,Bắc Kạn,"Sua Xe, Quốc lộ 279, Nà Tảo, Lũng Điếc, Xã Phúc Lộc, Tỉnh Thái Nguyên, Việt Nam",None,None,motorcycle_repair,22.4547411,105.7711122
Sua Xe,motorcycle_repair,Bắc Kạn,"Sua Xe, Quốc lộ 279, TT Chợ Rã, Na Tie, Xã Chợ Rã, Tỉnh Thái Nguyên, Việt Nam",None,None,motorcycle_repair,22.459584,105.747857
Sua Xe,motorcycle_repair,Bắc Kạn,"Sua Xe, Quốc lộ 279, Bản Mới, Nà Ma, Xã Phúc Lộc, Tỉnh Thái Nguyên, Việt Nam",None,None,motorcycle_repair,22.4457136,105.8252585
None,beverages,Lạng Sơn,"Drinks, Quốc lộ 4A, Trùng Quán, Bắc Hùng, Xã Na Sầm, Tỉnh Lạng Sơn, Việt Nam",None,None,beverages,22.1262205,106.5917575
Gas Hiếu Nhung,convenience,Lạng Sơn,chợ văn thụ,None,None,convenience,21.9489089,106.6291137
None,supermarket,Lạng Sơn,"Dong Tien Center - Lasvilla Mart, Lê Lợi, Vĩnh Trại, Phường Đông Kinh, Lạng Sơn, Tỉnh Lạng Sơn, 00251, Việt Nam",None,None,supermarket,21.8535828,106.764292
None,car,Lạng Sơn,"Honda Yamaha, Đường Trần Đăng Ninh, Phường Tam Thanh, Cao Lộc, Phường Kỳ Lừa, Tỉnh Lạng Sơn, 00251, Việt Nam",None,None,car,21.8608163,106.7556294
None,computer,Lạng Sơn,"Club Garena - Internet café, Đường Trần Đăng Ninh, Phường Tam Thanh, Cao Lộc, Phường Kỳ Lừa, Tỉnh Lạng Sơn, 00251, Việt Nam",None,None,computer,21.8612989,106.7553071
None,convenience,Lạng Sơn,"Local market, Lê Lai, 黃文樹坊, Cao Lộc, Phường Kỳ Lừa, Tỉnh Lạng Sơn, 00251, Việt Nam",None,None,convenience,21.8586603,106.7579394
None,gift,Lạng Sơn,"Guitar shop, Đường Bắc Sơn, 黃文樹坊, Cao Lộc, Phường Kỳ Lừa, Tỉnh Lạng Sơn, 00251, Việt Nam",None,None,gift,21.8587045,106.7584002
None,convenience,Lạng Sơn,"Thành Kỳ, Ngõ 118 Phan Đình Phùng, 黃文樹坊, Cao Lộc, Phường Kỳ Lừa, Tỉnh Lạng Sơn, 00251, Việt Nam",None,None,convenience,21.8577715,106.7595896
None,beverages,Lạng Sơn,"Nước mía, Bà Triệu, 黃文樹坊, Cao Lộc, Phường Kỳ Lừa, Tỉnh Lạng Sơn, 00251, Việt Nam",None,None,beverages,21.8579771,106.7597695
None,tyres,Lạng Sơn,"442, Trăn Đăng Ninh",None,None,tyres,21.8703626,106.7550296
None,beverages,Lạng Sơn,"Đường Trần Đăng Ninh, Phường Tam Thanh, Tỉnh Lạng Sơn, 00251, Việt Nam",None,None,beverages,21.8548626,106.7566525
None,bakery,Lạng Sơn,"Hoang Gia Bakery, Đường tỉnh 235A, Tân Mỹ, Xã Đồng Đăng, Tỉnh Lạng Sơn, Việt Nam",None,None,bakery,21.9510735,106.6955125
None,car_repair,Lạng Sơn,"Đường Trần Đăng Ninh, Phường Tam Thanh, Cao Lộc, Phường Kỳ Lừa, Tỉnh Lạng Sơn, 00251, Việt Nam",None,None,car_repair,21.8782321,106.7513045
None,car_parts,Lạng Sơn,"Ngõ 247 Lê Lợi, Vĩnh Trại, Phường Đông Kinh, Lạng Sơn, Tỉnh Lạng Sơn, 00251, Việt Nam",None,None,car_parts,21.8558793,106.7676505
Hương Rừng Xứ Lạng,gift,Lạng Sơn,"Hương Rừng Xứ Lạng, Đường Ngô Thì Sỹ, Thôn Hoàng Thanh, Phường Tam Thanh, Tỉnh Lạng Sơn, 00251, Việt Nam",None,None,gift,21.8555442,106.7474288
None,books,Lạng Sơn,"Phố Muối, Phường Tam Thanh, Tỉnh Lạng Sơn, 00251, Việt Nam",None,None,books,21.8524585,106.7601364
None,supermarket,Lạng Sơn,"69, Ngô Quyền, Lạng Sơn, 250000",None,None,supermarket,21.8536756,106.7686541
None,laundry,Lạng Sơn,"Đường Ngô Quyền, Vĩnh Trại, Phường Đông Kinh, Lạng Sơn, Tỉnh Lạng Sơn, 00251, Việt Nam",None,None,laundry,21.8540508,106.7702284
Sua Xe,motorcycle_repair,Lạng Sơn,"Sua Xe, Đường Trần Hưng Đạo, Đồng Đăng, Xã Đồng Đăng, Tỉnh Lạng Sơn, Việt Nam",None,None,motorcycle_repair,21.9460128,106.6974052
Sua Xe,motorcycle_repair,Lạng Sơn,"Sua Xe, Quốc lộ 4A, Thất Khê, Xã Thất Khê, Tỉnh Lạng Sơn, Việt Nam",None,None,motorcycle_repair,22.2493508,106.483455
Sua Xe,motorcycle_repair,Lạng Sơn,"Sua Xe, Quốc lộ 4A, Thất Khê, Xã Kháng Chiến, Tỉnh Lạng Sơn, Việt Nam",None,None,motorcycle_repair,22.2382348,106.5016006
Sua Xe,motorcycle_repair,Lạng Sơn,"Sua Xe, Hoàng Văn Thụ, Thâm Sam, Hoàng Việt, Xã Na Sầm, Tỉnh Lạng Sơn, Việt Nam",None,None,motorcycle_repair,22.0483155,106.6183884
Sua Xe,motorcycle_repair,Lạng Sơn,"Sua Xe, Quốc lộ 4A. TT Thất Khê, Thất Khê, Xã Thất Khê, Tỉnh Lạng Sơn, Việt Nam",None,None,motorcycle_repair,22.2597301,106.4665996
Sua Xe,motorcycle_repair,Lạng Sơn,"Sua Xe, Quốc lộ 4A, Xã Na Sầm, Tỉnh Lạng Sơn, Việt Nam",None,None,motorcycle_repair,22.0880928,106.5900155
Sua Xe,motorcycle_repair,Lạng Sơn,"Sua Xe, Quốc lộ 4A, Nà Lạnh, Xã Hoàng Văn Thụ, Tỉnh Lạng Sơn, Việt Nam",None,None,motorcycle_repair,21.9985523,106.6519224
"Sua Xe, Vai Lop",motorcycle_repair,Lạng Sơn,"Sua Xe, Vai Lop, Đường Phai Vệ, Vĩnh Trại, Phường Đông Kinh, Lạng Sơn, Tỉnh Lạng Sơn, 00251, Việt Nam",None,None,motorcycle_repair,21.8491704,106.7605295
None,fuel,Lạng Sơn,"Đường tỉnh 234, Cao Lộc, Xã Tân Đoàn, Tỉnh Lạng Sơn, Việt Nam",None,None,fuel,21.7650685,106.67495
Sua Xe,motorcycle_repair,Lạng Sơn,"Sua Xe, Đường Lê Lợi, Vĩnh Trại, Phường Đông Kinh, Lạng Sơn, Tỉnh Lạng Sơn, 00251, Việt Nam",None,None,motorcycle_repair,21.8542706,106.766021
Honda,motorcycle_repair,Lạng Sơn,"Honda, Đường Trần Đăng Ninh, 黃文樹坊, Cao Lộc, Phường Kỳ Lừa, Tỉnh Lạng Sơn, 00251, Việt Nam",None,None,motorcycle_repair,21.8657333,106.7548444
Sua Xe,motorcycle_repair,Lạng Sơn,"Sua Xe, Đường tỉnh 234, Thôn Quảng Hồng, Bản Pác Moòng, Quảng Lạc, Phường Lương Văn Tri, Tỉnh Lạng Sơn, 00251, Việt Nam",None,None,motorcycle_repair,21.8310648,106.7362223
Sua Xe,motorcycle_repair,Lạng Sơn,"Sua Xe, Quốc lộ 1, Chi Lăng, Xã Chi Lăng, Tỉnh Lạng Sơn, Việt Nam",None,None,motorcycle_repair,21.6056074,106.5326544
Sua Xe,motorcycle_repair,Lạng Sơn,"Sua Xe, Đường Lê Lợi, Đồng Mỏ, Xã Chi Lăng, Tỉnh Lạng Sơn, Việt Nam",None,None,motorcycle_repair,21.6571431,106.5756881
None,fuel,Lạng Sơn,"Đường tỉnh 234, Xã Nhân Lý, Tỉnh Lạng Sơn, Việt Nam",None,None,fuel,21.7011828,106.6584141
Sua Xe,motorcycle_repair,Lạng Sơn,"Sua Xe, Quốc lộ 1, Xã Cai Kinh, Tỉnh Lạng Sơn, Việt Nam",None,None,motorcycle_repair,21.5479762,106.3941031
Sua Xe,motorcycle_repair,Lạng Sơn,"Sua Xe, Quốc lộ 1, Xã Chi Lăng, Tỉnh Lạng Sơn, Việt Nam",None,None,motorcycle_repair,21.6077038,106.5346592
Sua Xe,motorcycle_repair,Lạng Sơn,"Sua Xe, DT.243, Yên Thịnh, Xã Hữu Liên, Tỉnh Lạng Sơn, Việt Nam",None,None,motorcycle_repair,21.6185298,106.3430611
Sua Xe,motorcycle_repair,Lạng Sơn,"Sua Xe, DT.243, Yên Vượng, Xã Cai Kinh, Tỉnh Lạng Sơn, Việt Nam",None,None,motorcycle_repair,21.5925979,106.3898543
Sua Xe,motorcycle_repair,Lạng Sơn,"Sua Xe, Quốc lộ 1, Đồng Bành, Chi Lăng, Xã Chi Lăng, Tỉnh Lạng Sơn, Việt Nam",None,None,motorcycle_repair,21.5693863,106.4916602
Sua Xe,motorcycle_repair,Lạng Sơn,"Sua Xe, DT.243, Xã Hữu Lũng, Tỉnh Lạng Sơn, Việt Nam",None,None,motorcycle_repair,21.545981,106.3721882
Sua Xe,motorcycle_repair,Lạng Sơn,"Sua Xe, Đường Lê Lợi, Đồng Mỏ, Xã Chi Lăng, Tỉnh Lạng Sơn, Việt Nam",None,None,motorcycle_repair,21.6607963,106.58643
Honda head,motorcycle_repair,Lạng Sơn,"Honda head, Quốc lộ 1, Xã Hữu Lũng, Tỉnh Lạng Sơn, Việt Nam",None,None,motorcycle_repair,21.4931074,106.338145
Sua Xe,motorcycle_repair,Lạng Sơn,"Sua Xe, Vành đai 2 (Quốc lộ 279), Đồng Mỏ, Xã Chi Lăng, Tỉnh Lạng Sơn, Việt Nam",None,None,motorcycle_repair,21.6306988,106.5548073
Sua Xe,motorcycle_repair,Lạng Sơn,"Sua Xe, DT.243, Yên Vượng, Xã Cai Kinh, Tỉnh Lạng Sơn, Việt Nam",None,None,motorcycle_repair,21.5761285,106.3682627
None,fuel,Lạng Sơn,"Đường tỉnh 234, Xã Nhân Lý, Tỉnh Lạng Sơn, Việt Nam",None,None,fuel,21.7002656,106.6578303
Sua Xe,motorcycle_repair,Lạng Sơn,"Sua Xe, Quốc lộ 1, Xã Hữu Lũng, Tỉnh Lạng Sơn, Việt Nam",None,None,motorcycle_repair,21.5392362,106.3748693
Sua Xe,motorcycle_repair,Lạng Sơn,"Sua Xe, Đường tỉnh 234, Mai Sao, Xã Nhân Lý, Tỉnh Lạng Sơn, Việt Nam",None,None,motorcycle_repair,21.6879724,106.6136868
None,department_store,Lạng Sơn,"ddf, Đường Hữu Nghị, Đồng Đăng, Xã Đồng Đăng, Tỉnh Lạng Sơn, Việt Nam",None,None,department_store,21.9647032,106.7082196
None,department_store,Lạng Sơn,"Đường Hữu Nghị, Đồng Đăng, Xã Đồng Đăng, Tỉnh Lạng Sơn, Việt Nam",None,None,department_store,21.9720689,106.7105338
None,mall,Lạng Sơn,"Đường Hữu Nghị, Đồng Đăng, Xã Đồng Đăng, Tỉnh Lạng Sơn, Việt Nam",None,None,mall,21.9437087,106.7008924
None,mall,Lạng Sơn,"Phố Đinh Công Tráng, Vĩnh Trại, Phường Đông Kinh, Lạng Sơn, Tỉnh Lạng Sơn, 00251, Việt Nam",None,None,mall,21.8603403,106.7630137
Vincom,mall,Lạng Sơn,"Buffet Dookki, Trần Hưng Đạo, 枝陵坊, Phường Lương Văn Tri, Tỉnh Lạng Sơn, 00251, Việt Nam",None,None,mall,21.8479525,106.7577831
Thiên Nhãn Motor,car,Thái Nguyên,Đường Liên Xax,None,None,car,21.732927,105.7968801
None,alcohol,Thái Nguyên,"Hải béo ຮ້ານປີງຫມູ, Đường Minh Cầu, Hoàng Văn Thụ, Phường Phan Đình Phùng, Tỉnh Thái Nguyên, Việt Nam",None,None,alcohol,21.5886907,105.8375846
Tạp hóa Trần An,convenience,Thái Nguyên,tân an thái bình,None,None,convenience,21.4184524,105.8963295
None,car_repair,Thái Nguyên,"Quốc lộ 3, Ba Hoi, Phường Đức Xuân, Tỉnh Thái Nguyên, Việt Nam",None,None,car_repair,22.1900131,105.8482449
None,bakery,Thái Nguyên,"ĐT.258, Na Tie, Xã Chợ Rã, Tỉnh Thái Nguyên, Việt Nam",None,None,bakery,22.4573014,105.73935
ATK SMARTPHONE,supermarket,Thái Nguyên,"888, Yên Thông, Thái Nguyên, 84208",None,None,supermarket,21.847663,105.5878857
cô Mai,department_store,Thái Nguyên,"cô Mai, Đường Mỏ Bạch, Quang Trung, Phường Phan Đình Phùng, Tỉnh Thái Nguyên, Việt Nam",None,None,department_store,21.5994197,105.8166485
None,hairdresser,Thái Nguyên,"Nguyet Toc, Đường Phố Hương, Trung Thành, Phường Tích Lương, Tỉnh Thái Nguyên, Việt Nam",None,None,hairdresser,21.5354352,105.8696268
minh dao - nam my van,department_store,Thái Nguyên,"06, 1121- 3/2",None,None,department_store,21.5504125,105.8467107
Lo Banh Mi Anh Tu,confectionery,Thái Nguyên,"Lo Banh Mi Anh Tu, Quốc lộ 3, Vân Tùng, Xã Ngân Sơn, Tỉnh Thái Nguyên, Việt Nam",None,None,confectionery,22.4284822,105.9968332
Đèo Gió,greengrocer,Thái Nguyên,"Đèo Gió, Quốc lộ 3, Vân Tùng, Xã Ngân Sơn, Tỉnh Thái Nguyên, Việt Nam",None,None,greengrocer,22.4205036,105.9648856
Ba Be Entrance,ticket,Thái Nguyên,"Ba Be Entrance, Quốc lộ 3C, Bản Vài, Xã Ba Bể, Tỉnh Thái Nguyên, 23000, Việt Nam",None,None,ticket,22.4191541,105.6372437
PNJ,jewelry,Thái Nguyên,"PNJ, Đường Lương Ngọc Quyến, Quang Trung, Phường Phan Đình Phùng, Tỉnh Thái Nguyên, Việt Nam",None,None,jewelry,21.5979388,105.8243686
sửa xe Minh Tuấn,motorcycle,Thái Nguyên,"Đường Ga, 250000",None,None,motorcycle,21.5591898,105.8449503
chợ Thái,supermarket,Thái Nguyên,250000,None,None,supermarket,21.598837,105.8437417
None,car_repair,Thái Nguyên,"đường ga, 250000",None,None,car_repair,21.5569548,105.8439428
Ticket for Hua Ma Cave (22000 vnd),ticket,Thái Nguyên,"Ticket for Hua Ma Cave (22000 vnd), 350 steps, Lẻo Keo, Xã Đồng Phúc, Tỉnh Thái Nguyên, Việt Nam",None,None,ticket,22.3526384,105.6780068
Roadside gas seller,gas,Thái Nguyên,"Roadside gas seller, Quốc lộ 3C, Pác Ngòi, Xã Ba Bể, Tỉnh Thái Nguyên, 23000, Việt Nam",None,None,gas,22.3858006,105.6403136
Tê Ba Nhất,supermarket,Thái Nguyên,"Quốc lộ 3, 250000",None,None,supermarket,21.5490979,105.8468685
Siêu Thị Việt Trà,supermarket,Thái Nguyên,"Quốc lộ 3, 250000",None,None,supermarket,21.5493455,105.8470204
None,bicycle,Thái Nguyên,"Đường Dương Tự Minh, Hoàng Văn Thụ, Phường Phan Đình Phùng, Tỉnh Thái Nguyên, Việt Nam",None,None,bicycle,21.6024268,105.8211615
None,motorcycle,Thái Nguyên,"Đường 3 Tháng 2, Tân Lập, Phường Tích Lương, Tỉnh Thái Nguyên, Việt Nam",None,None,motorcycle,21.5439743,105.8518973
None,ticket,Thái Nguyên,"Boat tour port, Quốc lộ 3C, Pác Ngòi, Xã Ba Bể, Tỉnh Thái Nguyên, 23000, Việt Nam",None,None,ticket,22.3944877,105.6269408
Tài Tiến,tyres,Thái Nguyên,"Tài Tiến, Đường 30 Tháng 4, Phường Tích Lương, Tỉnh Thái Nguyên, Việt Nam",None,None,tyres,21.5287392,105.8670116
Máy Công Trình,tyres,Thái Nguyên,"Máy Công Trình, Đường Trần Hưng Đạo, Phường Sông Công, Tỉnh Thái Nguyên, Việt Nam",None,None,tyres,21.4421621,105.8611236
None,yes,Thái Nguyên,"Pác Ngòi - Quảng Khê, Lủng Quang, Xã Đồng Phúc, Tỉnh Thái Nguyên, 23000, Việt Nam",None,None,yes,22.3546311,105.6731399
Hoang Dien,yes,Thái Nguyên,"Hoang Dien, Pác Ngòi-Hoàng Trĩ, Pjạc, Xã Đồng Phúc, Tỉnh Thái Nguyên, Việt Nam",None,None,yes,22.3373016,105.6579492
Huy Voc restaurant,yes,Thái Nguyên,"Huy Voc restaurant, 350 steps, Lẻo Keo, Xã Đồng Phúc, Tỉnh Thái Nguyên, Việt Nam",None,None,yes,22.3526017,105.6780583
An Phước,clothes,Thái Nguyên,"63, Hoàng Văn Thụ",None,None,clothes,21.592542,105.834975
Vincom mall,department_store,Thái Nguyên,"Vincom mall, Đường Lương Ngọc Quyến, Quang Trung, Phường Phan Đình Phùng, Tỉnh Thái Nguyên, Việt Nam",None,None,department_store,21.5939858,105.8245339
Chợ Ba Hàng,supermarket,Thái Nguyên,"Chợ Ba Hàng, Đường Lý Nam Đế, Phường Phổ Yên, Tỉnh Thái Nguyên, Việt Nam",None,None,supermarket,21.4127855,105.8754383
Chợ CHÃ,supermarket,Thái Nguyên,"Chợ CHÃ, Đường Triệu Quang Phục, Phường Trung Thành, Tỉnh Thái Nguyên, Việt Nam",None,None,supermarket,21.3712379,105.9061657
Siêu thị Lan Chi Mart,supermarket,Thái Nguyên,Phổ Yên,None,None,supermarket,21.4246076,105.8684766
Siêu thị điện máy MediaMart,supermarket,Thái Nguyên,Phổ Yên,None,None,supermarket,21.4249172,105.8683907
None,beauty,Thái Nguyên,"357B, Đường Thống Nhất, Thành phố Thái Nguyên",None,None,beauty,21.5666114,105.8258376
Tuấn Điệp,bakery,Thái Nguyên,"Tuấn Điệp, Đường 3 Tháng 2, Tân Lập, Phường Quyết Thắng, Tỉnh Thái Nguyên, Việt Nam",None,None,bakery,21.5660662,105.8257037
None,hairdresser,Thái Nguyên,"Đường 3 Tháng 2, Tân Lập, Phường Tích Lương, Tỉnh Thái Nguyên, Việt Nam",None,None,hairdresser,21.5673008,105.8253043
None,mobile_phone,Thái Nguyên,"319, Đường Thống Nhất, Thành phố Thái Nguyên",None,None,mobile_phone,21.5676694,105.8252406
None,bakery,Thái Nguyên,"Đường Quang Trung, Thịnh Đán, Phường Quyết Thắng, Tỉnh Thái Nguyên, Việt Nam",None,None,bakery,21.5739797,105.8125866
Trung tâm Bảo dưỡng Sửa chữa xe ô tô Quân khu 1,car_repair,Thái Nguyên,"Trung tâm Bảo dưỡng Sửa chữa xe ô tô Quân khu 1, Đường Lê Quý Đôn, Hóa Thượng, Xã Đồng Hỷ, Tỉnh Thái Nguyên, Việt Nam",None,None,car_repair,21.6405642,105.8444484
Điện máy xanh Phổ Yên,supermarket,Thái Nguyên,"Trường Chinh, Phổ Yên",None,None,supermarket,21.4172253,105.8707292
Phong Ka,beauty,Thái Nguyên,"Phong Ka, Đường Dương Tự Minh, Tân Long, Phường Quan Triều, Tỉnh Thái Nguyên, Việt Nam",None,None,beauty,21.6096715,105.8080488
Yoning Bakery,bakery,Thái Nguyên,"257, Đường Lý Nam Đế, Phổ Yên",None,None,bakery,21.4126197,105.8818176
Nhẩt Ming,tyres,Thái Nguyên,"Quốc lộ 3, Tân Hương",None,None,tyres,21.3700503,105.8731904
Highlands Coffee,coffee,Thái Nguyên,"Highlands Coffee, Đường Hoàng Văn Thụ, Đồng Quang, Phường Phan Đình Phùng, Tỉnh Thái Nguyên, Việt Nam",None,None,coffee,21.5926361,105.8343437
Hợp tác xã chè Hảo Đạt,tea,Thái Nguyên,"Đường Tân Cương, Thái Nguyên",None,None,tea,21.540634,105.7774687
None,ticket,Thái Nguyên,"Boat tickets (prices are per boat, you need to share to not pay full price), ĐT. 258, Nam Mẫu, Xã Ba Bể, Tỉnh Thái Nguyên, 23000, Việt Nam",None,None,ticket,22.4088,105.6230112
Sua Xe,motorcycle_repair,Thái Nguyên,"Sua Xe, Quốc lộ 3C, Xã Nam Cường, Tỉnh Thái Nguyên, 23000, Việt Nam",None,None,motorcycle_repair,22.3747443,105.6012422
Sua Xe,motorcycle_repair,Thái Nguyên,"Sua Xe, QL.3B, Pác Cốp, Xã Yên Thịnh, Tỉnh Thái Nguyên, Việt Nam",None,None,motorcycle_repair,22.1894378,105.4922027
Sua Xe,motorcycle_repair,Thái Nguyên,"Sua Xe, Quốc lộ 279, Nà Tảo, Lũng Điếc, Xã Phúc Lộc, Tỉnh Thái Nguyên, Việt Nam",None,None,motorcycle_repair,22.4569956,105.7883275
None,fuel,Thái Nguyên,"Vành đai 2 (Quốc lộ 279), Cốc Lót, Nà Mèo, Xã Phúc Lộc, Tỉnh Thái Nguyên, Việt Nam",None,None,fuel,22.4208072,105.8520523
Sua Xe,motorcycle_repair,Thái Nguyên,"Sua Xe, Quốc lộ 3, Xã Bằng Vân, Tỉnh Thái Nguyên, Việt Nam",None,None,motorcycle_repair,22.4791345,106.0500667
Sua Xe,motorcycle_repair,Thái Nguyên,"Sua Xe, ĐT 257B, Lẻo Keo, Xã Đồng Phúc, Tỉnh Thái Nguyên, Việt Nam",None,None,motorcycle_repair,22.3437058,105.6945707
Sua Xe,motorcycle_repair,Thái Nguyên,"Sua Xe, Quốc lộ 279, TT Nà Phặc, Nà Kèng, Xã Nà Phặc, Tỉnh Thái Nguyên, Việt Nam",None,None,motorcycle_repair,22.3791993,105.892818
Sua Xe,motorcycle_repair,Thái Nguyên,"Sua Xe, Quốc lộ 279, Nà Tảo, Lũng Điếc, Xã Phúc Lộc, Tỉnh Thái Nguyên, Việt Nam",None,None,motorcycle_repair,22.4547411,105.7711122
Sua Xe,motorcycle_repair,Thái Nguyên,"Sua Xe, Quốc lộ 279, TT Chợ Rã, Na Tie, Xã Chợ Rã, Tỉnh Thái Nguyên, Việt Nam",None,None,motorcycle_repair,22.459584,105.747857
Sua Xe,motorcycle_repair,Thái Nguyên,"Sua Xe, Quốc lộ 279, Bản Mới, Nà Ma, Xã Phúc Lộc, Tỉnh Thái Nguyên, Việt Nam",None,None,motorcycle_repair,22.4457136,105.8252585
Siêu thị Aloha Mall Thái Nguyên,supermarket,Thái Nguyên,"Siêu thị Aloha Mall Thái Nguyên, Đường Chiến Thắng, Đồng Bẩm, Phường Linh Sơn, Tỉnh Thái Nguyên, Việt Nam",None,None,supermarket,21.6072414,105.8403895
TTTM Danko Plaza,department_store,Thái Nguyên,"TTTM Danko Plaza, Zurich, Danko City Thái Nguyên, Chùa Hang, Phường Linh Sơn, Tỉnh Thái Nguyên, Việt Nam",None,None,department_store,21.6240775,105.833295
Nhà sách Tiến Thọ - TTTM Đồng Quang,mall,Thái Nguyên,"Nhà sách Tiến Thọ - TTTM Đồng Quang, Đường Ga Thái Nguyên, Đồng Quang, Phường Phan Đình Phùng, Tỉnh Thái Nguyên, Việt Nam",None,None,mall,21.5896199,105.8264553
Vincom Thái Nguyên,mall,Thái Nguyên,"Vincom Thái Nguyên, Đường Lương Ngọc Quyến, Quang Trung, Phường Phan Đình Phùng, Tỉnh Thái Nguyên, Việt Nam",None,None,mall,21.5908738,105.826044
Thế giới di động - Điện máy xanh 309 Lương Ngọc Quyến,mall,Thái Nguyên,"309, Lương Ngọc Quyến, Thành Phố Thái Nguyên",None,None,mall,21.5929949,105.8257929
None,supermarket,Phú Thọ,"Quốc lộ 2, Xã Vĩnh Hưng, Tỉnh Phú Thọ, Việt Nam",None,None,supermarket,21.2804183,105.4729326
PHÚC YÊN PLAZA,supermarket,Phú Thọ,"121, TRƯNG TRẮC, 84211",None,None,supermarket,21.2404629,105.7064471
Trung Tâm đào tạo lái xe ô tô Hùng Vương,car,Phú Thọ,"Trung Tâm đào tạo lái xe ô tô Hùng Vương, Quốc lộ 2, Đạo Đức, Xã Xuân Lãng, Tỉnh Phú Thọ, 84211, Việt Nam",None,None,car,21.2356629,105.689186
None,convenience,Phú Thọ,"QL.2, Phong Châu, Xã Phù Ninh, Tỉnh Phú Thọ, Việt Nam",None,None,convenience,21.431525,105.2922666
Giống cây trồng Phù Ninh,department_store,Phú Thọ,"IC8 PHÙ NINH, Cao tốc Nội Bài - Lào Cai",None,None,department_store,21.3888823,105.3290242
Nhà riêng,bookmaker,Phú Thọ,"1 ngõ 122 B, Hoàng Hoa Thám",None,None,bookmaker,20.7808176,105.3348404
None,bakery,Phú Thọ,"Phu Thuy Bakery, Đường Cù Chính Lan, Phương Lâm, Hòa Bình, Phường Hòa Bình, Tỉnh Phú Thọ, 36107, Việt Nam",None,None,bakery,20.8190284,105.3392317
None,car_repair,Phú Thọ,"Đường Trần Phú, Hàng Trạm, Xã Yên Thủy, Tỉnh Phú Thọ, Việt Nam",None,None,car_repair,20.4024607,105.6188063
340 Mê Linh,clothes,Phú Thọ,"340, Mê Linh",None,None,clothes,21.3140972,105.6095557
Đại lý Gas & Bếp Gas Tiến Du,supermarket,Phú Thọ,"1, 303",None,None,supermarket,21.2553724,105.5480242
Trọng Nhung,supermarket,Phú Thọ,"2, 303",None,None,supermarket,21.2553413,105.5480598
None,bicycle,Phú Thọ,"Quốc lộ 15, Bản Lác, Xóm Khán, Xã Mai Hạ, Tỉnh Phú Thọ, 36400, Việt Nam",None,None,bicycle,20.568957,105.0134657
None,mobile_phone,Phú Thọ,"Quốc lộ 15, Bản Lác, Xóm Khán, Xã Mai Hạ, Tỉnh Phú Thọ, 36400, Việt Nam",None,None,mobile_phone,20.5690236,105.0136722
None,mobile_phone,Phú Thọ,"Quốc lộ 15, Bản Lác, Xóm Khán, Xã Mai Hạ, Tỉnh Phú Thọ, 36400, Việt Nam",None,None,mobile_phone,20.5691444,105.0135456
Thái Lúóng - Motorcycle repair,motorcycle_repair,Phú Thọ,"Thái Lúóng - Motorcycle repair, Quốc lộ 6, Mãn Đức, Xã Tân Lạc, Tỉnh Phú Thọ, Việt Nam",None,None,motorcycle_repair,20.6214014,105.2766352
Ngóg Cuong - Motorcycle repair,motorcycle_repair,Phú Thọ,"Ngóg Cuong - Motorcycle repair, Quốc lộ 6, Mãn Đức, Xã Tân Lạc, Tỉnh Phú Thọ, Việt Nam",None,None,motorcycle_repair,20.6214357,105.2768294
None,hairdresser,Phú Thọ,None,None,None,hairdresser,20.6210271,105.2768447
Tiếp Nghiệp,convenience,Phú Thọ,tiếp nghiệp 01,None,None,convenience,21.2391408,105.5576331
Bà mây (trung hậu),convenience,Phú Thọ,bà mây 01,None,None,convenience,21.248147,105.55071
None,convenience,Phú Thọ,Cô Thị  nly 01,None,None,convenience,21.2457111,105.5415346
Oanh Hoà,convenience,Phú Thọ,oanh hoa 01,None,None,convenience,21.257911,105.56199
Nam Keo,convenience,Phú Thọ,nam keo 01,None,None,convenience,21.241855,105.55047
None,convenience,Phú Thọ,ông Ba cục 01,None,None,convenience,21.251735,105.54623
None,convenience,Phú Thọ,toàn nguyệt 01,None,None,convenience,21.237681,105.58141
Công ty TNHH MTV Hoàng Đức,travel_agency,Phú Thọ,"QL 6, Hòa Bình, 351541",None,None,travel_agency,20.9026367,105.3924063
Trông Đang,convenience,Phú Thọ,đông lỗ 2,None,None,convenience,21.2590229,105.566201
Shop Hằng - Thời trang Nam Nữ,clothes,Phú Thọ,"30A, Trần Quốc Tuấn",None,None,clothes,21.3075152,105.59683
Bánh cổ truyền Thái Tuân,bakery,Phú Thọ,Nguyen Truong To,None,None,bakery,21.3028341,105.5693923
None,car_repair,Phú Thọ,"Quốc lộ 15, Bản Lác, Xóm Khán, Xã Mai Châu, Tỉnh Phú Thọ, 36400, Việt Nam",None,None,car_repair,20.6580659,105.0826001
Vụ bản,convenience,Phú Thọ,Quốc Lộ 12B,None,None,convenience,20.4476802,105.4535562
Hưng Thịnh Phát,tyres,Phú Thọ,"440, Đường Mê Linh",None,None,tyres,21.3035252,105.6216006
Phương Nhung,tyres,Phú Thọ,"381, Hùng Vương",None,None,tyres,21.3061458,105.5755189
None,tyres,Phú Thọ,"Đường Hùng Vương, Phường Vân Phú, Tỉnh Phú Thọ, Việt Nam",None,None,tyres,21.3508817,105.3574739
Huy Hoàng,tyres,Phú Thọ,"Huy Hoàng, Đường Hùng Vương, Phường Vân Phú, Tỉnh Phú Thọ, Việt Nam",None,None,tyres,21.3508102,105.3575324
Rửa,tyres,Phú Thọ,Hùng Vương,None,None,tyres,21.3508095,105.3574676
Hà Thành,tyres,Phú Thọ,Hùng Vương,None,None,tyres,21.3055866,105.4342835
Minh Hòa,tyres,Phú Thọ,"Minh Hòa, Quốc lộ 6, Cao Phong, Xã Cao Phong, Tỉnh Phú Thọ, Việt Nam",None,None,tyres,20.7497523,105.3324279
Best mechanic in town Honda and yamaha,motorcycle,Phú Thọ,"Best mechanic in town Honda and yamaha, Quốc lộ 15, Bản Lác, Xóm Khán, Xã Mai Châu, Tỉnh Phú Thọ, 36400, Việt Nam",None,None,motorcycle,20.6638567,105.0830017
Asia Outdoors Mai Chau,travel_agency,Phú Thọ,Quốc lộ 15,None,None,travel_agency,20.6540501,105.0784065
hai yen,confectionery,Phú Thọ,"hai yen, Đường Lý Quốc Sư, Hàng Trạm, Xã Yên Thủy, Tỉnh Phú Thọ, Việt Nam",None,None,confectionery,20.3950327,105.6230972
None,supermarket,Phú Thọ,"Organic Vegetable Store, QL.6, Xã Xuân Mai, Lương Sơn, Xã Lương Sơn, Tỉnh Phú Thọ, Việt Nam",None,None,supermarket,20.8710407,105.5287695
Hùng Giang,department_store,Phú Thọ,"Hùng Giang, Đường tỉnh 317, Phường Hòa Bình, Tỉnh Phú Thọ, 36107, Việt Nam",None,None,department_store,20.8438704,105.343422
Hải Thu,department_store,Phú Thọ,"Hải Thu, Phùng Hưng, Phường Hòa Bình, Tỉnh Phú Thọ, 36107, Việt Nam",None,None,department_store,20.840301,105.3426441
Big C,supermarket,Phú Thọ,"Big C, Đường Đinh Tiên Hoàng, Vĩnh Yên, Phường Vĩnh Phúc, Tỉnh Phú Thọ, Việt Nam",None,None,supermarket,21.2936371,105.6295894
None,supermarket,Phú Thọ,"Co-op Mart, Đường Phan Chu Trinh, Vĩnh Yên, Phường Vĩnh Phúc, Tỉnh Phú Thọ, Việt Nam",None,None,supermarket,21.3129445,105.6141032
Soiva Plaza,department_store,Phú Thọ,"Soiva Plaza, Đường Mê Linh, Vĩnh Yên, Phường Vĩnh Phúc, Tỉnh Phú Thọ, Việt Nam",None,None,department_store,21.3125551,105.6138535
Mê Ly Massage Karaoke,massage,Phú Thọ,"1, Đường tỉnh 302, 280000",None,None,massage,21.4270318,105.5935725
None,hairdresser,Phú Thọ,"Quốc lộ 15, Bản Lác, Xóm Khán, Xã Mai Châu, Tỉnh Phú Thọ, 36400, Việt Nam",None,None,hairdresser,20.6566771,105.0806604
None,convenience,Phú Thọ,"Quốc lộ 15, Bản Lác, Xóm Khán, Xã Mai Châu, Tỉnh Phú Thọ, 36400, Việt Nam",None,None,convenience,20.657094,105.0811287
Yamaha,motorcycle,Phú Thọ,"Yamaha, Quốc lộ 15, Bản Lác, Xóm Khán, Xã Mai Châu, Tỉnh Phú Thọ, 36400, Việt Nam",None,None,motorcycle,20.6567559,105.0807624
Vivo,mobile_phone,Phú Thọ,"Vivo, Quốc lộ 15, Bản Lác, Xóm Khán, Xã Mai Châu, Tỉnh Phú Thọ, 36400, Việt Nam",None,None,mobile_phone,20.6565861,105.0805803
None,supermarket,Phú Thọ,"Đường TSA, Xã Nật Sơn, Tỉnh Phú Thọ, Việt Nam",None,None,supermarket,20.7556234,105.4665561
None,bicycle,Phú Thọ,"Đường TSA, Xã Nật Sơn, Tỉnh Phú Thọ, Việt Nam",None,None,bicycle,20.7556026,105.4663874
None,motorcycle,Phú Thọ,Khu 3 Phu Ninh,None,None,motorcycle,21.3799994,105.3353522
None,mobile_phone,Phú Thọ,Khu 3 Phu Ninh,None,None,mobile_phone,21.3796479,105.3349538
None,convenience,Phú Thọ,Khu 3 Phu Ninh,None,None,convenience,21.3806173,105.3361178
None,convenience,Phú Thọ,Quốc lộ 2B,None,None,convenience,21.3775345,105.3352022
None,confectionery,Phú Thọ,"Tiem Banh Bakery, Quốc lộ 15, Bản Lác, Xóm Khán, Xã Mai Châu, Tỉnh Phú Thọ, 36400, Việt Nam",None,None,confectionery,20.6591774,105.0827426
Thành Phong Mobile,mobile_phone,Phú Thọ,Đường tránh Vĩnh Yên,None,None,mobile_phone,21.2695827,105.5750654
PNJ,jewelry,Phú Thọ,"PNJ, Đường Hùng Vương, Phường Thanh Miếu, Tỉnh Phú Thọ, Việt Nam",None,None,jewelry,21.31228,105.395837
HC,supermarket,Phú Thọ,"HC, Đường Trần Phú, Vĩnh Yên, Phường Vĩnh Phúc, Tỉnh Phú Thọ, Việt Nam",None,None,supermarket,21.3212584,105.5996047
trạm bảo dưỡng xe Mazda,car_parts,Phú Thọ,"trạm bảo dưỡng xe Mazda, Đường Âu Cơ, Phường Thanh Miếu, Tỉnh Phú Thọ, Việt Nam",None,None,car_parts,21.3080317,105.4361288
Công ty Ô tô Nam Cường,car_repair,Phú Thọ,"Công ty Ô tô Nam Cường, Đường Trường Chinh, Phường Nông Trang, Tỉnh Phú Thọ, Việt Nam",None,None,car_repair,21.3322701,105.3474086
Lam Ha. Sua Chua,motorcycle,Phú Thọ,"Lam Ha. Sua Chua, Quốc lộ 15, Bản Lác, Xóm Khán, Xã Mai Châu, Tỉnh Phú Thọ, 36400, Việt Nam",None,None,motorcycle,20.6576007,105.0819855
None,massage,Phú Thọ,"Massage, Quốc lộ 15, Bản Lác, Xóm Khán, Xã Mai Châu, Tỉnh Phú Thọ, 36400, Việt Nam",None,None,massage,20.6544997,105.0731692
Bbens đô Hải Lựu,travel_agency,Phú Thọ,"Bbens đô Hải Lựu, Đường đê, Xã Dân Chủ, Tỉnh Phú Thọ, Việt Nam",None,None,travel_agency,21.5084636,105.3081839
Bến phà Đức Bác,travel_agency,Phú Thọ,"Bến phà Đức Bác, Đường Âu Cơ, Việt Trì, Phường Việt Trì, Tỉnh Phú Thọ, Việt Nam",None,None,travel_agency,21.3440006,105.4068103
None,supermarket,Phú Thọ,"Aloha Mall, Quốc lộ 32, Thanh Sơn, Xã Thanh Sơn, Tỉnh Phú Thọ, 36000, Việt Nam",None,None,supermarket,21.2030423,105.1780625
Khanh Thinh,gift,Phú Thọ,"Khanh Thinh, Quốc lộ 15, Bản Lác, Xóm Khán, Xã Mai Hạ, Tỉnh Phú Thọ, 36400, Việt Nam",None,None,gift,20.6526372,105.0717153
Lốp Ôtô Phượng Hạnh,tyres,Phú Thọ,Quốc lộ 2A,None,None,tyres,21.2352817,105.719117
Đường Lợi,tyres,Phú Thọ,Hùng Vương,None,None,tyres,21.303646,105.428512
None,tyres,Phú Thọ,"36, Mê Linh",None,None,tyres,21.3133403,105.5989743
Hải Yen Săm Lốp,tyres,Phú Thọ,"Hải Yen Săm Lốp, Đường Lạc Long Quân, Phường Thanh Miếu, Tỉnh Phú Thọ, Việt Nam",None,None,tyres,21.2998424,105.4252297
Thụ Cúc,tyres,Phú Thọ,"Thụ Cúc, Đường Hoàng Hoa Thám, Thổ Tang, Xã Thổ Tang, Tỉnh Phú Thọ, Việt Nam",None,None,tyres,21.259755,105.490773
None,beverages,Phú Thọ,"Quốc lộ 2B, Tam Đảo, Xã Tam Đảo, Tỉnh Phú Thọ, Việt Nam",None,None,beverages,21.4512304,105.6462449
Aloha mall,supermarket,Phú Thọ,"Aloha mall, Quốc lộ 32C, Xã Văn Lang, Tỉnh Phú Thọ, Việt Nam",None,None,supermarket,21.549495,105.0028702
Tired,bicycle,Phú Thọ,"Tired, Đường Tăng Bạt Hổ, Hòa Bình, Phường Hòa Bình, Tỉnh Phú Thọ, 36107, Việt Nam",None,None,bicycle,20.8206249,105.3413704
Style Motorbike partner,motorcycle,Phú Thọ,"Style Motorbike partner, Quốc lộ 15, Bản Lác, Xóm Khán, Xã Mai Châu, Tỉnh Phú Thọ, 36400, Việt Nam",None,None,motorcycle,20.6580608,105.0822638
Best Store,shoes,Phú Thọ,"Đối diện cổng Trường trung tâm giáo dục thường xuyên - Tam Đảo, Tam Đảo",None,None,shoes,21.4035508,105.610193
Shop Giày Thế Thao Huy Sneaker,supermarket,Phú Thọ,10000,None,None,supermarket,21.4185706,105.5143181
CHỢ Gia Áo,supermarket,Phú Thọ,"Việt Trì, 290000",None,None,supermarket,21.3663178,105.2458803
Chợ VĂN MIẾU,supermarket,Phú Thọ,"Chợ VĂN MIẾU, Xã Văn Miếu, Tỉnh Phú Thọ, Việt Nam",None,None,supermarket,21.1129685,105.112852
Tất Nụ,department_store,Phú Thọ,Phùng Hưng,None,None,department_store,20.8421252,105.3435412
None,supermarket,Phú Thọ,"Đường đê, Xã Phú Mỹ, Tỉnh Phú Thọ, Việt Nam",None,None,supermarket,21.5146983,105.291114
Win Mart,convenience,Phú Thọ,"Win Mart, Quốc lộ 15, Bản Lác, Xóm Khán, Xã Mai Châu, Tỉnh Phú Thọ, 36400, Việt Nam",None,None,convenience,20.6615692,105.0831102
Duc Chinh Watches Store,electronics,Phú Thọ,"Duc Chinh Watches Store, Đường Hùng Vương, Phường Thanh Miếu, Tỉnh Phú Thọ, Việt Nam",None,None,electronics,21.3117042,105.3981737
None,supermarket,Phú Thọ,"Vincom Mega Mall Viet Tri, Đường Hùng Vương, Phường Thanh Miếu, Tỉnh Phú Thọ, Việt Nam",None,None,supermarket,21.3125678,105.3959546
TuCu Mini market,convenience,Phú Thọ,"TuCu Mini market, Quốc lộ 15, Bản Lác, Xóm Khán, Xã Mai Hạ, Tỉnh Phú Thọ, 36400, Việt Nam",None,None,convenience,20.6509378,105.0768363
Ban Bakery & Tea,bakery,Phú Thọ,"Ban Bakery & Tea, Quốc lộ 15, Bản Lác, Xóm Khán, Xã Mai Châu, Tỉnh Phú Thọ, 36400, Việt Nam",None,None,bakery,20.6549019,105.0794162
Phuc Beauty Hair Salon,hairdresser,Phú Thọ,"Phuc Beauty Hair Salon, Quốc lộ 15, Bản Lác, Xóm Khán, Xã Mai Hạ, Tỉnh Phú Thọ, 36400, Việt Nam",None,None,hairdresser,20.6522999,105.0713646
None,hairdresser,Phú Thọ,"Quốc lộ 6, Mai Châu, Xã Mai Châu, Tỉnh Phú Thọ, 36420, Việt Nam",None,None,hairdresser,20.7292655,105.1121251
None,department_store,Phú Thọ,"Quốc lộ 6, Đồng Bảng, Xã Mai Châu, Tỉnh Phú Thọ, Việt Nam",None,None,department_store,20.7193375,105.0556403
None,convenience,Phú Thọ,"Quốc lộ 6, Mai Châu, Xã Mai Châu, Tỉnh Phú Thọ, 36420, Việt Nam",None,None,convenience,20.7323316,105.1116822
None,convenience,Phú Thọ,"Quốc lộ 6, Mai Châu, Xã Mai Châu, Tỉnh Phú Thọ, 36420, Việt Nam",None,None,convenience,20.7299049,105.112056
None,convenience,Phú Thọ,"Quốc lộ 6, Mai Châu, Xã Mai Châu, Tỉnh Phú Thọ, 36420, Việt Nam",None,None,convenience,20.7282624,105.1113926
None,convenience,Phú Thọ,"Quốc lộ 6, Mai Châu, Xã Mai Châu, Tỉnh Phú Thọ, 36420, Việt Nam",None,None,convenience,20.727252,105.1109571
None,convenience,Phú Thọ,"Quốc lộ 6, Mai Châu, Xã Mai Châu, Tỉnh Phú Thọ, 36420, Việt Nam",None,None,convenience,20.7169423,105.1154104
None,convenience,Phú Thọ,"Quốc lộ 6, Xã Mường Bi, Tỉnh Phú Thọ, Việt Nam",None,None,convenience,20.6352995,105.1811121
None,convenience,Phú Thọ,"Đường cao tốc Hòa Lạc – Hòa Bình, Phường Kỳ Sơn, Tỉnh Phú Thọ, Việt Nam",None,None,convenience,20.9138717,105.3940459
None,convenience,Phú Thọ,"Quốc lộ 6, Mai Châu, Xã Mai Châu, Tỉnh Phú Thọ, 36420, Việt Nam",None,None,convenience,20.73383,105.1113558
None,convenience,Phú Thọ,"Quốc lộ 6, Xã Mường Bi, Tỉnh Phú Thọ, Việt Nam",None,None,convenience,20.6425891,105.1731916
None,convenience,Phú Thọ,"Quốc lộ 6, Mai Châu, Xã Mai Châu, Tỉnh Phú Thọ, 36420, Việt Nam",None,None,convenience,20.726566,105.1106986
None,convenience,Phú Thọ,"QL.2, Phú Hộ, Phường Phong Châu, Tỉnh Phú Thọ, Việt Nam",None,None,convenience,21.4490768,105.2460424
None,gift,Phú Thọ,"DT 317, TT Thanh Thủy, Thanh Thủy, Xã Thanh Thủy, Tỉnh Phú Thọ, Việt Nam",None,None,gift,21.1681564,105.282004
None,gift,Phú Thọ,"DT 317, TT Thanh Thủy, Thanh Thủy, Xã Thanh Thủy, Tỉnh Phú Thọ, Việt Nam",None,None,gift,21.1679697,105.2820375
None,beverages,Phú Thọ,"DT 317, TT Thanh Thủy, Thanh Thủy, Xã Thanh Thủy, Tỉnh Phú Thọ, Việt Nam",None,None,beverages,21.1679482,105.2839607
None,copyshop,Phú Thọ,"Quốc lộ 12B, Muong Pheo, Xã Tân Lạc, Tỉnh Phú Thọ, Việt Nam",None,None,copyshop,20.5846779,105.2951131
Honda head,motorcycle_repair,Phú Thọ,"Honda head, Đường Mê Linh, Vĩnh Yên, Phường Vĩnh Phúc, Tỉnh Phú Thọ, Việt Nam",None,None,motorcycle_repair,21.3042626,105.6205085
Honda head,motorcycle_repair,Phú Thọ,"Honda head, Quốc lộ 2, Phúc Yên, Phường Phúc Yên, Tỉnh Phú Thọ, 84211, Việt Nam",None,None,motorcycle_repair,21.2323107,105.6907095
Honda head,motorcycle_repair,Phú Thọ,"Honda head, Đường Hai Bà Trưng, Phúc Yên, Phường Phúc Yên, Tỉnh Phú Thọ, 84211, Việt Nam",None,None,motorcycle_repair,21.2312578,105.7044914
Honda head,motorcycle_repair,Phú Thọ,"Honda head, Đường Hai Bà Trưng, Phúc Yên, Phường Phúc Yên, Tỉnh Phú Thọ, 84211, Việt Nam",None,None,motorcycle_repair,21.2315426,105.691147
Honda head,motorcycle_repair,Phú Thọ,"Honda head, Đường Hai Bà Trưng, Xuân Hòa, Phúc Yên, Phường Phúc Yên, Tỉnh Phú Thọ, 84211, Việt Nam",None,None,motorcycle_repair,21.2369047,105.721909
Sua Xe,motorcycle_repair,Phú Thọ,"Sua Xe, Đường Hồ Chí Minh, Hàng Trạm, Xã Đại Đồng, Tỉnh Phú Thọ, Việt Nam",None,None,motorcycle_repair,20.4088187,105.5519546
Xưởng Giày Da GOODFAITH,supermarket,Phú Thọ,"Xưởng Giày Da GOODFAITH, Đường tỉnh 312, Thanh Ba, Xã Thanh Ba, Tỉnh Phú Thọ, Việt Nam",None,None,supermarket,21.4944025,105.1082166
Aloha Mall Phú Thọ,mall,Phú Thọ,"Aloha Mall Phú Thọ, Phố Phú Bình, Phú Thọ, Phường Phong Châu, Tỉnh Phú Thọ, Việt Nam",None,None,mall,21.3993086,105.2237332
Vincom+ Phú Thọ,mall,Phú Thọ,"Vincom+ Phú Thọ, Đường Tân Thành, Phường Phú Thọ, Tỉnh Phú Thọ, Việt Nam",None,None,mall,21.4020016,105.2138524
None,toys,Phú Thọ,"DT 317, TT Thanh Thủy, Thanh Thủy, Xã Thanh Thủy, Tỉnh Phú Thọ, Việt Nam",None,None,toys,21.1672138,105.2836729
None,toys,Phú Thọ,"DT 317, TT Thanh Thủy, Thanh Thủy, Xã Thanh Thủy, Tỉnh Phú Thọ, Việt Nam",None,None,toys,21.1671628,105.2844309
Cầm đồ Ngọc Hà,pawnbroker,Phú Thọ,"362, Đường Tôn Đức Thắng",None,None,pawnbroker,20.7851701,105.3525276
"Laptop Bắc Giang, Chợ Quán Thành",electronics,Bắc Giang,"Laptop Bắc Giang, Chợ Quán Thành, Đường Xương Giang, Phường Bắc Giang, Tỉnh Bắc Ninh, 26000, Việt Nam",None,None,electronics,21.2944362,106.2159857
Qhome,electronics,Bắc Giang,hố chucs,None,None,electronics,21.1932091,106.3626772
Hữu phương,alcohol,Bắc Giang,"Hữu phương, Ngõ 90 Đường Hoàng Mai, Phường Nếnh, Bắc Ninh, Tỉnh Bắc Ninh, Việt Nam",None,None,alcohol,21.2492485,106.1094856
Tuyến Bắc Giang Lai,hardware,Bắc Giang,"Tuyến Bắc Giang Lai, Quốc lộ 31, Xã Tân Dĩnh, Thái Đào, Tỉnh Bắc Ninh, 26000, Việt Nam",None,None,hardware,21.29072,106.2614357
Vinh Anh,tyres,Bắc Giang,"578, Xương Giang",None,None,tyres,21.2887669,106.207816
None,motorcycle,Bắc Giang,"Motorbike Mechanic, Đường Lý Thường Kiệt, Xã Sơn Động, An Châu, Tỉnh Bắc Ninh, Việt Nam",None,None,motorcycle,21.3337481,106.8502458
None,motorcycle,Bắc Giang,"Motorbike Mechanic, Đường Võ Nguyên Giáp, Xã Sơn Động, An Châu, Tỉnh Bắc Ninh, Việt Nam",None,None,motorcycle,21.3333615,106.8500473
Quán bán hàng,yes,Bắc Giang,"Quán bán hàng, Quốc lộ 37, Xã Bảo Đài, Tỉnh Bắc Ninh, Việt Nam",None,None,yes,21.3246481,106.3128212
the cofee cc,coffee,Bắc Giang,"34, DT 295, Tân Dĩnh, Lạng Giang fake",None,None,coffee,21.3139916,106.2432578
Big C,supermarket,Bắc Giang,"Big C, Đường Lê Thanh Nghị 2, Phường Tân Tiến, Tỉnh Bắc Ninh, 26000, Việt Nam",None,None,supermarket,21.2667101,106.2083852
Thúy Spa,beauty,Bắc Giang,"Thúy Spa, Đường tỉnh 295, Xã Xuân Cẩm, Châu Minh, Tỉnh Bắc Ninh, Việt Nam",None,None,beauty,21.2258644,105.9719142
Bảo Ngọc Auto,car_repair,Bắc Giang,"142,144,146,148, Nguyễn Thị Minh Khai, 230000",None,None,car_repair,21.2832008,106.2076794
ND Solar Bắc Giang - Điện mặt trời chính hãng,supermarket,Bắc Giang,"Cụm dân cư số 1, Quốc lộ 31, Huyện Lục Ngạn, 230000",None,None,supermarket,21.3820872,106.587715
Bánh mì bà Tuyết,pastry,Bắc Giang,"426, Đường Hoàng Hoa Thám, bắc giang",None,None,pastry,21.2733318,106.1007564
Tiệm Vàng Long Bắc,jewelry,Bắc Giang,"432, Đường Thân Nhân Trung, Bích Động",None,None,jewelry,21.2733616,106.1002424
Lan Anh shop,clothes,Bắc Giang,"424, Đường Hoàng Hoa Thám, bắc giang",None,None,clothes,21.2734262,106.1005726
điện máy xanh,mobile_phone,Bắc Giang,"388, QL37, bắc giang",None,None,mobile_phone,21.2723701,106.101412
VNPT - Vinaphone,radiotechnics,Bắc Giang,"73FX+CQG, Đường Thân Nhân Trung, bắc giang",None,None,radiotechnics,21.2736995,106.0993937
FPT shop,mobile_phone,Bắc Giang,"412, Đường Thân Nhân Trung, bắc giang",None,None,mobile_phone,21.2727038,106.1010086
Đại Lý Sơn Tiến Thành,paint,Bắc Giang,"448, Đường Hoàng Hoa Thám, Bích Động",None,None,paint,21.2720413,106.1001628
"Vietlott Ngã Tư Bích Động, Việt Yên, Bắc Giang",lottery,Bắc Giang,"74F2+452, bắc giang",None,None,lottery,21.2727032,106.1003024
F88,pawnbroker,Bắc Giang,"235, Đường Thân Nhân Trung, bắc giang",None,None,pawnbroker,21.2726,106.1003106
Cửa Hàng Đồng Hồ Mắt Kính Huân Hạnh,optician,Bắc Giang,"422, Đường Thân Nhân Trung, bắc giang",None,None,optician,21.2732173,106.1004456
quán nước,beverages,Bắc Giang,"quán nước, Đường Cả Trọng, Hoàng Văn Thụ, Phường Bắc Giang, Tỉnh Bắc Ninh, 26000, Việt Nam",None,None,beverages,21.2738576,106.2078459
YADEA BÌNH MINH Bắc Giang,motorcycle,Bắc Giang,"904A, Đường Lê Lợi, Bắc Giang, 26000",None,None,motorcycle,21.2815182,106.2158236
Sua Xe,motorcycle_repair,Bắc Giang,"Sua Xe, Đường Chu Văn An, Tân Thịnh, Xã Kép, Tỉnh Bắc Ninh, Việt Nam",None,None,motorcycle_repair,21.4104692,106.2767945
HONDA HEAD ĐÔNG NAM MOTOR,motorcycle,Bắc Giang,"74F2+27J, bắc giang",None,None,motorcycle,21.2724576,106.1007489
None,convenience,Quảng Ninh,12,None,None,convenience,21.0538307,106.60815
None,electronics,Quảng Ninh,34,None,None,electronics,21.0585844,106.5927818
None,supermarket,Quảng Ninh,"Phố Lý Anh Tông, Cái Rồng, Đặc khu Vân Đồn, Tỉnh Quảng Ninh, Việt Nam",None,None,supermarket,21.0612892,107.4291004
G Mart,supermarket,Quảng Ninh,"G Mart, Hùng Vương, Khu 2, Móng Cái 2, Phường Móng Cái 2, Tỉnh Quảng Ninh, 02033, Việt Nam",None,None,supermarket,21.5315509,107.9560804
Ha Long Pearl,jewelry,Quảng Ninh,"Ha Long Pearl, Quốc lộ 18, Phường Tuần Châu, Tỉnh Quảng Ninh, Việt Nam",None,None,jewelry,20.9538015,106.9721038
HOSANA Hair Salon,hairdresser,Quảng Ninh,"Đông Hợp, Đông Xá, 20000",None,None,hairdresser,21.061497,107.4109821
WinMart,supermarket,Quảng Ninh,"WinMart, Hồng Ngọc, Trần Hưng Đạo, Phường Hồng Gai, Hạ Long, Tỉnh Quảng Ninh, 01000, Việt Nam",None,None,supermarket,20.9499837,107.0833814
Chợ Đêm Bến Do,supermarket,Quảng Ninh,"Chợ Đêm Bến Do, Phố Âu Cơ, Cẩm Thuỷ, Phường Quang Hanh, Tỉnh Quảng Ninh, 01250, Việt Nam",None,None,supermarket,21.0034073,107.2654573
Tùng Anh Mobile,supermarket,Quảng Ninh,"471, Lý Anh Tông, Quảng Ninh, 200000",None,None,supermarket,21.0684026,107.422123
None,convenience,Quảng Ninh,"Thuy Hang, Vành đai 1 (Quốc lộ 4B), Yên Than, Xã Điền Xá, Tỉnh Quảng Ninh, Việt Nam",None,None,convenience,21.3378521,107.3733821
G7 Mart,supermarket,Quảng Ninh,"G7 Mart, Anh Đào, Vườn Đào, Phường Bãi Cháy, Hạ Long, Tỉnh Quảng Ninh, 01000, Việt Nam",None,None,supermarket,20.959527,107.0506532
None,convenience,Quảng Ninh,"Sim The, Vành đai 1 (Quốc lộ 4B), Yên Than, Xã Điền Xá, Tỉnh Quảng Ninh, Việt Nam",None,None,convenience,21.3375672,107.3737463
Shop Bảo Trâm,clothes,Quảng Ninh,"Cửa Ông, 200000",None,None,clothes,21.0319042,107.3614891
Cửa hàng gạch đá,department_store,Quảng Ninh,Bà Triệu,None,None,department_store,21.0058432,107.2936551
Nhà Phân Phối gạch men,furniture,Quảng Ninh,Lê Thanh Nghị,None,None,furniture,21.0034902,107.2757974
Hiệu Ảnh Thanh Phú,photo,Quảng Ninh,"1071, Trần Phú",None,None,photo,21.0100615,107.2537595
Chè Tuấn Phong,convenience,Quảng Ninh,"954, Quốc lộ 18",None,None,convenience,21.0059868,107.2954165
None,computer,Quảng Ninh,"Internet café, Lạc Long Quân·, Nam Thọ, Trà Cổ, Móng Cái 1, Phường Móng Cái 1, Tỉnh Quảng Ninh, Việt Nam",None,None,computer,21.481254,108.0256154
Nhà sách Hương Huyền,books,Quảng Ninh,"Nhà sách Hương Huyền, Lê Văn Hưu, Công ty Gốm Viglacera Hạ Long, Giếng Đáy, Phường Việt Hưng, Hạ Long, Tỉnh Quảng Ninh, Việt Nam",None,None,books,20.9789581,107.0204208
ĐIỆN THOẠI LINH ANH,mobile_phone,Quảng Ninh,"SN 02, Đường Kênh Liêm, 36000",None,None,mobile_phone,20.9579974,107.1005692
None,beverages,Quảng Ninh,"Trungdiem, Đường 9 tháng 5, Đồng Tiến, Đặc khu Cô Tô, Tỉnh Quảng Ninh, Việt Nam",None,None,beverages,21.0275693,107.7557758
None,beverages,Quảng Ninh,"Hai dang, Đường 9 tháng 5, Đồng Tiến, Đặc khu Cô Tô, Tỉnh Quảng Ninh, Việt Nam",None,None,beverages,20.9991494,107.7574665
None,hairdresser,Quảng Ninh,"Lửa trại, Đường 9 tháng 5, Đồng Tiến, Đặc khu Cô Tô, Tỉnh Quảng Ninh, Việt Nam",None,None,hairdresser,20.9844508,107.7533952
None,beverages,Quảng Ninh,"Bãi tình yêu, Phố Lý Thường Kiệt, Cô Tô, Đặc khu Cô Tô, Tỉnh Quảng Ninh, Việt Nam",None,None,beverages,20.973327,107.7625464
None,beverages,Quảng Ninh,"Bãi tình yêu, Phố Lý Thường Kiệt, Cô Tô, Đặc khu Cô Tô, Tỉnh Quảng Ninh, Việt Nam",None,None,beverages,20.9734277,107.7625675
Công ty TNHH Vận Tải Quang Minh,ticket,Quảng Ninh,"18, Tỉnh lộ 334, 200000",None,None,ticket,21.0611441,107.4294843
thế giới kem,convenience,Quảng Ninh,"thế giới kem, Đường Giếng Đáy, Giếng Đáy, Phường Việt Hưng, Hạ Long, Tỉnh Quảng Ninh, Việt Nam",None,None,convenience,20.9780124,107.0112652
thế giới kem,florist,Quảng Ninh,"261, Giếng Đáy",None,None,florist,20.9776475,107.0112215
tôi,convenience,Quảng Ninh,Nguyễn Văn Cừ,None,None,convenience,20.947078,107.1141134
trung hiếu,convenience,Quảng Ninh,Nhà Nghĩ Tuần Châu,None,None,convenience,20.9349174,106.9869706
hùng thi,convenience,Quảng Ninh,tuần châu,None,None,convenience,20.9362659,106.9833994
cửa hàng tạp hoá,department_store,Quảng Ninh,"3, bến tàu tuần  châu",None,None,department_store,20.9220375,106.9915524
cô duân,convenience,Quảng Ninh,"21, quang trung",None,None,convenience,20.9452942,107.1110352
a quảng,convenience,Quảng Ninh,quang trung,None,None,convenience,20.9437776,107.1111931
thế lương,convenience,Quảng Ninh,"593, Nguyễn Văn Cừ",None,None,convenience,20.9489623,107.1072915
cô loan,convenience,Quảng Ninh,Nguyễn Văn Cừ,None,None,convenience,20.9405557,107.1197903
cô minh,convenience,Quảng Ninh,Nguyễn Văn Cừ,None,None,convenience,20.9411772,107.1169513
thuý ngân,convenience,Quảng Ninh,"87, Đặng Thùy Trâm",None,None,convenience,20.9383117,107.1258003
của hàng hải yến,convenience,Quảng Ninh,"41, lê chân",None,None,convenience,20.93947,107.115742
đức thanh,convenience,Quảng Ninh,"55, hải đăng",None,None,convenience,20.9403436,107.114311
None,travel_agency,Quảng Ninh,"21, Vườn Đào - Bãi Cháy",None,None,travel_agency,20.9571775,107.0500695
cô hương,convenience,Quảng Ninh,Hoàng Diệu,None,None,convenience,20.955204,107.0971545
JUJU Tea,beverages,Quảng Ninh,"JUJU Tea, Đường Hạ Long, Phường Bãi Cháy, Hạ Long, Tỉnh Quảng Ninh, 01000, Việt Nam",None,None,beverages,20.9541956,107.0470699
tạp hoá thanh huyền,convenience,Quảng Ninh,"398, Nguyễn Văn Cừ",None,None,convenience,20.9503281,107.1067026
cô liên,convenience,Quảng Ninh,Nguyễn Văn Cừ,None,None,convenience,20.9414535,107.1179857
dũng hằng,convenience,Quảng Ninh,tuyển than,None,None,convenience,20.9476147,107.1322238
cô miều,convenience,Quảng Ninh,"130, Nguyễn Văn Cừ",None,None,convenience,20.9419453,107.1178736
tạp hoá cô huệ,convenience,Quảng Ninh,minh haf,None,None,convenience,20.9563328,107.1628203
chiến hường,convenience,Quảng Ninh,minh haf,None,None,convenience,20.956479,107.162474
cô miều,convenience,Quảng Ninh,Nguyễn Văn Cừ,None,None,convenience,20.9415532,107.1181015
phương anh,convenience,Quảng Ninh,"73, Giếng Đáy",None,None,convenience,20.9781766,107.0209092
thu thuỷ,convenience,Quảng Ninh,"146, Giếng Đáy",None,None,convenience,20.9769571,107.0177416
hàng tiêu dùng thái lan,convenience,Quảng Ninh,"242, Nguyễn Văn Cừ",None,None,convenience,20.9533013,107.104046
tạp hoá dũng vân,convenience,Quảng Ninh,Dã Tượng,None,None,convenience,20.9622651,107.0820486
PNJ,jewelry,Quảng Ninh,"PNJ, Lục Châu, Hồng Hải, Phường Hạ Long, Hạ Long, Tỉnh Quảng Ninh, 01010, Việt Nam",None,None,jewelry,20.942433,107.110916
PNJ,jewelry,Quảng Ninh,"PNJ, Trần Hưng Đạo, Phường Hồng Gai, Hạ Long, Tỉnh Quảng Ninh, 01100, Việt Nam",None,None,jewelry,20.9544994,107.0852528
PNJ,jewelry,Quảng Ninh,"PNJ, Cảng Mới, Bạch Đằng, Phường Hồng Gai, Hạ Long, Tỉnh Quảng Ninh, 01100, Việt Nam",None,None,jewelry,20.9502834,107.084194
WinMart+,convenience,Quảng Ninh,"126, Cao Thắng",None,None,convenience,20.9589881,107.0900057
WinMart+,convenience,Quảng Ninh,"496, Cao Thắng",None,None,convenience,20.9637245,107.0973147
None,ticket,Quảng Ninh,"Tuan Chau - Cat Ba Ferry Tickets, Ngọc Châu, Phường Tuần Châu, Hạ Long, Tỉnh Quảng Ninh, Việt Nam",None,None,ticket,20.9176547,106.9897713
Dung Anh bakery,bakery,Quảng Ninh,"694, Hạ Long",None,None,bakery,20.9594052,107.0217733
Nhà Bonsai,garden_centre,Quảng Ninh,"Nhà Bonsai, Đường Đặng Bá Hát, Yết Kiêu, Phường Hồng Gai, Hạ Long, Tỉnh Quảng Ninh, 01000, Việt Nam",None,None,garden_centre,20.9554532,107.0734641
Phương Hiền,tiles,Quảng Ninh,"Phương Hiền, Nguyễn Văn Cừ, Khu phố 3, Phường Hạ Long, Hạ Long, Tỉnh Quảng Ninh, 01010, Việt Nam",None,None,tiles,20.9415084,107.121436
Thegioididong,mobile_phone,Quảng Ninh,"Thegioididong, Đường An Tiêm, Hà Khẩu, Phường Việt Hưng, Hạ Long, Tỉnh Quảng Ninh, Việt Nam",None,None,mobile_phone,20.9805505,106.9994357
Coffee G8,coffee,Quảng Ninh,"Coffee G8, Đường Hạ Long, Phường Bãi Cháy, Hạ Long, Tỉnh Quảng Ninh, 01000, Việt Nam",None,None,coffee,20.9518313,107.0428057
Kia,car,Quảng Ninh,"Kia, Quốc lộ 18, Phường Tuần Châu, Hạ Long, Tỉnh Quảng Ninh, Việt Nam",None,None,car,20.9572178,106.9565634
FPT Shop,electronics,Quảng Ninh,"FPT Shop, Đường Trần Phú, Cẩm Tây, Phường Cẩm Phả, Tỉnh Quảng Ninh, 01250, Việt Nam",None,None,electronics,21.0127816,107.2834441
Media Mart,electronics,Quảng Ninh,"Media Mart, 170, Đường Trần Phú, Cẩm Tây, Phường Cẩm Phả, Tỉnh Quảng Ninh, 01250, Việt Nam",None,None,electronics,21.012883,107.2832047
None,convenience,Quảng Ninh,"Bản Sen, Đặc khu Vân Đồn, Tỉnh Quảng Ninh, Việt Nam",None,None,convenience,20.9809865,107.5106056
None,travel_agency,Quảng Ninh,"The real Swan Cruises Office, Đường Lê Thánh Tông, Phường Hồng Gai, Hạ Long, Tỉnh Quảng Ninh, 01000, Việt Nam",None,None,travel_agency,20.9553123,107.0682546
Lốp Ôtô An Tâm,tyres,Quảng Ninh,"Lốp Ôtô An Tâm, Phố Trần Hưng Đạo, Quang Trung, Phường Uông Bí, Uông Bí, Tỉnh Quảng Ninh, 02306, Việt Nam",None,None,tyres,21.0325699,106.7648622
An Phước,clothes,Quảng Ninh,"385, Lê Thánh Tông",None,None,clothes,20.9553297,107.0689197
Công ty TNHH Du lịch và Thương mại Quốc tế Kỳ Mỹ,travel_agency,Quảng Ninh,"số 13, Đại lộ Hòa Bình, móng cái",None,None,travel_agency,21.5315441,107.973617
None,gift,Quảng Ninh,"Keramik Geschäft, Đường Hoàng Văn Thụ, Yên Thọ, Phường Mạo Khê, Tỉnh Quảng Ninh, Việt Nam",None,None,gift,21.052344,106.625192
WinMart+,convenience,Quảng Ninh,"WinMart+, Phố Ngô Thì Nhậm, Yết Kiêu, Phường Hồng Gai, Hạ Long, Tỉnh Quảng Ninh, 01000, Việt Nam",None,None,convenience,20.9614755,107.0717133
Circle K,convenience,Quảng Ninh,"Circle K, Ngọc Châu, Phường Tuần Châu, Hạ Long, Tỉnh Quảng Ninh, Việt Nam",None,None,convenience,20.9234326,106.9899324
To-oT,convenience,Quảng Ninh,"To-oT, Ngọc Châu, Phường Tuần Châu, Hạ Long, Tỉnh Quảng Ninh, Việt Nam",None,None,convenience,20.9227086,106.9904275
Toyota Quang Ninh,car,Quảng Ninh,"Toyota Quang Ninh, Quốc lộ 18, Phường Tuần Châu, Hạ Long, Tỉnh Quảng Ninh, Việt Nam",None,None,car,20.9554663,106.9812258
None,convenience,Quảng Ninh,"Ngọc Châu, Phường Tuần Châu, Hạ Long, Tỉnh Quảng Ninh, Việt Nam",None,None,convenience,20.9219798,106.9840984
None,convenience,Quảng Ninh,"Ngọc Châu, Phường Tuần Châu, Hạ Long, Tỉnh Quảng Ninh, Việt Nam",None,None,convenience,20.9220395,106.9895869
None,bakery,Quảng Ninh,"Ngọc Châu, Phường Tuần Châu, Hạ Long, Tỉnh Quảng Ninh, Việt Nam",None,None,bakery,20.9197089,106.9895971
Cửa hàng thời trang Tuấn Ngát,clothes,Quảng Ninh,"Cửa hàng thời trang Tuấn Ngát, Đường An Trì, Phường Quảng Yên, Phường Hiệp Hòa, Tỉnh Quảng Ninh, Việt Nam",None,None,clothes,20.9448154,106.8034106
Cửa hàng bách hoá Thắng Hường,department_store,Quảng Ninh,"119, Hoàng Hoa Thám",None,None,department_store,20.9444798,106.8029396
Siêu thị Quảng Yên,supermarket,Quảng Ninh,"Siêu thị Quảng Yên, Đường An Trì, Phường Quảng Yên, Phường Hiệp Hòa, Tỉnh Quảng Ninh, Việt Nam",None,None,supermarket,20.9446147,106.8033447
Peony House - Tiệm hoa tươi Hạ Long,florist,Quảng Ninh,"D10-03 Khu đô thị Mon bay, Trần Quốc Nghiễn, Hạ Long, 200000",None,None,florist,20.9493409,107.1006568
StarShine,clothes,Quảng Ninh,"380, Trần Nhân Tông, Uông Bí, 02306",None,None,clothes,21.0343255,106.754989
Vincom,mall,Quảng Ninh,"Vincom, Thương Mại, Móng Cái 1, Phường Móng Cái 1, Tỉnh Quảng Ninh, 01508, Việt Nam",None,None,mall,21.5352412,107.9723239
THACO,car,Quảng Ninh,"THACO, Quốc lộ 18, Móng Cái 3, Phường Móng Cái 3, Tỉnh Quảng Ninh, 02033, Việt Nam",None,None,car,21.5452236,107.936072
GL Home,interior_decoration,Quảng Ninh,"144, Ba Lan, Hạ Long",None,None,interior_decoration,20.9813583,107.0233979
Hair Salon Ngọc Mai Nguyễn,hairdresser,Quảng Ninh,"257, Đường Trần Phú, Cẩm Phả, 01250",None,None,hairdresser,21.0119917,107.2794059
None,yes,Quảng Ninh,"Quốc lộ 18, Trường Tùng, Hải Lạng, Xã Hải Lạng, Tỉnh Quảng Ninh, Việt Nam",None,None,yes,21.2533529,107.3628363
G22,convenience,Quảng Ninh,"G22, Ngọc Châu, Phường Tuần Châu, Hạ Long, Tỉnh Quảng Ninh, Việt Nam",None,None,convenience,20.9237835,106.9820019
Chợ cũ,supermarket,Quảng Ninh,"Chợ cũ, Đường Giếng Đáy, Giếng Đáy, Phường Việt Hưng, Hạ Long, Tỉnh Quảng Ninh, Việt Nam",None,None,supermarket,20.9776861,107.0080001
QuikTrip,convenience,Quảng Ninh,"QuikTrip, Đường Hạ Long, Phường Bãi Cháy, Hạ Long, Tỉnh Quảng Ninh, 01000, Việt Nam",None,None,convenience,20.9556387,107.0488363
Bicycle shop,bicycle,Quảng Ninh,"Bicycle shop, Trần Quốc Tảng, Cẩm Phú, Phường Cửa Ông, Tỉnh Quảng Ninh, Việt Nam",None,None,bicycle,21.0088051,107.3356925
None,gift,Quảng Ninh,"Hạ Long, Tỉnh Quảng Ninh, Việt Nam",None,None,gift,20.8586406,107.0801148
None,gift,Quảng Ninh,"Hạ Long, Tỉnh Quảng Ninh, Việt Nam",None,None,gift,20.859286,107.0809665
None,gift,Quảng Ninh,Việt Nam,None,None,gift,20.8437353,107.0909076
None,gift,Quảng Ninh,Việt Nam,None,None,gift,20.8442202,107.0898357
None,convenience,Quảng Ninh,"Đường Lê Chân, Bình Dương, Việt Dân, Phường An Sinh, Tỉnh Quảng Ninh, Việt Nam",None,None,convenience,21.1027099,106.4808911
Bao an mart,convenience,Quảng Ninh,"Bao an mart, Vạn Triều, Minh Thành, Phường Đông Mai, Uông Bí, Tỉnh Quảng Ninh, Việt Nam",None,None,convenience,21.0066673,106.8583046
None,beverages,Quảng Ninh,"Vạn Triều, Minh Thành, Phường Đông Mai, Uông Bí, Tỉnh Quảng Ninh, Việt Nam",None,None,beverages,21.0066762,106.8586918
None,hairdresser,Quảng Ninh,"Vạn Triều, Minh Thành, Phường Đông Mai, Uông Bí, Tỉnh Quảng Ninh, Việt Nam",None,None,hairdresser,21.0064624,106.8580011
None,massage,Quảng Ninh,"Vạn Triều, Minh Thành, Phường Đông Mai, Uông Bí, Tỉnh Quảng Ninh, Việt Nam",None,None,massage,21.0065053,106.8583993
Mixue,beverages,Quảng Ninh,"Mixue, Hùng Thắng 20, Hùng Thắng, Phường Bãi Cháy, Hạ Long, Tỉnh Quảng Ninh, Việt Nam",None,None,beverages,20.9583207,107.0080627
WinMart+,convenience,Quảng Ninh,"WinMart+, Hùng Thắng 20, Hùng Thắng, Phường Bãi Cháy, Hạ Long, Tỉnh Quảng Ninh, Việt Nam",None,None,convenience,20.9584529,107.0080697
WinMart+,convenience,Quảng Ninh,"WinMart+, Hùng Thắng 19, Hùng Thắng, Phường Bãi Cháy, Hạ Long, Tỉnh Quảng Ninh, Việt Nam",None,None,convenience,20.9585309,107.0061617
WinMart,supermarket,Quảng Ninh,"WinMart, Đường Bãi Cháy, Cái Dăm, Phường Bãi Cháy, Hạ Long, Tỉnh Quảng Ninh, 01000, Việt Nam",None,None,supermarket,20.9593834,107.0482858
None,supermarket,Quảng Ninh,"Circle K, Đường Hạ Long, Phường Bãi Cháy, Hạ Long, Tỉnh Quảng Ninh, 01000, Việt Nam",None,None,supermarket,20.9556744,107.0488617
Chợ Vinh Cơ 2,mall,Quảng Ninh,"Chợ Vinh Cơ 2, Ngô Gia Tự, Móng Cái 1, Phường Móng Cái 1, Tỉnh Quảng Ninh, 01508, Việt Nam",None,None,mall,21.5341674,107.9704802
Quảng trường Hoà Bình,mall,Quảng Ninh,"Quảng trường Hoà Bình, Xuân Diệu, Móng Cái 1, Phường Móng Cái 1, Tỉnh Quảng Ninh, 01508, Việt Nam",None,None,mall,21.5350324,107.9697954
Chợ Vinh Cơ,mall,Quảng Ninh,"Chợ Vinh Cơ, Thương Mại, Móng Cái 1, Phường Móng Cái 1, Tỉnh Quảng Ninh, 01508, Việt Nam",None,None,mall,21.5331751,107.9712233
Móng Cái Plaza,mall,Quảng Ninh,"Móng Cái Plaza, Phan Đình Phùng, Móng Cái 1, Phường Móng Cái 1, Tỉnh Quảng Ninh, 01508, Việt Nam",None,None,mall,21.5297621,107.9689376
Ford Quảng Ninh,car,Quảng Ninh,"Ford Quảng Ninh, Đường Trần Phú, Phường Cao Xanh, Hạ Long, Tỉnh Quảng Ninh, 01035, Việt Nam",None,None,car,20.9694855,107.0830643
Vincom Plaza Ha Long,mall,Quảng Ninh,"Vincom Plaza Ha Long, Cảng Mới, Bạch Đằng, Phường Hồng Gai, Hạ Long, Tỉnh Quảng Ninh, 01100, Việt Nam",None,None,mall,20.9501573,107.083883
Long Đạt,interior_decoration,Quảng Ninh,"Long Đạt, Đường Nguyễn Văn Cừ, Khu 2, Móng Cái 2, Phường Móng Cái 2, Tỉnh Quảng Ninh, 02033, Việt Nam",None,None,interior_decoration,21.5335731,107.9536562
Chợ Hà Lầm,mall,Quảng Ninh,"Chợ Hà Lầm, Đường Hà Lầm, Hà Trung, Phường Hà Lầm, Hạ Long, Tỉnh Quảng Ninh, 01040, Việt Nam",None,None,mall,20.9667113,107.1083259
Chợ Hòn Gai (Hon Gai Market),supermarket,Quảng Ninh,"Chợ Hòn Gai (Hon Gai Market), Kim Hoan, Trần Hưng Đạo, Phường Hồng Gai, Hạ Long, Tỉnh Quảng Ninh, 01000, Việt Nam",None,None,supermarket,20.9498004,107.0823133
Chợ Hạ Long II,mall,Quảng Ninh,"Chợ Hạ Long II, Tô Hiến Thành, Trần Hưng Đạo, Phường Hồng Gai, Hạ Long, Tỉnh Quảng Ninh, 01100, Việt Nam",None,None,mall,20.9582591,107.0849932
Quân Hương,furniture,Quảng Ninh,"Quân Hương, Ba Đèo, Trần Hưng Đạo, Phường Hồng Gai, Hạ Long, Tỉnh Quảng Ninh, 01000, Việt Nam",None,None,furniture,20.9522658,107.0749228
MM Mega Market Ha Long,supermarket,Quảng Ninh,"MM Mega Market Ha Long, Phố Trần Đại Nghĩa, Phường Hà Tu, Hạ Long, Tỉnh Quảng Ninh, 01040, Việt Nam",None,None,supermarket,20.9604768,107.1558579
Go!,supermarket,Quảng Ninh,"Go!, Phố Hải Đông, Hồng Hải, Phường Hạ Long, Hạ Long, Tỉnh Quảng Ninh, 01010, Việt Nam",None,None,supermarket,20.9420894,107.1105723
Nội thất Hồng Anh,furniture,Quảng Ninh,"Nội thất Hồng Anh, Nguyễn Văn Cừ, Khu phố 3, Phường Hạ Long, Hạ Long, Tỉnh Quảng Ninh, 01010, Việt Nam",None,None,furniture,20.9415659,107.1210531
Ngọc Sơn,gift,Quảng Ninh,"Ngọc Sơn, Đường Hạ Long, Phường Bãi Cháy, Hạ Long, Tỉnh Quảng Ninh, 01000, Việt Nam",None,None,gift,20.9519039,107.0429707
Điện Máy Xanh,electronics,Quảng Ninh,"Điện Máy Xanh, Phố Chu Văn An, Cẩm Bình, Phường Cẩm Phả, Tỉnh Quảng Ninh, 01250, Việt Nam",None,None,electronics,21.0044792,107.2836281
Legend Pearl,jewelry,Quảng Ninh,"Legend Pearl, Quốc lộ 18, Phường Tuần Châu, Tỉnh Quảng Ninh, Việt Nam",None,None,jewelry,20.9573534,106.9513676
Vincom Plaza,mall,Quảng Ninh,"Vincom Plaza, Đại lộ Hòa Bình, Khu 3, Móng Cái 1, Phường Móng Cái 1, Tỉnh Quảng Ninh, 01508, Việt Nam",None,None,mall,21.5324287,107.9731285
Hồng Nguyên,mall,Quảng Ninh,"Hồng Nguyên, Thương Mại, Móng Cái 1, Phường Móng Cái 1, Tỉnh Quảng Ninh, 01508, Việt Nam",None,None,mall,21.5350753,107.9715916
KIM,furniture,Quảng Ninh,"KIM, Hùng Vương, Hoà Lạc, Móng Cái 1, Phường Móng Cái 1, Tỉnh Quảng Ninh, 01508, Việt Nam",None,None,furniture,21.5266255,107.9719612
Ngọc Hà,interior_decoration,Quảng Ninh,"Ngọc Hà, Lý Công Uẩn, Móng Cái 2, Phường Móng Cái 2, Tỉnh Quảng Ninh, 02033, Việt Nam",None,None,interior_decoration,21.533381,107.9505856
bike store,tyres,Quảng Ninh,"bike store, Đường Giếng Đáy, Giếng Đáy, Phường Việt Hưng, Hạ Long, Tỉnh Quảng Ninh, Việt Nam",None,None,tyres,20.9780853,107.0106853
Pham Van Phuong drug store,chemist,Quảng Ninh,"Pham Van Phuong drug store, Đường Giếng Đáy, Giếng Đáy, Phường Việt Hưng, Hạ Long, Tỉnh Quảng Ninh, Việt Nam",None,None,chemist,20.9780917,107.0103589
Duc Hau clothes store,clothes,Quảng Ninh,"Duc Hau clothes store, Đường Giếng Đáy, Giếng Đáy, Phường Việt Hưng, Hạ Long, Tỉnh Quảng Ninh, Việt Nam",None,None,clothes,20.9780892,107.0099522
None,optician,Quảng Ninh,"Đường Giếng Đáy, Giếng Đáy, Phường Việt Hưng, Hạ Long, Tỉnh Quảng Ninh, Việt Nam",None,None,optician,20.9780949,107.009711
Kingfun,clothes,Quảng Ninh,"Kingfun, Đường Giếng Đáy, Giếng Đáy, Phường Việt Hưng, Hạ Long, Tỉnh Quảng Ninh, Việt Nam",None,None,clothes,20.9777267,107.0077499
Ngan Son,chemist,Quảng Ninh,"Ngan Son, Đường Giếng Đáy, Giếng Đáy, Phường Việt Hưng, Hạ Long, Tỉnh Quảng Ninh, Việt Nam",None,None,chemist,20.9781011,107.008627
78,chemist,Quảng Ninh,"78, Đường Giếng Đáy, Giếng Đáy, Phường Việt Hưng, Hạ Long, Tỉnh Quảng Ninh, Việt Nam",None,None,chemist,20.978097,107.0085453
Mimi Baby,clothes,Quảng Ninh,"Mimi Baby, Đường Giếng Đáy, Giếng Đáy, Phường Việt Hưng, Hạ Long, Tỉnh Quảng Ninh, Việt Nam",None,None,clothes,20.9780616,107.0079463
Tuan Duc,photo,Quảng Ninh,"Tuan Duc, Đường An Tiêm, Hà Khẩu, Phường Việt Hưng, Hạ Long, Tỉnh Quảng Ninh, Việt Nam",None,None,photo,20.9781081,107.0073598
Siêu thị LanChi,mall,Quảng Ninh,Đường Bạch Đằng,None,None,mall,20.9454915,106.7964453
None,bicycle,Hà Nội,"Ngõ 68 Đường Ngọc Thụy, Phường Bồ Đề, Thành phố Hà Nội, 11810, Việt Nam",None,None,bicycle,21.0491712,105.8657089
YNOT,interior_decoration,Hà Nội,"27, Tu Hoa, Hanoi",None,None,interior_decoration,21.0602857,105.8307796
WinMart,supermarket,Hà Nội,"WinMart, 191, Phố Bà Triệu, Phường Hai Bà Trưng, Thành phố Hà Nội, 10058, Việt Nam",None,None,supermarket,21.0115759,105.8495236
None,supermarket,Hà Nội,"Đường La Thành, Phường Giảng Võ, Thành phố Hà Nội, 10298, Việt Nam",None,None,supermarket,21.028523,105.8061561
Cửa Hàng Balô MITI,yes,Hà Nội,"Cửa Hàng Balô MITI, Ngõ Chùa Liên Phái, Phường Bạch Mai, Thành phố Hà Nội, 10053, Việt Nam",None,None,yes,21.0051499,105.8493886
Cửa Hàng Áo Cưới Quỳnh Anh,clothes,Hà Nội,"Cửa Hàng Áo Cưới Quỳnh Anh, Phố Bạch Mai, Phường Bạch Mai, Thành phố Hà Nội, 10053, Việt Nam",None,None,clothes,21.0076051,105.8512354
Circle K,convenience,Hà Nội,"Circle K, Phố Đinh Tiên Hoàng, Phường Hoàn Kiếm, Thành phố Hà Nội, 11011, Việt Nam",None,None,convenience,21.0319823,105.8525735
None,clothes,Hà Nội,"95, Phố Hàng Đào",None,None,clothes,21.0325656,105.8514092
None,clothes,Hà Nội,"Phố Hàng Vôi, Phường Hoàn Kiếm, Thành phố Hà Nội, 11007, Việt Nam",None,None,clothes,21.0302564,105.8563078
None,hairdresser,Hà Nội,"5, Gia Ngư",None,None,hairdresser,21.0329628,105.8533911
None,hairdresser,Hà Nội,"Phố Hàng Bạc, Khu phố cổ, Phường Hoàn Kiếm, Thành phố Hà Nội, 11011, Việt Nam",None,None,hairdresser,21.0338828,105.851798
None,bag,Hà Nội,"165, Hàng Bạc, Hà Nội",None,None,bag,21.0340105,105.8510624
TopCare,electronics,Hà Nội,"TopCare, 335, Đường Cầu Giấy, Phường Cầu Giấy, Thành phố Hà Nội, 10141, Việt Nam",None,None,electronics,21.035431,105.791874
Japan Supermarket,supermarket,Hà Nội,"131, Phố Hàng Bông",None,None,supermarket,21.0294273,105.8458111
None,clothes,Hà Nội,"140, Phố Hàng Bông",None,None,clothes,21.0294644,105.8453387
Siêu Thị Hapro,supermarket,Hà Nội,"35, Phố Hàng Bông",None,None,supermarket,21.0307067,105.8482851
None,alcohol,Hà Nội,"1, Phố Hàng Da",None,None,alcohol,21.0311777,105.8468517
Shop & Go,convenience,Hà Nội,"33, Phố Phủ Doãn",None,None,convenience,21.0293607,105.8478856
Suzuki,car,Hà Nội,"Suzuki, Đường Nguyễn Khoái, Cảng Hà Nội, Phường Hồng Hà, Thành phố Hà Nội, 11622, Việt Nam",None,None,car,21.0050433,105.8698406
Phong Lan,clothes,Hà Nội,"77, Đường Thành",None,None,clothes,21.0307123,105.8474583
None,convenience,Hà Nội,"Ngõ Cầu Gỗ, Khu phố cổ, Phường Hoàn Kiếm, Thành phố Hà Nội, 11011, Việt Nam",None,None,convenience,21.0329186,105.8529571
Siêu Thị Hapro,convenience,Hà Nội,"65, Phố Cầu Gỗ",None,None,convenience,21.0321684,105.8523953
Viettel,mobile_phone,Hà Nội,"1a, Lê Duẩn",None,None,mobile_phone,21.0296792,105.8417547
None,motorcycle_repair,Hà Nội,"38, Phố Cao Bá Quát",None,None,motorcycle_repair,21.0305309,105.8374034
Cửa Hàng Thời Trang Indigo,clothes,Hà Nội,"33, Phố Văn Miếu, Hà Nội",None,None,clothes,21.028436,105.8364664
None,convenience,Hà Nội,"84, Phố Bà Triệu",None,None,convenience,21.0195122,105.8495385
Hớt Tóc Adam,hairdresser,Hà Nội,"4, Nguyễn Bỉnh Khiêm",None,None,hairdresser,21.0178763,105.8484118
None,convenience,Hà Nội,"Phố Nguyễn Bỉnh Khiêm, Phường Hai Bà Trưng, Thành phố Hà Nội, 10292, Việt Nam",None,None,convenience,21.0178141,105.8484027
None,copyshop,Hà Nội,"6, Nguyễn Thượng Hiền",None,None,copyshop,21.0189553,105.8436723
Cửa Hàng Đồ Cưới Muacuoi,hairdresser,Hà Nội,"307a, Bạch mai",None,None,hairdresser,21.001877,105.850849
Siêu Thị Trần Anh,supermarket,Hà Nội,"1283, Đường Giải Phóng, Hà Nội",None,None,supermarket,20.9700253,105.8418973
None,supermarket,Hà Nội,"Ngõ 132 Cầu Giấy, Phường Nghĩa Đô, Thành phố Hà Nội, 10198, Việt Nam",None,None,supermarket,21.0341584,105.8000567
Vietnam Motorbikes,motorcycle,Hà Nội,"Vietnam Motorbikes, Ngách 252/16 Đường Ngọc Thụy, Phường Bồ Đề, Thành phố Hà Nội, 11810, Việt Nam",None,None,motorcycle,21.0540288,105.8660195
None,supermarket,Hà Nội,"Ngõ 65 Đường Nguyễn Chí Thanh, Phường Giảng Võ, Thành phố Hà Nội, 10143, Việt Nam",None,None,supermarket,21.024243,105.81112
Tomstyle - Made in Vietnam,clothes,Hà Nội,"366, Hoang Hoa Tham - Tay Ho - Ha Noi",None,None,clothes,21.0428604,105.8150715
Saint Honore,bakery,Hà Nội,"Saint Honore, Đường Xuân Diệu, Phường Tây Hồ, Thành phố Hà Nội, 10202, Việt Nam",None,None,bakery,21.0610589,105.8322037
None,bakery,Hà Nội,"15, Chả Cá",None,None,bakery,21.0356727,105.8492596
None,clothes,Hà Nội,"Phố Hàng Phèn, Khu phố cổ, Phường Hoàn Kiếm, Thành phố Hà Nội, 11016, Việt Nam",None,None,clothes,21.0344697,105.8471646
nhà sách Minh Trí,books,Hà Nội,"nhà sách Minh Trí, Ngõ 143 Phố Quan Hoa, Phường Nghĩa Đô, Thành phố Hà Nội, 11150, Việt Nam",None,None,books,21.0366333,105.8018132
None,clothes,Hà Nội,"Phố Trần Nhân Tông, Phường Hai Bà Trưng, Thành phố Hà Nội, 10292, Việt Nam",None,None,clothes,21.0170583,105.8489426
None,books,Hà Nội,"Phố Quang Trung, Phường Cửa Nam, Thành phố Hà Nội, 11019, Việt Nam",None,None,books,21.0210771,105.8482475
Cửa Hàng Xe Đạp Nam Anh,bicycle,Hà Nội,"Cửa Hàng Xe Đạp Nam Anh, Phố Trần Thánh Tông, Phường Hai Bà Trưng, Thành phố Hà Nội, 10092, Việt Nam",None,None,bicycle,21.0180968,105.8589242
Sbibi shop,clothes,Hà Nội,"11A, ngõ 167, Dương Quảng Hàm, 10000",None,None,clothes,21.0375138,105.8006798
Bánh Mì Tươi Fresh Garden,bakery,Hà Nội,"Bánh Mì Tươi Fresh Garden, Phố Trần Đăng Ninh, Phường Cầu Giấy, Thành phố Hà Nội, 10141, Việt Nam",None,None,bakery,21.0354805,105.7935508
Nhà hàng hải sản Biển Bắc,seafood,Hà Nội,"Nhà hàng hải sản Biển Bắc, Phố Trần Bình, Phường Từ Liêm, Thành phố Hà Nội, 10085, Việt Nam",None,None,seafood,21.0362053,105.7785518
Shop thời trang Body,clothes,Hà Nội,"Shop thời trang Body, Đường Cầu Giấy, Phường Cầu Giấy, Thành phố Hà Nội, 10198, Việt Nam",None,None,clothes,21.0337725,105.7968614
Sửa chữa laptop MoLap,computer,Hà Nội,"Sửa chữa laptop MoLap, Đường Cầu Giấy, Phường Cầu Giấy, Thành phố Hà Nội, 10141, Việt Nam",None,None,computer,21.0347378,105.794227
Trung tâm bảo hành Acer,computer,Hà Nội,"Trung tâm bảo hành Acer, Đường Cầu Giấy, Phường Cầu Giấy, Thành phố Hà Nội, 10198, Việt Nam",None,None,computer,21.0338812,105.7967171
Media Mart,electronics,Hà Nội,Đường Trần Phú,None,None,electronics,20.9801978,105.7883038
Du Lịch Adventure Indochina,travel_agency,Hà Nội,"1, Hàng Buồm, Hanoï",None,None,travel_agency,21.0359602,105.8527852
cửa hàng Flamingo Motorbike Tours / Rentals,motorcycle,Hà Nội,"66, Đào Duy Từ, Hà Nội",None,None,motorcycle,21.0349695,105.8530238
Du Lịch Quốc Tế Đại Việt,travel_agency,Hà Nội,"08, Đường Nguyễn Chí Thanh, Hà Nội, 10000",None,None,travel_agency,21.0295631,105.8124578
None,outdoor,Hà Nội,"Outdoor equipment (Clothing and shoes) shop, Phố Lý Quốc Sư, Phường Hoàn Kiếm, Thành phố Hà Nội, 11006, Việt Nam",None,None,outdoor,21.0308593,105.848835
WinMart,supermarket,Hà Nội,"27A, Phố Lý Thái Tổ",None,None,supermarket,21.029586,105.8553923
Giant,bicycle,Hà Nội,"171, Phõ Láng Hạ",None,None,bicycle,21.0110248,105.8114064
Tink Shop,clothes,Hà Nội,"111, Ngõ 231 Chùa Bộc, Hà Nội",None,None,clothes,21.0079893,105.8258076
Kính Mắt Xuân Thuỷ,optician,Hà Nội,"Cổ Nhuế, Hà Nội",None,None,optician,21.0611837,105.7813363
Siêu thị Điện máy HC,electronics,Hà Nội,"399, Đường Phạm Văn Đồng, Hà Nội",None,None,electronics,21.069082,105.7859723
Thành Đô Mart,variety_store,Hà Nội,"Thành Đô Mart, Phố Quan Nhân, Phường Thanh Xuân, Thành phố Hà Nội, 10167, Việt Nam",None,None,variety_store,21.0074886,105.8123895
Cửa Hàng Xe Đạp Ngoại Khải Hồng,bicycle,Hà Nội,Đường Xuân Thủy,None,None,bicycle,21.0363261,105.7862621
Thế Giới Di Động,mobile_phone,Hà Nội,"338, Đường Phạm Văn Đồng, Hà Nội",None,None,mobile_phone,21.0587443,105.7827577
Vàng Kim Ngân,jewelry,Hà Nội,"Vàng Kim Ngân, Ngõ 100 Cổ Nhuế, Phường Đông Ngạc, Thành phố Hà Nội, 12500, Việt Nam",None,None,jewelry,21.0614499,105.7812189
Siêu thị Điện máy Trần Anh,electronics,Hà Nội,"Siêu thị Điện máy Trần Anh, Ngách 20/14 Đường Hồ Tùng Mậu, Phường Phú Diễn, Thành phố Hà Nội, 10085, Việt Nam",None,None,electronics,21.037404,105.7800441
In Ấn Mạnh Lương,copyshop,Hà Nội,"In Ấn Mạnh Lương, Đường Cổ Nhuế, Phường Đông Ngạc, Thành phố Hà Nội, 12500, Việt Nam",None,None,copyshop,21.0606109,105.7818103
Viglacera - Đại lý Nam Hoà,furniture,Hà Nội,"26, Hoàng Sâm",None,None,furniture,21.0453137,105.7992728
SFarm©,supermarket,Hà Nội,"24, Hoàng Sâm",None,None,supermarket,21.0451847,105.7992667
Chè Tân Cương - Thái Nguyên,tea,Hà Nội,"Chè Tân Cương - Thái Nguyên, Phố Hoàng Sâm, Phường Nghĩa Đô, Thành phố Hà Nội, 10072, Việt Nam",None,None,tea,21.0446091,105.7992506
Cửa Hàng Làm Tóc Cao Minh,tailor,Hà Nội,"250, Hàng Bông",None,None,tailor,21.0290997,105.8411055
Cửa Hàng Thời Trang Lụa Đức Lợi,tailor,Hà Nội,"76, Phố Hàng Gai",None,None,tailor,21.0320067,105.8500395
Tech Land,hifi,Hà Nội,"Tech Land, Phố Tràng Thi, Phường Hoàn Kiếm, Thành phố Hà Nội, 10041, Việt Nam",None,None,hifi,21.0269293,105.8483306
Toread,outdoor,Hà Nội,"50, Phố Nguyễn Hữu Huân",None,None,outdoor,21.0335796,105.8543152
None,copyshop,Hà Nội,"Phố Quang Trung, Phường Cửa Nam, Thành phố Hà Nội, 11019, Việt Nam",None,None,copyshop,21.0215526,105.8486099
None,photo,Hà Nội,"Phố Quang Trung, Phường Hoàn Kiếm, Thành phố Hà Nội, 11006, Việt Nam",None,None,photo,21.0265568,105.8500301
None,bicycle,Hà Nội,"Phố Tràng Thi, Phường Hoàn Kiếm, Thành phố Hà Nội, 11006, Việt Nam",None,None,bicycle,21.0267782,105.8488332
Xe Dap Thong Nhat,bicycle,Hà Nội,"10B, Phố Tràng Thi",None,None,bicycle,21.0268036,105.8487407
None,copyshop,Hà Nội,"Phố Phủ Doãn, Phường Hoàn Kiếm, Thành phố Hà Nội, 11006, Việt Nam",None,None,copyshop,21.0275185,105.8478482
Duy Shop - 283 Vũ Tông Phan,yes,Hà Nội,"283, Vũ Tông Phan, Hà Nội, 10000",None,None,yes,20.9938783,105.8148445
Hệ Thống Siêu Thị Mái Ấm Online,supermarket,Hà Nội,"Đường Xóm Trai, Hà Nội",None,None,supermarket,21.1183065,105.8142732
HappyMom Shop,yes,Hà Nội,"31, Ngõ 92, Hà Nội, 10000",None,None,yes,21.0389899,105.8031721
Đại Lý Cặp Sách Chống Gù Lưng Nhật Bản,yes,Hà Nội,"Đường Xóm Trai, Đông Anh",None,None,yes,21.1177127,105.8142997
Nguyễn Lê Motorcycle,motorcycle,Hà Nội,"27, Đường Văn Tiến Dũng, Hà Nội",None,None,motorcycle,21.047375,105.7484404
Xưởng tranh kính nghệ thuật,supermarket,Hà Nội,"Tổ dân phố 7, Xóm nhà thờ, Hà Nội",None,None,supermarket,21.1108861,105.4856939
Cửa Hàng Thời Trang Dan Gun,clothes,Hà Nội,"324, Phố Thái Hà, Hà Nội",None,None,clothes,21.0154506,105.8171293
Cửa Hàng Máy Tính Đức Duy,computer,Hà Nội,"Bến xe buýt 32, Cầu Diễn, Hà Nội, 084",None,None,computer,21.0518703,105.7358539
Ly Fox Shop,yes,Hà Nội,"24, Ngách 30 Ngõ Thông Phong, Hà Nội",None,None,yes,21.0256965,105.8345688
Công Ty Du Lịch Great La Vita,travel_agency,Hà Nội,"912, Hanoi",None,None,travel_agency,20.9640787,105.8304142
Cửa Hàng Tiện Ích Bảo Long,supermarket,Hà Nội,"kiot 3 Nơ 5, Bán đảo linh đàm, Hà Nội",None,None,supermarket,20.9648945,105.8320905
Hải Sản Tự Nhiên Nghệ An,seafood,Hà Nội,"297, Phố Trung Kính",None,None,seafood,21.0210148,105.7909162
Ngọc Linh Mobile,mobile_phone,Hà Nội,"112 tổ 17, Nguyễn Văn Linh, Hà Nội, 126227",None,None,mobile_phone,21.0235944,105.9327131
Cửa Hàng Spa Eros,beauty,Hà Nội,"32/D2, Bạch Thái Bưởi, Hà Nội",None,None,beauty,20.9698086,105.7882242
Siêu Thị Xe Đạp Điện Thành Tuyến Sơn Tây,supermarket,Hà Nội,"183A, Chùa Thông",None,None,supermarket,21.1213151,105.499349
Siêu Thị Điện Máy Thành Tuyến - Sơn Tây,supermarket,Hà Nội,"183, Chùa Thông, 084",None,None,supermarket,21.1210538,105.4991669
Cửa Hàng Xe Đạp Lâm Vélo,bicycle,Hà Nội,"51_53, Trích Sài",None,None,bicycle,21.045354,105.8154868
Cửa Hàng Mắt Kính Nam Hải,optician,Hà Nội,"Cửa Hàng Mắt Kính Nam Hải, Phố Trần Đại Nghĩa, Phường Bạch Mai, Thành phố Hà Nội, 10999, Việt Nam",None,None,optician,21.0016576,105.8449682
Pet Mart Kim Mã,supermarket,Hà Nội,"206, Kim Mã, Hà Nội, 118508",None,None,supermarket,21.0318491,105.8246645
Pet Mart Đại Cồ Việt,supermarket,Hà Nội,"3, Đường Đại Cồ Việt, Hà Nội",None,None,supermarket,21.0084427,105.8511563
Đồ Gỗ Tuấn Hường,yes,Hà Nội,"số 31, Trung tâm xã Bắc Hồng ( gần UBND xã ), Hà Nội, 100000",None,None,yes,21.1793802,105.8061734
Siêu thị mini Ohlala,grocery,Hà Nội,"Siêu thị mini Ohlala, Phố Hoàng Sâm, Phường Nghĩa Đô, Thành phố Hà Nội, 10072, Việt Nam",None,None,grocery,21.0417358,105.7990779
Tommy Coffee,coffee,Hà Nội,"Tommy Coffee, Đường Lê Đức Thọ, Phường Từ Liêm, Thành phố Hà Nội, 10085, Việt Nam",None,None,coffee,21.0257506,105.768106
IT Long Biên,computer,Hà Nội,"Số 10 Ngõ 357, Ngô Gia Tự, Hà Nội, 0947733060",None,None,computer,21.0619373,105.8937117
Pizza Hut,supermarket,Hà Nội,"609, Trương Định, Hà Nội",None,None,supermarket,20.9805134,105.8447621
Cửa Hàng Xăm MD,tattoo,Hà Nội,"Số 10 Ngõ 738, Đường Láng, Hà Nội, 100000",None,None,tattoo,21.0165887,105.8043548
Tungmobile.com,mobile_phone,Hà Nội,"15, Phố Yên Lãng, Hà Nội",None,None,mobile_phone,21.0132668,105.8185196
Cửa Hàng Ap24h,computer,Hà Nội,"Cửa Hàng Ap24h, Phố Thái Hà, Phường Ô Chợ Dừa, Thành phố Hà Nội, 10167, Việt Nam",None,None,computer,21.0140893,105.8188524
Gốm Sứ Cao Cấp Vũ Linh,yes,Hà Nội,"Gốm Sứ Cao Cấp Vũ Linh, Đường Giang Cao, Xã Bát Tràng, Thành phố Hà Nội, 11622, Việt Nam",None,None,yes,20.9809518,105.916318
Du Lịch Ethnic,travel_agency,Hà Nội,"35, Hang Giay",None,None,travel_agency,21.0348735,105.851339
Trạm Xe Bus Vietnam Airlines Minibus,travel_agency,Hà Nội,"Trạm Xe Bus Vietnam Airlines Minibus, Phố Quang Trung, Phường Cửa Nam, Thành phố Hà Nội, 10116, Việt Nam",None,None,travel_agency,21.0262081,105.8499938
FoTo Sỉ Lẻ Abercrombie & Fitch and Hollister,clothes,Hà Nội,"4, Phố Mai Anh Tuấn, Hà Nội",None,None,clothes,21.0181837,105.8239379
Street Market,supermarket,Hà Nội,"Street Market, Phố Nguyễn Như Đổ, Phường Văn Miếu - Quốc Tử Giám, Thành phố Hà Nội, 11018, Việt Nam",None,None,supermarket,21.026708,105.8387225
None,books,Hà Nội,"Phố Đinh Lễ, Phường Hoàn Kiếm, Thành phố Hà Nội, 11022, Việt Nam",None,None,books,21.0259093,105.853729
OH,bakery,Hà Nội,Phố Lý Nam Đế,None,None,bakery,21.0361837,105.8452359
OH,bakery,Hà Nội,"OH, Phố Gia Ngư, Khu phố cổ, Phường Hoàn Kiếm, Thành phố Hà Nội, 11011, Việt Nam",None,None,bakery,21.033094,105.8536242
Vincom Mega Mall Royal City,mall,Hà Nội,"72A, Đường Nguyễn Trãi, Hà Nội",None,None,mall,21.0022833,105.8160462
Du Lịch Lily's,travel_agency,Hà Nội,"16, Ngõ Huyện",None,None,travel_agency,21.0295942,105.8487217
Đồ Thờ Hương Đức,yes,Hà Nội,"Đồ Thờ Hương Đức, Ngõ 218 Đường Vành Đai Sơn Đồng, Trại Đồng Sa, Xã Sơn Đồng, Thành phố Hà Nội, 34000, Việt Nam",None,None,yes,21.045612,105.6965247
R & M 마사지,massage,Hà Nội,Phố Lý Quốc Sư,None,None,massage,21.030162,105.8490988
Cửa Hàng Đồ Uống Luogo,beverages,Hà Nội,"Cửa Hàng Đồ Uống Luogo, Phố Khương Thượng, Phường Kim Liên, Thành phố Hà Nội, 11415, Việt Nam",None,None,beverages,21.0057536,105.8233332
So4 day A6 Dam Trau,cosmetics,Hà Nội,"So4 day A6 Dam Trau, Dãy A6 Đầm Trấu, Phường Hồng Hà, Thành phố Hà Nội, 10078, Việt Nam",None,None,cosmetics,21.0120618,105.8654735
wintattoo.vn,tattoo,Hà Nội,"nhà 37, Ngõ 44 Triều Khúc, Ha Noi",None,None,tattoo,20.9851077,105.7981433
Whacky Drank,beverages,Hà Nội,"77, Phố Hàng Điếu",None,None,beverages,21.0321874,105.8467814
Photocen,photo,Hà Nội,"Photocen, 79, Phố Lý Thường Kiệt, Phường Cửa Nam, Thành phố Hà Nội, 10088, Việt Nam",None,None,photo,21.0248703,105.8445202
Cửa Hàng Thời Trang Davi,clothes,Hà Nội,"15 Lot 4a, Trung Yên 6, Hà Nội",None,None,clothes,21.0156007,105.7987333
Cửa Hàng Ghế Tuấn Anh,furniture,Hà Nội,thủ lỗ liên Hà đông anh,None,None,furniture,21.1486008,105.9069529
Trung tâm iTplus,computer,Hà Nội,"2C, Ngõ 72 Đường 2 Cửu Việt, Hà Nội",None,None,computer,21.0088695,105.93683
Shoe Master,shoes,Hà Nội,"Shoe Master, Phố Ngọc Hà, Phường Ba Đình, Thành phố Hà Nội, 10287, Việt Nam",None,None,shoes,21.0392286,105.8286678
Photo copy,copyshop,Hà Nội,"Photo copy, Phố Đội Cấn, Phường Ngọc Hà, Thành phố Hà Nội, 10237, Việt Nam",None,None,copyshop,21.0354239,105.819913
None,clothes,Hà Nội,Phố Hàng Bồ,None,None,clothes,21.0338772,105.8480847
None,travel_agency,Hà Nội,"Phố Hàng Buồm, Khu phố cổ, Phường Hoàn Kiếm, Thành phố Hà Nội, 11010, Việt Nam",None,None,travel_agency,21.0358291,105.851346
Crocs,shoes,Hà Nội,"Crocs, 191, Phố Bà Triệu, Phường Hai Bà Trưng, Thành phố Hà Nội, 10058, Việt Nam",None,None,shoes,21.0115143,105.8493228
VNJ,supermarket,Hà Nội,"21b-250, Nguyễn Xiển, Ha Noi, 1000001",None,None,supermarket,20.9863879,105.8052876
The Sinh Cafe Tourist,travel_agency,Hà Nội,"17, Lương Văn Can",None,None,travel_agency,21.0335885,105.8501772
ATM Travel Agency,travel_agency,Hà Nội,"1A, Phố Mã Mây, Hà Nội, 100000",None,None,travel_agency,21.0361142,105.852858
Xuan Mai Market,supermarket,Hà Nội,"Xuan Mai Market, Đường Quốc Lộ 6 Cũ, Xuân Hà, Xã Xuân Mai, Thành phố Hà Nội, Việt Nam",None,None,supermarket,20.9010961,105.5795156
Siêu Thị Lan Chi,supermarket,Hà Nội,"Siêu Thị Lan Chi, Cầu Xuân Mai, Xã Xuân Mai, Thành phố Hà Nội, Việt Nam",None,None,supermarket,20.8931071,105.5812071
Trung Tâm Chăm Sóc Sắc Đẹp Hi Spa,cosmetics,Hà Nội,"Trung Tâm Chăm Sóc Sắc Đẹp Hi Spa, Phố Hàng Buồm, Khu phố cổ, Phường Hoàn Kiếm, Thành phố Hà Nội, 11010, Việt Nam",None,None,cosmetics,21.0360693,105.8521013
Songhong Camera,photo,Hà Nội,"44, Phố Tràng Thi",None,None,photo,21.0278021,105.8454576
Sinh travel,travel_agency,Hà Nội,"Sinh travel, Phố Hàng Điếu, Khu phố cổ, Phường Hoàn Kiếm, Thành phố Hà Nội, 11016, Việt Nam",None,None,travel_agency,21.0335895,105.8470898
Sinh cafe tourist,travel_agency,Hà Nội,"Sinh cafe tourist, Phố Đinh Liệt, Khu phố cổ, Phường Hoàn Kiếm, Thành phố Hà Nội, 11011, Việt Nam",None,None,travel_agency,21.0328605,105.8519882
Cửa Hàng Beer Hồng Hưởng,beverages,Hà Nội,"10, Phố Nguyên Hồng",None,None,beverages,21.0184864,105.8121309
X-Lab,photo,Hà Nội,"X-Lab, Ngõ Đào Duy Từ, Khu phố cổ, Phường Hoàn Kiếm, Thành phố Hà Nội, 11010, Việt Nam",None,None,photo,21.0353318,105.8524664
Pow pow Snow,beverages,Hà Nội,"166E, Đội Cấn",None,None,beverages,21.0344297,105.8252292
Vichy,cosmetics,Hà Nội,"143, Kim Mã",None,None,cosmetics,21.0317806,105.8245051
Nước ép trai cay tuổi Nguyễn chat,beverages,Hà Nội,"Nước ép trai cay tuổi Nguyễn chat, Phố Đông Thái, Khu phố cổ, Phường Hoàn Kiếm, Thành phố Hà Nội, 11010, Việt Nam",None,None,beverages,21.0363923,105.8529993
Cửa Hàng Bánh Mì Bon Bon,bakery,Hà Nội,"Cửa Hàng Bánh Mì Bon Bon, Phố Hàng Buồm, Khu phố cổ, Phường Hoàn Kiếm, Thành phố Hà Nội, 11010, Việt Nam",None,None,bakery,21.0360503,105.8520284
None,confectionery,Hà Nội,"Mochi Sweets, Phố Hàng Trống, Phường Hoàn Kiếm, Thành phố Hà Nội, 11006, Việt Nam",None,None,confectionery,21.03053,105.8498149
Cửa Hàng Xe Máy Hanoi Motorbikes,bicycle,Hà Nội,"40, Đào Duy Từ",None,None,bicycle,21.0352304,105.853097
Cửa Hàng Nội Thất Lovehome Shop,furniture,Hà Nội,"106E1, Tạ Quang Bửu, Ha Noi, 10000",None,None,furniture,21.002085,105.84963
nhật linh shop,chuyên_mỹ_phẩm_xách_tay_châu_âu,Hà Nội,"107, Phố Khâm Thiên, hà nội, 100000",None,None,chuyên_mỹ_phẩm_xách_tay_châu_âu,21.0189949,105.8369646
Thịt lợn đen Song Thắng,butcher,Hà Nội,"150, Đường Đê La Thành, 100000",None,None,butcher,21.0149278,105.8341085
Orchids Spa,cosmetics,Hà Nội,"108, Phố Hàng Trống",None,None,cosmetics,21.0294274,105.8503608
None,travel_agency,Hà Nội,"46, Gia Ngư",None,None,travel_agency,21.033123,105.8520233
Barber Shop Nam,hairdresser,Hà Nội,"6, Phố Tràng Thi",None,None,hairdresser,21.0265809,105.8496826
Chợ Phúc Đồng,supermarket,Hà Nội,"Chợ Phúc Đồng, Ngõ 99 Phố Chu Huy Mân, Phường Phúc Lợi, Thành phố Hà Nội, 08443, Việt Nam",None,None,supermarket,21.0397757,105.9027786
Cửa Hàng ĐTDĐ Hoàng Hà,mobile_phone,Hà Nội,Tản Lĩnh - Ba Vì - Hà Nội,None,None,mobile_phone,21.1136142,105.4047292
Honda,motorcycle,Hà Nội,"251, Đường Nguyễn Trãi, Hà Nội",None,None,motorcycle,20.994343,105.8077915
Ticket Ngoc Son Temple,ticket,Hà Nội,"Ticket Ngoc Son Temple, Phố Đinh Tiên Hoàng, Phường Hoàn Kiếm, Thành phố Hà Nội, 10147, Việt Nam",None,None,ticket,21.0307719,105.8533525
None,clothes,Hà Nội,"Phố Hàng Dầu, Phường Hoàn Kiếm, Thành phố Hà Nội, 10147, Việt Nam",None,None,clothes,21.0312336,105.8540587
None,shoes,Hà Nội,"Phố Lò Sũ, Phường Hoàn Kiếm, Thành phố Hà Nội, 10147, Việt Nam",None,None,shoes,21.0313541,105.8540725
Adore Shoes - Giày Xuất Xịn,shoes,Hà Nội,"107,A1, Phố Thành Công, Ha Noi",None,None,shoes,21.0204753,105.8125327
shop bạc,jewelry,Hà Nội,"shop bạc, Phố Hoàng Đạo Thành, Phường Khương Đình, Thành phố Hà Nội, 10135, Việt Nam",None,None,jewelry,20.9822001,105.8114434
Circle K,convenience,Hà Nội,"Circle K, Phố Hàng Buồm, Khu phố cổ, Phường Hoàn Kiếm, Thành phố Hà Nội, 11010, Việt Nam",None,None,convenience,21.0356608,105.8509028
None,supermarket,Hà Nội,"Circle K, Phố Hàng Trống, Phường Hoàn Kiếm, Thành phố Hà Nội, 11006, Việt Nam",None,None,supermarket,21.0301114,105.8501184
Vietjet Air Booking Office,travel_agency,Hà Nội,"Vietjet Air Booking Office, Phố Trần Hưng Đạo, Phường Cửa Nam, Thành phố Hà Nội, 10045, Việt Nam",None,None,travel_agency,21.0204093,105.8543574
None,travel_agency,Hà Nội,"Ngõ Huyện, Phường Hoàn Kiếm, Thành phố Hà Nội, 11006, Việt Nam",None,None,travel_agency,21.0297256,105.8490197
Circle K,convenience,Hà Nội,"Circle K, Phố Hàng Bè, Khu phố cổ, Phường Hoàn Kiếm, Thành phố Hà Nội, 11011, Việt Nam",None,None,convenience,21.0325813,105.8539001
Cửa Hàng Bánh Mì King Roti,bakery,Hà Nội,"Cửa Hàng Bánh Mì King Roti, Phố Lương Văn Can, Khu phố cổ, Phường Hoàn Kiếm, Thành phố Hà Nội, 11057, Việt Nam",None,None,bakery,21.0324733,105.8507319
None,butcher,Hà Nội,"Ngõ 187 Minh Khai, Phường Bạch Mai, Thành phố Hà Nội, 11617, Việt Nam",None,None,butcher,20.996006,105.8576379
None,copyshop,Hà Nội,"Đường Tứ Hiệp, Phường Yên Sở, Xã Thanh Trì, Thành phố Hà Nội, 12506, Việt Nam",None,None,copyshop,20.9442272,105.8617425
Viettel,mobile_phone,Hà Nội,"Viettel, Phố Lương Văn Can, Phường Hoàn Kiếm, Thành phố Hà Nội, 11057, Việt Nam",None,None,mobile_phone,21.0318546,105.8508268
Du Lịch Ethnic,travel_agency,Hà Nội,"Du Lịch Ethnic, Đường Trần Nhật Duật, Khu phố cổ, Phường Hoàn Kiếm, Thành phố Hà Nội, 11009, Việt Nam",None,None,travel_agency,21.0379379,105.8524751
None,wine,Hà Nội,"6, Ngõ 19 Liễu Giai",None,None,wine,21.034515,105.814957
None,supermarket,Hà Nội,"21, Mã Mây",None,None,supermarket,21.0357863,105.8534205
None,mobile_phone,Hà Nội,Phố Đặng Dung,None,None,mobile_phone,21.0421371,105.8413475
None,beauty,Hà Nội,"Phố Hàng Đào, Khu phố cổ, Phường Hoàn Kiếm, Thành phố Hà Nội, 11057, Việt Nam",None,None,beauty,21.0324492,105.8512244
Công Ty CP Én Vàng,car_parts,Hà Nội,Phố Huỳnh Văn Nghệ,None,None,car_parts,21.0386861,105.910289
None,motorcycle,Hà Nội,Phố Đình Ngang,None,None,motorcycle,21.0285283,105.842198
Thế Giới Phụ Kiện Việt,mobile_phone,Hà Nội,"Tầng 2 Số 357, Đường Nguyễn Khang, 10000",None,None,mobile_phone,21.0256307,105.7973928
Spa & Massage Huong Sen,cosmetics,Hà Nội,"Spa & Massage Huong Sen, Phố Lương Ngọc Quyến, Khu phố cổ, Phường Hoàn Kiếm, Thành phố Hà Nội, 11010, Việt Nam",None,None,cosmetics,21.0347941,105.8529743
Spa & Massage Huong Sen,cosmetics,Hà Nội,"Spa & Massage Huong Sen, Phố Hồng Phúc, Phường Ba Đình, Thành phố Hà Nội, 11009, Việt Nam",None,None,cosmetics,21.0418202,105.8481337
Cửa Hàng Hanoi Biking Travel,bicycle,Hà Nội,"Cửa Hàng Hanoi Biking Travel, Ngõ Bảo Khánh, Phường Hoàn Kiếm, Thành phố Hà Nội, 11006, Việt Nam",None,None,bicycle,21.0305496,105.8506196
Hoa Tươi Như Nguyệt,florist,Hà Nội,"31, Phúc Tân",None,None,florist,21.0387113,105.8536541
Circle K,convenience,Hà Nội,"Circle K, Phố Đào Duy Từ, Khu phố cổ, Phường Hoàn Kiếm, Thành phố Hà Nội, 11010, Việt Nam",None,None,convenience,21.0359408,105.8527988
None,confectionery,Hà Nội,"Phố Thanh Yên, Phường Hồng Hà, Thành phố Hà Nội, 11010, Việt Nam",None,None,confectionery,21.0376415,105.8542075
Cửa Hàng Thời Trang Maily,clothes,Hà Nội,"Cửa Hàng Thời Trang Maily, Đường Điện Biên Phủ, Phường Ba Đình, Thành phố Hà Nội, 11060, Việt Nam",None,None,clothes,21.0295128,105.8419874
None,clothes,Hà Nội,"Đường Điện Biên Phủ, Phường Ba Đình, Thành phố Hà Nội, 11060, Việt Nam",None,None,clothes,21.0294148,105.8420796
original Apple,mobile_phone,Hà Nội,"original Apple, Phố Mai Hắc Đế, Phường Hai Bà Trưng, Thành phố Hà Nội, 10058, Việt Nam",None,None,mobile_phone,21.0131171,105.8511784
None,car_repair,Hà Nội,Hàng Muối,None,None,car_repair,21.034323,105.8546393
None,books,Hà Nội,"Bookworm, Phố Châu Long, Phường Ba Đình, Thành phố Hà Nội, 11117, Việt Nam",None,None,books,21.0451356,105.8423747
None,clothes,Hà Nội,"35, Tạ Hiển",None,None,clothes,21.0344791,105.8522204
None,beauty,Hà Nội,"Trung tâm thẩm mỹ viện May beauty academy, Phố Lê Văn Thiêm, Phường Thanh Xuân, Thành phố Hà Nội, 10055, Việt Nam",None,None,beauty,21.0027959,105.8020349
Cửa Hàng Làm Đẹp Hương Sen,cosmetics,Hà Nội,"68, Phố An Dương",None,None,cosmetics,21.0527274,105.8405657
StyleMobile,mobile_phone,Hà Nội,"9B, Hàng Lược",None,None,mobile_phone,21.0386076,105.8474012
None,confectionery,Hà Nội,"17, Phố Tô Tịch",None,None,confectionery,21.032593,105.8502902
None,beverages,Hà Nội,Tuệ Tĩnh,None,None,beverages,21.0152969,105.847534
WinMart+,convenience,Hà Nội,"49, Đường Lê Duẩn, Hà Nội",None,None,convenience,21.0238652,105.841142
None,ticket,Hà Nội,"120, Đường Lê Duẩn, Phường Văn Miếu - Quốc Tử Giám, Thành phố Hà Nội, 11018, Việt Nam",None,None,ticket,21.024145,105.8410759
None,gift,Hà Nội,Phố Ngô Quyền,None,None,gift,21.1449506,105.4986827
thế giới di động,mobile_phone,Hà Nội,Phố Ngô Quyền,None,None,mobile_phone,21.1461681,105.4975374
Cửa Hàng Thời Trang Fiona,clothes,Hà Nội,"81, Le Hong Phong",None,None,clothes,20.9681965,105.7768242
Cửa Hàng Máy Tính Hiếu Computer,computer,Hà Nội,"17, Ngõ 192 - Lê Trọng Tấn, 10000",None,None,computer,20.9926996,105.8285002
Big C,supermarket,Hà Nội,"Big C, Phố Đỗ Đình Thiện, Khu đô thị Mỹ Đình Sông Đà, Phường Từ Liêm, Thành phố Hà Nội, 10074, Việt Nam",None,None,supermarket,21.0155361,105.7781996
ODC travel,travel_agency,Hà Nội,"13, Ngõ Hàng Hương",None,None,travel_agency,21.0352461,105.8454798
Gốm Sứ Quang Minh,yes,Hà Nội,"Gốm Sứ Quang Minh, Đường Rừng Cọ, Ecopark, Xã Phụng Công, Tỉnh Hưng Yên, Việt Nam",None,None,yes,20.9771711,105.9237395
Trung Tâm Just Massage,massage,Hà Nội,"237, Đường Âu Cơ",None,None,massage,21.0672521,105.8269451
Yakushi,massage,Hà Nội,"6, Alley 28, Xuan Dieu Tu Lien",None,None,massage,21.0615205,105.8320327
None,cosmetics,Hà Nội,"37, Hàng Buồm",None,None,cosmetics,21.035885,105.8519169
nội thất Nam Ninh,furniture,Hà Nội,Nguyễn Văn Cừ,None,None,furniture,21.1440674,105.92052
None,clothes,Hà Nội,"Cheap clothes shops, Phố Xã Đàn, Phường Văn Miếu - Quốc Tử Giám, Thành phố Hà Nội, 10999, Việt Nam",None,None,clothes,21.0084633,105.839965
Đèn Trang Trí Macani,furniture,Hà Nội,"21A-23, Trần Duy Hưng, Hà Nội",None,None,furniture,21.0141804,105.8039346
None,hairdresser,Hà Nội,"70, Phố Lê Văn Hưu, 043",None,None,hairdresser,21.0181306,105.8530145
None,clothes,Hà Nội,Hà Nội,None,None,clothes,21.0333313,105.851911
None,clothes,Hà Nội,"買包包, Phố Đinh Tiên Hoàng, Phường Hoàn Kiếm, Thành phố Hà Nội, 10147, Việt Nam",None,None,clothes,21.0315743,105.8534012
None,clothes,Hà Nội,"買NF衣服, Phố Lò Sũ, Phường Hoàn Kiếm, Thành phố Hà Nội, 10147, Việt Nam",None,None,clothes,21.0314915,105.8534448
None,clothes,Hà Nội,Hà Nội,None,None,clothes,21.0330172,105.8499668
Siêu thị V+,supermarket,Hà Nội,"Siêu thị V+, Phố Minh Khai, Hòa Bình Green City, Phường Vĩnh Tuy, Thành phố Hà Nội, 11622, Việt Nam",None,None,supermarket,20.9994822,105.870358
Bánh Mì V+,bakery,Hà Nội,Minh Khai,None,None,bakery,20.999203,105.8699126
Pinky house 45 hàng bài,cosmetics,Hà Nội,"45, Hàng Bài",None,None,cosmetics,21.0214385,105.8523347
None,convenience,Hà Nội,"Phố Hàng Gai, Khu phố cổ, Phường Hoàn Kiếm, Thành phố Hà Nội, 11057, Việt Nam",None,None,convenience,21.0322208,105.8511797
None,bakery,Hà Nội,"Thien phu, Ngõ 557 Đường Hồng Hà, Phường Hồng Hà, Thành phố Hà Nội, 11011, Việt Nam",None,None,bakery,21.0338796,105.8557908
None,beverages,Hà Nội,"52 + 54, Phố Hàng Bồ",None,None,beverages,21.0340009,105.8491842
Công Ty TNHH Hoá Chất Xây Dựng Việt Nam,department_store,Hà Nội,"Công Ty TNHH Hoá Chất Xây Dựng Việt Nam, Đường Đông Mỹ, Xã Nam Phù, Thành phố Hà Nội, 12506, Việt Nam",None,None,department_store,20.9195018,105.873954
Cửa Hàng Thời Trang Chuyên Hoàng,clothes,Hà Nội,"Cửa Hàng Thời Trang Chuyên Hoàng, Đường tỉnh 414, Xã Suối Hai, Thành phố Hà Nội, Việt Nam",None,None,clothes,21.1194402,105.3804937
Gara Ô Tô LT,car_repair,Hà Nội,Thị Trấn Trạm Trôi,None,None,car_repair,21.0778674,105.6926114
Viettel Store,mobile_phone,Hà Nội,"26, Phố Hàng Dầu",None,None,mobile_phone,21.0314848,105.8538664
Oriberry Coffee,convenience,Hà Nội,"36, Phố Ấu Triệu",None,None,convenience,21.0288471,105.8486547
Tanmy Design,variety_store,Hà Nội,"61, Phố Hàng Gai",None,None,variety_store,21.0319782,105.8503681
văn phòng phẩm khắc dấu Minh Khuê,department_store,Hà Nội,"3/251, Đường Nguyễn Khang",None,None,department_store,21.022419,105.7984463
None,clothes,Hà Nội,"Biker Jackets #bor, Phố Trần Phú, Phường Ba Đình, Thành phố Hà Nội, 10247, Việt Nam",None,None,clothes,21.0304809,105.841863
Nội Thất Đồ Gỗ Được Phát,supermarket,Hà Nội,"Giao Tác, Hà Nội, 10000",None,None,supermarket,21.1400505,105.9075773
Du Lịch Friends,travel_agency,Hà Nội,"62, Hàng Buồm, Hà Nội",None,None,travel_agency,21.0358698,105.8514679
None,cosmetics,Hà Nội,"Glow Nail Salon, Phố Từ Hoa, Phường Tây Hồ, Thành phố Hà Nội, 10202, Việt Nam",None,None,cosmetics,21.0585674,105.8303623
Siêu Thị Đầm Trấu,supermarket,Hà Nội,"Siêu Thị Đầm Trấu, Dãy A3 Đầm Trấu, Phường Hồng Hà, Thành phố Hà Nội, 10078, Việt Nam",None,None,supermarket,21.0122959,105.8647486
None,gift,Hà Nội,"Stamp Man, Phố Hàng Quạt, Khu phố cổ, Phường Hoàn Kiếm, Thành phố Hà Nội, 11015, Việt Nam",None,None,gift,21.0329036,105.8496465
Cửa Hàng Go Motorcycle,bicycle,Hà Nội,"Cửa Hàng Go Motorcycle, Phố Lương Ngọc Quyến, Khu phố cổ, Phường Hoàn Kiếm, Thành phố Hà Nội, 11010, Việt Nam",None,None,bicycle,21.0348921,105.8536914
Sữa tắm trẻ sơ sinh,cosmetics,Hà Nội,"11b, ngõ 1132, Đường Láng, 10000",None,None,cosmetics,21.0251245,105.7985343
helmets,yes,Hà Nội,Hà Nội,None,None,yes,21.0134789,105.8518461
Trần Gỗ Tự Nhiên - Tín Thành,furniture,Hà Nội,"348, Đường Bưởi, 10000",None,None,furniture,21.0416186,105.8068018
Đại Lý Honda Motorrad,car,Hà Nội,"Đại Lý Honda Motorrad, Đường Lê Duẩn, Phường Văn Miếu - Quốc Tử Giám, Thành phố Hà Nội, 10017, Việt Nam",None,None,car,21.0187188,105.8412901
None,computer,Hà Nội,"Professional Care, Ngõ 12 Phố Đặng Thai Mai, Phường Tây Hồ, Thành phố Hà Nội, 10231, Việt Nam",None,None,computer,21.0631857,105.824513
None,jewelry,Hà Nội,"Phố Hàng Đào, Khu phố cổ, Phường Hoàn Kiếm, Thành phố Hà Nội, 11057, Việt Nam",None,None,jewelry,21.0324827,105.8512497
None,clothes,Hà Nội,"25, Phố Bà Triệu",None,None,clothes,21.0248196,105.8516038
Đại Lý Nga Kiên,department_store,Hà Nội,"85, Đường Thạch Bàn",None,None,department_store,21.0261624,105.9099554
Đại Lý Hoàng Huy,department_store,Hà Nội,"307, Thạch Bàn",None,None,department_store,21.021739,105.9033831
Đại Lý Hoàng Dung,department_store,Hà Nội,"115, Đường Thạch Bàn",None,None,department_store,21.0257194,105.9091983
Đại Lý Nam Anh,department_store,Hà Nội,"52 ngõ 85, sài đồng",None,None,department_store,21.0360282,105.9097446
Tiến hương,department_store,Hà Nội,"39 ngách 95/34, Vũ Xuân Thiều",None,None,department_store,21.0339921,105.9168577
None,travel_agency,Hà Nội,"Jetstar, Phố Tràng Thi, Phường Hoàn Kiếm, Thành phố Hà Nội, 10041, Việt Nam",None,None,travel_agency,21.0265279,105.8499999
Cửa Hàng Máy Tính Hồng Nam,computer,Hà Nội,phương trạch,None,None,computer,21.1188634,105.8149137
None,tyres,Hà Nội,"Đường Hoàng Sa, Xã Vĩnh Thanh, Thành phố Hà Nội, 12323, Việt Nam",None,None,tyres,21.1243678,105.8132744
Du Lịch Hanoi Street Food Tour,travel_agency,Hà Nội,"74, Hàng Bạc, Hà Nội",None,None,travel_agency,21.0339986,105.8521332
None,bicycle,Hà Nội,Phố Nguyễn Thái Học,None,None,bicycle,21.0297024,105.8390113
Quán Rượu Likka Stow,alcohol,Hà Nội,"Quán Rượu Likka Stow, Phố Hàng Buồm, Khu phố cổ, Phường Hoàn Kiếm, Thành phố Hà Nội, 11010, Việt Nam",None,None,alcohol,21.0354898,105.8503362
Đại Lý Khang Anh,department_store,Hà Nội,"71, chân cầu vĩnh tuy- long biên",None,None,department_store,21.0251451,105.8949096
None,gift,Hà Nội,"Đường Hoàng Hoa Thám, Phường Ngọc Hà, Thành phố Hà Nội, 10287, Việt Nam",None,None,gift,21.0417821,105.8218623
Đại Lý Dũng Liên,convenience,Hà Nội,"99 lâm dụ, Lâm Du Bồ Đề",None,None,convenience,21.0369331,105.8707718
Đại Lý Phú Hiền,department_store,Hà Nội,"116 ngõ 1, Phú Viên",None,None,department_store,21.0381126,105.868331
Đại Lý Liên,department_store,Hà Nội,"120 ngõ 1, Phú Viên",None,None,department_store,21.0380277,105.8684803
Du Lịch Get Up And Go,travel_agency,Hà Nội,"10, Hàng Buồm",None,None,travel_agency,21.0360042,105.8526831
Cửa Hàng Giày Dép Mangii,shoes,Hà Nội,"Cửa Hàng Giày Dép Mangii, Phố Hàng Bông, Khu phố cổ, Phường Hoàn Kiếm, Thành phố Hà Nội, 11017, Việt Nam",None,None,shoes,21.0296517,105.845799
None,shoes,Hà Nội,"Fugashin Shoemaker, Phố Phạm Ngọc Thạch, Phường Kim Liên, Thành phố Hà Nội, 11415, Việt Nam",None,None,shoes,21.0072702,105.8323154
Đại Lý Sơn Nhàn,department_store,Hà Nội,"Đại Lý Sơn Nhàn, Đường Lâm Du, Phường Bồ Đề, Thành phố Hà Nội, 11023, Việt Nam",None,None,department_store,21.0350335,105.8737226
Phúc hưng,department_store,Hà Nội,"Phúc hưng, Ngõ 60 Phố Ái Mộ, Phường Bồ Đề, Thành phố Hà Nội, 11008, Việt Nam",None,None,department_store,21.0411081,105.8746176
Thái tuyết,department_store,Hà Nội,"Thái tuyết, Phố Ái Mộ, Phường Bồ Đề, Thành phố Hà Nội, 11008, Việt Nam",None,None,department_store,21.0410235,105.8745949
Thúy huống ( cô thúy),department_store,Hà Nội,"Thúy huống ( cô thúy), Phố Tư Đình, Thạch Cầu, Phường Long Biên, Thành phố Hà Nội, 11023, Việt Nam",None,None,department_store,21.0289971,105.8845948
None,mobile_phone,Hà Nội,"42, Hàng Giấy",None,None,mobile_phone,21.0390066,105.8481982
None,ticket,Hà Nội,"Đường Hoàng Hoa Thám, Phường Ba Đình, Thành phố Hà Nội, 10287, Việt Nam",None,None,ticket,21.0415829,105.8310391
None,photo,Hà Nội,"Phố Thợ Nhuộm, Phường Cửa Nam, Thành phố Hà Nội, 10068, Việt Nam",None,None,photo,21.0277202,105.8443176
Nhung,confectionery,Hà Nội,"Nhung, Ngõ 117 Phố Trần Cung, Phường Nghĩa Đô, Thành phố Hà Nội, 10065, Việt Nam",None,None,confectionery,21.0529742,105.7885563
Queen Luxury spa & clinic,beauty,Hà Nội,"35, Phố Thợ Nhuộm, 100000",None,None,beauty,21.0276954,105.8445477
TH True Mart,dairy,Hà Nội,"583, Đường Trương Định, Hà Nội",None,None,dairy,20.9813125,105.8454849
Cửa Hàng Mỹ Phẩm Dr.Lê,beauty,Hà Nội,"314, Phố Huế",None,None,beauty,21.0108623,105.8517435
shop hồng anh,variety_store,Hà Nội,"42, Lương Ngọc Quyến",None,None,variety_store,21.0348496,105.8517205
Kun's Mart,department_store,Hà Nội,"60, Hàng Cót",None,None,department_store,21.036962,105.8470348
HT-Mart,convenience,Hà Nội,"48, Lương Ngọc Quyến",None,None,convenience,21.0348472,105.8516567
Siêu Thị Easy Mart,department_store,Hà Nội,"137, Hàng Bạc",None,None,department_store,21.0339523,105.8512213
Cửa Hàng Ben,department_store,Hà Nội,"62, Hàng Cót",None,None,department_store,21.0368912,105.8470351
Cửa Hàng Gỗ Mỹ Nghệ Hà Nội,furniture,Hà Nội,"TL 80, 01234",None,None,furniture,20.9974738,105.6467054
Circle K,convenience,Hà Nội,Phố Nguyễn Trường Tộ,None,None,convenience,21.0420295,105.8471361
phương anh,department_store,Hà Nội,"62, Phố Nguyễn Hữu Huân",None,None,department_store,21.0331387,105.8543325
Bách Hoá Chú Cường,department_store,Hà Nội,"63, Phố Lò Sũ",None,None,department_store,21.0314544,105.8545617
yến vân,convenience,Hà Nội,"101, Vũ Tông Phan",None,None,convenience,20.9869525,105.8138152
vpp cô thuỷ,convenience,Hà Nội,"14, Phố Khương Hạ",None,None,convenience,20.9923319,105.8161313
Cửa Hàng Bibi Mart,convenience,Hà Nội,"76, Khương Trung",None,None,convenience,20.9983427,105.8186263
yến anh,convenience,Hà Nội,"110, Khương Trung",None,None,convenience,20.997628,105.8181726
thanh hảo,convenience,Hà Nội,"122, Khương Trung",None,None,convenience,20.9973574,105.8181824
số 8 nguyễn khắc cần,department_store,Hà Nội,"8, Nguyễn Khắc Cần",None,None,department_store,21.0229422,105.855337
thu trà,department_store,Hà Nội,"17, Hai Bà Trưng",None,None,department_store,21.023723,105.8543292
thanh hương,department_store,Hà Nội,"107, Phố Phủ Doãn",None,None,department_store,21.0277923,105.8477651
None,convenience,Hà Nội,"56, Hang Non, Hanoi",None,None,convenience,21.0325843,105.8473316
thành lộc,convenience,Hà Nội,"38, Ngõ 164 Vương Thừa Vũ",None,None,convenience,20.996237,105.8209543
thanh tâm,convenience,Hà Nội,"57, Phố Hòang Văn Thái",None,None,convenience,20.9966877,105.8280734
Đại Lý Tuyết Minh,convenience,Hà Nội,"77, Ngõ 164 Vương Thừa Vũ",None,None,convenience,20.996102,105.8196238
nhật linh,department_store,Hà Nội,"14, Hàng Điếu",None,None,department_store,21.0336197,105.8470967
Bách Hoá An,convenience,Hà Nội,"40, Hòang Văn Thái",None,None,convenience,20.995441,105.8287591
wold mart 31/69a,convenience,Hà Nội,Phố Hòang Văn Thái,None,None,convenience,20.9959109,105.8282148
None,clothes,Hà Nội,"6, Phố Tô Tịch, Hà Nội, 100000",None,None,clothes,21.0327865,105.8500332
Đại Lý 169,convenience,Hà Nội,"169, Hòang Văn Thái",None,None,convenience,20.9975773,105.82326
thai an,department_store,Hà Nội,"1, Hàng Gà",None,None,department_store,21.0366634,105.8472299
sakura,department_store,Hà Nội,"23, Hàng Gà",None,None,department_store,21.0358622,105.8469539
zoo mart,convenience,Hà Nội,"102, Phố Tô Vĩnh Diện",None,None,convenience,20.9987259,105.8201203
vinamart,convenience,Hà Nội,"208, Hòang Văn Thái",None,None,convenience,20.9978679,105.8227031
pub game,computer,Hà Nội,"171, Phố Nguyễn Ngọc Nại",None,None,computer,20.9977069,105.8265463
sữa gia đình,department_store,Hà Nội,"103c7b, quỳnh mai",None,None,department_store,21.0010761,105.8599067
Subi,department_store,Hà Nội,"48/10, 8-3",None,None,department_store,20.998939,105.8601899
Tạp hoá @,department_store,Hà Nội,"110 K2 ngõ 48, Tạ Quang Bửu",None,None,department_store,21.0008166,105.8496459
tạp hoá,convenience,Hà Nội,"83 ngõ tự do, Trần Đại Nghĩa",None,None,convenience,20.9979916,105.8465381
Tạp hoá Anh Lộc,convenience,Hà Nội,"39/293, Đường Tam Trinh",None,None,convenience,20.9866663,105.8658782
Tạp hoá,department_store,Hà Nội,"107 C7, quỳnh mai",None,None,department_store,21.0011051,105.8603447
Việt hương,department_store,Hà Nội,"104 C7A, quỳnh mai",None,None,department_store,21.0010245,105.8592341
Thành Loan,department_store,Hà Nội,"27, Nguyễn Hiền",None,None,department_store,21.0011518,105.8457693
Cửa Hàng Tự Chọn GT Mart,supermarket,Hà Nội,"44/30, Tạ Quang Bửu",None,None,supermarket,21.0040643,105.8465822
Safe & save,department_store,Hà Nội,"107 C8, quỳnh mai",None,None,department_store,21.0010644,105.8606681
Thanh xuân,convenience,Hà Nội,"103 C9, quỳnh mai",None,None,convenience,21.0008398,105.8604224
Tuấn anh,convenience,Hà Nội,"37, Ngõ 40 Tạ Quang Bửu",None,None,convenience,21.0030844,105.8460772
Thanh dung,convenience,Hà Nội,"223, Thanh Nhàn",None,None,convenience,21.0027721,105.8548238
Thuỷ Linh,convenience,Hà Nội,"3/57, vĩnh tuy",None,None,convenience,21.0014053,105.8719278
tạp hoá,convenience,Hà Nội,"83, ngõ 34 vĩnh tuy",None,None,convenience,20.9982386,105.8713549
Trung Dũng,convenience,Hà Nội,"184, ngõ 34 vĩnh tuy",None,None,convenience,20.9976701,105.8708974
tạp hoá,convenience,Hà Nội,"91, ngõ 34 vĩnh tuy",None,None,convenience,20.9974812,105.8712286
Tạp hoá,convenience,Hà Nội,"365, Trần Đại Nghĩa",None,None,convenience,20.9940747,105.8446401
Thanh tú,convenience,Hà Nội,"192, ngõ 34 vĩnh tuy",None,None,convenience,20.9970324,105.8709259
Tạp hoá,convenience,Hà Nội,"552, Đường Trần Khát Chân",None,None,convenience,21.0087929,105.8522023
tạp hoá,convenience,Hà Nội,"58/281, Đường Tam Trinh",None,None,convenience,20.9874455,105.8651815
Tâm Bính,convenience,Hà Nội,"241, Đường Tam Trinh",None,None,convenience,20.9885506,105.8635475
None,jewelry,Hà Nội,"Phố Ngô Thì Nhậm, Phường Hai Bà Trưng, Thành phố Hà Nội, 10047, Việt Nam",None,None,jewelry,21.0178334,105.8528387
số 1 ngõ trạm,department_store,Hà Nội,"1, Ngõ Trạm",None,None,department_store,21.0311698,105.8461285
tạp hoá,convenience,Hà Nội,"2/293, Đường Tam Trinh",None,None,convenience,20.9853459,105.8638433
tuyết huân,convenience,Hà Nội,"190, Ngõ 192 - Lê Trọng Tấn",None,None,convenience,20.9881201,105.8262322
tạp hoá bánh kẹo,convenience,Hà Nội,"174, Phó Lê Trọng Tấn",None,None,convenience,20.9946369,105.8309847
tạp hoá,convenience,Hà Nội,"29B/293, Đường Tam Trinh",None,None,convenience,20.9863814,105.8652418
Mini Mart,convenience,Hà Nội,"21, Trung Văn",None,None,convenience,20.9919168,105.7938416
Thu Trang,convenience,Hà Nội,"2/72, Lĩnh Nam",None,None,convenience,20.9866137,105.8684907
phú gia mini mart,convenience,Hà Nội,"60, Nguyễn Huy Tưởng",None,None,convenience,20.9991222,105.806906
Sửa xe,tyres,Hà Nội,"42, Phố Hai Bà Trưng",None,None,tyres,21.0248873,105.8512399
Sữa chua mít,beverages,Hà Nội,"24, Phố Bà Triệu",None,None,beverages,21.0251736,105.8512975
Toyota Hoàn Kiếm,car,Hà Nội,"05, Lê Thánh Tông",None,None,car,21.0224373,105.8577363
Tạp Hoá 106,convenience,Hà Nội,"106, Nguyễn Huy Tưởng",None,None,convenience,20.9982567,105.805559
Skechers,shoes,Hà Nội,"Skechers, Phố Hàng Bông, Khu phố cổ, Phường Hoàn Kiếm, Thành phố Hà Nội, 11017, Việt Nam",None,None,shoes,21.0295468,105.8457245
Converse,shoes,Hà Nội,"Converse, Phố Hàng Bông, Khu phố cổ, Phường Hoàn Kiếm, Thành phố Hà Nội, 11017, Việt Nam",None,None,shoes,21.0289448,105.8446865
Orimart,convenience,Hà Nội,"57, Vân Đồn",None,None,convenience,21.0136299,105.8638435
số 4 đinh lễ,department_store,Hà Nội,"4, Phố Đinh Lễ",None,None,department_store,21.0258862,105.8539897
None,laundry,Hà Nội,"15k per kg in alley, Phố Hàng Bông, Khu phố cổ, Phường Hoàn Kiếm, Thành phố Hà Nội, 11017, Việt Nam",None,None,laundry,21.029749,105.8459786
tạp hoá,convenience,Hà Nội,"94A, Trần Hưng Đạo",None,None,convenience,21.0236141,105.8436112
nhật toàn,department_store,Hà Nội,"02, Phố Tô Hiến Thành",None,None,department_store,21.0133515,105.8512944
siêu thị á âu,department_store,Hà Nội,"314, Phố Huế",None,None,department_store,21.0107749,105.8517613
smart choice,copyshop,Hà Nội,"6, Lê Thánh Tông",None,None,copyshop,21.022302,105.8577515
thế giới hoá mỹ phẩm,department_store,Hà Nội,"13, Phố Hàm Long",None,None,department_store,21.0188011,105.8543226
tạp hoá,convenience,Hà Nội,"4, Ngõ 37 Lê Thanh Nghị",None,None,convenience,21.0014921,105.8464378
None,travel_agency,Hà Nội,"62, Hàng Buồm",None,None,travel_agency,21.0358283,105.8513435
Hoàng thành Thăng Long,ticket,Hà Nội,"Hoàng thành Thăng Long, Đường Hoàng Diệu, Phường Ba Đình, Thành phố Hà Nội, 10044, Việt Nam",None,None,ticket,21.0334391,105.83953
Runway,clothes,Hà Nội,"Runway, 31, Phố Hai Bà Trưng, Phường Cửa Nam, Thành phố Hà Nội, 10296, Việt Nam",None,None,clothes,21.0244598,105.8514968
None,ticket,Hà Nội,"Đường Đại Cồ Việt, Phường Hai Bà Trưng, Thành phố Hà Nội, 10999, Việt Nam",None,None,ticket,21.0082427,105.8458297
None,ticket,Hà Nội,"Đường Lê Duẩn, Phường Hai Bà Trưng, Thành phố Hà Nội, 11415, Việt Nam",None,None,ticket,21.0135916,105.8415467
Brooks Brothers,clothes,Hà Nội,"Brooks Brothers, 31, Phố Hai Bà Trưng, Phường Cửa Nam, Thành phố Hà Nội, 10296, Việt Nam",None,None,clothes,21.0244636,105.8514546
Điểm bán vé ô tô điện,ticket,Hà Nội,"Điểm bán vé ô tô điện, Đường Thanh Niên, Phường Tây Hồ, Thành phố Hà Nội, 10266, Việt Nam",None,None,ticket,21.0481955,105.8379079
None,clothes,Hà Nội,"Đường Nguyễn Tri Phương, Phường Ba Đình, Thành phố Hà Nội, 10061, Việt Nam",None,None,clothes,21.0361961,105.8408546
None,massage,Hà Nội,"Van xuan massage, Phố Lý Quốc Sư, Phường Hoàn Kiếm, Thành phố Hà Nội, 11006, Việt Nam",None,None,massage,21.0304134,105.8488564
Old Propaganda Posters,art,Hà Nội,"43a, Hàng Bạc, Hà Nội",None,None,art,21.0338375,105.8536598
Siêu thị gia đình,supermarket,Hà Nội,"118, Hồng Mai",None,None,supermarket,20.9986173,105.8525636
Shop tự chọn,convenience,Hà Nội,"115/295, Bạch Mai",None,None,convenience,21.0019575,105.8533704
Halo Mart,department_store,Hà Nội,"40, Phố Nguyễn Hữu Huân",None,None,department_store,21.0340699,105.8545911
thanh loan,convenience,Hà Nội,"79, 8-3",None,None,convenience,20.9985899,105.859911
số 7 yên thái,department_store,Hà Nội,"7, Yên Thái",None,None,department_store,21.0320262,105.8478967
Tạp hoá,convenience,Hà Nội,"31, Hoàng Mai",None,None,convenience,20.9924346,105.849864
tạp hoá,convenience,Hà Nội,"240, Hoàng Mai",None,None,convenience,20.9923199,105.8523617
Tiêu dùng 24h,convenience,Hà Nội,"328, Phố Lạc Trung",None,None,convenience,21.0031491,105.8687313
Tạp hoá,convenience,Hà Nội,"4/116, ngõ Trại Cas",None,None,convenience,20.9941523,105.8463196
Siêu Thị HD Mart,convenience,Hà Nội,"13, Đường Khương Đình",None,None,convenience,20.9979695,105.8135146
Trí Anh,convenience,Hà Nội,"118, Đường Trương Định",None,None,convenience,20.9940038,105.8495939
tạp hoá,convenience,Hà Nội,"120, Đường Trương Định",None,None,convenience,20.9937463,105.8495688
Thắng Quang,convenience,Hà Nội,"146, Đường Trương Định",None,None,convenience,20.9932903,105.8495198
tạp hoá,convenience,Hà Nội,"136, Đường Trương Định",None,None,convenience,20.9934976,105.849563
30 cầu gỗ,department_store,Hà Nội,"30, Phố Cầu Gỗ",None,None,department_store,21.0319861,105.8533404
Tạp hoá,convenience,Hà Nội,"74, Trại cas",None,None,convenience,20.9946242,105.8469804
Cửa Hiệu Bách Trà,tea,Hà Nội,"89A, Phố Lý Nam Đế, 70000",None,None,tea,21.0323661,105.8443665
Đại Lý Minh Dũng,convenience,Hà Nội,"21/71, Hòang Văn Thái",None,None,convenience,20.9955668,105.8272924
Tạp hoá,convenience,Hà Nội,"32/57, Lê Quý Đôn",None,None,convenience,21.0129902,105.8620066
Quán trà đá,convenience,Hà Nội,"1A ngõ 365/105, Kim Ngưu",None,None,convenience,21.0051618,105.8650498
thêm triển,department_store,Hà Nội,"128, Vọng Hà",None,None,department_store,21.0300881,105.857588
Cửa Hàng Tự Chọn BGA Mart,department_store,Hà Nội,"126, Vọng Hà",None,None,department_store,21.0301994,105.8575294
Tâm Thành Mart,convenience,Hà Nội,"73, Lãng Yên",None,None,convenience,21.0090109,105.8659779
Circle K,convenience,Hà Nội,"Circle K, Phố Hàng Bông, Khu phố cổ, Phường Hoàn Kiếm, Thành phố Hà Nội, 11017, Việt Nam",None,None,convenience,21.0292046,105.8453421
None,travel_agency,Hà Nội,"19B, Hàng Bè",None,None,travel_agency,21.0333039,105.8539143
Rose Travel Agency,travel_agency,Hà Nội,"Rose Travel Agency, Ngõ Huyện, Phường Hoàn Kiếm, Thành phố Hà Nội, 11006, Việt Nam",None,None,travel_agency,21.0296356,105.8489776
Cửa Hàng Tiện Lợi Green,department_store,Hà Nội,"12, Phố Hàng Vôi",None,None,department_store,21.0309714,105.8560336
Cửa Hàng Tiện Lợi BB Mart,department_store,Hà Nội,"214, Đường Trần Quang Khải",None,None,department_store,21.0262623,105.8588721
ngân minh,department_store,Hà Nội,"7, Nguyễn Khắc Cần",None,None,department_store,21.0231599,105.8551448
anh hiển,department_store,Hà Nội,"4, Phố Chợ Cầu Gỗ",None,None,department_store,21.0327358,105.8529315
song linh 46/25/358,convenience,Hà Nội,Bùi Xương Trạch,None,None,convenience,20.9830344,105.8187579
phú thắg,convenience,Hà Nội,"157, Phố Bùi Xương Trạch",None,None,convenience,20.9882827,105.8183831
phương uyên,convenience,Hà Nội,"62, Phố Bùi Xương Trạch",None,None,convenience,20.9906505,105.8174536
None,copyshop,Hà Nội,"7, Hàng Đậu",None,None,copyshop,21.0404718,105.849583
Thành Công Decal,tyres,Hà Nội,Phố Đông Tác,None,None,tyres,21.0058464,105.8329943
Trường Hường,convenience,Hà Nội,"346, Ngõ Quỳnh",None,None,convenience,20.9959537,105.8588767
Trà sữa trân châu,convenience,Hà Nội,"285, Ngõ Quỳnh",None,None,convenience,20.9962457,105.8587327
Ngọc Vân,convenience,Hà Nội,"985, Đường Bạch Đằng",None,None,convenience,21.0131035,105.8663343
Tạp hoá,convenience,Hà Nội,"151, Hồng Mai",None,None,convenience,20.9989713,105.8533562
Tạp hoá,convenience,Hà Nội,"220, Ngõ Quỳnh",None,None,convenience,21.0007414,105.8560602
Vpp Hồng Hạnh,convenience,Hà Nội,"101 A3, tập thể 128c đại la",None,None,convenience,20.9976082,105.8439977
tạp hoá,convenience,Hà Nội,"148, Ngõ Quỳnh",None,None,convenience,21.0032412,105.8537316
Ngọc Sơn,convenience,Hà Nội,"49/104, Nguyễn An Ninh",None,None,convenience,20.9918862,105.8456633
Tạp hoá,convenience,Hà Nội,"đối diện ngõ 29, Trại Găng",None,None,convenience,21.0033242,105.8527533
Tạp hoá,convenience,Hà Nội,"106, Tập thể ngõ 128C Đại La",None,None,convenience,20.9976548,105.8436877
Cà Phê Kim Lài,coffee,Hà Nội,"99, Hàng Buồm",None,None,coffee,21.0354761,105.8506882
Siêu Thị Tiện Lợi Moon Mart,convenience,Hà Nội,"71, Tuệ Tĩnh",None,None,convenience,21.0152876,105.8481995
Tiến dũng,department_store,Hà Nội,"Tiến dũng, Ngõ 12 Phố Nguyễn Khiêm Ích, Xã Gia Lâm, Thành phố Hà Nội, 08443, Việt Nam",None,None,department_store,21.0139421,105.9370431
Tạp hoá,convenience,Hà Nội,"đối diện 13/119, Đường Tam Trinh",None,None,convenience,20.9934026,105.8636578
Thuỳ dung,convenience,Hà Nội,"232B, Hồng Mai",None,None,convenience,20.9994161,105.8565015
Tuấn ngọc,convenience,Hà Nội,"79/254, Ngõ 254 Minh Khai",None,None,convenience,20.9906031,105.8598611
Tiện ích gia đình,convenience,Hà Nội,"33, Mai Động",None,None,convenience,20.9874707,105.86177
Thu nga,convenience,Hà Nội,"2/15, Ngõ Gốc Đề",None,None,convenience,20.9929529,105.8587543
Tạp Hoá Green Land,convenience,Hà Nội,"30/63, Lương Yên",None,None,convenience,21.0098132,105.8641942
Nội thất T79,furniture,Hà Nội,Bùi Ngọc Dương,None,None,furniture,21.0010458,105.8531991
Thắng Hà,electronics,Hà Nội,"Thắng Hà, Đường Gia Cốc, Xã Gia Lâm, Thành phố Hà Nội, 17710, Việt Nam",None,None,electronics,20.9793032,105.9586623
Siêu Thị Hapro,supermarket,Hà Nội,"119, Lê Duẩn",None,None,supermarket,21.0245405,105.8416221
Siêu Thị An An,convenience,Hà Nội,"38/20, Ngụy Như Kon Tum",None,None,convenience,20.9981294,105.7994278
Tạp hoá,convenience,Hà Nội,"67, trại cas",None,None,convenience,20.9938588,105.8481615
Việt anh,convenience,Hà Nội,"103, D5 quỳnh mai",None,None,convenience,21.0004413,105.8610775
Cửa Hàng Bánh Kẹo Thanh Hà,convenience,Hà Nội,"117, Lãng Yên",None,None,convenience,21.008424,105.86433
Tạp hoá,convenience,Hà Nội,"1, Đê Trần Khát Chân",None,None,convenience,21.0079048,105.8640404
Tạp hoá,convenience,Hà Nội,"67, Đê Trần Khát Chân",None,None,convenience,21.0074668,105.8647632
Rose Travel Agency,travel_agency,Hà Nội,"Rose Travel Agency, Ngõ Huyện, Phường Hoàn Kiếm, Thành phố Hà Nội, 11006, Việt Nam",None,None,travel_agency,21.0294434,105.8485205
Phú Thanh,convenience,Hà Nội,"42 ngõ 459, Bạch Mai",None,None,convenience,20.9963379,105.8518563
Quang phát( c hòa),department_store,Hà Nội,"Quang phát( c hòa), Phố Nguyễn Khiêm Ích, Khu đô thị 31ha, Xã Gia Lâm, Thành phố Hà Nội, 08443, Việt Nam",None,None,department_store,21.0141428,105.9364253
None,beauty,Hà Nội,"Phố Lãn Ông, Khu phố cổ, Phường Hoàn Kiếm, Thành phố Hà Nội, 11010, Việt Nam",None,None,beauty,21.0352297,105.8499224
Mỹ Phẩm Trang Oanh,yes,Hà Nội,"566, Đường Trần Khát Chân",None,None,yes,21.0088488,105.8520388
tạp hoá,convenience,Hà Nội,"41 ngõ 63, Lương Yên",None,None,convenience,21.0099893,105.8642628
tạo hoá,convenience,Hà Nội,"1, Phố Nguyễn Cao",None,None,convenience,21.012859,105.8610047
None,supermarket,Hà Nội,"2, Lãn Ông",None,None,supermarket,21.0351507,105.8500272
None,laundry,Hà Nội,"Đường Tây Hồ, Phường Tây Hồ, Thành phố Hà Nội, 11207, Việt Nam",None,None,laundry,21.0663279,105.8264969
Tam hằng,department_store,Hà Nội,"Tam hằng, Đường Nguyễn Đức Thuận, Voi Phục, Xã Gia Lâm, Thành phố Hà Nội, 08443, Việt Nam",None,None,department_store,21.0159269,105.9456456
TN MART,convenience,Hà Nội,"72, Mai Động",None,None,convenience,20.9879091,105.8622412
tạp hoá,convenience,Hà Nội,"15, Lê Ngọc Hân",None,None,convenience,21.0163926,105.8555285
Siêu Thị Aki,convenience,Hà Nội,"40A, Trần Xuân Soạn",None,None,convenience,21.01709,105.8543279
smart kid,department_store,Hà Nội,"205, Phúc Tân",None,None,department_store,21.0351589,105.8556804
Sữa tươi mộc châu,convenience,Hà Nội,"50, Hàng Chuối",None,None,convenience,21.0151407,105.8581049
phúc hưng,convenience,Hà Nội,"14D, Phố Hàng Chuối",None,None,convenience,21.0179506,105.8568398
Siêu Thị Hapro,supermarket,Hà Nội,"13, Phố Hàn Thuyên",None,None,supermarket,21.0189202,105.8583853
Tạp hoá,convenience,Hà Nội,"96, Đường Đại Cồ Việt",None,None,convenience,21.0083072,105.8467955
"Rượu bia, bánh kẹo",convenience,Hà Nội,"25, Lê Đại Hành",None,None,convenience,21.0098037,105.849833
Hiệu Sách Thuỷ,books,Hà Nội,"55, Lê Đại Hành",None,None,books,21.0123561,105.8472348
Tạp hoá,convenience,Hà Nội,"10 ngõ 40, Võ Thị Sáu",None,None,convenience,21.0082863,105.8551965
Tạp hoá,convenience,Hà Nội,"60, Võ Thị Sáu",None,None,convenience,21.0066279,105.8544553
Tr mart,convenience,Hà Nội,"434, Đường Trần Khát Chân",None,None,convenience,21.009407,105.8553287
phở bò gà,convenience,Hà Nội,"49, Lê Gia Định",None,None,convenience,21.0108625,105.854718
Thái lan,convenience,Hà Nội,"112, Lê Gia Định",None,None,convenience,21.0103228,105.8547341
Tạp hoá,convenience,Hà Nội,"78 ngõ 121, Lê Thanh Nghị",None,None,convenience,21.0011671,105.842807
Tạp hoá,convenience,Hà Nội,"349, Đường Giải Phóng",None,None,convenience,20.9965849,105.841666
Thúy mỵ,convenience,Hà Nội,"10, Phan Đình Gót",None,None,convenience,20.991084,105.8403287
Tạp hoá,convenience,Hà Nội,"155, Phố Đại La",None,None,convenience,20.9965308,105.8453276
Tạp hoá,convenience,Hà Nội,"26, Mã Mây",None,None,convenience,21.0357154,105.85329
Quán nước,convenience,Hà Nội,"34, Mã Mây",None,None,convenience,21.0356477,105.853318
Tạp phẩm,convenience,Hà Nội,"39, Mã Mây",None,None,convenience,21.0354566,105.8534607
Tạp phẩm 39 mã mây,convenience,Hà Nội,"39, Mã Mây",None,None,convenience,21.035485,105.8536015
Mỹ Phẩm Thanh Hằng,yes,Hà Nội,"5, Mã Mây",None,None,yes,21.0359047,105.8532053
Chợ Sạch,convenience,Hà Nội,"2, Phố Phủ Doãn",None,None,convenience,21.0301765,105.8474866
None,convenience,Hà Nội,"115, Phố Phủ Doãn",None,None,convenience,21.0295384,105.8478841
uni mart,convenience,Hà Nội,"1, Phố Lý Nam Đế",None,None,convenience,21.0396297,105.8461835
tạp hoá,convenience,Hà Nội,"5, Phố Lý Nam Đế",None,None,convenience,21.0386661,105.8458531
Thanh hà,convenience,Hà Nội,"41, Phố Lý Quốc Sư",None,None,convenience,21.0296949,105.8489541
Siêu Thị Mini Best Mart,convenience,Hà Nội,"2, Phố Lý Quốc Sư",None,None,convenience,21.0309796,105.8486064
Đại Lý Minh Anh,department_store,Hà Nội,"Đại Lý Minh Anh, Phố Nguyễn Văn Hưởng, Khu tái định cư Giang Biên, Phường Việt Hưng, Thành phố Hà Nội, 08443, Việt Nam",None,None,department_store,21.0593454,105.9154183
Stainless Rack Welding Shop,hardware,Hà Nội,"Stainless Rack Welding Shop, Phố Lò Rèn, Khu phố cổ, Phường Hoàn Kiếm, Thành phố Hà Nội, 11000, Việt Nam",None,None,hardware,21.0361468,105.8481057
Yves Rocher,cosmetics,Hà Nội,"Yves Rocher, Phố Hàng Trống, Phường Hoàn Kiếm, Thành phố Hà Nội, 11006, Việt Nam",None,None,cosmetics,21.0304682,105.849864
None,clothes,Hà Nội,"I'ME, Phố Hàng Trống, Phường Hoàn Kiếm, Thành phố Hà Nội, 10016, Việt Nam",None,None,clothes,21.029749,105.850243
Trung's Shop,car_repair,Hà Nội,"Trung's Shop, Đường Lạc Long Quân, Phường Tây Hồ, Thành phố Hà Nội, 10072, Việt Nam",None,None,car_repair,21.0556362,105.8089658
None,outdoor,Hà Nội,"27A, Trần Bình Trọng",None,None,outdoor,21.0204377,105.8446281
None,mobile_phone,Hà Nội,"폰케어 아이폰액정40만동, Phố Quan Hoa, Phường Nghĩa Đô, Thành phố Hà Nội, 11150, Việt Nam",None,None,mobile_phone,21.0360572,105.8055734
None,cosmetics,Hà Nội,"36, Ngõ Huyện",None,None,cosmetics,21.0294746,105.8486035
Tung Lee,hairdresser,Hà Nội,"Tung Lee, Phố Bát Sứ, Khu phố cổ, Phường Hoàn Kiếm, Thành phố Hà Nội, 11000, Việt Nam",None,None,hairdresser,21.035309,105.84753
None,car,Hà Nội,"Bus to cat ba, Phố Lương Văn Can, Khu phố cổ, Phường Hoàn Kiếm, Thành phố Hà Nội, 11015, Việt Nam",None,None,car,21.0334266,105.8501464
VĂN PHÒNG | Vịt Cổ Xanh Resort Spa Việt-Pháp,travel_agency,Hà Nội,"8 Lane 25/7 - Vũ Ngọc Phan - Láng Hạ, 100000",None,None,travel_agency,21.0138394,105.8099627
None,convenience,Hà Nội,"45, Ngõ 9, Nguyễn Tri Phương",None,None,convenience,21.0324493,105.842501
None,convenience,Hà Nội,"5, Phố Phan Bội Châu",None,None,convenience,21.0271861,105.84399
None,sports,Hà Nội,"Ngõ 172 Đường Phú Diễn, Phường Phú Diễn, Thành phố Hà Nội, 10065, Việt Nam",None,None,sports,21.0462806,105.7643221
Siêu thị Hằng Vui,supermarket,Hà Nội,"Nơ 2, BĐ Linh Đàm",None,None,supermarket,20.9653352,105.8327165
Vintage Clothes Market,clothes,Hà Nội,"Vintage Clothes Market, Ngõ 1 Phố Tôn Thất Tùng, Khu tập thể Khương Thượng, Phường Kim Liên, Thành phố Hà Nội, 11415, Việt Nam",None,None,clothes,21.0045927,105.8314288
None,supermarket,Hà Nội,"T Mart, Phố Nguyễn Khuyến, Phường Văn Miếu - Quốc Tử Giám, Thành phố Hà Nội, 10329, Việt Nam",None,None,supermarket,21.028469,105.8378919
Cửa Hàng Linh Kiện 69,fashion_accessories,Hà Nội,"Cửa Hàng Linh Kiện 69, Phố Trần Đại Nghĩa, Phường Bạch Mai, Thành phố Hà Nội, 10999, Việt Nam",None,None,fashion_accessories,21.0068771,105.8450627
Nhà riêng,confectionery,Hà Nội,"225, Kim Ngưu",None,None,confectionery,21.0049609,105.8614311
In Hồng Chính,copyshop,Hà Nội,Ngõ 117 Nguyễn Lương Bằng,None,None,copyshop,21.015882,105.8282207
None,shoes,Hà Nội,"Phố Đội Cấn, Phường Ba Đình, Thành phố Hà Nội, 11112, Việt Nam",None,None,shoes,21.0344663,105.8304451
None,clothes,Hà Nội,Phố Hàng Vải,None,None,clothes,21.0354091,105.8476374
None,cosmetics,Hà Nội,Phố Hàng Vải,None,None,cosmetics,21.0354005,105.8477989
Tam han,clothes,Hà Nội,"Tam han, Phố Hàng Gai, Khu phố cổ, Phường Hoàn Kiếm, Thành phố Hà Nội, 11057, Việt Nam",None,None,clothes,21.0324613,105.8508818
Thời Trang Thành Đạt,clothes,Hà Nội,"29, Phố Lãn Ông",None,None,clothes,21.0352551,105.8493224
Điện Tử Quang Trường,electronics,Hà Nội,"326/14/30, Tân Nhuệ II",None,None,electronics,21.0717222,105.7708827
truongmobile,mobile_phone,Hà Nội,"8, Phố Trần Vỹ",None,None,mobile_phone,21.0444375,105.7703177
None,hairdresser,Hà Nội,"Bóm Barbershop, Phố Mã Mây, Khu phố cổ, Phường Hoàn Kiếm, Thành phố Hà Nội, 11010, Việt Nam",None,None,hairdresser,21.0359667,105.853096
ô mai vạn lợi,department_store,Hà Nội,"ô mai vạn lợi, Phố Hàng Da, Khu phố cổ, Phường Hoàn Kiếm, Thành phố Hà Nội, 11016, Việt Nam",None,None,department_store,21.030945,105.8466714
Cửa Hàng Thời Trang Nam Mr.Luan,clothes,Hà Nội,"số 58b, ngõ 95, Kim Mã, Hà Nội, 1000",None,None,clothes,21.0307462,105.8254457
None,confectionery,Hà Nội,"Chez Fanny, Phố Quang Trung, Phường Cửa Nam, Thành phố Hà Nội, 10214, Việt Nam",None,None,confectionery,21.0228933,105.8489729
Vietnam Airlines,travel_agency,Hà Nội,"53, Phố Quang Trung",None,None,travel_agency,21.0184513,105.8477591
Thành,department_store,Hà Nội,Ngõ 40 Tạ Quang Bửu,None,None,department_store,21.0040326,105.8471332
None,electronics,Hà Nội,"Phố Hào Nam, Phường Ô Chợ Dừa, Thành phố Hà Nội, 10060, Việt Nam",None,None,electronics,21.0283077,105.8277018
None,electronics,Hà Nội,"Phố Hào Nam, Phường Ô Chợ Dừa, Thành phố Hà Nội, 10060, Việt Nam",None,None,electronics,21.0290394,105.827782
None,clothes,Hà Nội,"factory outlet, Phố Mã Mây, Khu phố cổ, Phường Hoàn Kiếm, Thành phố Hà Nội, 11010, Việt Nam",None,None,clothes,21.0341339,105.8534653
Đồ Lót Hạnh Nguyễn,clothes,Hà Nội,"Số 9, Số 9 Trưng Trắc",None,None,clothes,20.9707675,105.7794175
Hoa Tươi Trịnh Dung,florist,Hà Nội,16 Trưng Trắc,None,None,florist,20.9706616,105.7792842
None,outdoor,Hà Nội,"Bags for motobike (Sewing), Phố Hà Trung, Khu phố cổ, Phường Hoàn Kiếm, Thành phố Hà Nội, 11017, Việt Nam",None,None,outdoor,21.0305592,105.8463548
Honda,motorcycle,Hà Nội,"Honda, Ngõ 214 Phố Đội Cấn, Phường Ngọc Hà, Thành phố Hà Nội, 10229, Việt Nam",None,None,motorcycle,21.0351829,105.8209099
Co-op Mart,supermarket,Hà Nội,"Co-op Mart, 2, Phố Long Biên 2, Phường Bồ Đề, Thành phố Hà Nội, 11008, Việt Nam",None,None,supermarket,21.0452716,105.8663369
Suzuki,motorcycle,Hà Nội,"Suzuki, Phố Đội Cấn, Phường Ngọc Hà, Thành phố Hà Nội, 10237, Việt Nam",None,None,motorcycle,21.0353761,105.8197813
None,outdoor,Hà Nội,"Bags shop, Phố Hà Trung, Khu phố cổ, Phường Hoàn Kiếm, Thành phố Hà Nội, 11017, Việt Nam",None,None,outdoor,21.0309514,105.846383
None,copyshop,Hà Nội,"Photo copy, Phố Đội Cấn, Phường Ngọc Hà, Thành phố Hà Nội, 10229, Việt Nam",None,None,copyshop,21.0352176,105.8206375
None,copyshop,Hà Nội,"Photo copy, Ngõ Yên Thái, Khu phố cổ, Phường Hoàn Kiếm, Thành phố Hà Nội, 11016, Việt Nam",None,None,copyshop,21.0315963,105.8470114
Đồ Thờ Thanh Phong,yes,Hà Nội,"Ngã tư, Sơn đồng, Hoài đức, Hà nôij, 10000",None,None,yes,21.0471241,105.7040896
Bách Hoá Hùng Hiền,department_store,Hà Nội,"Bách Hoá Hùng Hiền, Ngõ 42 Thanh Bình, Phường Hà Đông, Thành phố Hà Nội, 12100, Việt Nam",None,None,department_store,20.9783373,105.7806227
None,beverages,Hà Nội,"Toco Toco, Phố Hàng Mắm, Khu phố cổ, Phường Hoàn Kiếm, Thành phố Hà Nội, 11011, Việt Nam",None,None,beverages,21.0338345,105.853998
Du Lịch Hanoi Travel,travel_agency,Hà Nội,"Du Lịch Hanoi Travel, Ngõ 174 Phố Đội Cấn, Phường Ngọc Hà, Thành phố Hà Nội, 10229, Việt Nam",None,None,travel_agency,21.0347836,105.8248341
None,clothes,Hà Nội,"The cutest vendors North Face, Phố Hàng Gai, Khu phố cổ, Phường Hoàn Kiếm, Thành phố Hà Nội, 11015, Việt Nam",None,None,clothes,21.0315297,105.8492974
None,computer,Hà Nội,"Đường Hoàng Hoa Thám, Phường Ngọc Hà, Thành phố Hà Nội, 10062, Việt Nam",None,None,computer,21.0438691,105.8134363
Như ý,convenience,Hà Nội,"Như ý, Quốc lộ 21B, Xã Bình Minh, Thành phố Hà Nội, Việt Nam",None,None,convenience,20.8907855,105.7636437
None,supermarket,Hà Nội,"T Mart, Phố Nguyễn Trác, Phường Dương Nội, Thành phố Hà Nội, 10189, Việt Nam",None,None,supermarket,20.9640138,105.749619
TH mart,variety_store,Hà Nội,đường mới tự khoát,None,None,variety_store,20.9248912,105.8553132
Sơn Phượng,convenience,Hà Nội,Đường tỉnh 419,None,None,convenience,20.9782127,105.6507811
None,massage,Hà Nội,"Van Xuân - food massage, Phố Lý Quốc Sư, Phường Hoàn Kiếm, Thành phố Hà Nội, 11006, Việt Nam",None,None,massage,21.0302354,105.848941
Chợ Chúc Sơn,convenience,Hà Nội,Quốc lộ 6,None,None,convenience,20.9190214,105.7029956
Vinh hoa,convenience,Hà Nội,DT 419,None,None,convenience,20.9206968,105.6964137
Oanh xinh,convenience,Hà Nội,DT 419,None,None,convenience,20.878649,105.702105
Tuấn vinh,convenience,Hà Nội,DT 419,None,None,convenience,20.887268,105.7000881
Thiện chiến,convenience,Hà Nội,đồng tâm,None,None,convenience,20.7958938,105.6714447
Sang hà,convenience,Hà Nội,RAI_64_MD_003,None,None,convenience,20.7994977,105.6724396
Thế lan,convenience,Hà Nội,DT 419,None,None,convenience,20.8250728,105.7138933
Sự tích,convenience,Hà Nội,DT 419,None,None,convenience,20.8194485,105.7140696
Thế an,convenience,Hà Nội,DT 419,None,None,convenience,20.8167117,105.7159682
Thanh nụ,convenience,Hà Nội,DT 419,None,None,convenience,20.8147282,105.7107884
Thứ nhất,convenience,Hà Nội,DT 419,None,None,convenience,20.8109572,105.7116325
Phú mỹ,convenience,Hà Nội,Quốc lộ 21,None,None,convenience,20.8191596,105.6461727
Siêu thị dũng bình,department_store,Hà Nội,"Siêu thị dũng bình, Đường tỉnh 419, Vĩnh Xương Thượng, Vĩnh Lạc, Xã Hồng Sơn, Thành phố Hà Nội, Việt Nam",None,None,department_store,20.7601501,105.6985779
Ý an,convenience,Hà Nội,liên xã,None,None,convenience,20.8076309,105.7296464
None,convenience,Hà Nội,"Quốc lộ 21B, Xã Dân Hòa, Thành phố Hà Nội, 10000, Việt Nam",None,None,convenience,20.8162477,105.7751024
Tự  hạnh,convenience,Hà Nội,RAI_64_TO_010,None,None,convenience,20.8139198,105.7836264
Thế  tâm,convenience,Hà Nội,Quốc lộ 21B,None,None,convenience,20.8159501,105.7706533
Tự hà,convenience,Hà Nội,Quốc lộ 21,None,None,convenience,20.8176586,105.6443087
Thế  mĩ,convenience,Hà Nội,Quốc lộ 21,None,None,convenience,20.8141094,105.6452183
Tâm mart,convenience,Hà Nội,RAI_64_TO_008,None,None,convenience,20.8274321,105.763735
None,convenience,Hà Nội,"Đường tỉnh 429, Xóm 11, Đồng Mít, Xã Phúc Sơn, Thành phố Hà Nội, Việt Nam",None,None,convenience,20.8080084,105.6657972
None,convenience,Hà Nội,"A vĩ, Quốc lộ 21B, Xã Ứng Thiên, Thành phố Hà Nội, 13524, Việt Nam",None,None,convenience,20.742958,105.7693569
Quán dung,convenience,Hà Nội,Quốc lộ 21B,None,None,convenience,20.7603792,105.7664103
Vịnh tuân,convenience,Hà Nội,RAI_64_UH_010,None,None,convenience,20.7085654,105.765983
Quốc Anh,convenience,Hà Nội,Tỉnh Lộ 428,None,None,convenience,20.733166,105.7703356
Thế  mơ,convenience,Hà Nội,RAI_64_UH_012,None,None,convenience,20.6938586,105.7693251
Ngân khánh,convenience,Hà Nội,Đường Đại Nghĩa,None,None,convenience,20.6845905,105.7426908
Túy nhiên,convenience,Hà Nội,Đường Tỉnh 419,None,None,convenience,20.685894,105.7408725
WinMart+,convenience,Hà Nội,"Thôn Quỳnh Đô, Đường Vĩnh Quỳnh",None,None,convenience,20.9387796,105.8399343
Phan,convenience,Hà Nội,"21, Phan Trọng Tuệ",None,None,convenience,20.9428687,105.8432742
Ngọc Linh,convenience,Hà Nội,"Xóm 4 Quỳnh Đô, Vĩnh Quỳnh",None,None,convenience,20.9343406,105.837044
Vũ Hương,convenience,Hà Nội,"13 Vĩnh Ninh, Vĩnh Ninh",None,None,convenience,20.9325432,105.8297063
Cà Phê B,coffee,Hà Nội,"Cà Phê B, Phố Nguyễn Hữu Liêu, Phường Xuân Đỉnh, Thành phố Hà Nội, 10264, Việt Nam",None,None,coffee,21.06434,105.8009979
WinMart+,convenience,Hà Nội,Gia Vinh,None,None,convenience,21.0642167,105.8011152
Siêu thị Đức Thành,supermarket,Hà Nội,"Phố Tân Mai, Hà Nội",None,None,supermarket,20.9839016,105.859713
None,convenience,Hà Nội,"Ngõ 69 Đường Xuân La, Phường Tây Hồ, Thành phố Hà Nội, 10206, Việt Nam",None,None,convenience,21.0628081,105.8072956
Xưởng gia công đồ sắt thép inox Đức Toàn,variety_store,Hà Nội,tả đê sông đáy,None,None,variety_store,20.9323038,105.7322579
None,travel_agency,Hà Nội,"57, Lương Ngọc Quyến",None,None,travel_agency,21.0347561,105.8515999
Viet Lotus Spa,massage,Hà Nội,"26, Ngõ 12 Đặng Thai Mai",None,None,massage,21.0625982,105.8234622
Cửa Hàng Bánh Mì Gia Thanh,bakery,Hà Nội,"5B, Nguyễn Thiện Thuật",None,None,bakery,21.037447,105.8506333
Thế Hưng Motor,motorcycle,Hà Nội,"7, Ngõ 104 Cổ Nhuế",None,None,motorcycle,21.061882,105.7814111
None,travel_agency,Hà Nội,"Holidays with Hanna Travel, Phố Mã Mây, Khu phố cổ, Phường Hoàn Kiếm, Thành phố Hà Nội, 11010, Việt Nam",None,None,travel_agency,21.0356288,105.8534511
None,bicycle,Hà Nội,Chợ Gạo,None,None,bicycle,21.0367047,105.852911
None,department_store,Hà Nội,Phố Thị Cẩm,None,None,department_store,21.0350045,105.7480881
FamilyMart,convenience,Hà Nội,"FamilyMart, Đường Yên Sở, Xã Dương Hòa, Thành phố Hà Nội, 34000, Việt Nam",None,None,convenience,21.0428076,105.6786202
Phương di,convenience,Hà Nội,"Phương di, Đường Di Trạch, Xã Hoài Đức, Thành phố Hà Nội, 34000, Việt Nam",None,None,convenience,21.0468776,105.7184345
Thảo mộc,convenience,Hà Nội,"Thảo mộc, Đường Lý Phục Man, Xã Dương Hòa, Thành phố Hà Nội, 34000, Việt Nam",None,None,convenience,21.0402199,105.6730782
Vân sinh,convenience,Hà Nội,"Vân sinh, Đường Thôn 7, Xã Dương Hòa, Thành phố Hà Nội, 34000, Việt Nam",None,None,convenience,21.0400825,105.6806991
Tùng tiến,convenience,Hà Nội,"Tùng tiến, Đường Yên Sở, Xã Dương Hòa, Thành phố Hà Nội, 34000, Việt Nam",None,None,convenience,21.0428951,105.6795877
Thu hiền,convenience,Hà Nội,"Thu hiền, Đường tỉnh 422, Giang Xá, Xã Hoài Đức, Thành phố Hà Nội, 34000, Việt Nam",None,None,convenience,21.0694468,105.707577
Liên Makeup & Hair,beauty,Hà Nội,"13, Phố Yên Ninh",None,None,beauty,21.0432078,105.8447194
Thủy Tiên,convenience,Hà Nội,"Thủy Tiên, Ngõ 58 Phúc Diễn, Phường Xuân Phương, Thành phố Hà Nội, 10085, Việt Nam",None,None,convenience,21.0408938,105.7595077
Phương uyên,convenience,Hà Nội,"Phương uyên, Ngõ 156 Đường Tỉnh 422B, Xã Sơn Đồng, Thành phố Hà Nội, 34000, Việt Nam",None,None,convenience,21.0368429,105.7350447
Thất Tịch Studio,clothes,Hà Nội,"30, Nguyễn Đình Hoàn, 100000",None,None,clothes,21.0410309,105.804471
Chung Anh Makeup Artist,clothes,Hà Nội,"Số 30, Ngõ 152, Nguyễn Đình Hoàn, 100000",None,None,clothes,21.0410606,105.8044952
Cơ Sở Sản Xuất Rau Sạch Hướng Dương Xanh,greengrocer,Hà Nội,"tân mỹ- thuỵ huongw, 10000",None,None,greengrocer,20.9012129,105.7191157
Thực phẩm sạch,convenience,Hà Nội,"Thực phẩm sạch, Đường Phúc Diễn, Phường Xuân Phương, Thành phố Hà Nội, 10085, Việt Nam",None,None,convenience,21.0348573,105.758441
Việt anh,convenience,Hà Nội,"Việt anh, Đường Cầu Diễn, Phường Tây Tựu, Thành phố Hà Nội, 34000, Việt Nam",None,None,convenience,21.0507909,105.7382918
Phương linh,convenience,Hà Nội,"Phương linh, Ngõ 1 Khu tập thể Trung tâm 75, Xã Hoài Đức, Thành phố Hà Nội, 34000, Việt Nam",None,None,convenience,21.0647177,105.718709
Việt hải,convenience,Hà Nội,"Việt hải, Phố Phượng Trì, Xã Đan Phượng, Thành phố Hà Nội, Việt Nam",None,None,convenience,21.0866982,105.6644748
Nhung hợi,convenience,Hà Nội,"Nhung hợi, Quốc lộ 32, Xã Hát Môn, Thành phố Hà Nội, Việt Nam",None,None,convenience,21.0753217,105.6429802
Phương dung,convenience,Hà Nội,"Phương dung, Đường Lý Đàm Nghiên, Yên Bệ, Xã Hoài Đức, Thành phố Hà Nội, 34000, Việt Nam",None,None,convenience,21.0556391,105.7021641
None,hairdresser,Hà Nội,Phố Chân Cầm,None,None,hairdresser,21.0302577,105.8484177
Vân dũng,convenience,Hà Nội,"Vân dũng, Thu Thuận, Xã Đan Phượng, Thành phố Hà Nội, Việt Nam",None,None,convenience,21.0773915,105.6644786
Phạm thịnh,convenience,Hà Nội,"Phạm thịnh, Đường Quế Dương, Xã Dương Hòa, Thành phố Hà Nội, 34000, Việt Nam",None,None,convenience,21.0467572,105.6746667
Thanh hợi,convenience,Hà Nội,"Thanh hợi, Đường Quế Dương, Xã Dương Hòa, Thành phố Hà Nội, 34000, Việt Nam",None,None,convenience,21.0467247,105.6765318
Chị hằng,department_store,Hà Nội,"Chị hằng, Phố Nguyễn Khuyến, Khu đô thị Văn Quán, Phường Hà Đông, Thành phố Hà Nội, 12100, Việt Nam",None,None,department_store,20.9782954,105.7871551
Mini Mart,convenience,Hà Nội,"Mini Mart, Đường Sơn Đồng, Sơn Đồng, Xã Sơn Đồng, Thành phố Hà Nội, 34000, Việt Nam",None,None,convenience,21.0471696,105.7033843
Tiến hòa,convenience,Hà Nội,"Tiến hòa, Cát Quế, Xã Dương Hòa, Thành phố Hà Nội, 34000, Việt Nam",None,None,convenience,21.0532315,105.67536
None,department_store,Hà Nội,"Ngõ 367 phố Ngô Xuân Quảng, Xã Gia Lâm, Thành phố Hà Nội, 08443, Việt Nam",None,None,department_store,21.008618,105.9380256
Quán ăn,department_store,Hà Nội,Đường Y,None,None,department_store,21.0053158,105.935509
None,toys,Hà Nội,"KidsPlaza, Ngõ 252 Phố Tây Sơn, Phường Đống Đa, Thành phố Hà Nội, 11415, Việt Nam",None,None,toys,21.0090586,105.8228875
None,toys,Hà Nội,"KidsPlaza, Phố Thái Hà, Phường Đống Đa, Thành phố Hà Nội, 11415, Việt Nam",None,None,toys,21.0108183,105.8223595
None,toys,Hà Nội,"20, Phố Thái Thịnh",None,None,toys,21.0065773,105.821895
Cắt Tóc Hạnh Chi,hairdresser,Hà Nội,"Cắt Tóc Hạnh Chi, Đường Giải Phóng, Phường Phương Liệt, Thành phố Hà Nội, 10999, Việt Nam",None,None,hairdresser,20.9940986,105.8407684
Mini Mart,convenience,Hà Nội,"Mini Mart, Đường Triệu Túc, Giang Xá, Xã Hoài Đức, Thành phố Hà Nội, 34000, Việt Nam",None,None,convenience,21.0487259,105.70519
Ninh nam,convenience,Hà Nội,"Ninh nam, Ngõ 92 Hữu Nghị, Xã Tây Phương, Thành phố Hà Nội, Việt Nam",None,None,convenience,21.0332786,105.6096658
Phượng mai,convenience,Hà Nội,"Phượng mai, Ngõ 1, Xã Tây Phương, Thành phố Hà Nội, Việt Nam",None,None,convenience,21.0383346,105.6002019
FPT Shop,mobile_phone,Hà Nội,"39, Nguyễn Hoàng",None,None,mobile_phone,21.0321248,105.7732023
Cửa Hàng Phụ Kiện Điện Thoại Văn Cường,mobile_phone,Hà Nội,Làng Phú Đô,None,None,mobile_phone,21.0141487,105.7664009
Thanh nhàn,convenience,Hà Nội,"Thanh nhàn, Đường Vạn Xuân, Giang Xá, Xã Hoài Đức, Thành phố Hà Nội, 34000, Việt Nam",None,None,convenience,21.0604297,105.7238736
None,copyshop,Hà Nội,"Đường Cổ Nhuế, Phường Đông Ngạc, Thành phố Hà Nội, 12500, Việt Nam",None,None,copyshop,21.0606696,105.7816752
Gấu Bon Sumo,supermarket,Hà Nội,"Gấu Bon Sumo, Phố Đội Cấn, Phường Ba Đình, Thành phố Hà Nội, 11112, Việt Nam",None,None,supermarket,21.0343991,105.8314415
None,travel_agency,Hà Nội,"The Sinh tourist, Phố Hàng Chĩnh, Khu phố cổ, Phường Hoàn Kiếm, Thành phố Hà Nội, 11010, Việt Nam",None,None,travel_agency,21.0354751,105.8534705
None,bakery,Hà Nội,"French Bakery, Phố Trần Hưng Đạo, Phường Cửa Nam, Thành phố Hà Nội, 11018, Việt Nam",None,None,bakery,21.0236871,105.8433386
Mạnh Lốp,tyres,Hà Nội,"79, Ngoc Hoi",None,None,tyres,20.9564157,105.8449527
Tân Hòa,tyres,Hà Nội,"544, Đường Nguyễn Văn Cừ",None,None,tyres,21.0481778,105.8813559
Thuận Lốp,tyres,Hà Nội,"130, Phạm Văn Đồng",None,None,tyres,21.0762327,105.7858101
Trung Tâm (Hunter),tyres,Hà Nội,Ngõ 5 Nguyễn Khánh Toàn,None,None,tyres,21.0387743,105.7992106
None,motorcycle,Hà Nội,"45, Phố Hàng Điếu",None,None,motorcycle,21.0327307,105.8470024
None,bicycle,Hà Nội,"Velo Chic Euro Bicycles, Phố Trích Sài, Phường Tây Hồ, Thành phố Hà Nội, 10072, Việt Nam",None,None,bicycle,21.0454627,105.8153961
Công Ty TNHH Duhome,furniture,Hà Nội,Phạm Văn Đồng,None,None,furniture,21.0837286,105.7845551
Toiletries shop,beauty,Hà Nội,Phố Hàng Vải,None,None,beauty,21.0354673,105.8472844
None,mobile_phone,Hà Nội,"Phố Lý Quốc Sư, Phường Hoàn Kiếm, Thành phố Hà Nội, 11006, Việt Nam",None,None,mobile_phone,21.029799,105.8491061
Photo Hoàng Anh,copyshop,Hà Nội,"Photo Hoàng Anh, Ngõ 145 Đường Cổ Nhuế, Phường Đông Ngạc, Thành phố Hà Nội, 12500, Việt Nam",None,None,copyshop,21.0619383,105.7794249
Sợi bien,convenience,Hà Nội,"Sợi bien, Phố Thợ Nhuộm, Phường Cửa Nam, Thành phố Hà Nội, 10271, Việt Nam",None,None,convenience,21.0255059,105.8455012
None,ticket,Hà Nội,"308, Trần Khát Chân",None,None,ticket,21.0099836,105.8582996
Du Lịch Phương Nam,travel_agency,Hà Nội,"Phuong Nam, Láng Hạ, +842435373535",None,None,travel_agency,21.019306,105.8177616
Cửa Hàng Xe Đạp AE shop,bicycle,Hà Nội,"Cửa Hàng Xe Đạp AE shop, Đường Thụy Khuê, Phường Tây Hồ, Thành phố Hà Nội, 10287, Việt Nam",None,None,bicycle,21.0426652,105.8331049
Cây Cảnh Hải Còi,garden_centre,Hà Nội,"km18, Quốc lộ 6",None,None,garden_centre,20.9461807,105.7437083
None,car_repair,Hà Nội,"03, Đường Đê La Thành",None,None,car_repair,21.0151861,105.8338088
Mộc Nails,cosmetics,Hà Nội,Ngõ 95 Chùa Bộc,None,None,cosmetics,21.0051261,105.827433
Hair Salon Lan Phương,hairdresser,Hà Nội,"Hair Salon Lan Phương, Phố Hàng Khoai, Khu phố cổ, Phường Hoàn Kiếm, Thành phố Hà Nội, 11058, Việt Nam",None,None,hairdresser,21.0378895,105.8482345
None,camera,Hà Nội,"number 1, Phố Đình Ngang",None,None,camera,21.0279094,105.8425985
None,greengrocer,Hà Nội,"Cầu Long Biên, Khu phố cổ, Phường Hoàn Kiếm, Thành phố Hà Nội, 11009, Việt Nam",None,None,greengrocer,21.0395385,105.8509788
None,greengrocer,Hà Nội,"фрукты, Đường Trần Nhật Duật, Khu phố cổ, Phường Hoàn Kiếm, Thành phố Hà Nội, 11009, Việt Nam",None,None,greengrocer,21.0392662,105.8512143
Cửa Hàng Thời Trang Hà Anh,clothes,Hà Nội,"Cửa Hàng Thời Trang Hà Anh, Ngách 112/3 Phố Nguyên Xá, Phường Tây Tựu, Thành phố Hà Nội, 34000, Việt Nam",None,None,clothes,21.0535221,105.7411525
None,travel_agency,Hà Nội,"Handspan Indochina Travel, Phố Mã Mây, Khu phố cổ, Phường Hoàn Kiếm, Thành phố Hà Nội, 11010, Việt Nam",None,None,travel_agency,21.0345041,105.853343
Van Phong Du Lich Bao Nam,travel_agency,Hà Nội,"14, Mã Mây, 10000",None,None,travel_agency,21.0359304,105.8531762
None,bakery,Hà Nội,"Yenyen Bakery, Phố Hàng Thùng, Khu phố cổ, Phường Hoàn Kiếm, Thành phố Hà Nội, 11011, Việt Nam",None,None,bakery,21.0322333,105.8543166
None,hairdresser,Hà Nội,"Phố Hàng Giầy, Khu phố cổ, Phường Hoàn Kiếm, Thành phố Hà Nội, 11016, Việt Nam",None,None,hairdresser,21.0369392,105.8506635
WinMart,supermarket,Hà Nội,"WinMart, Ngõ 133 Đường Nguyễn Văn Cừ, Phường Bồ Đề, Thành phố Hà Nội, 11008, Việt Nam",None,None,supermarket,21.0420279,105.8700266
None,outdoor,Hà Nội,"made in vietnam factory outlet, Phố Hàng Gà, Khu phố cổ, Phường Hoàn Kiếm, Thành phố Hà Nội, 11016, Việt Nam",None,None,outdoor,21.0343003,105.8471104
None,travel_agency,Hà Nội,"the sinh cafe tourist, Phố Hàng Gà, Khu phố cổ, Phường Hoàn Kiếm, Thành phố Hà Nội, 11016, Việt Nam",None,None,travel_agency,21.0342686,105.8471114
Viettel Store,mobile_phone,Hà Nội,"61, Phố Cửa Đông",None,None,mobile_phone,21.0348066,105.8450185
Nông sản sạch miền núi phía Bắc,supermarket,Hà Nội,"8, Phố Phú Diễn",None,None,supermarket,21.0445738,105.7625887
Cửa Hàng Đông Hồ Cổ Tân Tiến,jewelry,Hà Nội,"số 5/11, Yên Xá",None,None,jewelry,20.9728416,105.7959712
None,supermarket,Hà Nội,"11, Phố Nguyễn Biểu",None,None,supermarket,21.0422916,105.8402
None,bakery,Hà Nội,"CrabSandwich, Phố Hàng Trống, Phường Hoàn Kiếm, Thành phố Hà Nội, 10016, Việt Nam",None,None,bakery,21.0295166,105.8503601
None,laundry,Hà Nội,"AgencyLaundry15000, Ngõ Thọ Xương, Phường Hoàn Kiếm, Thành phố Hà Nội, 11006, Việt Nam",None,None,laundry,21.0292237,105.8490264
Madame Huong,bakery,Hà Nội,"39, Phố Lý Thường Kiệt, 11020",None,None,bakery,21.0228635,105.8519106
None,optician,Hà Nội,"Phố Lương Văn Can, Phường Hoàn Kiếm, Thành phố Hà Nội, 11057, Việt Nam",None,None,optician,21.0318158,105.8508362
SaLon Hải Trương,hairdresser,Hà Nội,"Số 11, Ngõ 58 Phố Việt Hưng",None,None,hairdresser,21.0543538,105.9016558
Cửa Hàng Mắt Kính G - Shop,optician,Hà Nội,"Cửa Hàng Mắt Kính G - Shop, Ngõ Văn Chương, Phường Văn Miếu - Quốc Tử Giám, Thành phố Hà Nội, 10081, Việt Nam",None,None,optician,21.0224368,105.8347239
Mắt Kính Thanh Lịch,optician,Hà Nội,"97, Phố Hàng Bông, Hà Nội",None,None,optician,21.029849,105.8465185
None,hairdresser,Hà Nội,"Ironcap Barbershop, Phố Hàng Bút, Khu phố cổ, Phường Hoàn Kiếm, Thành phố Hà Nội, 11000, Việt Nam",None,None,hairdresser,21.0350137,105.8477411
None,hairdresser,Hà Nội,"Cat Toc Nam-Goi Say Barber, Phố Hàng Nón, Khu phố cổ, Phường Hoàn Kiếm, Thành phố Hà Nội, 11016, Việt Nam",None,None,hairdresser,21.0326338,105.846616
None,hairdresser,Hà Nội,"Brostreetz (2nd floor), Phố Khâm Thiên, Phường Văn Miếu - Quốc Tử Giám, Thành phố Hà Nội, 10017, Việt Nam",None,None,hairdresser,21.0194558,105.8319268
None,hairdresser,Hà Nội,"Cat Toc, Ngõ Trung Tiền, Phường Văn Miếu - Quốc Tử Giám, Thành phố Hà Nội, 10017, Việt Nam",None,None,hairdresser,21.0201977,105.8385261
None,hairdresser,Hà Nội,"Cut and Perm - Hair Studio, Phố Nguyễn Khuyến, Phường Văn Miếu - Quốc Tử Giám, Thành phố Hà Nội, 11060, Việt Nam",None,None,hairdresser,21.027792,105.8408115
None,hairdresser,Hà Nội,"Hieu Hair, Phố Quốc Tử Giám, Phường Văn Miếu - Quốc Tử Giám, Thành phố Hà Nội, 10329, Việt Nam",None,None,hairdresser,21.0264164,105.8373623
None,hairdresser,Hà Nội,"Cat Toc Nam, Phố Trần Quý Cáp, Phường Văn Miếu - Quốc Tử Giám, Thành phố Hà Nội, 11018, Việt Nam",None,None,hairdresser,21.0247751,105.839817
Circle K,convenience,Hà Nội,"Circle K, Phố Hàng Gai, Khu phố cổ, Phường Hoàn Kiếm, Thành phố Hà Nội, 11057, Việt Nam",None,None,convenience,21.0323894,105.8508423
Thế Giới Di Động,mobile_phone,Hà Nội,"1, Xuân Đỉnh, Hà Nội",None,None,mobile_phone,21.0692075,105.8021764
None,travel_agency,Hà Nội,Lý Thường Kiệt,None,None,travel_agency,21.0221163,105.8543132
None,hairdresser,Hà Nội,Phố Hàng Vải,None,None,hairdresser,21.0357452,105.8461664
Sân bóng Tân Mỹ,sports,Hà Nội,Tân Mỹ,None,None,sports,21.0230935,105.7587458
Lẩu Hồng Hải,alcohol,Hà Nội,"03/lk20, Phố Tố Hữu, 10000",None,None,alcohol,20.975428,105.763673
Siêu Thị Long Biên,supermarket,Hà Nội,"Siêu Thị Long Biên, Đường Hồng Hà, Phường Hồng Hà, Thành phố Hà Nội, 11009, Việt Nam",None,None,supermarket,21.0410353,105.8509208
None,bakery,Hà Nội,"Hoan's Bakery, Phố Phù Đổng Thiên Vương, Phường Hai Bà Trưng, Thành phố Hà Nội, 10047, Việt Nam",None,None,bakery,21.0167931,105.8536014
Cửa Hàng Mỹ Phẩm Body And Soul,beauty,Hà Nội,"5, Đặng Thai Mai, 10000",None,None,beauty,21.0606916,105.8238098
None,wine,Hà Nội,"Phố Hàm Long, Phường Cửa Nam, Thành phố Hà Nội, 10233, Việt Nam",None,None,wine,21.01865,105.85455
Samsonite,bag,Hà Nội,"Samsonite, Phố Hàng Thùng, Khu phố cổ, Phường Hoàn Kiếm, Thành phố Hà Nội, 11011, Việt Nam",None,None,bag,21.0322535,105.8539326
Cửa Hàng Di Động Anh Vũ,mobile_phone,Hà Nội,"39, Phố Huế",None,None,mobile_phone,21.01833,105.8517143
None,convenience,Hà Nội,"Local Provision store, Phố Lê Văn Hưu, Phường Cửa Nam, Thành phố Hà Nội, 10047, Việt Nam",None,None,convenience,21.0181071,105.8528637
Giặt Khô-Là Hơi,laundry,Hà Nội,"17, Phố Lê Văn Hưu",None,None,laundry,21.018002,105.8543211
None,sports,Hà Nội,"39, Tạ Hiện",None,None,sports,21.0340769,105.852146
None,pet,Hà Nội,"Phố Phan Đình Giót, BT6, Phường Hà Đông, Thành phố Hà Nội, 10170, Việt Nam",None,None,pet,20.9657873,105.7658818
Cửa Hàng Thời Trang Chicland,clothes,Hà Nội,"Cửa Hàng Thời Trang Chicland, 04, Phố Láng Hạ, Phường Giảng Võ, Thành phố Hà Nội, 10265, Việt Nam",None,None,clothes,21.022044,105.8184795
None,bakery,Hà Nội,Phố Hàng Bồ,None,None,bakery,21.03405,105.8498211
GS25,convenience,Hà Nội,"66, Phố Hà Trung",None,None,convenience,21.0301371,105.8449139
Dịch Vụ Tráng Scan Film Crop Lab,photo,Hà Nội,"Số 6, ngách 3 Ngõ 76 Nguyễn Chí Thanh, Láng Thượng, Đống Đa, Hà Nội",None,None,photo,21.0169821,105.805828
None,hairdresser,Hà Nội,"Street barber, Phố Ngọc Hà, Phường Ba Đình, Thành phố Hà Nội, 10287, Việt Nam",None,None,hairdresser,21.0377658,105.8310277
Circle K,convenience,Hà Nội,"85, Phố Hàng Điếu",None,None,convenience,21.0319988,105.8468624
Du Lịch Full Moon,travel_agency,Hà Nội,"162B, Đường Trần Quang Khải, 100000",None,None,travel_agency,21.032418,105.8559887
Tous les Jours,bakery,Hà Nội,"Tous les Jours, Phố Hoà Mã, Phường Hai Bà Trưng, Thành phố Hà Nội, 10092, Việt Nam",None,None,bakery,21.015195,105.8516759
Cửa Hàng Đồ Dã Ngoại Fan Fan,outdoor,Hà Nội,"73B, Phố Mai Hắc Đế",None,None,outdoor,21.0142797,105.8511178
Smoothie,beverages,Hà Nội,"Smoothie, Phố Đào Duy Từ, Khu phố cổ, Phường Hoàn Kiếm, Thành phố Hà Nội, 11010, Việt Nam",None,None,beverages,21.0357381,105.8529731
Du Lịch Indochina,travel_agency,Hà Nội,"Du Lịch Indochina, Phố Ấu Triệu, Phường Hoàn Kiếm, Thành phố Hà Nội, 11006, Việt Nam",None,None,travel_agency,21.0282731,105.8481848
Quán Spa Marguerite,massage,Hà Nội,ma may street 68,None,None,massage,21.0348193,105.853404
Hoàng Long Bus Company,travel_agency,Hà Nội,"34, Đường Trần Nhật Duật, Hà Nội",None,None,travel_agency,21.0386991,105.8516517
None,travel_agency,Hà Nội,"Ocean tours, Phố Mã Mây, Khu phố cổ, Phường Hoàn Kiếm, Thành phố Hà Nội, 11010, Việt Nam",None,None,travel_agency,21.0342433,105.8534715
Strassenmarkt,supermarket,Hà Nội,"Strassenmarkt, Phố Cao Thắng, Khu phố cổ, Phường Hoàn Kiếm, Thành phố Hà Nội, 11009, Việt Nam",None,None,supermarket,21.0387182,105.8510354
Toyota Pháp Vân,car,Hà Nội,"Đường cao tốc Vành đai 3, 100000",None,None,car,20.9661892,105.845361
None,ticket,Hà Nội,"Literaturtempel-Ticketverkaufsstelle, Phố Quốc Tử Giám, Phường Văn Miếu - Quốc Tử Giám, Thành phố Hà Nội, 10346, Việt Nam",None,None,ticket,21.0276446,105.8352035
None,furniture,Hà Nội,"Đường Hoàng Hoa Thám, Phường Tây Hồ, Thành phố Hà Nội, 10071, Việt Nam",None,None,furniture,21.0434813,105.8139785
None,toys,Hà Nội,"Gamecenter Shop, 61, Phố Tôn Thất Thiệp, Phường Ba Đình, Thành phố Hà Nội, 10093, Việt Nam",None,None,toys,21.0320473,105.8433818
Tạp hóa Minh Châu,convenience,Hà Nội,"72, Phố Duy Tân",None,None,convenience,21.0308446,105.7841754
None,massage,Hà Nội,"Spass, Phố Hàng Mành, Khu phố cổ, Phường Hoàn Kiếm, Thành phố Hà Nội, 11015, Việt Nam",None,None,massage,21.0319145,105.8482598
Chè Bà Thìn,tea,Hà Nội,"1, Bát Đàn",None,None,tea,21.0338512,105.8478803
Chè Bốn Mùa,tea,Hà Nội,"4, Phố Hàng Cân",None,None,tea,21.0351057,105.8494131
None,gift,Hà Nội,"Cerender, 7, Phố Tràng Thi, Phường Hoàn Kiếm, Thành phố Hà Nội, 10116, Việt Nam",None,None,gift,21.0260949,105.8509063
None,gift,Hà Nội,Phố Ấu Triệu,None,None,gift,21.0290105,105.8489383
Cửa Hàng Máy Tính Digiworld,computer,Hà Nội,"16, Hàng Bài",None,None,computer,21.0248701,105.8529766
None,bakery,Hà Nội,"Hong Kong Cake Shop, Phố Hàng Lược, Khu phố cổ, Phường Hoàn Kiếm, Thành phố Hà Nội, 11058, Việt Nam",None,None,bakery,21.0385223,105.8472909
None,bakery,Hà Nội,"1A, Hai Bà Trưng",None,None,bakery,21.0229132,105.8571891
Hmart - Chợ Mới Phú Diễn,convenience,Hà Nội,Phố Phú Diễn,None,None,convenience,21.0519874,105.7578854
Circle K,convenience,Hà Nội,Đường Hồ Tùng Mậu,None,None,convenience,21.0367742,105.7792733
Shop Áo Phông Trắng Trơn Authentic,clothes,Hà Nội,"Nhà A2 TT Thảm May ngõ 155, Đặng Tiến Đông, Hà Nội",None,None,clothes,21.0106075,105.823954
WinMart+,convenience,Hà Nội,"138, Đường Phú Diễn, 100000",None,None,convenience,21.0447347,105.7623394
FPT shop,mobile_phone,Hà Nội,"FPT shop, Ngõ 26 Đường Hồ Tùng Mậu, Phường Phú Diễn, Thành phố Hà Nội, 10085, Việt Nam",None,None,mobile_phone,21.0368173,105.7788585
Cà Phê Gemini,coffee,Hà Nội,"137, Phố Nguyễn Chí Thanh, Hà Nội",None,None,coffee,21.0157387,105.8057259
Trà Tiên Hưởng,coffee,Hà Nội,"145, Phố Nguyễn Chí Thanh, Hà Nội",None,None,coffee,21.0155801,105.8055264
None,mobile_phone,Hà Nội,"Số 10, Phố Viên, Hà Nội",None,None,mobile_phone,21.0713897,105.772674
Cửa Hàng Di Động Cellphones,mobile_phone,Hà Nội,"160, Đường Nguyễn Khánh Toàn, Hà Nội, 10000",None,None,mobile_phone,21.0388162,105.7998388
Cửa Hàng Di Động Cellphones,mobile_phone,Hà Nội,"360, Đường Cầu Giấy, Hà Nội, 100000",None,None,mobile_phone,21.0358871,105.791857
Siêu thị điện máy Mediamart,supermarket,Hà Nội,"18, Nguyễn Chí Thanh, Hà Nội, 10000",None,None,supermarket,21.029254,105.8123132
Circle K,convenience,Hà Nội,"91, Trung Kính, Hà Nội",None,None,convenience,21.0139905,105.7981453
FPT Shop,mobile_phone,Hà Nội,"162, Phố Xã Đàn, Hà Nội",None,None,mobile_phone,21.0106611,105.837706
In Lan Hương,copyshop,Hà Nội,"2, Cầu Giấy, Hà Nội, 100000",None,None,copyshop,21.0290757,105.8026037
Cửa Hàng Thời Trang Jasmine,clothes,Hà Nội,"187-189, Chùa Láng",None,None,clothes,21.0228702,105.8010755
Cá Thu Shop,clothes,Hà Nội,Chùa Láng,None,None,clothes,21.0232796,105.807429
Cửa Hàng Thời Trang 92 Wear,clothes,Hà Nội,"Cửa Hàng Thời Trang 92 Wear, Phố Chùa Láng, Phường Láng, Thành phố Hà Nội, 10298, Việt Nam",None,None,clothes,21.0230772,105.8013861
Nhà sách Trí Tuệ,books,Hà Nội,"187, Giảng Võ",None,None,books,21.0256284,105.8228227
Oánh Huyền,motorcycle,Hà Nội,Hà Nội,None,None,motorcycle,20.9818292,105.9408863
Saint Honore,bakery,Hà Nội,"D2, Giảng Võ",None,None,bakery,21.025897,105.8222527
Seika Mart,department_store,Hà Nội,"D2, Giảng Võ",None,None,department_store,21.0261111,105.8225112
Cửa Hàng Kính Mắt Việt Tiến,optician,Hà Nội,"50, Đường Nguyễn Chí Thanh, Hà Nội",None,None,optician,21.0247549,105.8107926
None,beauty,Hà Nội,"Đường Lê Duẩn, Phường Cửa Nam, Thành phố Hà Nội, 11060, Việt Nam",None,None,beauty,21.0266407,105.8416258
Ô mai Hồng Lam Nguyễn Chí Thanh,variety_store,Hà Nội,"46A, Đường Nguyễn Chí Thanh, Hà Nội",None,None,variety_store,21.0251334,105.8110502
Shop thời trang NEM,clothes,Hà Nội,"503, Kim Mã, Hà Nội",None,None,clothes,21.0300015,105.8124196
Cửa Hàng Làm Tóc Kim Đức,hairdresser,Hà Nội,"Cửa Hàng Làm Tóc Kim Đức, Phố Chùa Láng, Phường Láng, Thành phố Hà Nội, 10298, Việt Nam",None,None,hairdresser,21.0228384,105.8009643
Laptop Thảo Linh - Chuyên Laptop Xách Tay Mỹ,computer,Hà Nội,"42, Ngách 8, Ngõ 95, Hà Nội, 100000",None,None,computer,21.0065345,105.8273951
Yamaha Town Hà Nội,motorcycle,Hà Nội,"62, Đường Nguyễn Chí Thanh",None,None,motorcycle,21.0217103,105.8090158
Cửa Hàng Hoa Cây Cảnh,florist,Hà Nội,"Cửa Hàng Hoa Cây Cảnh, Phố Trần Kim Xuyến, Phường Yên Hòa, Thành phố Hà Nội, 10037, Việt Nam",None,None,florist,21.0176827,105.7967662
None,clothes,Hà Nội,"Đường Hồ Tùng Mậu, Phường Phú Diễn, Thành phố Hà Nội, 10085, Việt Nam",None,None,clothes,21.0375954,105.7755436
FPT shop,mobile_phone,Hà Nội,"422, Đường Cầu Giấy, Hà Nội, 100000",None,None,mobile_phone,21.0365124,105.7901582
Nội thất Hoàn Cầu 2,furniture,Hà Nội,"241, Kim Mã",None,None,furniture,21.0303007,105.8155171
Mỹ Phẩm Jesse Store,supermarket,Hà Nội,"56, Cầu Vồng, Hà Nội, 1000",None,None,supermarket,21.0771397,105.7737717
Siêu thị Thuốc Việt,chemist,Hà Nội,"31A, Láng Hạ, Hà Nội, 100000",None,None,chemist,21.0197554,105.8174783
Thế giới di động,mobile_phone,Hà Nội,hà nội,None,None,mobile_phone,20.9861648,105.9305191
Spa July,beauty,Hà Nội,"12, Phạm Huy Thông, Hà Nội, 100000",None,None,beauty,21.0285149,105.8108051
Thẩm mĩ viện Hoài Anh,beauty,Hà Nội,"Thẩm mĩ viện Hoài Anh, Phố Chùa Láng, Phường Láng, Thành phố Hà Nội, 10298, Việt Nam",None,None,beauty,21.0226801,105.8006521
WinMart+,convenience,Hà Nội,"12B1, Phố Nguyễn Cảnh Dị, Hà Nội",None,None,convenience,20.974579,105.8360778
Điện Máy Xanh,yes,Hà Nội,"Điện Máy Xanh, Đường Bát Khối, Thôn 4, Xã Bát Tràng, Thành phố Hà Nội, 11622, Việt Nam",None,None,yes,20.9829788,105.9201497
Siêu Thị T-Mart,supermarket,Hà Nội,"Lô 9B, Nguyễn Công Thái, Hà Nội",None,None,supermarket,20.9753211,105.8361347
Bách Hoá An Huy,department_store,Hà Nội,"Bách Hoá An Huy, Phố Giảng Võ, Phường Giảng Võ, Thành phố Hà Nội, 10178, Việt Nam",None,None,department_store,21.026375,105.8215812
Thế giới di động,mall,Hà Nội,"Đường Hồ Tùng Mậu, Hà Nội",None,None,mall,21.0378988,105.772465
Media Markt,radiotechnics,Hà Nội,"111, Đường Hồ Tùng Mậu, Hà Nội",None,None,radiotechnics,21.037869,105.7725553
Siêu thị Minh Hoa,supermarket,Hà Nội,"12, Đặng Tiến Đông",None,None,supermarket,21.013239,105.822998
Siêu Thị T-Mart,supermarket,Hà Nội,"Nguyễn Cảnh Dị, Hà Nội",None,None,supermarket,20.9713145,105.8361596
Kính Mắt Sài Gòn,optician,Hà Nội,"Kính Mắt Sài Gòn, Ngõ 66 Đường Hồ Tùng Mậu, Phường Phú Diễn, Thành phố Hà Nội, 10085, Việt Nam",None,None,optician,21.0369488,105.7774578
Nhà sách Sư Phạm,books,Hà Nội,"Nhà sách Sư Phạm, Ngõ 36 Đường Hồ Tùng Mậu, Phường Phú Diễn, Thành phố Hà Nội, 10085, Việt Nam",None,None,books,21.0368138,105.7784416
Trần Anh,computer,Hà Nội,"Trần Anh, Phố Yên Lãng, Phường Đống Đa, Thành phố Hà Nội, 10167, Việt Nam",None,None,computer,21.0138711,105.8185774
T Mart,supermarket,Hà Nội,"Phạm Văn Đồng, Ha Noi, 100000",None,None,supermarket,21.0644931,105.7826551
FPT Shop,mobile_phone,Hà Nội,None,None,None,mobile_phone,21.013861,105.8190878
FPT Shop,supermarket,Hà Nội,"886, Đường Láng, Hà Nội",None,None,supermarket,21.0201337,105.8020389
Nhà sách Tiến Thọ,books,Hà Nội,"828, Đường Láng, Hà Nội",None,None,books,21.0192112,105.8025212
Cửa Hàng Bánh Mì Bami King,bakery,Hà Nội,"Cửa Hàng Bánh Mì Bami King, Ngõ 35 Cát Linh, Phường Ô Chợ Dừa, Thành phố Hà Nội, 10060, Việt Nam",None,None,bakery,21.0271738,105.8280594
Thời Trang Công Sở EVY,clothes,Hà Nội,"153, Trần Đăng Ninh, Hà Nội, 100000",None,None,clothes,21.0390051,105.7923581
Nhà sách xưa và nay,books,Hà Nội,"676, Đường Láng, Hà Nội",None,None,books,21.0161004,105.8047012
Cửa Hàng Bánh Mì Anh Hòa,bakery,Hà Nội,"Cửa Hàng Bánh Mì Anh Hòa, Đường Trường Chinh, Phường Kim Liên, Thành phố Hà Nội, 11415, Việt Nam",None,None,bakery,21.0030493,105.8214368
Cửa Hàng Thời Trang Baby Smart,clothes,Hà Nội,"213, Trần Đăng Ninh, Hà Nội, 100000",None,None,clothes,21.0389589,105.792574
Siêu thị điện máy Trần Anh,supermarket,Hà Nội,"1174, Đường Láng",None,None,supermarket,21.024315,105.7984778
None,travel_agency,Hà Nội,"Hoa Asia Travel, Phố Bát Sứ, Khu phố cổ, Phường Hoàn Kiếm, Thành phố Hà Nội, 11016, Việt Nam",None,None,travel_agency,21.0341341,105.8474578
None,gift,Hà Nội,"Indigo store, Phố Hàng Gai, Khu phố cổ, Phường Hoàn Kiếm, Thành phố Hà Nội, 11015, Việt Nam",None,None,gift,21.0318084,105.8500879
Viet Aroma,convenience,Hà Nội,"33A, Gia Ngư, 110904",None,None,convenience,21.0329929,105.8525505
None,gift,Hà Nội,"home decor, Phố Đinh Liệt, Khu phố cổ, Phường Hoàn Kiếm, Thành phố Hà Nội, 11011, Việt Nam",None,None,gift,21.0329202,105.8519865
None,seafood,Hà Nội,"Phố Bùi Xương Trạch, Phường Định Công, Thành phố Hà Nội, 11718, Việt Nam",None,None,seafood,20.9842854,105.8195412
None,cosmetics,Hà Nội,"103, Đội Cấn",None,None,cosmetics,21.0346869,105.829419
WinMart+,convenience,Hà Nội,"317, Phố Vọng",None,None,convenience,20.9940532,105.8422004
None,car_repair,Hà Nội,"Small garage, Đường Ngọc Thụy, Phường Bồ Đề, Thành phố Hà Nội, 11008, Việt Nam",None,None,car_repair,21.0540398,105.8648203
WinMart+,convenience,Hà Nội,"198, Đường Hoàng Mai",None,None,convenience,20.9899775,105.853948
WinMart+,convenience,Hà Nội,Đền Lừ 2,None,None,convenience,20.9874802,105.8586452
WinMart+,convenience,Hà Nội,"WinMart+, Ngõ 13 Đường Lĩnh Nam, Phường Vĩnh Tuy, Thành phố Hà Nội, 11622, Việt Nam",None,None,convenience,20.9907935,105.8683417
WinMart+,convenience,Hà Nội,"T4-L1-07, Đường Số 5 Times City",None,None,convenience,20.9949153,105.8696571
WinMart+,convenience,Hà Nội,"T2 L1, Minh Khai",None,None,convenience,20.9962507,105.869305
WinMart+,convenience,Hà Nội,Phố Đạm Phương,None,None,convenience,20.9651138,105.8314656
WinMart+,convenience,Hà Nội,Phố Trịnh Đình Cửu,None,None,convenience,20.9793506,105.8352243
WinMart+,convenience,Hà Nội,Phố Tô Hiệu,None,None,convenience,20.9664803,105.7773435
WinMart+,convenience,Hà Nội,"148, Phố Lê Lợi",None,None,convenience,20.967607,105.7804673
WinMart+,convenience,Hà Nội,"227, Phố Thanh Nhàn",None,None,convenience,21.0027517,105.8547414
WinMart+,convenience,Hà Nội,"57, Phố 8 Tháng 3",None,None,convenience,20.9985177,105.8601992
WinMart+,convenience,Hà Nội,Phố Trần Hòa,None,None,convenience,20.9750659,105.8256365
WinMart+,convenience,Hà Nội,"532, Đường Kim Giang",None,None,convenience,20.9689657,105.8235382
WinMart,supermarket,Hà Nội,Phố Văn Tân,None,None,supermarket,20.9641395,105.8225074
WinMart+,convenience,Hà Nội,Ngõ 42 Thịnh Liệt,None,None,convenience,20.9716771,105.8495638
WinMart+,convenience,Hà Nội,Ngách 42/94 Thịnh Liệt,None,None,convenience,20.9718286,105.8475171
WinMart+,convenience,Hà Nội,"90, Ngõ 24 Kim Đồng",None,None,convenience,20.981325,105.8438362
Giày Da Hải Hà,shoes,Hà Nội,"Giày Da Hải Hà, Ngõ 119 Đường Cổ Nhuế, Phường Đông Ngạc, Thành phố Hà Nội, 12500, Việt Nam",None,None,shoes,21.0614277,105.7808787
WinMart+,convenience,Hà Nội,"118, Ngõ Hòa Bình 7",None,None,convenience,20.9973923,105.8580953
WinMart+,convenience,Hà Nội,"7, Phố Nguyễn Cao",None,None,convenience,21.0121421,105.8604574
WinMart+,convenience,Hà Nội,"777, Đường Bạch Đằng",None,None,convenience,21.017935,105.8645092
WinMart+,convenience,Hà Nội,"70, Vạn Kiếp",None,None,convenience,21.0188997,105.8637633
WinMart+,convenience,Hà Nội,"453, Đường Bạch Đằng",None,None,convenience,21.0248226,105.8620452
WinMart+,convenience,Hà Nội,"122, Đường Đê La Thành",None,None,convenience,21.0141362,105.8348616
WinMart+,convenience,Hà Nội,"20, Phố Ngô Thì Nhậm",None,None,convenience,20.9687932,105.7692286
WinMart+,convenience,Hà Nội,"77, Phố Dương Văn Bé, Hà Nội, 11622",None,None,convenience,20.9991371,105.8730925
Binh Embroidery,clothes,Hà Nội,33,None,None,clothes,21.0313373,105.8502606
WinMart+,convenience,Hà Nội,"WinMart+, Phố Lê Gia Đỉnh, Phường Hai Bà Trưng, Thành phố Hà Nội, 10078, Việt Nam",None,None,convenience,21.0118508,105.8540074
Old Quarter travel,travel_agency,Hà Nội,"Old Quarter travel, Phố Mã Mây, Khu phố cổ, Phường Hoàn Kiếm, Thành phố Hà Nội, 11010, Việt Nam",None,None,travel_agency,21.0350739,105.8533566
WinMart+,convenience,Hà Nội,"93, Ngõ Núi Trúc",None,None,convenience,21.0302468,105.8252872
WinMart+,convenience,Hà Nội,"30, Phố Cửa Nam",None,None,convenience,21.0278119,105.8420999
WinMart+,convenience,Hà Nội,"69, Vạn Bảo",None,None,convenience,21.0333071,105.8168085
WinMart+,convenience,Hà Nội,"443, Đội Cấn",None,None,convenience,21.0379284,105.8110368
WinMart+,convenience,Hà Nội,"38, Linh Lang",None,None,convenience,21.0358391,105.8104796
WinMart+,convenience,Hà Nội,"628, Đường Hoàng Hoa Thám",None,None,convenience,21.0469892,105.8092104
WinMart+,convenience,Hà Nội,Phố Đốc Ngữ,None,None,convenience,21.0405905,105.8130841
WinMart+,convenience,Hà Nội,"140, Phó Đức Chính",None,None,convenience,21.0459691,105.8430817
WinMart+,convenience,Hà Nội,"31, Phố Tân Ấp",None,None,convenience,21.0460667,105.8463489
Cửa Hàng Làm Tóc Korigami,hairdresser,Hà Nội,Số 7 Trần Tế Xương,None,None,hairdresser,21.0454205,105.8409741
WinMart+,convenience,Hà Nội,"219, Đường Thụy Khuê",None,None,convenience,21.0435391,105.8197014
WinMart+,convenience,Hà Nội,"55, Đường Thụy Khuê",None,None,convenience,21.041131,105.8271005
WinMart+,convenience,Hà Nội,"387, Đường Thụy Khuê",None,None,convenience,21.0470816,105.8111922
WinMart+,convenience,Hà Nội,"671, Hoàng Hoa Thám",None,None,convenience,21.047079,105.807751
WinMart+,convenience,Hà Nội,"175, Phố An Dương",None,None,convenience,21.0554142,105.8391549
WinMart+,convenience,Hà Nội,"11C, Phố Tứ Liên",None,None,convenience,21.0632399,105.8326873
WinMart+,convenience,Hà Nội,"19, Đường Tô Ngọc Vân, Phường Quảng An",None,None,convenience,21.068251,105.8249443
WinMart+,convenience,Hà Nội,"16, Ngõ 67 Tô Ngọc Vân",None,None,convenience,21.0672079,105.8227552
WinMart+,convenience,Hà Nội,"227, Phố Ngọc Lâm",None,None,convenience,21.0464492,105.8709629
WinMart+,convenience,Hà Nội,Phố Nguyễn Cao Luyện,None,None,convenience,21.0649863,105.9081713
WinMart+,convenience,Hà Nội,"195, Phố Hoa Lâm",None,None,convenience,21.0547744,105.8970035
None,motorcycle,Hà Nội,"100, An Dương",None,None,motorcycle,21.0557712,105.8390739
WinMart+,convenience,Hà Nội,"103, Phố Sài Đồng",None,None,convenience,21.0360945,105.9110153
WinMart+,convenience,Hà Nội,"22, Đường Thạch Bàn",None,None,convenience,21.0271448,105.910931
WinMart+,convenience,Hà Nội,"211, Đường Thạch Bàn",None,None,convenience,21.0224981,105.905024
WinMart+,convenience,Hà Nội,"51, Ngõ 53 phố Vũ Xuân Thiều",None,None,convenience,21.032474,105.9131742
WinMart+,convenience,Hà Nội,Phố Phạm Khắc Quảng,None,None,convenience,21.0591628,105.9147147
WinMart+,convenience,Hà Nội,"42, Phố Sủi",None,None,convenience,21.0178916,105.9649315
WinMart+,convenience,Hà Nội,"254, Đường Cổ Bi",None,None,convenience,21.0315466,105.9425698
WinMart+,convenience,Hà Nội,"652, Đường Nguyễn Văn Cừ",None,None,convenience,21.0521933,105.8859586
WinMart+,convenience,Hà Nội,"6, Ngõ 22 Phố Phú Viên",None,None,convenience,21.0388952,105.866054
WinMart+,convenience,Hà Nội,"15, Ngõ 68 Đường Ngọc Thụy",None,None,convenience,21.0496249,105.8660677
WinMart+,convenience,Hà Nội,"3, Ngách 268/58 Đường Ngọc Thụy",None,None,convenience,21.0574118,105.8690137
WinMart+,convenience,Hà Nội,"Phố Phạm Khắc Quảng, Phường Giang Biên",None,None,convenience,21.0607293,105.9151485
WinMart+,convenience,Hà Nội,Phố Hoàng Thế Thiện,None,None,convenience,21.0386891,105.9042765
TOMAT,variety_store,Hà Nội,"Tầng 1 N6B, Hoàng Đạo Thúy",None,None,variety_store,21.0051231,105.8017742
None,hardware,Hà Nội,"Key maker, Phố Phủ Doãn, Phường Hoàn Kiếm, Thành phố Hà Nội, 11015, Việt Nam",None,None,hardware,21.0302816,105.8474227
WinMart+,convenience,Hà Nội,Ngõ 250 Minh Khai,None,None,convenience,20.9936646,105.8570998
WinMart+,convenience,Hà Nội,"66, Đường Đại Cồ Việt",None,None,convenience,21.0083713,105.8475617
WinMart+,convenience,Hà Nội,"125, Đường Đông Mỹ",None,None,convenience,20.9156079,105.8690979
None,travel_agency,Hà Nội,"23, Yên Thái",None,None,travel_agency,21.0318951,105.8476694
None,supermarket,Hà Nội,"Mini Mart, Đường Nội Bài, Xã Sóc Sơn, Thành phố Hà Nội, Việt Nam",None,None,supermarket,21.2302584,105.8498142
Seikamart,supermarket,Hà Nội,"51, Lê Đại Hành",None,None,supermarket,21.0115978,105.8477851
Siêu Thị Hapro,supermarket,Hà Nội,"Siêu Thị Hapro, Phố Đức Giang, Phường Việt Hưng, Yên Viên, Thành phố Hà Nội, 11810, Việt Nam",None,None,supermarket,21.0647882,105.8937923
WinMart,supermarket,Hà Nội,"WinMart, Hoa Phượng, Vinhomes Riverside, Phường Phúc Lợi, Thành phố Hà Nội, 08443, Việt Nam",None,None,supermarket,21.050733,105.9162056
WinMart+,convenience,Hà Nội,"4, Hàng Chiếu",None,None,convenience,21.0373183,105.8520942
WinMart+,convenience,Hà Nội,"23, Phố Gia Ngư",None,None,convenience,21.032991,105.852719
Tattoo 1984,cosmetics,Hà Nội,"Tattoo 1984, Phố Hàng Buồm, Khu phố cổ, Phường Hoàn Kiếm, Thành phố Hà Nội, 11010, Việt Nam",None,None,cosmetics,21.0359163,105.8520266
None,clothes,Hà Nội,"Traditional Dress Tailor, Phố Lương Văn Can, Khu phố cổ, Phường Hoàn Kiếm, Thành phố Hà Nội, 11015, Việt Nam",None,None,clothes,21.0332755,105.8501864
Xe dap Khanh Hiep 53 Ba Trieu (Totem ),bicycle,Hà Nội,"53, Phố Bà Triệu",None,None,bicycle,21.0204041,105.8497565
WinMart,supermarket,Hà Nội,Đường Chung Cư Nam Đô Complex CT1,None,None,supermarket,20.9794717,105.8443272
Siêu thị Mường Thanh H1,supermarket,Hà Nội,"Siêu thị Mường Thanh H1, Phố Linh Đường, Linh Đàm, Phường Hoàng Liệt, Văn Điển, Thành phố Hà Nội, 12506, Việt Nam",None,None,supermarket,20.9642759,105.8259662
Siêu thị Mường Thanh H2,supermarket,Hà Nội,"Siêu thị Mường Thanh H2, Phố Nguyễn Phan Chánh, Khu đô thị Linh Đàm, Phường Hoàng Liệt, Văn Điển, Thành phố Hà Nội, 11718, Việt Nam",None,None,supermarket,20.9648992,105.8273063
Siêu Thị Hapro,supermarket,Hà Nội,"Siêu Thị Hapro, Phố Cát Linh, Phường Ô Chợ Dừa, Thành phố Hà Nội, 10081, Việt Nam",None,None,supermarket,21.0281849,105.8328793
Lotte Department Store,department_store,Hà Nội,"Lotte Department Store, Phố Đào Tấn, Phường Giảng Võ, Thành phố Hà Nội, 10252, Việt Nam",None,None,department_store,21.0323169,105.8125541
WinMart,supermarket,Hà Nội,"2, Phố Phạm Ngọc Thạch, Hà Nội",None,None,supermarket,21.0060945,105.8321759
None,hairdresser,Hà Nội,"Phố Gầm Cầu, Khu phố cổ, Phường Hoàn Kiếm, Thành phố Hà Nội, 11009, Việt Nam",None,None,hairdresser,21.0398687,105.8495089
WinMart+,convenience,Hà Nội,"105 K2, Ngõ 6 Vĩnh Phúc",None,None,convenience,21.0428368,105.8082123
Thanh Phat Motor,motorcycle,Hà Nội,Phố Lạc Trung,None,None,motorcycle,21.0028862,105.8670181
Qmart Vĩnh Hưng,supermarket,Hà Nội,"Qmart Vĩnh Hưng, Phố Vĩnh Hưng, Phường Vĩnh Hưng, Thành phố Hà Nội, 11622, Việt Nam",None,None,supermarket,20.9990338,105.8800623
Siêu thị Minh Hoa Thái Hà,supermarket,Hà Nội,Thái Hà,None,None,supermarket,21.013353,105.8197131
Siêu thị Hoàng Cầu,supermarket,Hà Nội,Phố Trần Quang Diệu,None,None,supermarket,21.0176252,105.8258285
WinMart+,convenience,Hà Nội,"1088, Đường La Thành",None,None,convenience,21.027613,105.8090228
WinMart+,convenience,Hà Nội,"38, Phố Ô Cách",None,None,convenience,21.0605553,105.895288
Siêu Thị Intimex,supermarket,Hà Nội,Phố Ngọc Khánh,None,None,supermarket,21.0293755,105.8177924
Siêu Thị Intimex,supermarket,Hà Nội,Giảng Võ,None,None,supermarket,21.028135,105.8251982
Unimart Giảng Võ,supermarket,Hà Nội,Giảng Võ,None,None,supermarket,21.0260451,105.8226439
WinMart+,convenience,Hà Nội,Ngõ 140 Giảng Võ,None,None,convenience,21.0275782,105.8239325
Siêu thị Thành Đô - Hồ Tùng Mậu,supermarket,Hà Nội,Đường Hồ Tùng Mậu,None,None,supermarket,21.0406192,105.7648531
WinMart+,convenience,Hà Nội,"12, Ngõ 253 Nguyễn Văn Linh",None,None,convenience,21.0374466,105.9001495
WinMart+,convenience,Hà Nội,"464, Đường Hoàng Công Chất",None,None,convenience,21.0484973,105.7693263
None,tattoo,Hà Nội,"Phố Đông Thái, Khu phố cổ, Phường Hoàn Kiếm, Thành phố Hà Nội, 11010, Việt Nam",None,None,tattoo,21.036569,105.8531866
Npp Sơn Tây,convenience,Hà Nội,"321, Phố Lê Lợi",None,None,convenience,21.1522365,105.5053026
Tops Market,supermarket,Hà Nội,"3, Phố Lê Trọng Tấn, Hà Nội",None,None,supermarket,20.9998667,105.8286292
BRG Mart,supermarket,Hà Nội,Phố Lương Định Của,None,None,supermarket,21.0063252,105.8351653
PNJ,jewelry,Hà Nội,"256, Cầu Giấy",None,None,jewelry,21.0341687,105.796074
PNJ,jewelry,Hà Nội,"PNJ, 18, Đường Trần Phú, Phường Hà Đông, Thành phố Hà Nội, 12011, Việt Nam",None,None,jewelry,20.982576,105.790266
Trung Tâm Kim Hoàn PNJ Quang Trung - Hà Đông,jewelry,Hà Nội,"58, Đường Quang Trung",None,None,jewelry,20.9706863,105.775251
PNJ,jewelry,Hà Nội,"PNJ, Đường Lạc Long Quân, Phường Tây Hồ, Thành phố Hà Nội, 10072, Việt Nam",None,None,jewelry,21.053885,105.808954
PNJ,jewelry,Hà Nội,"PNJ, Phố Trần Nhân Tông, Phường Hai Bà Trưng, Thành phố Hà Nội, 10185, Việt Nam",None,None,jewelry,21.0169409,105.8512328
PNJ,jewelry,Hà Nội,"PNJ, 54A, Đường Nguyễn Chí Thanh, Phường Láng, Thành phố Hà Nội, 10080, Việt Nam",None,None,jewelry,21.023536,105.808892
PNJ,jewelry,Hà Nội,"PNJ, 222, Đường Trần Duy Hưng, Phường Yên Hòa, Thành phố Hà Nội, 10055, Việt Nam",None,None,jewelry,21.007459,105.793619
PNJ,jewelry,Hà Nội,"PNJ, Ngõ 1 Đường Khuất Duy Tiến, Phường Thanh Xuân, Thành phố Hà Nội, 12011, Việt Nam",None,None,jewelry,20.99187,105.800324
PNJ,jewelry,Hà Nội,"PNJ, Phố Đoàn Thị Điểm, Phường Ô Chợ Dừa, Thành phố Hà Nội, 10081, Việt Nam",None,None,jewelry,21.02591,105.8331892
PNJ,jewelry,Hà Nội,"PNJ, Phố Đội Cấn, Phường Ba Đình, Thành phố Hà Nội, 11112, Việt Nam",None,None,jewelry,21.034366,105.831365
PNJ,jewelry,Hà Nội,"94-96, Phố Kim Mã, Ha Noi",None,None,jewelry,21.0322746,105.8274285
PNJ,jewelry,Hà Nội,"PNJ, 7-9, Đường Nguyễn Văn Linh, Phường Việt Hưng, Thành phố Hà Nội, 11810, Việt Nam",None,None,jewelry,21.050841,105.893483
PNJ,jewelry,Hà Nội,"PNJ, Đường Ngọc Lâm, Phường Bồ Đề, Thành phố Hà Nội, 11810, Việt Nam",None,None,jewelry,21.046865,105.871845
PNJ,jewelry,Hà Nội,"PNJ, Đường Số 5, Khu đô thị Thành phố Giao lưu, Phường Phú Diễn, Thành phố Hà Nội, 10065, Việt Nam",None,None,jewelry,21.053029,105.780096
PNJ,jewelry,Hà Nội,"334, Cầu Giấy, Hà Nội",None,None,jewelry,21.0355601,105.7929013
PNJ,jewelry,Hà Nội,Tôn Thất Tùng,None,None,jewelry,20.999841,105.828372
PNJ,jewelry,Hà Nội,"PNJ, Phố Kim Mã, Phường Giảng Võ, Thành phố Hà Nội, 10300, Việt Nam",None,None,jewelry,21.0303238,105.8162474
PNJ,jewelry,Hà Nội,"26, Trần Đại Nghĩa",None,None,jewelry,21.002558,105.8445961
PNJ,jewelry,Hà Nội,"PNJ, Phố Bà Triệu, Phường Hai Bà Trưng, Thành phố Hà Nội, 10058, Việt Nam",None,None,jewelry,21.009321,105.849081
PNJ,jewelry,Hà Nội,"PNJ, Đường Nguyễn Trãi, Phường Thanh Xuân, Thành phố Hà Nội, 10167, Việt Nam",None,None,jewelry,21.001169,105.816101
PNJ,jewelry,Hà Nội,"30, Phố Quán Thánh",None,None,jewelry,21.0404167,105.8462404
WinMart+,convenience,Hà Nội,"3, Phố Tô Vĩnh Diện",None,None,convenience,21.0002256,105.8220396
WinMart+,convenience,Hà Nội,"5, Phố Nhật Tảo",None,None,convenience,21.0895344,105.791854
WinMart+,convenience,Hà Nội,"2, Ngõ 61 Lạc Trung",None,None,convenience,21.0026473,105.8667418
WinMart+,convenience,Hà Nội,"688, Lạc Long Quân",None,None,convenience,21.0790442,105.8164821
WinMart+,convenience,Hà Nội,"27, Phố Phạm Hồng Thái",None,None,convenience,21.043985,105.8440445
WinMart+,convenience,Hà Nội,"18, Phố Lệ Mật",None,None,convenience,21.0536406,105.9004624
WinMart+,convenience,Hà Nội,"16, Ngõ 12 Trần Quý Kiên",None,None,convenience,21.0363734,105.7922792
WinMart+,convenience,Hà Nội,"WinMart+, Ngõ 43 Đường Cổ Nhuế, Phường Đông Ngạc, Thành phố Hà Nội, 12500, Việt Nam",None,None,convenience,21.0575017,105.7773593
WinMart+,convenience,Hà Nội,"502, Đội Cấn",None,None,convenience,21.037822,105.808203
WinMart+,convenience,Hà Nội,"348, Phố Lạc Trung",None,None,convenience,21.0030924,105.8692088
WinMart+,convenience,Hà Nội,Ngõ 50 Trung Văn,None,None,convenience,20.9904944,105.7878349
WinMart+,convenience,Hà Nội,"18, Phố Nguyễn Biểu",None,None,convenience,21.0416557,105.8400345
WinMart+,convenience,Hà Nội,"31, Phố Nguyễn Khả Trạc",None,None,convenience,21.0449266,105.7764348
WinMart+,convenience,Hà Nội,"101-A1, Tập thể Thanh Xuân Bắc",None,None,convenience,20.9929718,105.7975856
WinMart+,convenience,Hà Nội,"528/528, Ngô Gia Tự",None,None,convenience,21.0676745,105.8997915
WinMart+,convenience,Hà Nội,"81, Phố Thanh Nhàn",None,None,convenience,21.0026593,105.8586218
WinMart+,convenience,Hà Nội,Ngõ 12 Chính Kinh,None,None,convenience,20.9990263,105.8114174
WinMart+,convenience,Hà Nội,"92, Phố Lạc Trung",None,None,convenience,21.0030661,105.8637092
WinMart+,convenience,Hà Nội,Ngách 1/2 Đỗ Nhuận,None,None,convenience,21.067127,105.7882477
WinMart+,convenience,Hà Nội,"17, Phố Hoà Mã",None,None,convenience,21.0152063,105.852804
WinMart+,convenience,Hà Nội,"42, Vĩnh Tuy, Hà Nội, 11622",None,None,convenience,21.0010103,105.8720124
WinMart+,convenience,Hà Nội,"207, Đức Giang",None,None,convenience,21.0698035,105.8815449
WinMart+,convenience,Hà Nội,"157, Phố Đình Thôn",None,None,convenience,21.0181307,105.77629
WinMart+,convenience,Hà Nội,"59, Phố Mai Hắc Đế",None,None,convenience,21.0145621,105.8510751
WinMart+,convenience,Hà Nội,"31, Ngõ 260 Đường Cầu Giấy",None,None,convenience,21.0351342,105.7961242
WinMart+,convenience,Hà Nội,"11, Đường Nguyễn Sơn",None,None,convenience,21.0480782,105.8757059
WinMart+,convenience,Hà Nội,"17A, Phố Hàn Thuyên",None,None,convenience,21.0186405,105.857025
WinMart+,convenience,Hà Nội,"37, Phố Doãn Kế Thiện",None,None,convenience,21.0409514,105.7792812
WinMart+,convenience,Hà Nội,"90, Đường Kim Giang, Hà Nội, 10000",None,None,convenience,20.9823231,105.8159267
WinMart+,convenience,Hà Nội,"29A, Phố Nguyễn Công Hoan",None,None,convenience,21.0272458,105.8144167
WinMart+,convenience,Hà Nội,Phố Nguyễn Phan Chánh,None,None,convenience,20.9645685,105.826655
WinMart+,convenience,Hà Nội,Ngõ 19 Tố Hữu,None,None,convenience,20.9962554,105.7930785
WinMart+,convenience,Hà Nội,"141, Đường Nguyễn Ngọc Vũ",None,None,convenience,21.0114072,105.8087605
WinMart+,convenience,Hà Nội,"76, Phố Nhân Hòa",None,None,convenience,21.0020899,105.8082262
WinMart+,convenience,Hà Nội,"Toà 2A - Vinaconex 7, Phường Cầu Diễn",None,None,convenience,21.0452986,105.7675346
WinMart+,convenience,Hà Nội,"121-123, Tô Hiệu",None,None,convenience,21.0437108,105.7967736
WinMart+,convenience,Hà Nội,"11, Phố Ngô Sĩ Liên",None,None,convenience,21.0275159,105.8389173
WinMart+,convenience,Hà Nội,"123, Phố Trịnh Công Sơn",None,None,convenience,21.078797,105.8186831
WinMart+,convenience,Hà Nội,"79, Ngõ 1194 Đường Láng",None,None,convenience,21.026929,105.8013492
WinMart+,convenience,Hà Nội,"164, Đường Trương Định",None,None,convenience,20.9916784,105.849043
WinMart+,convenience,Hà Nội,"232, Đường Khương Đình, Hà Nội",None,None,convenience,20.9924735,105.8136051
WinMart+,convenience,Hà Nội,Phố Trung Kính,None,None,convenience,21.0188447,105.7930485
WinMart+,convenience,Hà Nội,"31, Phố Mạc Thị Bưởi",None,None,convenience,21.0006738,105.8691768
WinMart+,convenience,Hà Nội,Phố Yên Phụ,None,None,convenience,21.0533316,105.8369451
WinMart+,convenience,Hà Nội,"38, Ngõ 76 Mai Dịch",None,None,convenience,21.0406982,105.7755872
WinMart+,convenience,Hà Nội,"121B, Phố Quan Hoa",None,None,convenience,21.0342809,105.8040867
WinMart+,convenience,Hà Nội,"100/10A, Hoàng Quốc Việt",None,None,convenience,21.0476098,105.795593
WinMart+,convenience,Hà Nội,"66, Phố Hoàng Sâm",None,None,convenience,21.0444272,105.7993084
WinMart+,convenience,Hà Nội,"16-19, Ngô Thì Nhậm",None,None,convenience,21.017788,105.8528958
WinMart+,convenience,Hà Nội,"12, Ngô Thì Nhậm",None,None,convenience,21.0183388,105.8529172
WinMart+,convenience,Hà Nội,"142, Phố Phương Liệt",None,None,convenience,20.9962028,105.8383862
WinMart+,convenience,Hà Nội,"20, Phố Văn Phú",None,None,convenience,20.9628824,105.7681476
WinMart+,convenience,Hà Nội,"167/2, Phố Phương Mai",None,None,convenience,21.0036261,105.8362768
WinMart+,convenience,Hà Nội,"152, Phố Yên Hòa",None,None,convenience,21.0234013,105.7943861
WinMart+,convenience,Hà Nội,"140, Đường Nguyễn Sơn",None,None,convenience,21.0463531,105.8790446
WinMart+,convenience,Hà Nội,"409, Phố Bạch Mai",None,None,convenience,20.9992201,105.8504476
WinMart+,convenience,Hà Nội,"601, Phố Kim Ngưu",None,None,convenience,20.9978781,105.8623465
WinMart+,convenience,Hà Nội,"103, Phố Thanh Đàm",None,None,convenience,20.9940076,105.8877878
WinMart+,convenience,Hà Nội,"28, Phố Nguyễn Thái Học",None,None,convenience,21.0292203,105.8405114
WinMart+,convenience,Hà Nội,"1132, Đường Láng",None,None,convenience,21.0251458,105.7983034
WinMart+,convenience,Hà Nội,"62, Phố Nguyễn Đức Cảnh",None,None,convenience,20.9872483,105.8500781
Circle K,convenience,Hà Nội,"1A, Phố Hồ Đắc Di, Hà Nội",None,None,convenience,21.0111154,105.8305996
WinMart+,convenience,Hà Nội,"55/3, Đỗ Quang",None,None,convenience,21.0107843,105.8025447
WinMart+,convenience,Hà Nội,Đường Số 4,None,None,convenience,20.995768,105.8684824
WinMart+,convenience,Hà Nội,"9, Phố Thįnh Liệt",None,None,convenience,20.9740685,105.8412617
WinMart+,convenience,Hà Nội,"10, Đức Giang",None,None,convenience,21.0636298,105.8954946
WinMart+,convenience,Hà Nội,"23, Phố Cửa Bắc",None,None,convenience,21.044089,105.8430288
WinMart+,convenience,Hà Nội,Ngách 1/2 Đỗ Nhuận,None,None,convenience,21.0687481,105.786552
WinMart+,convenience,Hà Nội,"38, Phố Trường Lâm",None,None,convenience,21.0620714,105.8962953
WinMart+,convenience,Hà Nội,"133, Đường Thụy Khuê, Phường Thuỵ Khuê",None,None,convenience,21.0431784,105.8220517
WinMart+,convenience,Hà Nội,Đường Số 4,None,None,convenience,20.9940542,105.8683539
WinMart+,convenience,Hà Nội,Đường Văn Tiến Dũng,None,None,convenience,21.0491799,105.7488924
WinMart+,convenience,Hà Nội,"652, Đường Nguyễn Văn Cừ",None,None,convenience,21.0449663,105.8741281
WinMart+,convenience,Hà Nội,"38, Đê Tô Hoàng",None,None,convenience,21.0074851,105.8499971
K Mart,convenience,Hà Nội,"271, Đường Nguyễn Hoàng Tôn",None,None,convenience,21.073807,105.8009323
WinMart+,convenience,Hà Nội,"47, Phó Đức Chính",None,None,convenience,21.0490166,105.8409492
WinMart+,convenience,Hà Nội,"848, Đường Trương Định",None,None,convenience,20.9783949,105.8427343
WinMart+,convenience,Hà Nội,"166, Phố Kim Hoa",None,None,convenience,21.011237,105.8377154
WinMart+,convenience,Hà Nội,"404, Đường Kim Giang, Hà Nội",None,None,convenience,20.9744364,105.824725
WinMart+,convenience,Hà Nội,"210, Phố Đội Cấn",None,None,convenience,21.0351827,105.8210759
WinMart+,convenience,Hà Nội,"167, Phố Trần Đại Nghĩa",None,None,convenience,21.0009096,105.8454402
WinMart+,convenience,Hà Nội,"29, Ngõ 126 Xuân Đỉnh",None,None,convenience,21.0721567,105.7986089
WinMart+,convenience,Hà Nội,"33, Phố Lương Khánh Thiện",None,None,convenience,20.9861779,105.8510681
WinMart+,convenience,Hà Nội,Đường Trần Phú,None,None,convenience,20.9776107,105.7836585
WinMart+,convenience,Hà Nội,Phố Tú Mỡ,None,None,convenience,21.00928,105.7930928
WinMart+,convenience,Hà Nội,"44, Phố Nguyễn Hoàng",None,None,convenience,21.0314391,105.7745256
WinMart+,convenience,Hà Nội,"69, Phố Hạ Đình",None,None,convenience,20.9913515,105.8064234
WinMart+,convenience,Hà Nội,"194, Phố Minh Khai",None,None,convenience,20.9952851,105.8542441
WinMart+,convenience,Hà Nội,"20, Ngõ Huyện",None,None,convenience,21.029425,105.8487652
WinMart+,convenience,Hà Nội,"19, Nguyễn Văn Huyên kéo dài",None,None,convenience,21.0455271,105.7974384
WinMart+,convenience,Hà Nội,Ngõ 143 Nguyễn Tuân,None,None,convenience,20.9978058,105.8023265
WinMart+,convenience,Hà Nội,"166, Phố Ái Mộ",None,None,convenience,21.0387077,105.8710078
None,convenience,Hà Nội,Phố Hàng Bồ,None,None,convenience,21.0340241,105.8499841
Siêu thị Thành Công,supermarket,Hà Nội,Phố Lê Trọng Tấn,None,None,supermarket,20.9987006,105.828332
Du Lịch Mototours,travel_agency,Hà Nội,"Du Lịch Mototours, Phố Đặng Dung, Phường Ba Đình, Thành phố Hà Nội, 10075, Việt Nam",None,None,travel_agency,21.0432493,105.8416938
Phùng Motorbike,travel_agency,Hà Nội,"13, Ngõ Huyện",None,None,travel_agency,21.0295697,105.8488304
WinMart+,convenience,Hà Nội,"70B, Phố Đội Cấn",None,None,convenience,21.0345057,105.8296113
Cửa Hàng Tiện Lợi Huy Mart,convenience,Hà Nội,Hoàng Đạo Thúy,None,None,convenience,21.0053119,105.8016442
WinMart,supermarket,Hà Nội,Phố Nguyễn Khuyến,None,None,supermarket,20.9746026,105.7892184
Fresh Garden,bakery,Hà Nội,"16, Phố Hàng Cót, Hà Nội",None,None,bakery,21.038922,105.8470361
Siêu thị Đức Thành,supermarket,Hà Nội,Phố Tố Hữu,None,None,supermarket,20.9727956,105.75863
Siêu thị Mường Thanh,supermarket,Hà Nội,Đường Cầu Bươu,None,None,supermarket,20.9601717,105.7998171
Siêu Thị Hapro,supermarket,Hà Nội,"Siêu Thị Hapro, Phố Thành Công, Phường Giảng Võ, Thành phố Hà Nội, 10265, Việt Nam",None,None,supermarket,21.0226588,105.8157284
Siêu Thị Intimex,supermarket,Hà Nội,Lạc Long Quân,None,None,supermarket,21.0515919,105.8080023
Siêu thị Mega Ngọc Hồi,supermarket,Hà Nội,"Siêu thị Mega Ngọc Hồi, Đường Phương Dung, Nhị Châu, Xã Ngọc Hồi, Thành phố Hà Nội, 12506, Việt Nam",None,None,supermarket,20.9143597,105.8521478
Cà Phê Hương Mai,coffee,Hà Nội,"15, Phố Hàng Mành",None,None,coffee,21.0318405,105.8483955
Juice Bazar,beverages,Hà Nội,"Juice Bazar, Phố Tống Duy Tân, Phường Hoàn Kiếm, Thành phố Hà Nội, 11060, Việt Nam",None,None,beverages,21.0292509,105.8433814
WinMart+,convenience,Hà Nội,Minh Khai,None,None,convenience,20.9940823,105.8693329
WinMart,supermarket,Hà Nội,Ngõ 102 Trường Chinh,None,None,supermarket,20.9997316,105.8374033
Nhà Sách Artbook,books,Hà Nội,"Nhà Sách Artbook, Phố Tạ Hiện, Khu phố cổ, Phường Hoàn Kiếm, Thành phố Hà Nội, 11010, Việt Nam",None,None,books,21.0340573,105.8520031
Trung Kiên B,bicycle,Hà Nội,"45, Ngõ 548 Nguyễn Văn Cừ, 100000",None,None,bicycle,21.047238,105.8830534
Xuân Độ,convenience,Hà Nội,"Tân Hợp, Võ Lao, Văn Võ, Chương Mỹ",None,None,convenience,20.8319961,105.7434619
Tú Hải,convenience,Hà Nội,"Văn La, Văn Võ, Chương Mỹ",None,None,convenience,20.8328452,105.7477506
Căng Tin Số 1 TDTT,convenience,Hà Nội,Trường TDTT,None,None,convenience,20.936535,105.7096295
Tiến Nhung,convenience,Hà Nội,"Văn La, Văn Võ, Chương Mỹ",None,None,convenience,20.8307201,105.7533031
Căng Tin Tạp Hoá Anh Kết,convenience,Hà Nội,Trường TDTT,None,None,convenience,20.933774,105.7081627
Tân Hậu,convenience,Hà Nội,"Văn La, Văn Võ, Chương Mỹ",None,None,convenience,20.8310014,105.7551294
Phương Linh,convenience,Hà Nội,Ninh Sơn_Chúc Sơn,None,None,convenience,20.9248956,105.707135
Thanh Hương ( Lê Thị Mai Hương ),convenience,Hà Nội,"Xuân Thủy, Thủy Xuân Tiên, Chương Mỹ",None,None,convenience,20.8823411,105.578304
WinMart+,convenience,Hà Nội,"204, Đường Thanh Bình",None,None,convenience,20.9839479,105.7786601
Cửa Hàng Thanh Miên,convenience,Hà Nội,Yên Khê Đại Yên,None,None,convenience,20.8994867,105.6989955
Phương Lâm ( Lê Thị Dung ),convenience,Hà Nội,"Miếu Môn, Trần Phú, Chương Mỹ",None,None,convenience,20.813132,105.6447726
Thúy Mạnh ( Nguyễn Thị Thúy ),convenience,Hà Nội,"Miếu Môn, Trần Phú, Chương Mỹ",None,None,convenience,20.8138968,105.6453187
WinMart+,convenience,Hà Nội,"48, Phố Trạm",None,None,convenience,21.0264467,105.8931582
Unik mart Thuỵ Khuê,supermarket,Hà Nội,Ngõ 152 Thụy Khuê,None,None,supermarket,21.0432384,105.8229993
Co.opmart,supermarket,Hà Nội,"Co.opmart, 18, Đường Trần Phú, Phường Hà Đông, Thành phố Hà Nội, 12011, Việt Nam",None,None,supermarket,20.9825538,105.7902001
Tops Market,supermarket,Hà Nội,"Tops Market, Ngõ 102 Trần Phú, Phường Hà Đông, Thành phố Hà Nội, 12100, Việt Nam",None,None,supermarket,20.9789425,105.7854355
WinMart+,convenience,Hà Nội,"20, Phố Nghĩa Dũng",None,None,convenience,21.0489239,105.8457566
None,massage,Hà Nội,"Aroma Foot Massage, Phố Nhà Thờ, Phường Hoàn Kiếm, Thành phố Hà Nội, 10016, Việt Nam",None,None,massage,21.0291724,105.8500728
Cửa Hàng Thời Trang Camellia,clothes,Hà Nội,"Cửa Hàng Thời Trang Camellia, Phố Quang Trung, Phường Hai Bà Trưng, Thành phố Hà Nội, 10212, Việt Nam",None,None,clothes,21.0174888,105.8472753
Thế giới di động,mobile_phone,Hà Nội,"60, Phố Đại La, Hà nội",None,None,mobile_phone,20.9965696,105.8452069
Cửa Hàng Thời Trang 23 Uhera,clothes,Hà Nội,"Cửa Hàng Thời Trang 23 Uhera, Phố Trần Phú, Phường Ba Đình, Thành phố Hà Nội, 10247, Việt Nam",None,None,clothes,21.0305025,105.84184
None,motorcycle,Hà Nội,"Phố Hàm Tử Quan, Phường Hồng Hà, Thành phố Hà Nội, 11023, Việt Nam",None,None,motorcycle,21.0324887,105.8589269
None,motorcycle,Hà Nội,"Hanoï Motorbike adventure, Phố Phúc Tân, Phường Hồng Hà, Thành phố Hà Nội, 11008, Việt Nam",None,None,motorcycle,21.0327441,105.8576602
Điếu Cày Nghĩa Dũng,yes,Hà Nội,"38, Phố Hàng Vải",None,None,yes,21.0355529,105.8474917
Cát Bà Express Tours & Bus,travel_agency,Hà Nội,"37 b, Phố Nguyễn Hữu Huân, Hà Nội",None,None,travel_agency,21.0333109,105.8545699
Cửa Hàng Bánh Mì Mochi Sweet,bakery,Hà Nội,"1, Thanh Niên",None,None,bakery,21.0499879,105.8391446
WinMart+,convenience,Hà Nội,"WinMart+, Đường Số 4, Vinhomes Times City, Phường Vĩnh Tuy, Thành phố Hà Nội, 11622, Việt Nam",None,None,convenience,20.9952833,105.8684916
Photo Quang Lịch,books,Hà Nội,"Photo Quang Lịch, 91, Ngách 69/1 Phố Chùa Láng, Phường Láng, Thành phố Hà Nội, 10080, Việt Nam",None,None,books,21.0231413,105.8058354
Circle K,convenience,Hà Nội,"Circle K, Phố Chùa Láng, Phường Láng, Thành phố Hà Nội, 10298, Việt Nam",None,None,convenience,21.0234324,105.8061812
WinMart+,convenience,Hà Nội,"100, Phố Nguyễn Văn Giáp",None,None,convenience,21.036702,105.7594346
WinMart+,convenience,Hà Nội,"Xuân Phương Residence, Phường Xuân Phương",None,None,convenience,21.0320474,105.7526052
Cho Thuê Xe Máy Văn Chính,motorcycle,Hà Nội,"24D, Tạ Hiện, Hàng Buồm, Hoàn Kiếm, 100000",None,None,motorcycle,21.0344022,105.8522062
Xe Máy Nguyễn Tú,motorcycle,Hà Nội,"112, Đường Nguyễn Văn Cừ, 100000",None,None,motorcycle,21.0411176,105.8693776
WinMart+,convenience,Hà Nội,"44 Tổ 12, Đường Lâm Tiên",None,None,convenience,21.1627093,105.8495301
WinMart+,convenience,Hà Nội,"371, Đường Cao Lỗ",None,None,convenience,21.1378796,105.8594595
WinMart+,convenience,Hà Nội,"19, Phố Lương Định Của, Hà Nội",None,None,convenience,21.0064003,105.8357193
WinMart+,convenience,Hà Nội,"250, Đường Lạc Long Quân",None,None,convenience,21.0541817,105.8090056
WinMart+,convenience,Hà Nội,"35B, Đường Xuân La",None,None,convenience,21.0620416,105.8079758
Vin+ 38 Đào Cam Mộc,supermarket,Hà Nội,"Vin+ 38 Đào Cam Mộc, Đường Đào Cam Mộc, Xã Đông Anh, Thành phố Hà Nội, 12323, Việt Nam",None,None,supermarket,21.1412624,105.8685287
Vin+ Tổ 25 Đ.Anh,supermarket,Hà Nội,"Vin+ Tổ 25 Đ.Anh, Quốc lộ 3, Xã Phúc Thịnh, Thành phố Hà Nội, Việt Nam",None,None,supermarket,21.1708102,105.8443361
Vin +19 T22 Đ.Anh,supermarket,Hà Nội,"Vin +19 T22 Đ.Anh, Đường Uy Nỗ, Xã Thư Lâm, Thành phố Hà Nội, Việt Nam",None,None,supermarket,21.1696205,105.8568805
WinMart+,convenience,Hà Nội,"69, Phố Bắc Cầu",None,None,convenience,21.0632981,105.8608567
WinMart+,convenience,Hà Nội,Ngõ 460 Khương Đình,None,None,convenience,20.9857746,105.8118142
Thịnh Lam,convenience,Hà Nội,"Đê Ngọ Xá, Vân Đình, Ứng Hòa",None,None,convenience,20.7296637,105.7562386
Circle K,convenience,Hà Nội,"Circle K, Phố Hàng Hành, Phường Hoàn Kiếm, Thành phố Hà Nội, 11057, Việt Nam",None,None,convenience,21.0316803,105.8506699
None,motorcycle,Hà Nội,"Tigit Motorbikes, Ngõ 8 Phố Tôn Thất Thiệp, Phường Ba Đình, Thành phố Hà Nội, 10093, Việt Nam",None,None,motorcycle,21.0317023,105.8428373
Tiệm Nail Phương Chuột,beauty,Hà Nội,Phố Hàng Trống,None,None,beauty,21.0305055,105.8498344
WinMart+,convenience,Hà Nội,Đường Cầu Bươu,None,None,convenience,20.9606168,105.8012014
None,gift,Hà Nội,Phố Nhà Chung,None,None,gift,21.0280101,105.849817
None,cosmetics,Hà Nội,"Đường Trần Lư, Xã Thường Tín, Thành phố Hà Nội, Việt Nam",None,None,cosmetics,20.8760343,105.862796
Chè Phố Cổ,tea,Hà Nội,"TTTM Vân Đình, Ứng Hòa",None,None,tea,20.7355015,105.7684394
None,convenience,Hà Nội,"Quốc lộ 21B, Xã Ứng Thiên, Thành phố Hà Nội, 13524, Việt Nam",None,None,convenience,20.7660675,105.7530903
Cửa Hàng Mỹ Phẩm Nail Kitchen,beauty,Hà Nội,"37, Đường Thành, Hà Nội, 100000",None,None,beauty,21.0329321,105.8463993
None,toys,Hà Nội,"игрушки, Phố Lương Văn Can, Khu phố cổ, Phường Hoàn Kiếm, Thành phố Hà Nội, 11057, Việt Nam",None,None,toys,21.0327774,105.8505402
None,toys,Hà Nội,"Đường đi bộ cầu Long Biên, Phường Hồng Hà, Thành phố Hà Nội, 11008, Việt Nam",None,None,toys,21.0410509,105.852423
None,wine,Hà Nội,Lê Phụng Hiểu,None,None,wine,21.0263144,105.8583585
Siêu thị Thành Đô 193 Vĩnh Hưng,supermarket,Hà Nội,"Siêu thị Thành Đô 193 Vĩnh Hưng, Phố Vĩnh Hưng, Phường Vĩnh Hưng, Thành phố Hà Nội, 11622, Việt Nam",None,None,supermarket,20.9881788,105.8774569
Siêu thị Thành Đô - 285 Lĩnh Nam,supermarket,Hà Nội,"Siêu thị Thành Đô - 285 Lĩnh Nam, Đường Lĩnh Nam, Phường Vĩnh Hưng, Thành phố Hà Nội, 11622, Việt Nam",None,None,supermarket,20.9839977,105.8744568
None,bicycle,Hà Nội,"3P bike, Phố Trúc Bạch, Phường Ba Đình, Thành phố Hà Nội, 11117, Việt Nam",None,None,bicycle,21.0492439,105.8394211
None,electronics,Hà Nội,Phố Hàng Hòm,None,None,electronics,21.0313779,105.8490251
WinMart+,convenience,Hà Nội,"WinMart+, 458, Minh Khai, Phường Vĩnh Tuy, Thành phố Hà Nội, 11622, Việt Nam",None,None,convenience,20.9907839,105.8693903
Siêu Thị Intimex,supermarket,Hà Nội,Ngõ 390 Nguyễn Văn Cừ,None,None,supermarket,21.0441004,105.87763
Cửa Hàng Mỹ Phẩm Nail Kitchen,beauty,Hà Nội,"Đường Âu Cơ, Hanoi",None,None,beauty,21.0630923,105.8319164
None,agrarian,Hà Nội,"Đường Đồng Dâu, Biên Giang, Phường Chương Mỹ, Thành phố Hà Nội, 13400, Việt Nam",None,None,agrarian,20.9326008,105.7258993
Cửa Hàng Thời Trang Bồng Bềnh,clothes,Hà Nội,"31c Ngõ 75, Xuân Đỉnh, Hà Nội, 143315",None,None,clothes,21.0703089,105.8008782
Bakery Cafe,bakery,Hà Nội,"Bakery Cafe, Phố Hàng Bè, Khu phố cổ, Phường Hoàn Kiếm, Thành phố Hà Nội, 11011, Việt Nam",None,None,bakery,21.032961,105.8539027
Phương achi,jewelry,Hà Nội,"15/77, Phố Lâm Hạ, 100000",None,None,jewelry,21.0384346,105.8816489
Brgmart,supermarket,Hà Nội,"120, Phố Hàng Trống",None,None,supermarket,21.0288967,105.850622
Du Lịch Camel Travel,travel_agency,Hà Nội,"Du Lịch Camel Travel, Đường Trần Khát Chân, Phường Bạch Mai, Thành phố Hà Nội, 10058, Việt Nam",None,None,travel_agency,21.0085734,105.8541802
WinMart+,convenience,Hà Nội,Phố Vĩnh Hoàng,None,None,convenience,20.9835618,105.86649
None,newsagent,Hà Nội,"Phố Châu Long, Phường Ba Đình, Thành phố Hà Nội, 11117, Việt Nam",None,None,newsagent,21.0436969,105.8421715
Youngbirds-tattoo,tattoo,Hà Nội,"số nhà 12, 823 hồng haf, 100000",None,None,tattoo,21.0269249,105.8603737
None,hairdresser,Hà Nội,"Street Haircut, Phố Nguyễn Khắc Hiếu, Phường Ba Đình, Thành phố Hà Nội, 11117, Việt Nam",None,None,hairdresser,21.0464523,105.840855
Yves Rocher,cosmetics,Hà Nội,"Yves Rocher, Phố Hàng Trống, Phường Hoàn Kiếm, Thành phố Hà Nội, 11006, Việt Nam",None,None,cosmetics,21.0304162,105.8494362
None,cosmetics,Hà Nội,"491, Kim Mã",None,None,cosmetics,21.029763,105.8137295
None,cosmetics,Hà Nội,"57, Phố Núi Trúc",None,None,cosmetics,21.0286444,105.8238362
L’s Place,convenience,Hà Nội,"29, Phố Hàng Vôi, Hà Nội",None,None,convenience,21.0298041,105.8567249
None,hairdresser,Hà Nội,"36, Ngõ Huyện",None,None,hairdresser,21.0302341,105.8497839
Siêu Thị Hàng Đức,supermarket,Hà Nội,"Siêu Thị Hàng Đức, Phố Vũ Miên, Phường Tây Hồ, Thành phố Hà Nội, 10266, Việt Nam",None,None,supermarket,21.0528046,105.834472
WinMart+,convenience,Hà Nội,Phố Trần Thủ Độ,None,None,convenience,20.9565554,105.8466685
Vietnam Airlines,travel_agency,Hà Nội,"1, Phố Quang Trung",None,None,travel_agency,21.0263711,105.8497409
Siêu Thị Unikmart sảnh D,supermarket,Hà Nội,"143, Nguyễn Tuân",None,None,supermarket,20.9976544,105.8027216
None,sports,Hà Nội,"Hanoi Skate Quarter, Phố Mã Mây, Khu phố cổ, Phường Hoàn Kiếm, Thành phố Hà Nội, 11010, Việt Nam",None,None,sports,21.0354338,105.8534546
WinMart+,convenience,Hà Nội,Ngõ 47 Phố Hoàng Minh Đạo,None,None,convenience,21.0482526,105.8865976
Gara Flamingo Travel,motorcycle,Hà Nội,"Gara Flamingo Travel, Ngõ 613 Đường Hồng Hà, Phường Hồng Hà, Thành phố Hà Nội, 10147, Việt Nam",None,None,motorcycle,21.032549,105.8563723
Cửa Hàng Xe Máy Hanoi Motorcycle,motorcycle,Hà Nội,"Cửa Hàng Xe Máy Hanoi Motorcycle, Phố Hàm Tử Quan, Phường Hồng Hà, Thành phố Hà Nội, 10262, Việt Nam",None,None,motorcycle,21.0319326,105.8577342
The Sinh Tourist,travel_agency,Hà Nội,"52, Lương Ngọc Quyến",None,None,travel_agency,21.0347675,105.8517757
None,outdoor,Hà Nội,"Umove Travel & Outdoor Gear, Phố Chợ Gạo, Khu phố cổ, Phường Hoàn Kiếm, Thành phố Hà Nội, 11010, Việt Nam",None,None,outdoor,21.0366235,105.8529365
Triêù patisserie,bakery,Hà Nội,"Triêù patisserie, Phố Đường Thành, Khu phố cổ, Phường Hoàn Kiếm, Thành phố Hà Nội, 11016, Việt Nam",None,None,bakery,21.0311013,105.847071
WinMart+,convenience,Hà Nội,"B18, Đường Phúc Lợi",None,None,convenience,21.0478157,105.9230991
Siêu Thị Hapro,supermarket,Hà Nội,"Siêu Thị Hapro, Phố Hàng Bông, Khu phố cổ, Phường Hoàn Kiếm, Thành phố Hà Nội, 11017, Việt Nam",None,None,supermarket,21.0302694,105.8473135
None,supermarket,Hà Nội,"Naturally Vietnam - Organic Market, Ngách 67/12 Đường Tô Ngọc Vân, Phường Tây Hồ, Thành phố Hà Nội, 10201, Việt Nam",None,None,supermarket,21.0673913,105.822333
H Mart,supermarket,Hà Nội,Phố Trần Hưng Đạo,None,None,supermarket,21.0165116,105.8592192
Ga Ra Ô Tô Long Biên,tyres,Hà Nội,"Ga Ra Ô Tô Long Biên, Ngõ 10 phố Cửu Việt, Khu đô thị 31ha, Xã Gia Lâm, Thành phố Hà Nội, 08443, Việt Nam",None,None,tyres,21.0129242,105.9380319
The Note Cafe,bakery,Hà Nội,"The Note Cafe, Phố Lương Văn Can, Phường Hoàn Kiếm, Thành phố Hà Nội, 11057, Việt Nam",None,None,bakery,21.0315876,105.8508607
Siêu Thị Hapro,supermarket,Hà Nội,"Siêu Thị Hapro, Phố Kim Ngưu, Phường Bạch Mai, Thành phố Hà Nội, 11617, Việt Nam",None,None,supermarket,21.0013398,105.8613508
Cửa Hàng Khải Silk,variety_store,Hà Nội,"Cửa Hàng Khải Silk, Phố Hàng Gai, Khu phố cổ, Phường Hoàn Kiếm, Thành phố Hà Nội, 11015, Việt Nam",None,None,variety_store,21.031352,105.8493238
Cửa Hàng Kenly Silk,variety_store,Hà Nội,"Cửa Hàng Kenly Silk, Phố Hàng Gai, Khu phố cổ, Phường Hoàn Kiếm, Thành phố Hà Nội, 11015, Việt Nam",None,None,variety_store,21.031581,105.849372
None,variety_store,Hà Nội,"Ajisai, Phố Nhà Chung, Phường Hoàn Kiếm, Thành phố Hà Nội, 10116, Việt Nam",None,None,variety_store,21.0284702,105.8496196
Cửa Hàng Thời Trang Ginkgo,clothes,Hà Nội,"Cửa Hàng Thời Trang Ginkgo, Phố Hàng Gai, Khu phố cổ, Phường Hoàn Kiếm, Thành phố Hà Nội, 11015, Việt Nam",None,None,clothes,21.0317201,105.8499424
WinMart+,convenience,Hà Nội,Đường 2-2 Gamuda,None,None,convenience,20.9706781,105.8786782
None,confectionery,Hà Nội,"Local Desserts, Phố Đội Cấn, Phường Ba Đình, Thành phố Hà Nội, 11112, Việt Nam",None,None,confectionery,21.0345756,105.8298665
Siêu Thị Hapro,supermarket,Hà Nội,"A4 ( ĐN 1), Quốc lộ 23",None,None,supermarket,21.1292221,105.7751531
None,confectionery,Hà Nội,"Local Soy Bean Desserts, Phố Phạm Sư Mạnh, Phường Cửa Nam, Thành phố Hà Nội, 10210, Việt Nam",None,None,confectionery,21.0227424,105.8554617
None,bakery,Hà Nội,"Beard Papa’s Cream Puffs, Phố Hàng Bông, Khu phố cổ, Phường Hoàn Kiếm, Thành phố Hà Nội, 11017, Việt Nam",None,None,bakery,21.029078,105.8446998
None,confectionery,Hà Nội,Phố Hàng Bồ,None,None,confectionery,21.0336805,105.8480439
None,confectionery,Hà Nội,"Local Desserts, Phố Lý Thường Kiệt, Phường Cửa Nam, Thành phố Hà Nội, 10214, Việt Nam",None,None,confectionery,21.0235864,105.8498685
None,confectionery,Hà Nội,"Che Tuyet, Ngõ Đồng Xuân, Khu phố cổ, Phường Hoàn Kiếm, Thành phố Hà Nội, 11058, Việt Nam",None,None,confectionery,21.0375831,105.8498118
Cửa Hàng Tiện Lợi BV Mart,department_store,Hà Nội,"188, Chiến Thắng",None,None,department_store,20.9790881,105.7960698
Tuấn Hương,convenience,Hà Nội,"1A, Ngõ 4 ao sen",None,None,convenience,20.9820999,105.7882489
None,clothes,Hà Nội,"Viet Brothers, Phố Đội Cấn, Phường Ba Đình, Thành phố Hà Nội, 11112, Việt Nam",None,None,clothes,21.0346849,105.8274283
Sơn Hà,convenience,Hà Nội,"52, Phố Nhân Hòa",None,None,convenience,21.0021596,105.8086362
Siêu Thị Happy Mart,convenience,Hà Nội,"52, Trường Lâm",None,None,convenience,21.0623263,105.8975194
Viet Hung Mart,convenience,Hà Nội,"61, Việt Hưng",None,None,convenience,21.0539382,105.9024828
Tiến Mai,convenience,Hà Nội,"14, Ô Cách",None,None,convenience,21.060872,105.8950174
Cửa hàng thời trang Makaw,clothes,Hà Nội,"174 Yên phụ, Phố Yên Phụ, Hà Nội, 100000",None,None,clothes,21.0557018,105.8354783
Tuấn Hiên,convenience,Hà Nội,"9/276, Đại Từ",None,None,convenience,20.9709793,105.8310925
Tiện Lợi Mart,variety_store,Hà Nội,"Kiot 15- CT 11, KĐT Kim Văn - Kim Lũ",None,None,variety_store,20.973165,105.8201993
Siêu Thị Lan Chi,convenience,Hà Nội,"8, Định Công Hạ",None,None,convenience,20.9815051,105.8303856
Vina Mart,convenience,Hà Nội,"251, Định Công",None,None,convenience,20.9822471,105.8328415
Siêu Thị Đức Thành,convenience,Hà Nội,"E7 - Lô 12, kđt Định Công",None,None,convenience,20.9862427,105.8331892
Sinh Cafe Tourist,travel_agency,Hà Nội,"Sinh Cafe Tourist, Phố Mã Mây, Khu phố cổ, Phường Hoàn Kiếm, Thành phố Hà Nội, 11010, Việt Nam",None,None,travel_agency,21.0351737,105.8533456
V-Mart,convenience,Hà Nội,"48-VP5, Bán đảo Linh Đàm",None,None,convenience,20.9636611,105.8313644
Siêu thị gia đình,convenience,Hà Nội,"56 -VP6, BĐ Linh Đàm",None,None,convenience,20.9671608,105.8334761
Tiện ích Minh Đức,convenience,Hà Nội,"32- HH2C, KĐT Linh Đàm",None,None,convenience,20.9639261,105.826169
Paris Gâteaux,bakery,Hà Nội,"Paris Gâteaux, Phố Giảng Võ, Phường Giảng Võ, Thành phố Hà Nội, 10060, Việt Nam",None,None,bakery,21.0269376,105.8236693
Tạp hoá Bác Thơm,convenience,Hà Nội,"2- CT4C X2, KĐT Linh Đàm",None,None,convenience,20.9658893,105.8227762
Đại Lý Mr Tuấn,convenience,Hà Nội,"68 tổ 5, Bằng B",None,None,convenience,20.9544134,105.8304781
Siêu Thị Tiện Lợi Mai Phương,convenience,Hà Nội,"72, Hoàng Mai",None,None,convenience,20.9927726,105.8507754
H Mart,convenience,Hà Nội,"830, Đường Trương Định",None,None,convenience,20.9786029,105.8429121
WinMart+,convenience,Hà Nội,"Ngõ 622 Minh Khai, Phường Vĩnh Tuy",None,None,convenience,20.9965883,105.8709529
Zinnfiguren,hardware,Hà Nội,"Zinnfiguren, Phố Lò Rèn, Khu phố cổ, Phường Hoàn Kiếm, Thành phố Hà Nội, 11000, Việt Nam",None,None,hardware,21.0363323,105.8478576
K-Mart,convenience,Hà Nội,"224, Phố Tân Mai",None,None,convenience,20.9807772,105.8496634
TNG-Thế giới ký gửi,clothes,Hà Nội,"55/218, Phố Tân Mai",None,None,clothes,20.9808478,105.8486787
K Market,supermarket,Hà Nội,"K Market, Phố Lương Văn Can, Khu phố cổ, Phường Hoàn Kiếm, Thành phố Hà Nội, 11057, Việt Nam",None,None,supermarket,21.0323778,105.8506108
Cửa Hàng Hải Xe Đạp,bicycle,Hà Nội,"Cửa Hàng Hải Xe Đạp, Phố Trích Sài, Phường Tây Hồ, Thành phố Hà Nội, 10072, Việt Nam",None,None,bicycle,21.0544958,105.8118566
Nơ 2-Kđt Đồng Tàu,convenience,Hà Nội,"N2, KĐT Đồng Tau",None,None,convenience,20.9710419,105.8462507
Lan Thu Viện Bỏng,supermarket,Hà Nội,"Lan Thu Viện Bỏng, Đường Phùng Hưng, Khu đô thị Xa La, Phường Hà Đông, Thành phố Hà Nội, 12100, Việt Nam",None,None,supermarket,20.9639976,105.7939538
Cửa Hàng Xe Máy KTM Hà Nội,motorcycle,Hà Nội,"315, Đường Phạm Văn Đồng, Hà Nội",None,None,motorcycle,21.0712801,105.7857795
None,travel_agency,Hà Nội,"Phố Hàng Nón, Khu phố cổ, Phường Hoàn Kiếm, Thành phố Hà Nội, 11015, Việt Nam",None,None,travel_agency,21.0326366,105.8465991
None,shoes,Hà Nội,"Phố Hàng Dầu, Khu phố cổ, Phường Hoàn Kiếm, Thành phố Hà Nội, 10147, Việt Nam",None,None,shoes,21.0321074,105.8537806
WinMart+,convenience,Hà Nội,"WinMart+, Ngõ 285 Khuất Duy Tiến, Phường Đại Mỗ, Thành phố Hà Nội, 10161, Việt Nam",None,None,convenience,21.0022642,105.7921951
WinMart+,convenience,Hà Nội,Phố Ngụy Như Kon Tum,None,None,convenience,20.9994526,105.8018216
Cửa Hàng Bánh Mì Pháp Anh Hoa,bakery,Hà Nội,"38, Phố Trần Phú",None,None,bakery,21.0298851,105.8445856
AV Food,supermarket,Hà Nội,"AV Food, Phố Nguyễn Huy Tưởng, Phường Thanh Xuân, Thành phố Hà Nội, 10055, Việt Nam",None,None,supermarket,20.9974193,105.8029066
WinMart,supermarket,Hà Nội,"WinMart, Phố Nguyễn Quý Đức, Phường Thanh Xuân, Thành phố Hà Nội, 12011, Việt Nam",None,None,supermarket,20.9907033,105.8006527
WinMart+,convenience,Hà Nội,"74, Phố Vĩnh Hưng",None,None,convenience,20.9856383,105.8760318
WinMart+,convenience,Hà Nội,"WinMart+, Đường S3, Phường Nghĩa Đô, Thành phố Hà Nội, 10072, Việt Nam",None,None,convenience,21.0500636,105.7992988
WinMart+,convenience,Hà Nội,"WinMart+, Ngõ 1 Phố Nghĩa Tân, Phường Nghĩa Đô, Thành phố Hà Nội, 10072, Việt Nam",None,None,convenience,21.0453524,105.7950599
Thịt Xiên Hoàng Đức,butcher,Hà Nội,"55, 55 chùa láng",None,None,butcher,21.023154,105.8073002
Siêu thị Thành Đô 23 Tả Thanh Oai,supermarket,Hà Nội,"Siêu thị Thành Đô 23 Tả Thanh Oai, Đường Tả Thanh Oai, Xã Đại Thanh, Thành phố Hà Nội, 10135, Việt Nam",None,None,supermarket,20.9543037,105.8099682
tobi travel,travel_agency,Hà Nội,"tobi travel, Phố Lò Sũ, Phường Hoàn Kiếm, Thành phố Hà Nội, 10147, Việt Nam",None,None,travel_agency,21.0312848,105.8554818
WinMart+,convenience,Hà Nội,"173, Đường Hà Huy Tập",None,None,convenience,21.0812339,105.9130531
WinMart+,convenience,Hà Nội,Phố Tràng Thi,None,None,convenience,21.0265111,105.8498111
WinMart+,convenience,Hà Nội,"WinMart+, Phố Tố Hữu, Phường Thanh Xuân, Thành phố Hà Nội, 12011, Việt Nam",None,None,convenience,20.9967647,105.7941461
Unikmart,supermarket,Hà Nội,"Unikmart, Phố Lê Văn Thiêm, Phường Thanh Xuân, Thành phố Hà Nội, 10055, Việt Nam",None,None,supermarket,21.0027355,105.8021921
WinMart+,convenience,Hà Nội,"6, Phố Lê Văn Thiêm",None,None,convenience,21.000001,105.8046505
Unikmart 2 LVT,supermarket,Hà Nội,"Unikmart 2 LVT, Phố Lê Văn Thiêm, Phường Thanh Xuân, Thành phố Hà Nội, 10055, Việt Nam",None,None,supermarket,21.0012625,105.8034543
WinMart+,convenience,Hà Nội,"WinMart+, Phố Kim Đồng, Phường Hoàng Mai, Thành phố Hà Nội, 11617, Việt Nam",None,None,convenience,20.98349,105.8418461
None,travel_agency,Hà Nội,"26, Lò Sũ",None,None,travel_agency,21.0314571,105.8551588
Cửa Hàng Mũ Bảo Hiểm Jokers,sports,Hà Nội,"Cửa Hàng Mũ Bảo Hiểm Jokers, Ngõ 42 Phố Giang Văn Minh, Phường Ba Đình, Thành phố Hà Nội, 11112, Việt Nam",None,None,sports,21.0337159,105.8278159
None,travel_agency,Hà Nội,"Adventure Indochina travel, Phố Đông Thái, Khu phố cổ, Phường Hoàn Kiếm, Thành phố Hà Nội, 11010, Việt Nam",None,None,travel_agency,21.0361411,105.8530491
Vape Bros,e-cigarette,Hà Nội,"10a ngo 56, Ngõ 56 Yên Hoà",None,None,e-cigarette,21.0239618,105.7963508
Vape Rice,e-cigarette,Hà Nội,"Level 2 Lô 28 LK 22, Hà Trì, 10000",None,None,e-cigarette,20.963919,105.7814897
Rally Vape,e-cigarette,Hà Nội,"56, Ngo 128 Chua Lang",None,None,e-cigarette,21.0220642,105.8038071
Vape Dom,e-cigarette,Hà Nội,"9B, Ngõ 56 Yên Hoà",None,None,e-cigarette,21.0239222,105.7962852
subin,convenience,Hà Nội,"23/136, Phố Triều Khúc",None,None,convenience,20.9789684,105.7961242
Street Barber,hairdresser,Hà Nội,"Street Barber, Ngõ Huyện, Phường Hoàn Kiếm, Thành phố Hà Nội, 11006, Việt Nam",None,None,hairdresser,21.0292379,105.8483736
subin mart,convenience,Hà Nội,"23 ngõ 136/6, Đường tân triều",None,None,convenience,20.9818344,105.7989043
tạp hoá,convenience,Hà Nội,"112 C16, Nguyễn Quý Đức",None,None,convenience,20.9909683,105.8012004
The Sinh Tourist,travel_agency,Hà Nội,"52, Lương Ngọc Quyến",None,None,travel_agency,21.0348342,105.8514249
None,photo,Hà Nội,"16, Hàng Bạc",None,None,photo,21.0338552,105.8534837
Cửa Hàng Artbook Hà Nội,books,Hà Nội,"Cửa Hàng Artbook Hà Nội, Phố Bà Triệu, Phường Cửa Nam, Thành phố Hà Nội, 10091, Việt Nam",None,None,books,21.0199409,105.849666
None,electronics,Hà Nội,"complementos electrónicos chinos, Phố Lý Nam Đế, Phường Hoàn Kiếm, Thành phố Hà Nội, 11000, Việt Nam",None,None,electronics,21.0392623,105.8458707
Van art gallery,gift,Hà Nội,"Van art gallery, Phố Lương Văn Can, Khu phố cổ, Phường Hoàn Kiếm, Thành phố Hà Nội, 11057, Việt Nam",None,None,gift,21.032737,105.850421
Cửa Hàng Áo Dài Kengin,clothes,Hà Nội,"31, Hàng Buồm",None,None,clothes,21.0359679,105.8503898
None,gift,Hà Nội,"Phố Hàng Trống, Phường Hoàn Kiếm, Thành phố Hà Nội, 11006, Việt Nam",None,None,gift,21.02906,105.8506769
None,variety_store,Hà Nội,"Phố Tạ Hiện, Khu phố cổ, Phường Hoàn Kiếm, Thành phố Hà Nội, 11011, Việt Nam",None,None,variety_store,21.0340914,105.852008
None,copyshop,Hà Nội,"Print, photocopy and ID photo shop, Phố Cao Bá Quát, Phường Ba Đình, Thành phố Hà Nội, 10247, Việt Nam",None,None,copyshop,21.0302816,105.8391882
None,laundry,Hà Nội,"Đường Xuân Diệu, Phường Tây Hồ, Thành phố Hà Nội, 10202, Việt Nam",None,None,laundry,21.0610253,105.8325093
So good,clothes,Hà Nội,"So good, Phố Lương Ngọc Quyến, Khu phố cổ, Phường Hoàn Kiếm, Thành phố Hà Nội, 11010, Việt Nam",None,None,clothes,21.0348623,105.8529514
Circle K,convenience,Hà Nội,"Circle K, Phố Hà Trung, Khu phố cổ, Phường Hoàn Kiếm, Thành phố Hà Nội, 11017, Việt Nam",None,None,convenience,21.0299118,105.8448666
None,motorcycle,Hà Nội,"Bags and Seats for motorbikes, Phố Hà Trung, Khu phố cổ, Phường Hoàn Kiếm, Thành phố Hà Nội, 11017, Việt Nam",None,None,motorcycle,21.0306935,105.846216
None,car_repair,Hà Nội,"Phố Tư Đình, Thạch Cầu, Phường Long Biên, Thành phố Hà Nội, 11023, Việt Nam",None,None,car_repair,21.0291986,105.8851546
Cửa Hàng Thời Trang Adam,clothes,Hà Nội,"Cửa Hàng Thời Trang Adam, Đường Thanh Niên, Phường Ba Đình, Thành phố Hà Nội, 10086, Việt Nam",None,None,clothes,21.0436066,105.8362534
Media Mart,electronics,Hà Nội,"Media Mart, Ngõ 98 Phố Đàm Quang Trung, Phường Long Biên, Thành phố Hà Nội, 08443, Việt Nam",None,None,electronics,21.0262098,105.8964453
None,greengrocer,Hà Nội,"Đường Cổ Linh, Phường Long Biên, Thành phố Hà Nội, 08443, Việt Nam",None,None,greengrocer,21.0252592,105.8995779
Vietnam Insolite,travel_agency,Hà Nội,"Vietnam Insolite, Ngõ Tràng An, Phường Hai Bà Trưng, Thành phố Hà Nội, 10185, Việt Nam",None,None,travel_agency,21.0181279,105.8508454
Крокс,shoes,Hà Nội,"Крокс, Phố Hàng Bông, Khu phố cổ, Phường Hoàn Kiếm, Thành phố Hà Nội, 11015, Việt Nam",None,None,shoes,21.0307321,105.8479798
Cutepets - Siêu Thị Chó Mèo,supermarket,Hà Nội,"171, Thanh Bình, Hà Nội, 120406",None,None,supermarket,20.9791873,105.7800263
Cửa Hàng K Plus,convenience,Hà Nội,"Cửa Hàng K Plus, Phố Hai Bà Trưng, Phường Cửa Nam, Thành phố Hà Nội, 10041, Việt Nam",None,None,convenience,21.0250711,105.8494613
None,clothes,Hà Nội,"Phố Ngô Quyền, Phường Cửa Nam, Thành phố Hà Nội, 11020, Việt Nam",None,None,clothes,21.0216121,105.8538984
Nhà Sách Hồng Hà,books,Hà Nội,"Nhà Sách Hồng Hà, Phố Lý Thường Kiệt, Phường Cửa Nam, Thành phố Hà Nội, 10191, Việt Nam",None,None,books,21.0220299,105.854566
None,tailor,Hà Nội,"Ngõ 3 Vọng Đức, Phường Cửa Nam, Thành phố Hà Nội, 11020, Việt Nam",None,None,tailor,21.021534,105.8535603
Harley-Davidson,motorcycle,Hà Nội,"Harley-Davidson, Phố Vũ Đức Thận, Phường Việt Hưng, Thành phố Hà Nội, 11810, Việt Nam",None,None,motorcycle,21.0575028,105.89056
None,beauty,Hà Nội,"Phố Nguyễn Cao Luyện, Khu đô thị Việt Hưng, Phường Việt Hưng, Yên Viên, Thành phố Hà Nội, 08443, Việt Nam",None,None,beauty,21.0656447,105.9075331
Cửa Hàng Nghệ Thuật Huy Hùng,art,Hà Nội,"36, Hàng Bè",None,None,art,21.0329885,105.8537633
Gara Xe Hà Đông,tyres,Hà Nội,"Gara Xe Hà Đông, Ngõ 66 Đường Phùng Hưng, Phường Hà Đông, Thành phố Hà Nội, 12100, Việt Nam",None,None,tyres,20.9683366,105.7850511
The North Face,clothes,Hà Nội,"The North Face, Phố Mã Mây, Khu phố cổ, Phường Hoàn Kiếm, Thành phố Hà Nội, 11010, Việt Nam",None,None,clothes,21.0339418,105.8534543
None,laundry,Hà Nội,"Prowash Laundry shop, Ngõ Thọ Xương, Phường Hoàn Kiếm, Thành phố Hà Nội, 11006, Việt Nam",None,None,laundry,21.0292095,105.8488456
Thanh Do,supermarket,Hà Nội,"Thanh Do, Phố Lạc Trung, Phường Vĩnh Tuy, Thành phố Hà Nội, 11622, Việt Nam",None,None,supermarket,21.0029358,105.8654104
None,confectionery,Hà Nội,"Xoi Che Ba Thin So, Phố Hàng Thiếc, Khu phố cổ, Phường Hoàn Kiếm, Thành phố Hà Nội, 11015, Việt Nam",None,None,confectionery,21.0337103,105.8478707
None,confectionery,Hà Nội,"Xoi Che Pho Co, Phố Gia Ngư, Khu phố cổ, Phường Hoàn Kiếm, Thành phố Hà Nội, 11011, Việt Nam",None,None,confectionery,21.0331028,105.852593
TTG Shop,computer,Hà Nội,"27, Phố Võ Văn Dũng",None,None,computer,21.0158306,105.8241194
None,confectionery,Hà Nội,Phố Hàng Giấy,None,None,confectionery,21.0398048,105.8479245
None,confectionery,Hà Nội,Phố Hàng Giấy,None,None,confectionery,21.0395021,105.8480824
None,supermarket,Hà Nội,"126, Phố Hàng Trống, Phường Hoàn Kiếm, Thành phố Hà Nội, 11006, Việt Nam",None,None,supermarket,21.028295,105.8505197
Decathlon,sports,Hà Nội,"WinMart, Ngõ 72 Đường Nguyễn Trãi, Phường Thanh Xuân, Thành phố Hà Nội, 10167, Việt Nam",None,None,sports,21.0031873,105.8162139
None,photo,Hà Nội,"Photo Shop, Phố Bà Triệu, Phường Cửa Nam, Thành phố Hà Nội, 10211, Việt Nam",None,None,photo,21.0254552,105.8513926
None,copyshop,Hà Nội,"Photocopy, Phố Bà Triệu, Phường Cửa Nam, Thành phố Hà Nội, 10211, Việt Nam",None,None,copyshop,21.0235943,105.8508867
None,copyshop,Hà Nội,"Photocopy, Phố Bát Đàn, Khu phố cổ, Phường Hoàn Kiếm, Thành phố Hà Nội, 11016, Việt Nam",None,None,copyshop,21.0337271,105.8466192
Outsiders manufacters,photo,Hà Nội,"15, Ngõ Đào Duy Từ",None,None,photo,21.0353027,105.8525121
None,laundry,Hà Nội,"The Hanoi Laundry Shop #1, Phố Lò Sũ, Phường Hoàn Kiếm, Thành phố Hà Nội, 10147, Việt Nam",None,None,laundry,21.0314112,105.8555396
Nuoc Mia,beverages,Hà Nội,"59, Phố Hà Trung, Hà Nội",None,None,beverages,21.030141,105.8454024
Hermès,clothes,Hà Nội,"Hermès, 15, Phố Ngô Quyền, Phường Hoàn Kiếm, Thành phố Hà Nội, 10188, Việt Nam",None,None,clothes,21.0258037,105.8562079
Prada,clothes,Hà Nội,"63, Phố Lý Thái Tổ, Hà Nội",None,None,clothes,21.0247206,105.8570964
None,confectionery,Hà Nội,"Dac San Che 3 Mien, Đường Ngọc Lâm, Phường Bồ Đề, Thành phố Hà Nội, 11810, Việt Nam",None,None,confectionery,21.0475513,105.8734625
None,confectionery,Hà Nội,"Che, Đường Ngọc Lâm, Phường Bồ Đề, Thành phố Hà Nội, 11810, Việt Nam",None,None,confectionery,21.0468826,105.8717628
Circle K,convenience,Hà Nội,"Circle K, Phố Lương Ngọc Quyến, Khu phố cổ, Phường Hoàn Kiếm, Thành phố Hà Nội, 11010, Việt Nam",None,None,convenience,21.034678,105.8524279
Du Lịch APT,travel_agency,Hà Nội,"Du Lịch APT, Phố Lương Ngọc Quyến, Khu phố cổ, Phường Hoàn Kiếm, Thành phố Hà Nội, 11010, Việt Nam",None,None,travel_agency,21.0348307,105.8536439
rienttravel,travel_agency,Hà Nội,None,None,None,travel_agency,21.0354393,105.854174
Cửa Hàng Camera Canon Service,camera,Hà Nội,Giảng Võ,None,None,camera,21.0295275,105.8269781
Kodak Express,photo,Hà Nội,"20, Lê Hồng Phong",None,None,photo,21.0344846,105.8333773
Circle K,convenience,Hà Nội,Phố Hào Nam,None,None,convenience,21.0220778,105.8261291
None,massage,Hà Nội,"52A, Phố Hàng Bún",None,None,massage,21.0407199,105.8441321
WinMart+,convenience,Hà Nội,"57, Phố La Nội",None,None,convenience,20.9796119,105.7480081
None,hairdresser,Hà Nội,"Phố Lương Ngọc Quyến, Khu phố cổ, Phường Hoàn Kiếm, Thành phố Hà Nội, 11010, Việt Nam",None,None,hairdresser,21.0349727,105.8540523
Xuan Tung,tyres,Hà Nội,"Xuan Tung, Phố Hai Bà Trưng, Phường Cửa Nam, Thành phố Hà Nội, 11060, Việt Nam",None,None,tyres,21.0272126,105.8426916
Lốp ô tô Thái Phương,tyres,Hà Nội,"Lốp ô tô Thái Phương, Phố Việt Hưng, Phường Việt Hưng, Thành phố Hà Nội, 08443, Việt Nam",None,None,tyres,21.0506204,105.8953311
Xuân Huấn,tyres,Hà Nội,Đường tỉnh 419,None,None,tyres,20.6857731,105.7372024
Lốp Ô Tô Phi Điệp,tyres,Hà Nội,"Lốp Ô Tô Phi Điệp, Đường Võ Văn Kiệt, Xã Phúc Thịnh, Thành phố Hà Nội, Việt Nam",None,None,tyres,21.1647602,105.7798843
Tư Hậu,tyres,Hà Nội,Quốc lộ 6,None,None,tyres,20.9022599,105.5821149
Xuân Trường,tyres,Hà Nội,Quốc lộ 1A,None,None,tyres,20.827584,105.8796549
Lốp Ô Tô Hải Dương,tyres,Hà Nội,"Lốp Ô Tô Hải Dương, Quốc lộ 3, Xã Đông Anh, Thành phố Hà Nội, 11810, Việt Nam",None,None,tyres,21.0997473,105.8873312
Phòng Trưng Bày 54,variety_store,Hà Nội,"30, Phố Hàng Bún",None,None,variety_store,21.0425366,105.8452441
Circle K,convenience,Hà Nội,"Circle K, Phố Hoàng Ngân, Khu đô thị Trung Hòa – Nhân Chính, Phường Yên Hòa, Thành phố Hà Nội, 11313, Việt Nam",None,None,convenience,21.009973,105.8056127
None,sports,Hà Nội,"Phố Đinh Liệt, Khu phố cổ, Phường Hoàn Kiếm, Thành phố Hà Nội, 11011, Việt Nam",None,None,sports,21.0332814,105.8519956
WinMart+,convenience,Hà Nội,Phố Tôn Đức Thắng,None,None,convenience,21.0294047,105.8351896
Circle K,convenience,Hà Nội,"Circle K, Phố Nguyễn Hoàng, Phường Từ Liêm, Thành phố Hà Nội, 10085, Việt Nam",None,None,convenience,21.0290501,105.7760648
None,laundry,Hà Nội,"Hai Ha Laundry, Phố Tô Hiến Thành, Phường Hai Bà Trưng, Thành phố Hà Nội, 10058, Việt Nam",None,None,laundry,21.0134859,105.8490057
Trung Tâm Thiết Kế Hafele,interior_decoration,Hà Nội,"128, Đường Thụy Khuê, Hà Nội",None,None,interior_decoration,21.0423741,105.8252136
Siêu Thị Easy Mart,supermarket,Hà Nội,"47, Đường Nguyễn Tuân",None,None,supermarket,20.9946631,105.8058362
Cửa Hàng Máy Tính Tony,computer,Hà Nội,"Cửa Hàng Máy Tính Tony, Phố Lý Nam Đế, Phường Hoàn Kiếm, Thành phố Hà Nội, 11000, Việt Nam",None,None,computer,21.0376327,105.8456433
Vân,clothes,Hà Nội,"Vân, Phố Cầu Đông, Khu phố cổ, Phường Hoàn Kiếm, Thành phố Hà Nội, 11058, Việt Nam",None,None,clothes,21.0375182,105.8492623
Tổng kho K-market,department_store,Hà Nội,"Tổng kho K-market, Quốc lộ 6 mở rộng (Ba La - Xuân Mai), Khu công nghiệp Phú Nghĩa, Xã Phú Nghĩa, Thành phố Hà Nội, 13400, Việt Nam",None,None,department_store,20.9335809,105.667025
vietrans tour,travel_agency,Hà Nội,"vietrans tour, 33, Phố Tràng Thi, Phường Hoàn Kiếm, Thành phố Hà Nội, 10041, Việt Nam",None,None,travel_agency,21.0267142,105.8483443
WinMart+,convenience,Hà Nội,"52, Đường Nguyễn Hoàng Tôn",None,None,convenience,21.0715351,105.8063384
ridebikes.cc,bicycle,Hà Nội,"153, Phố Nhật Chiêu, Hà Nội, 10000",None,None,bicycle,21.0731855,105.8148475
Du Lịch Mr Linh's Adventures,travel_agency,Hà Nội,"83, 83 Ma May Street, Hanoi, 10000",None,None,travel_agency,21.0339221,105.8534882
Tuyên Mobile,electronics,Hà Nội,"46B, Ngõ 445 Lạc Long Quân",None,None,electronics,21.0581049,105.8071187
Cửa Hàng Máy Tính H2P,computer,Hà Nội,"45B, Ngõ 445 Lạc Long Quân",None,None,computer,21.0574166,105.8065246
Monalisa Rose,clothes,Hà Nội,"51, Ngõ 445 Lạc Long Quân, Hà Nội, 100000",None,None,clothes,21.0565408,105.8057548
Trung Tâm Hội Nghị Tiệc Cưới Forevermark,clothes,Hà Nội,"614, Lạc Long Quân",None,None,clothes,21.0755172,105.8159137
Sửa xe máy Tiến Nam,motorcycle,Hà Nội,"111, F3,tập thể Hồng Hà,ngõ 190 phố Lò Đúc,phường Đống Mác,quận Hai Bà Trưng,Hà Nôij, 100000",None,None,motorcycle,21.0104081,105.8590871
Trung tâm Sách và Văn hóa phẩm Tràng Tiền,books,Hà Nội,"44, Phố Tràng Tiền, Hà Nội",None,None,books,21.0251983,105.8545804
Trí Tuệ,books,Hà Nội,"Trí Tuệ, Phố Nguyễn Sơn, Phường Bồ Đề, Thành phố Hà Nội, 11810, Việt Nam",None,None,books,21.0475966,105.8769849
None,photo,Hà Nội,"Phố Tràng Thi, Phường Hoàn Kiếm, Thành phố Hà Nội, 10090, Việt Nam",None,None,photo,21.028058,105.844302
K-market Xuân Diệ,supermarket,Hà Nội,"K-market Xuân Diệ, Đường Tây Hồ, Phường Tây Hồ, Thành phố Hà Nội, 11207, Việt Nam",None,None,supermarket,21.0662921,105.8264692
WinMart,supermarket,Hà Nội,Đường Hoàng Hoa Thám,None,None,supermarket,21.0407594,105.8259918
WinMart+,convenience,Hà Nội,Phố Ngô Huy Quỳnh,None,None,convenience,21.0589697,105.9071302
None,coffee,Hà Nội,"11, Đường Tô Ngọc Vân",None,None,coffee,21.0680384,105.8254369
WinMart+,convenience,Hà Nội,"120A, Phố Nguyễn An Ninh",None,None,convenience,20.9915203,105.844478
Trung Tâm HTC Auto,car,Hà Nội,"281, Khuất Duy Tiến",None,None,car,21.0018225,105.7945338
Circle K,convenience,Hà Nội,Ngõ 52 Đường Tô Ngọc Vân,None,None,convenience,21.0688634,105.8241226
Tops Market,supermarket,Hà Nội,"286, Đường Nguyễn Xiển, Hà Nội",None,None,supermarket,20.9832736,105.8085208
None,clothes,Hà Nội,"Phố Đào Duy Từ, Khu phố cổ, Phường Hoàn Kiếm, Thành phố Hà Nội, 11010, Việt Nam",None,None,clothes,21.0367466,105.8525029
None,massage,Hà Nội,"Midori Spa, Phố Gia Ngư, Khu phố cổ, Phường Hoàn Kiếm, Thành phố Hà Nội, 11011, Việt Nam",None,None,massage,21.0329923,105.8525983
None,bakery,Hà Nội,"35, Phố An Dương",None,None,bakery,21.0523471,105.8405357
None,seafood,Hà Nội,"118, Phố Quán Thánh",None,None,seafood,21.0423466,105.843067
Hùng phát motor,motorcycle_repair,Hà Nội,"96, Phố Quán Thánh",None,None,motorcycle_repair,21.04212,105.8438784
Vans,shoes,Hà Nội,"227, Đường Nguyễn Văn Cừ",None,None,shoes,21.0447053,105.8734303
None,sports,Hà Nội,"7, Bán Đảo Linh Đàm",None,None,sports,20.9654358,105.8337879
WinMart+,convenience,Hà Nội,"5, Ngõ 464 Âu Cơ",None,None,convenience,21.081308,105.8189512
WinMart+,convenience,Hà Nội,"153, Đường Hữu Hưng",None,None,convenience,20.9956907,105.7459674
Skymart Đền Lừ,supermarket,Hà Nội,"Skymart Đền Lừ, Đền Lừ 2, Khu Đô Thị Đền Lừ, Phường Tương Mai, Thành phố Hà Nội, 11617, Việt Nam",None,None,supermarket,20.9860147,105.8579805
Style Motorbikes,motorcycle,Hà Nội,"40, Nguyễn Siêu, Hanoi",None,None,motorcycle,21.0367039,105.8519958
None,motorcycle,Hà Nội,"40, Nguyễn Siêu",None,None,motorcycle,21.0364969,105.8513248
Fuji Mart,supermarket,Hà Nội,"Fuji Mart, Đường Lê Duẩn, Phường Văn Miếu - Quốc Tử Giám, Thành phố Hà Nội, 10017, Việt Nam",None,None,supermarket,21.0184193,105.841208
None,motorcycle,Hà Nội,"Phung Motorbike, Ngõ Huyện, Phường Hoàn Kiếm, Thành phố Hà Nội, 11006, Việt Nam",None,None,motorcycle,21.0295031,105.8487709
In Tuân Hồng,copyshop,Hà Nội,"107, Phố Trần Đại Nghĩa",None,None,copyshop,21.0039684,105.8453576
In Nhanh Pro,copyshop,Hà Nội,"109, Phố Trần Đại Nghĩa",None,None,copyshop,21.0038896,105.8452517
WinMart+,convenience,Hà Nội,"384, Đường Bạch Đằng",None,None,convenience,21.0223947,105.8626125
Nhà thuốc Vân Sơn,chemist,Hà Nội,"51, Phố Văn Miếu, Hà Nội",None,None,chemist,21.0278292,105.8361832
WinMart,supermarket,Hà Nội,"89, Đường Lê Đức Thọ, Hà Nội",None,None,supermarket,21.0284021,105.7687784
WinMart+,convenience,Hà Nội,"347, Phố Bạch Mai",None,None,convenience,21.0004555,105.8506326
WinMart+,convenience,Hà Nội,"150, Phố Bạch Mai",None,None,convenience,21.0055964,105.8511002
WinMart+,convenience,Hà Nội,"96A, Phố Định Công",None,None,convenience,20.9847441,105.8388667
WinMart+,convenience,Hà Nội,Phố Phương Mai,None,None,convenience,21.0042514,105.8394943
Tùng Anh Hair Salon,hairdresser,Hà Nội,"62, Phố Đặng Tiến Đông, Hà Nội, 10000",None,None,hairdresser,21.0158096,105.819813
Circle K,convenience,Hà Nội,Phố Quang Trung,None,None,convenience,21.0220875,105.848823
WinMart+,convenience,Hà Nội,"31, Ngõ 310 Nghi Tàm",None,None,convenience,21.0592284,105.8361012
None,bicycle,Hà Nội,"mechanic, Phố Đặng Xuân Bảng, Linh Đàm, Phường Định Công, Văn Điển, Thành phố Hà Nội, 11718, Việt Nam",None,None,bicycle,20.9704076,105.8299739
WinMart+,convenience,Hà Nội,Đường Tỉnh 422B,None,None,convenience,21.0348776,105.7369038
WinMart+,convenience,Hà Nội,"70, Phố Đại Linh",None,None,convenience,20.9959836,105.7720616
WinMart+,convenience,Hà Nội,"44-46, Phố Kiều Mai",None,None,convenience,21.0429568,105.7520945
Circle K,convenience,Hà Nội,"Circle K, Phố Mai Dịch, Phường Phú Diễn, Thành phố Hà Nội, 10065, Việt Nam",None,None,convenience,21.0448824,105.7757033
Rental Motorbike Vietnam,motorcycle,Hà Nội,"21A, Phố Đào Duy Từ, 100000",None,None,motorcycle,21.0364178,105.8527747
WinMart+,convenience,Hà Nội,"29, Đường Tây Mỗ, Phường Tây Mỗ",None,None,convenience,21.0017862,105.7506502
WinMart+,convenience,Hà Nội,"49, Lê Duẩn",None,None,convenience,21.0266867,105.8416454
WinMart+,convenience,Hà Nội,"86, Phố Quan Nhân",None,None,convenience,21.0067141,105.8118528
WinMart+,convenience,Hà Nội,"40, Phố Hào Nam",None,None,convenience,21.0230451,105.8268893
Trivin Sa Ltd,alcohol,Hà Nội,"Số 10, Hẻm 268/21/55 Ngọc Thụy,, Hà Nội, 115005",None,None,alcohol,21.0597052,105.8674664
Quán Rượu La Martiniquaise,alcohol,Hà Nội,"Số 11, Hẻm 268/21/55 Ngọc Thụy,, Hà Nội, 115005",None,None,alcohol,21.0596852,105.8674798
WinMart+,convenience,Hà Nội,"69, Phố Hồng Mai",None,None,convenience,20.9986764,105.85238
WinMart+,convenience,Hà Nội,Phố Lưu Hữu Phước,None,None,convenience,21.0319529,105.7663622
WinMart+,convenience,Hà Nội,"73, Phố Vũ Ngọc Phan",None,None,convenience,21.0147593,105.8096717
WinMart+,convenience,Hà Nội,"281, Phố Khâm Thiên",None,None,convenience,21.0189515,105.8308253
WinMart+,convenience,Hà Nội,"2, Ngách 8/11 Lê Quang Đạo",None,None,convenience,21.0142629,105.7685443
WinMart+,convenience,Hà Nội,Phố Hàm Nghi,None,None,convenience,21.0350695,105.7607818
WinMart+,convenience,Hà Nội,"47, Ngõ 187 Phố Hồng Mai",None,None,convenience,21.0003698,105.8555393
WinMart+,convenience,Hà Nội,"2, Ngõ E8 Kim Ngưu",None,None,convenience,21.0024837,105.8611569
WinMart+,convenience,Hà Nội,Đường Lương Thế Vinh,None,None,convenience,21.0008743,105.7831025
WinMart+,convenience,Hà Nội,Đường An Khánh,None,None,convenience,21.0052896,105.7199113
WinMart+,convenience,Hà Nội,Phố Đồng Me,None,None,convenience,21.0110036,105.7778293
WinMart+,convenience,Hà Nội,Ngõ Thông Phong,None,None,convenience,21.0258422,105.8345747
WinMart+,convenience,Hà Nội,"WinMart+, Đường Nguyễn Trãi, Phường Đại Mỗ, Thành phố Hà Nội, 12011, Việt Nam",None,None,convenience,20.986984,105.7964465
WinMart+,convenience,Hà Nội,"35B, Phố Nguyễn Bỉnh Khiêm, Phường Lê Đại Hành",None,None,convenience,21.0146469,105.8484359
WinMart+,convenience,Hà Nội,"23, Phố Mễ Trì Thượng",None,None,convenience,21.0052381,105.7784332
WinMart+,convenience,Hà Nội,"39, Đỗ Xuân Hợp",None,None,convenience,21.0214842,105.7598746
WinMart+,convenience,Hà Nội,Ngõ 180 Đường Đình Thôn,None,None,convenience,21.0183375,105.772058
WinMart+,convenience,Hà Nội,"WinMart+, Phố Nguyễn Ngọc Doãn, Phường Kim Liên, Thành phố Hà Nội, 11415, Việt Nam",None,None,convenience,21.0099421,105.8304248
WinMart+,convenience,Hà Nội,"230, Ngõ Văn Chương",None,None,convenience,21.0211181,105.8350312
WinMart+,convenience,Hà Nội,"WinMart+, Phố Trần Văn Lai, Khu đô thị Mỹ Đình Sông Đà, Phường Từ Liêm, Thành phố Hà Nội, 10074, Việt Nam",None,None,convenience,21.0181246,105.7791585
WinMart+,convenience,Hà Nội,"NV36, KĐT Mới Trung Văn",None,None,convenience,20.9929253,105.7891443
WinMart+,convenience,Hà Nội,Phố Khương Thượng,None,None,convenience,21.0053161,105.8254123
WinMart+,convenience,Hà Nội,Phố Dương Khuê,None,None,convenience,21.034122,105.7725881
WinMart+,convenience,Hà Nội,Đại lộ Thăng Long,None,None,convenience,21.0062977,105.7695282
WinMart+,convenience,Hà Nội,"WinMart+, Phố Huỳnh Thúc Kháng, Phường Láng, Thành phố Hà Nội, 10298, Việt Nam",None,None,convenience,21.0274478,105.8041618
WinMart+,convenience,Hà Nội,Mộc Lan,None,None,convenience,21.0007644,105.7843836
WinMart+,convenience,Hà Nội,Ngõ 167 Phương Mai,None,None,convenience,21.0029768,105.8344506
WinMart+,convenience,Hà Nội,Phố Nguyễn Cơ Thạch,None,None,convenience,21.0315679,105.7646272
WinMart+,convenience,Hà Nội,"WinMart+, Đường Mễ Trì, Phường Từ Liêm, Thành phố Hà Nội, 10074, Việt Nam",None,None,convenience,21.0161053,105.7815312
WinMart+,convenience,Hà Nội,"169, Phố Đặng Tiến Đông",None,None,convenience,21.013769,105.8222805
WinMart+,convenience,Hà Nội,Đường Trung Văn,None,None,convenience,20.9901964,105.7838643
WinMart+,convenience,Hà Nội,"WinMart+, Long Khánh 7, Khu đô thị Nam An Khánh, Trường An, Xã An Khánh, Thành phố Hà Nội, 34000, Việt Nam",None,None,convenience,20.9983571,105.7214769
WinMart+,convenience,Hà Nội,"WinMart+, Phố Lê Thanh Nghị, Phường Bạch Mai, Thành phố Hà Nội, 10999, Việt Nam",None,None,convenience,21.0032156,105.8492201
WinMart+,convenience,Hà Nội,"299, Đường Đại Mỗ, Phường Đại Mỗ",None,None,convenience,20.9951438,105.7580895
WinMart+,convenience,Hà Nội,Đường Lê Trọng Tấn,None,None,convenience,21.0050395,105.7281994
WinMart+,convenience,Hà Nội,"18B, Ngõ 28 Nguyên Hồng",None,None,convenience,21.0171805,105.8103331
Thành Công Motor,motorcycle_repair,Hà Nội,"26, Phố Đông Tác",None,None,motorcycle_repair,21.0060073,105.8329484
None,supermarket,Hà Nội,"Phố Huy Du, Khu đô thị Mỹ Đình 1, Phường Từ Liêm, Thành phố Hà Nội, 10085, Việt Nam",None,None,supermarket,21.0370876,105.7655417
WinMart,supermarket,Hà Nội,Phố Vũ Phạm Hàm,None,None,supermarket,21.0143653,105.796293
Đồng hồ Rolex nam,watches,Hà Nội,"164, Phố Nguyễn Đổng Chi, Ha Noi",None,None,watches,21.0357219,105.7639767
WinMart+,convenience,Hà Nội,Phố Tam Khương,None,None,convenience,21.0044324,105.8281804
Circle K,convenience,Hà Nội,"370, Đường Nguyễn Trãi, Hà Nội",None,None,convenience,20.9943485,105.8067668
WinMart+,convenience,Hà Nội,Phố Lãng Yên,None,None,convenience,21.0095793,105.8673605
Cửa Hàng Tiện Lợi Mimart,convenience,Hà Nội,Phố Khâm Thiên,None,None,convenience,21.0192752,105.8326849
WinMart+,convenience,Hà Nội,"15, Đường Trần Khánh Dư",None,None,convenience,21.0137224,105.8627625
WinMart+,convenience,Hà Nội,"109, Phố Trần Huy Liệu",None,None,convenience,21.0270182,105.822345
WinMart+,convenience,Hà Nội,"TT01-05, Ngõ 4 Hàm Nghi",None,None,convenience,21.035922,105.7673075
Saint Honoré,bakery,Hà Nội,"Saint Honoré, Promenade Road, Khu đô thị Nam Thăng Long, Phường Phú Thượng, Thành phố Hà Nội, 10264, Việt Nam",None,None,bakery,21.0797439,105.7919127
K-Market,convenience,Hà Nội,"K-Market, Promenade Road, Khu đô thị Nam Thăng Long, Phường Phú Thượng, Thành phố Hà Nội, 10264, Việt Nam",None,None,convenience,21.0801628,105.7914132
WinMart+,convenience,Hà Nội,"354, Đường Mỹ Đình",None,None,convenience,21.0224226,105.7745401
Salon A.Duy,hairdresser,Hà Nội,"Salon A.Duy, Ngõ 171 Đường Nguyễn Ngọc Vũ, Phường Yên Hòa, Thành phố Hà Nội, 11313, Việt Nam",None,None,hairdresser,21.0117012,105.8066854
The Sinh Tourist,travel_agency,Hà Nội,"66A, Hàng Bông",None,None,travel_agency,21.0304834,105.8473588
WinMart+,convenience,Hà Nội,Đường Chùa Tổng,None,None,convenience,20.9903157,105.7254327
WinMart+,convenience,Hà Nội,"451, Đường Đại Mỗ, Phường Đại Mỗ",None,None,convenience,20.9955626,105.7540947
WinMart+,convenience,Hà Nội,"16, Phố Võ Văn Dũng",None,None,convenience,21.0159902,105.8236775
WinMart+,convenience,Hà Nội,"83, Phố An Trạch",None,None,convenience,21.0276262,105.8299226
WinMart+,convenience,Hà Nội,"41, Phố Vũ Thạnh",None,None,convenience,21.026793,105.8260234
None,bicycle,Hà Nội,"dc motorbike, Ngách 374/20 Âu Cơ, Phường Hồng Hà, Thành phố Hà Nội, 10219, Việt Nam",None,None,bicycle,21.0772809,105.823354
Công Ty TNHH TM & DL Amasia Việt Nam,travel_agency,Hà Nội,"22/1/122, Phú Viên, 100000",None,None,travel_agency,21.0376274,105.8680192
None,travel_agency,Hà Nội,"1/122, Phú Viên, 100000",None,None,travel_agency,21.0378795,105.8687052
Du Lịch Explorers Indochina,travel_agency,Hà Nội,"2/1/122, Phú Viên, 100000",None,None,travel_agency,21.0378229,105.8686074
WinMart+,convenience,Hà Nội,Ngõ Láng Trung,None,None,convenience,21.0150591,105.8070425
Cửa Hàng Mỹ Phẩm Michelia Beauty,beauty,Hà Nội,"84, Phố Nguyễn Du, Hà Nội",None,None,beauty,21.0200885,105.8437061
WinMart+,convenience,Hà Nội,Ngõ 199 Hồ Tùng Mậu,None,None,convenience,21.0403575,105.7640633
WinMart+,convenience,Hà Nội,Đường Trung Văn,None,None,convenience,20.9899945,105.7901937
WinMart+,convenience,Hà Nội,Phố Đồng Sợi,None,None,convenience,20.9952069,105.7794707
WinMart+,convenience,Hà Nội,Phố Cương Kiên,None,None,convenience,20.9945111,105.7787346
WinMart+,convenience,Hà Nội,"Khu BT4-3, Đường Trung Thư",None,None,convenience,20.992609,105.779152
Circle K,convenience,Hà Nội,"91, Phố Nam Đồng, Hà Nội",None,None,convenience,21.0126738,105.8326173
WinMart+,convenience,Hà Nội,"17 Khu 5, Thị trấn Trạm Trôi",None,None,convenience,21.0664585,105.7069672
WinMart,supermarket,Hà Nội,Đường Gamuda Garden 2-2,None,None,supermarket,20.9702249,105.8781521
Cửa Hàng Bánh Mì Minh Ngoc,bakery,Hà Nội,"Cửa Hàng Bánh Mì Minh Ngoc, Ngõ 121 Phố Kim Ngưu, Phường Vĩnh Tuy, Thành phố Hà Nội, 10078, Việt Nam",None,None,bakery,21.0061179,105.8635973
ss,car_repair,Hà Nội,"ss, Ngõ 29 Phố Võng Thị, Phường Tây Hồ, Thành phố Hà Nội, 10072, Việt Nam",None,None,car_repair,21.0521932,105.8102013
Salon Blonde Int’l Hair Care,hairdresser,Hà Nội,"Salon Blonde Int’l Hair Care, Phố Trần Tế Xương, Phường Ba Đình, Thành phố Hà Nội, 11117, Việt Nam",None,None,hairdresser,21.045833,105.8415918
Tap Hoa Thuy Hien,convenience,Hà Nội,"Tap Hoa Thuy Hien, Phố Ngũ Xã, Phường Ba Đình, Thành phố Hà Nội, 11117, Việt Nam",None,None,convenience,21.0462522,105.8416986
WinMart+,convenience,Hà Nội,"106, Phố Nguyễn Hiền",None,None,convenience,21.0010398,105.8474877
WinMart+,convenience,Hà Nội,Phố Trần Hữu Dực,None,None,convenience,21.0289656,105.7662729
WinMart+,convenience,Hà Nội,Đường Phạm Hùng,None,None,convenience,21.0271965,105.7783953
WinMart+,convenience,Hà Nội,"63, Phố Ngọc Trục",None,None,convenience,20.9895618,105.7729177
WinMart+,convenience,Hà Nội,"WinMart+, 1, Đường Lê Trọng Tấn, Khu đô thị mới Lê Trọng Tấn Geleximco - Khu A, Phường Tây Mỗ, Xã An Khánh, Thành phố Hà Nội, 34000, Việt Nam",None,None,convenience,21.0085572,105.7299543
WinMart+,convenience,Hà Nội,"WinMart+, Đường An Thọ 2, An Thọ, Xã An Khánh, Thành phố Hà Nội, 34000, Việt Nam",None,None,convenience,21.0063247,105.7268414
WinMart+,convenience,Hà Nội,"79, Đường Đại Mỗ",None,None,convenience,20.9861769,105.7676659
tạp hoá mường thanh,department_store,Hà Nội,"78, Thợ Nhuộm",None,None,department_store,21.0232339,105.8477695
WinMart+,convenience,Hà Nội,Đường An Khánh,None,None,convenience,21.0090392,105.7214343
WinMart+,convenience,Hà Nội,Đường XP.1,None,None,convenience,21.0270396,105.7405392
WinMart+,convenience,Hà Nội,"173, Đường Phương Canh",None,None,convenience,21.0343065,105.7450975
Cửa Hàng Trang Trí Nội Thất Baya,furniture,Hà Nội,"Cửa Hàng Trang Trí Nội Thất Baya, Phố Quán Thánh, Phường Ba Đình, Thành phố Hà Nội, 10075, Việt Nam",None,None,furniture,21.0415086,105.8445094
WinMart+,convenience,Hà Nội,"128, Phố Nguyễn Đổng Chi, Phường Cầu Diễn",None,None,convenience,21.0372425,105.7639468
Siêu Thị Minh Đức Green,supermarket,Hà Nội,"12, Đặng Xuân Bảng, Hà Nội, 100000",None,None,supermarket,20.9706077,105.8296484
Siêu Thị Tiện Lợi KT Mart,supermarket,Hà Nội,"Siêu Thị Tiện Lợi KT Mart, Ngõ 120 Đường Hoàng Quốc Việt, Phường Nghĩa Đô, Thành phố Hà Nội, 10065, Việt Nam",None,None,supermarket,21.0476134,105.7920778
Toc Sports,sports,Hà Nội,"Toc Sports, Ngõ 101 Phố Đào Tấn, Phường Giảng Võ, Thành phố Hà Nội, 11150, Việt Nam",None,None,sports,21.0335196,105.8059895
WinMart+,convenience,Hà Nội,"14, Phố Trần Quý Cáp",None,None,convenience,21.0272196,105.8401097
O’ Douceurs,bakery,Hà Nội,"O’ Douceurs, Phố Phan Chu Trinh, Phường Cửa Nam, Thành phố Hà Nội, 10210, Việt Nam",None,None,bakery,21.0234575,105.8565552
None,car_repair,Hà Nội,"Đường An Dương Vương, Phường Phú Thượng, Thành phố Hà Nội, 11909, Việt Nam",None,None,car_repair,21.089922,105.7900232
Smarttabuy Mart,convenience,Hà Nội,Hanoi,None,None,convenience,21.0005166,105.783675
K-Market,supermarket,Hà Nội,Hanoi,None,None,supermarket,21.0012178,105.7834359
Cửa Hàng Thời Trang An Phước,clothes,Hà Nội,"76, Nguyễn Chí Thanh",None,None,clothes,21.0171654,105.8061385
Cửa Hàng Thời Trang An Phước,clothes,Hà Nội,"49, Hai Bà Trưng",None,None,clothes,21.0258177,105.8458993
Cửa Hàng Thời Trang An Phước,clothes,Hà Nội,"445, Nguyễn Trãi",None,None,clothes,20.99069,105.8025829
Cửa Hàng Thời Trang An Phước,clothes,Hà Nội,"408, Nguyễn Văn Cừ",None,None,clothes,21.0456503,105.8752705
Cửa Hàng Thời Trang An Phước,clothes,Hà Nội,"395, Lạc Long Quân",None,None,clothes,21.0555225,105.8083518
Cửa Hàng Thời Trang An Phước,clothes,Hà Nội,"373, Kim Mã",None,None,clothes,21.0303308,105.8163163
Cửa Hàng Thời Trang An Phước,clothes,Hà Nội,"27A, Phố Trần Hưng Đạo",None,None,clothes,21.0200524,105.8549645
Cửa Hàng Thời Trang An Phước,clothes,Hà Nội,"23, Hàng Bài",None,None,clothes,21.023654,105.852931
Cửa Hàng Thời Trang An Phước,clothes,Hà Nội,"196A-196B, Trường Chinh",None,None,clothes,21.0014879,105.8261897
Cửa Hàng Thời Trang An Phước,clothes,Hà Nội,"191, Bà Triệu",None,None,clothes,21.0112779,105.8493213
Cửa Hàng Thời Trang An Phước,clothes,Hà Nội,"178, Trần Duy Hưng",None,None,clothes,21.015502,105.8055022
Cửa Hàng Thời Trang An Phước,clothes,Hà Nội,"168, Nguyễn Khánh Toàn",None,None,clothes,21.0377187,105.8011512
Cửa Hàng Thời Trang An Phước,clothes,Hà Nội,"166-168, Quang Trung",None,None,clothes,20.9684376,105.7702785
Cửa Hàng Thời Trang An Phước,clothes,Hà Nội,"135, Trần Phú",None,None,clothes,21.0326393,105.8291295
Cửa Hàng Thời Trang An Phước,clothes,Hà Nội,"132, Thái Hà",None,None,clothes,21.012036,105.8212431
Cửa Hàng Thời Trang An Phước,clothes,Hà Nội,"128, Láng Hạ",None,None,clothes,21.010774,105.811126
WinMart+,convenience,Hà Nội,"Phố Phú Đô, Phường Phú Đô",None,None,convenience,21.0080295,105.7665948
Circle K,convenience,Hà Nội,"Circle K, Phố Đồng Xuân, Khu phố cổ, Phường Hoàn Kiếm, Thành phố Hà Nội, 11058, Việt Nam",None,None,convenience,21.0372921,105.849202
None,convenience,Hà Nội,"SIM Card shop, Phố Mã Mây, Khu phố cổ, Phường Hoàn Kiếm, Thành phố Hà Nội, 11010, Việt Nam",None,None,convenience,21.0341784,105.8531437
None,motorcycle_repair,Hà Nội,"Phố Châu Long, Phường Ba Đình, Thành phố Hà Nội, 11117, Việt Nam",None,None,motorcycle_repair,21.0449995,105.8423546
None,hairdresser,Hà Nội,"50k理发店，坐地起价，要60k, Phố Hàng Mã, Khu phố cổ, Phường Hoàn Kiếm, Thành phố Hà Nội, 11000, Việt Nam",None,None,hairdresser,21.036713,105.846316
None,tattoo,Hà Nội,"north lady ink, Phố Lương Ngọc Quyến, Khu phố cổ, Phường Hoàn Kiếm, Thành phố Hà Nội, 11010, Việt Nam",None,None,tattoo,21.0348915,105.8537337
None,hairdresser,Hà Nội,"50k理发, Ngách 7 Ngõ 154 Đường Ngọc Lâm, Phường Bồ Đề, Thành phố Hà Nội, 11008, Việt Nam",None,None,hairdresser,21.045626,105.87069
Circle K,convenience,Hà Nội,"Circle K, Phố Hàng Bạc, Khu phố cổ, Phường Hoàn Kiếm, Thành phố Hà Nội, 11010, Việt Nam",None,None,convenience,21.0340009,105.851053
None,convenience,Hà Nội,"人很多的鸡肉粉, Phố Cửa Đông, Khu phố cổ, Phường Hoàn Kiếm, Thành phố Hà Nội, 11000, Việt Nam",None,None,convenience,21.0347583,105.845865
Ô mai Hồng Lam Cầu Giấy,yes,Hà Nội,"143, Đường Cầu Giấy, Hà Nội, 100000",None,None,yes,21.0321808,105.7990705
None,convenience,Hà Nội,"骗子SIM卡店, Phố Hàng Bạc, Khu phố cổ, Phường Hoàn Kiếm, Thành phố Hà Nội, 11011, Việt Nam",None,None,convenience,21.0339924,105.8527803
VM+ 15/35 Tu Hoàng,supermarket,Hà Nội,"VM+ 15/35 Tu Hoàng, Đường Phương Canh, Phường Xuân Phương, Xã Sơn Đồng, Thành phố Hà Nội, 34000, Việt Nam",None,None,supermarket,21.034972,105.7396857
WinMart+,convenience,Hà Nội,"15, Ngõ 35 Phố Tu Hoàng",None,None,convenience,21.0527078,105.7308978
None,convenience,Hà Nội,"米饭套餐, Ngách 24/111 Phố Kim Đồng, Phường Hoàng Mai, Thành phố Hà Nội, 11617, Việt Nam",None,None,convenience,20.9799936,105.8429811
Ô mai Hồng Lam Hàng Đường,confectionery,Hà Nội,"11, Phố Hàng Đường, Hà Nội, 100000",None,None,confectionery,21.0366359,105.8495982
Ô mai Hồng Lam,confectionery,Hà Nội,"127, Đội Cấn, 100000",None,None,confectionery,21.0346846,105.8282199
Ô mai Hồng Lam Hàng Than,confectionery,Hà Nội,"68, Hàng Than, Hà Nội, 100999",None,None,confectionery,21.0404928,105.8475335
Chè Bốn Mùa,tea,Hà Nội,"3, Phố Hàng Cân",None,None,tea,21.0350853,105.8495322
Ô mai Hồng Lam Phố Huế,variety_store,Hà Nội,"1A, Phố Huế, Hà Nội, 100000",None,None,variety_store,21.0197436,105.8520018
Ô mai Hồng Lam,department_store,Hà Nội,"18-B7, Phạm Ngọc Thạch, Hà Nội, 100000",None,None,department_store,21.0095922,105.8355703
Ô mai Hồng Lam Nguyễn Văn Cừ,confectionery,Hà Nội,"224, Nguyễn Văn Cừ, Ha Noi, 100000",None,None,confectionery,21.044223,105.8730851
Ô mai Hồng Lam Bạch Mai,confectionery,Hà Nội,"17, Bạch Mai, Hà Nội, 100000",None,None,confectionery,21.0082236,105.851475
None,bag,Hà Nội,"Phố Mã Mây, Khu phố cổ, Phường Hoàn Kiếm, Thành phố Hà Nội, 11010, Việt Nam",None,None,bag,21.0340268,105.8534592
WinMart+,convenience,Hà Nội,"WinMart+, Đường Yên Thường, Xã Đông Anh, Thành phố Hà Nội, 10165, Việt Nam",None,None,convenience,21.0884185,105.9031835
None,beauty,Hà Nội,"Tay Ho To Ngoc van Hanoi Veitnam, Ngõ 67 Tô Ngọc Vân, Ha Noi",None,None,beauty,21.0673972,105.8226816
WinMart+,convenience,Hà Nội,"28, Phố Hòe Thị",None,None,convenience,21.0363825,105.7411408
Cửa Hàng Làm Tóc Lee,hairdresser,Hà Nội,"HH2A, Phố Linh Đường, Hà Nội, 1000000",None,None,hairdresser,20.96419,105.826455
None,cosmetics,Hà Nội,"9, Lê Ngọc Hân",None,None,cosmetics,21.0168115,105.855327
Ô mai Hồng Lam Trường Chinh,yes,Hà Nội,"367, Đường Trường Chinh, Hà Nội",None,None,yes,21.0026244,105.8214622
Ô mai Hồng Lam Thái Thịnh,yes,Hà Nội,"102C, Phố Thái Thịnh",None,None,yes,21.0092019,105.8196354
Cửa Hàng Giày Hưng Thi,shoes,Hà Nội,"9B, Phố Hàng Dầu, Hà Nội",None,None,shoes,21.0319645,105.853991
None,gift,Hà Nội,"民芸品店, Phố Hàng Đường, Khu phố cổ, Phường Hoàn Kiếm, Thành phố Hà Nội, 11058, Việt Nam",None,None,gift,21.0356201,105.8498192
None,laundry,Hà Nội,"Lô Nhà Vườn, Khu đô thị Việt Hưng, Phường Việt Hưng, Yên Viên, Thành phố Hà Nội, 08443, Việt Nam",None,None,laundry,21.0637704,105.9114055
Cửa Hàng Đồ Trẻ Em Mia Kids,baby_goods,Hà Nội,"Cửa Hàng Đồ Trẻ Em Mia Kids, Phố Bùi Thiện Ngộ, Khu đô thị Việt Hưng, Phường Việt Hưng, Yên Viên, Thành phố Hà Nội, 08443, Việt Nam",None,None,baby_goods,21.0655536,105.91058
None,hairdresser,Hà Nội,"Phố Nguyễn Cao Luyện, Khu đô thị Việt Hưng, Phường Việt Hưng, Yên Viên, Thành phố Hà Nội, 08443, Việt Nam",None,None,hairdresser,21.0648425,105.9080795
None,supermarket,Hà Nội,"Lô Nhà Vườn, Khu đô thị Việt Hưng, Phường Việt Hưng, Yên Viên, Thành phố Hà Nội, 08443, Việt Nam",None,None,supermarket,21.0637936,105.9114894
None,art,Hà Nội,"Ngõ 466 Đường Ngô Gia Tự, Khu đô thị Việt Hưng, Phường Việt Hưng, Yên Viên, Thành phố Hà Nội, 11810, Việt Nam",None,None,art,21.0693483,105.9069615
True Mart+,supermarket,Hà Nội,"True Mart+, Phố Mai Chí Thọ, Khu đô thị Việt Hưng, Phường Việt Hưng, Yên Viên, Thành phố Hà Nội, 08443, Việt Nam",None,None,supermarket,21.0595919,105.9139557
WinMart+,convenience,Hà Nội,Phố Bùi Thiện Ngộ,None,None,convenience,21.0640903,105.91096
Spa for Pets,beauty,Hà Nội,C11,None,None,beauty,21.0615198,105.9103877
Siêu Thị Hapro,supermarket,Hà Nội,"Siêu Thị Hapro, Phố Nguyễn Cao Luyện, Khu đô thị Việt Hưng, Phường Việt Hưng, Yên Viên, Thành phố Hà Nội, 08443, Việt Nam",None,None,supermarket,21.0657753,105.9073563
Spa 911,beauty,Hà Nội,C11,None,None,beauty,21.0614463,105.9103514
WinMart+,convenience,Hà Nội,"55, Phố Cầu Cốc",None,None,convenience,21.0041054,105.7427357
Sói Biên,supermarket,Hà Nội,D86,None,None,supermarket,21.0627267,105.9109651
None,books,Hà Nội,"CT15, Phố Bùi Thiện Ngộ, Khu đô thị Việt Hưng, Phường Việt Hưng, Yên Viên, Thành phố Hà Nội, 08443, Việt Nam",None,None,books,21.064162,105.9109648
None,car_repair,Hà Nội,D96,None,None,car_repair,21.0624735,105.910843
Circle K,convenience,Hà Nội,"152, Phố Đức Chính, Hà Nội",None,None,convenience,21.0455372,105.8432583
Circle K,convenience,Hà Nội,"Circle K, Phố Trúc Bạch, Phường Ba Đình, Thành phố Hà Nội, 11117, Việt Nam",None,None,convenience,21.0494975,105.8390897
None,motorcycle,Hà Nội,"Tayho Motorbikes, Đường Nghi Tàm, Phường Hồng Hà, Thành phố Hà Nội, 10266, Việt Nam",None,None,motorcycle,21.0571455,105.835722
None,greengrocer,Hà Nội,"Chợ Thuỷ Lợi, Phố Khương Thượng, Phường Kim Liên, Thành phố Hà Nội, 11415, Việt Nam",None,None,greengrocer,21.0056983,105.8259058
Media Mart,radiotechnics,Hà Nội,"Media Mart, Ngõ 9 Đường Nguyễn Văn Linh, Phường Việt Hưng, Thành phố Hà Nội, 11810, Việt Nam",None,None,radiotechnics,21.0539701,105.8898612
Đại Lý Xe Ô Tô Mitsubishi,car,Hà Nội,"Đại Lý Xe Ô Tô Mitsubishi, Ngõ 9 Đường Nguyễn Văn Linh, Phường Việt Hưng, Thành phố Hà Nội, 11810, Việt Nam",None,None,car,21.0546057,105.8896234
None,car_repair,Hà Nội,"Phố Vạn Hạnh, Khu đô thị Việt Hưng, Phường Việt Hưng, Yên Viên, Thành phố Hà Nội, 08443, Việt Nam",None,None,car_repair,21.0670012,105.9063459
Gốm Sứ Hiên Vân,ceramics,Hà Nội,"Gốm Sứ Hiên Vân, Phố Chân Cầm, Phường Hoàn Kiếm, Thành phố Hà Nội, 11015, Việt Nam",None,None,ceramics,21.0305373,105.8486114
Tomato,gift,Hà Nội,"Tomato, Phố Ấu Triệu, Phường Hoàn Kiếm, Thành phố Hà Nội, 11006, Việt Nam",None,None,gift,21.02908,105.8491119
Circle K,convenience,Hà Nội,"Circle K, Phố Lý Quốc Sư, Phường Hoàn Kiếm, Thành phố Hà Nội, 11006, Việt Nam",None,None,convenience,21.0299577,105.8491746
Xuong Cham Bi,clothes,Hà Nội,"Xuong Cham Bi, Phố Ấu Triệu, Phường Hoàn Kiếm, Thành phố Hà Nội, 11006, Việt Nam",None,None,clothes,21.0286078,105.8483596
Sugin,clothes,Hà Nội,"Sugin, Phố Ấu Triệu, Phường Hoàn Kiếm, Thành phố Hà Nội, 11006, Việt Nam",None,None,clothes,21.0285404,105.8482882
WinMart+,convenience,Hà Nội,"83, Ngõ 384 Đường Đông Hội",None,None,convenience,21.0792745,105.8680876
None,travel_agency,Hà Nội,"58, Phố Ấu Triệu",None,None,travel_agency,21.0285135,105.8482597
WinMart+,convenience,Hà Nội,"83, Đường Quang Tiến",None,None,convenience,21.0018244,105.7582382
WinMart+,convenience,Hà Nội,"61, Phố Do Nha",None,None,convenience,21.0165644,105.7394771
Điện Máy Xanh,electronics,Hà Nội,"1174, Đường Láng",None,None,electronics,21.027101,105.799422
Siêu Thị Annam Gourmet,supermarket,Hà Nội,"51, Đường Xuân Diệu, Hà Nội",None,None,supermarket,21.0639402,105.8280816
VinFast,car,Hà Nội,"1, Đường Nguyễn Văn Linh, Hà Nội",None,None,car,21.0549624,105.8894633
Vietnam Gift Shop,gift,Hà Nội,"Vietnam Gift Shop, Hướng đi cầu Thăng Long, Điền Xá, Xã Nội Bài, Thành phố Hà Nội, Việt Nam",None,None,gift,21.2192906,105.7893686
None,supermarket,Hà Nội,"Huge supermarket (B2), 72, R4, Đường Nguyễn Trãi, Phường Thanh Xuân, Thành phố Hà Nội, 10167, Việt Nam",None,None,supermarket,21.0033595,105.8163946
None,motorcycle,Hà Nội,"Linh's Motorbikes, Phố Đào Duy Từ, Khu phố cổ, Phường Hoàn Kiếm, Thành phố Hà Nội, 11010, Việt Nam",None,None,motorcycle,21.0357741,105.8529642
Circle K,convenience,Hà Nội,"186, Phố Thái Thịnh, Hà Nội",None,None,convenience,21.0133359,105.8159117
Spa HB,massage,Hà Nội,"63, Ngõ Thái Hà, Hà Nội",None,None,massage,21.0145467,105.8153735
None,pet,Hà Nội,"petmart, Phố Chả Cá, Khu phố cổ, Phường Hoàn Kiếm, Thành phố Hà Nội, 11058, Việt Nam",None,None,pet,21.0355708,105.849202
BRGMart,supermarket,Hà Nội,"BRGMart, Phố Cao Thắng, Khu phố cổ, Phường Hoàn Kiếm, Thành phố Hà Nội, 11009, Việt Nam",None,None,supermarket,21.0388642,105.8514825
World Wash,laundry,Hà Nội,"World Wash, Ngõ Phủ Doãn, Phường Hoàn Kiếm, Thành phố Hà Nội, 11006, Việt Nam",None,None,laundry,21.0298903,105.8478415
Style,hairdresser,Hà Nội,"Style, Phố Hàng Lược, Khu phố cổ, Phường Hoàn Kiếm, Thành phố Hà Nội, 11058, Việt Nam",None,None,hairdresser,21.0372822,105.8484238
None,beverages,Hà Nội,Hàng Nón,None,None,beverages,21.0323813,105.8481217
None,car,Hà Nội,"Moto, Phố Trần Cung, Phường Nghĩa Đô, Thành phố Hà Nội, 10065, Việt Nam",None,None,car,21.0518605,105.7893737
None,laundry,Hà Nội,"Worldwash, Phố Bát Sứ, Khu phố cổ, Phường Hoàn Kiếm, Thành phố Hà Nội, 11000, Việt Nam",None,None,laundry,21.0350198,105.8474496
The Uranus,clothes,Hà Nội,"59, Ngõ 41 Đông Tác, Hà Nội, 10000",None,None,clothes,21.0023272,105.8334521
None,tattoo,Hà Nội,"Tatoo piercing, Phố Nhật Chiêu, Phường Tây Hồ, Thành phố Hà Nội, 10206, Việt Nam",None,None,tattoo,21.0725357,105.8144785
The Body Shop,cosmetics,Hà Nội,"The Body Shop, Phố Hàng Bông, Khu phố cổ, Phường Hoàn Kiếm, Thành phố Hà Nội, 11015, Việt Nam",None,None,cosmetics,21.0307798,105.8482046
None,photo,Hà Nội,"63, Phố Đinh Tiên Hoàng",None,None,photo,21.0301066,105.8539787
None,beverages,Hà Nội,"65, Phố Đinh Tiên Hoàng",None,None,beverages,21.0299887,105.8539709
Circle K,convenience,Hà Nội,"Circle K, Phố Hàng Mã, Khu phố cổ, Phường Hoàn Kiếm, Thành phố Hà Nội, 11000, Việt Nam",None,None,convenience,21.0365242,105.8470083
Circle K,convenience,Hà Nội,"Circle K, Phố Hàng Da, Khu phố cổ, Phường Hoàn Kiếm, Thành phố Hà Nội, 11016, Việt Nam",None,None,convenience,21.0302322,105.8467011
None,hairdresser,Hà Nội,"Hoang, Phố Đào Duy Từ, Khu phố cổ, Phường Hoàn Kiếm, Thành phố Hà Nội, 11010, Việt Nam",None,None,hairdresser,21.0369385,105.8524722
tiệm rèm cửa ZARA,furniture,Hà Nội,"474, Đường Nguyễn Trãi, Hà Nội",None,None,furniture,20.9932661,105.8052754
Thế Giới Di Động,electronics,Hà Nội,"378, Đường Nguyễn Trãi, Hà Nội",None,None,electronics,20.9940357,105.8063115
FPT shop,mobile_phone,Hà Nội,"378, Đường Nguyễn Trãi, Hà Nội",None,None,mobile_phone,20.9940516,105.8063459
Điện Máy Xanh,electronics,Hà Nội,"Điện Máy Xanh, Quốc lộ 6 mở rộng (Ba La - Xuân Mai), Xuân Hà, Xã Xuân Mai, Thành phố Hà Nội, Việt Nam",None,None,electronics,20.9009796,105.5805012
30 Shine,hairdresser,Hà Nội,"382, Đường Nguyễn Trãi, Hà Nội",None,None,hairdresser,20.9938712,105.8060514
Tạp hóa Nùng Biên,variety_store,Hà Nội,"Tạp hóa Nùng Biên, Đường Hồ Chí Minh, Xuân Hà, Xã Xuân Mai, Thành phố Hà Nội, Việt Nam",None,None,variety_store,20.909152,105.5740159
Phúc Ánh 1,copyshop,Hà Nội,"Phúc Ánh 1, Đường Hồ Chí Minh, Xuân Hà, Xã Xuân Mai, Thành phố Hà Nội, Việt Nam",None,None,copyshop,20.9102598,105.5776398
Phúc Ánh 2,copyshop,Hà Nội,"Phúc Ánh 2, Đường Hồ Chí Minh, Xuân Hà, Xã Xuân Mai, Thành phố Hà Nội, Việt Nam",None,None,copyshop,20.9081205,105.5733337
sáo trúc mão mèo,musical_instrument,Hà Nội,"366, Đường Nguyễn Trãi, Hà Nội",None,None,musical_instrument,20.9944788,105.8069831
WinMart+,convenience,Hà Nội,"Lô 19, Khu đô thị mới Định Công",None,None,convenience,20.985573,105.8291245
Van Export clothing,clothes,Hà Nội,"45, ngõ 335, nguyễn trãi, Hà Nội",None,None,clothes,20.9916998,105.8041807
WinMart+,convenience,Hà Nội,Phố Trần Nguyên Đán,None,None,convenience,20.9849138,105.8330094
thời trang nam MASK,clothes,Hà Nội,"93, Ngõ 460 Khương Đình, Hà Nội",None,None,clothes,20.9860363,105.8087973
Cửa Hàng Thời Trang Baza,clothes,Hà Nội,"508, Đường Nguyễn Trãi, Hà Nội",None,None,clothes,20.9923765,105.8039596
Fresh Garden,bakery,Hà Nội,"32, Phố Trần Thái Tông, Hà Nội",None,None,bakery,21.0352629,105.7890704
Nhà sách Phương Thu,books,Hà Nội,"328, Đường Nguyễn Trãi, Hà Nội",None,None,books,20.9966836,105.8101915
Cửa Hàng Laptop Lê Sơn,computer,Hà Nội,"337, nguyễn trãi, Hà Nội",None,None,computer,20.9920385,105.8046391
shop bán túi xách siêu cấp,yes,Hà Nội,"32/133, Đường Nguyễn Xiển, Hà Nội",None,None,yes,20.9825106,105.8102709
Cửa Hàng Thời Trang Mattana,clothes,Hà Nội,"97, Phố Trần Nguyên Đán",None,None,clothes,20.9888008,105.8305643
siêu thị 24h ninja mark,supermarket,Hà Nội,"121, Đường Nguyễn Xiển, Hà Nội",None,None,supermarket,20.982949,105.809927
FPT Shop,yes,Hà Nội,"494, Đường Trường Chinh",None,None,yes,21.0026705,105.8229429
None,dry_cleaning,Hà Nội,"10, Ngõ 554 Trường Chinh",None,None,dry_cleaning,21.0028244,105.8228662
Cửa Hàng Tự Chọn Nga-Nhật-Úc,convenience,Hà Nội,"Cửa Hàng Tự Chọn Nga-Nhật-Úc, Ngõ 342 Đường Khương Đình, Phường Khương Đình, Thành phố Hà Nội, 10135, Việt Nam",None,None,convenience,20.989332,105.8129267
Nhung Hươu Việt,chemist,Hà Nội,"18/129, Đường Nguyễn Xiển, Hà Nội",None,None,chemist,20.9828411,105.8100692
None,motorcycle,Hà Nội,"rent motorbike, Phố Hàng Buồm, Khu phố cổ, Phường Hoàn Kiếm, Thành phố Hà Nội, 11010, Việt Nam",None,None,motorcycle,21.0360953,105.8524179
Siêu Thị Lan Chi,supermarket,Hà Nội,"Siêu Thị Lan Chi, Đường Trung Sơn Trầm, Trung Sơn Trầm, Phường Tùng Thiện, Thành phố Hà Nội, 12800, Việt Nam",None,None,supermarket,21.0982919,105.4970012
WinMart+,convenience,Hà Nội,"WinMart+, Phố Hội Vũ, Phường Hoàn Kiếm, Thành phố Hà Nội, 11017, Việt Nam",None,None,convenience,21.0287861,105.8457136
WinMart+,convenience,Hà Nội,"79, Ngõ 94 Thượng Thanh",None,None,convenience,21.0599697,105.8878182
Cửa Hàng Bán Vé Hanoi City Tour Bus,ticket,Hà Nội,"Cửa Hàng Bán Vé Hanoi City Tour Bus, Phố Đinh Tiên Hoàng, Phường Hoàn Kiếm, Thành phố Hà Nội, 11011, Việt Nam",None,None,ticket,21.0316764,105.8519327
None,gift,Hà Nội,"Phố Ông Ích Khiêm, Phường Ba Đình, Thành phố Hà Nội, 10232, Việt Nam",None,None,gift,21.0357162,105.8338268
TH MART ĐỘI 3 Lạc Thị,supermarket,Hà Nội,"TH MART ĐỘI 3 Lạc Thị, Đường Đại Hưng, Lạc Thị, Xã Ngọc Hồi, Thành phố Hà Nội, 12506, Việt Nam",None,None,supermarket,20.92349,105.8346774
None,sports,Hà Nội,"Sport & backpacks, Phố Hàng Bồ, Khu phố cổ, Phường Hoàn Kiếm, Thành phố Hà Nội, 11015, Việt Nam",None,None,sports,21.0337681,105.8484757
Phung Motorbike (Garage),motorcycle,Hà Nội,"99, Bac Cau",None,None,motorcycle,21.066436,105.8583834
None,gift,Hà Nội,"T.N.D Lacquer Store, Phố Hàng Trống, Phường Hoàn Kiếm, Thành phố Hà Nội, 10016, Việt Nam",None,None,gift,21.0295333,105.8505769
None,gift,Hà Nội,"SonSon Enterprise Souvenirs, Phố Hàng Hòm, Khu phố cổ, Phường Hoàn Kiếm, Thành phố Hà Nội, 11015, Việt Nam",None,None,gift,21.0315785,105.849057
Triệu Tâm Motor,motorcycle,Hà Nội,"Triệu Tâm Motor, Ngõ 119 Đường Cổ Nhuế, Phường Đông Ngạc, Thành phố Hà Nội, 12500, Việt Nam",None,None,motorcycle,21.0615245,105.7810293
None,travel_agency,Hà Nội,"The Church Travels Travel agency, Ngoc, Phố Ấu Triệu, Phường Hoàn Kiếm, Thành phố Hà Nội, 11006, Việt Nam",None,None,travel_agency,21.0282809,105.8480254
None,travel_agency,Hà Nội,Bát Đàn,None,None,travel_agency,21.0338051,105.8476836
Circle K,convenience,Hà Nội,"Circle K, Phố Cầu Gỗ, Khu phố cổ, Phường Hoàn Kiếm, Thành phố Hà Nội, 11011, Việt Nam",None,None,convenience,21.0321513,105.852571
WinMart,supermarket,Hà Nội,Phố Hoàng Đạo Thúy,None,None,supermarket,21.0074716,105.801833
WinMart,supermarket,Hà Nội,"119, Đường Trần Duy Hưng, Hà Nội",None,None,supermarket,21.0067651,105.7961018
Oc sen,gift,Hà Nội,"Oc sen, Đường Xuân Diệu, Phường Tây Hồ, Thành phố Hà Nội, 10202, Việt Nam",None,None,gift,21.0614016,105.8314733
Circle K,convenience,Hà Nội,"Circle K, Đường Tây Hồ, Phường Tây Hồ, Thành phố Hà Nội, 11207, Việt Nam",None,None,convenience,21.06626,105.8264003
Vie,coffee,Hà Nội,59,None,None,coffee,21.034746,105.851432
K-Mart,convenience,Hà Nội,"K-Mart, Phố Hàng Thùng, Khu phố cổ, Phường Hoàn Kiếm, Thành phố Hà Nội, 10147, Việt Nam",None,None,convenience,21.0324437,105.8554545
Đại Lý Xe Hơi Kia Morning,car,Hà Nội,"Đại Lý Xe Hơi Kia Morning, Đường Nguyễn Khoái, Cảng Hà Nội, Phường Hồng Hà, Thành phố Hà Nội, 11622, Việt Nam",None,None,car,21.0052143,105.869615
Thanh Thái,beauty,Hà Nội,"Thanh Thái, Phố Hàng Giầy, Khu phố cổ, Phường Hoàn Kiếm, Thành phố Hà Nội, 11010, Việt Nam",None,None,beauty,21.0348589,105.8512352
Spa,massage,Hà Nội,31,None,None,massage,21.0348935,105.8513193
Circle K,convenience,Hà Nội,"Circle K, 204, Đường Trần Quang Khải, Phường Hoàn Kiếm, Thành phố Hà Nội, 10063, Việt Nam",None,None,convenience,21.0277902,105.8580026
Sapy Laundry,laundry,Hà Nội,"Sapy Laundry, Đường Trần Khánh Dư, Phường Cửa Nam, Thành phố Hà Nội, 11023, Việt Nam",None,None,laundry,21.0239206,105.8603744
Thuan Beauty Salon,beauty,Hà Nội,"Thuan Beauty Salon, Phố Hàng Vôi, Phường Hoàn Kiếm, Thành phố Hà Nội, 11007, Việt Nam",None,None,beauty,21.0310169,105.8559287
Cửa Hàng J & Pet,pet,Hà Nội,"Cửa Hàng J & Pet, Đường Trần Khát Chân, Phường Vĩnh Tuy, Thành phố Hà Nội, 10078, Việt Nam",None,None,pet,21.0085252,105.8648805
Art Pho,art,Hà Nội,"Art Pho, Ngõ Đào Duy Từ, Khu phố cổ, Phường Hoàn Kiếm, Thành phố Hà Nội, 11010, Việt Nam",None,None,art,21.0352911,105.852053
None,convenience,Hà Nội,"Phố Nguyễn Văn Tố, Khu phố cổ, Phường Hoàn Kiếm, Thành phố Hà Nội, 11016, Việt Nam",None,None,convenience,21.0316512,105.8457848
None,art,Hà Nội,"Phố Hàng Đào, Khu phố cổ, Phường Hoàn Kiếm, Thành phố Hà Nội, 11057, Việt Nam",None,None,art,21.0336607,105.850749
Thu Spa,massage,Hà Nội,"Thu Spa, Phố Hàng Hòm, Khu phố cổ, Phường Hoàn Kiếm, Thành phố Hà Nội, 11015, Việt Nam",None,None,massage,21.0322745,105.8484861
None,toys,Hà Nội,"Phố Lương Văn Can, Khu phố cổ, Phường Hoàn Kiếm, Thành phố Hà Nội, 11015, Việt Nam",None,None,toys,21.0331495,105.8501891
Cà Phê & Nhà Sách Artbook,books,Hà Nội,"53, Phố Đinh Tiên Hoàng",None,None,books,21.0319351,105.8530557
None,clothes,Hà Nội,61,None,None,clothes,21.0324781,105.8473853
None,clothes,Hà Nội,"Phố Lương Văn Can, Khu phố cổ, Phường Hoàn Kiếm, Thành phố Hà Nội, 11015, Việt Nam",None,None,clothes,21.0336151,105.8500191
None,coffee,Hà Nội,"Phố Lương Văn Can, Khu phố cổ, Phường Hoàn Kiếm, Thành phố Hà Nội, 11015, Việt Nam",None,None,coffee,21.0338014,105.8499647
None,ticket,Hà Nội,"120, Đường Lê Duẩn, Phường Văn Miếu - Quốc Tử Giám, Thành phố Hà Nội, 11018, Việt Nam",None,None,ticket,21.0245174,105.8411106
Trung Tâm Gigi Decor Art,florist,Hà Nội,"Trung Tâm Gigi Decor Art, Phố 19 Tháng 12, Phường Cửa Nam, Thành phố Hà Nội, 10035, Việt Nam",None,None,florist,21.0243578,105.8475918
None,shoes,Hà Nội,"Phố Gầm Cầu, Khu phố cổ, Phường Hoàn Kiếm, Thành phố Hà Nội, 11009, Việt Nam",None,None,shoes,21.039081,105.8480234
None,ticket,Hà Nội,"Cầu Long Biên, Khu phố cổ, Phường Hoàn Kiếm, Thành phố Hà Nội, 11009, Việt Nam",None,None,ticket,21.0398363,105.8501882
None,convenience,Hà Nội,"Ngõ Huyện, Phường Hoàn Kiếm, Thành phố Hà Nội, 11006, Việt Nam",None,None,convenience,21.0291663,105.8479207
None,books,Hà Nội,"Phố 19 Tháng 12, Phường Cửa Nam, Thành phố Hà Nội, 10035, Việt Nam",None,None,books,21.0244588,105.8477907
The Nail Bar,beauty,Hà Nội,"The Nail Bar, Phố Bà Triệu, Phường Cửa Nam, Thành phố Hà Nội, 10211, Việt Nam",None,None,beauty,21.025482,105.8517873
None,alcohol,Hà Nội,"Phố Lý Thường Kiệt, Phường Cửa Nam, Thành phố Hà Nội, 11019, Việt Nam",None,None,alcohol,21.0238256,105.8494202
None,books,Hà Nội,"Phố 19 Tháng 12, Phường Cửa Nam, Thành phố Hà Nội, 11019, Việt Nam",None,None,books,21.025429,105.8479286
None,motorcycle_repair,Hà Nội,"Phố Phủ Doãn, Phường Hoàn Kiếm, Thành phố Hà Nội, 11006, Việt Nam",None,None,motorcycle_repair,21.030198,105.8476835
None,hairdresser,Hà Nội,"Phố Gầm Cầu, Khu phố cổ, Phường Hoàn Kiếm, Thành phố Hà Nội, 11009, Việt Nam",None,None,hairdresser,21.03906,105.8479923
Three Trees,jewelry,Hà Nội,"15, Phố Nhà Thờ",None,None,jewelry,21.0289222,105.8499691
None,religion,Hà Nội,"Phố Ấu Triệu, Phường Hoàn Kiếm, Thành phố Hà Nội, 11006, Việt Nam",None,None,religion,21.0288337,105.848852
None,convenience,Hà Nội,"Phố Thợ Nhuộm, Phường Cửa Nam, Thành phố Hà Nội, 11018, Việt Nam",None,None,convenience,21.0272997,105.8447231
Rolls-Royce,car,Hà Nội,"Rolls-Royce, 44B, Phố Lý Thường Kiệt, Phường Cửa Nam, Thành phố Hà Nội, 10307, Việt Nam",None,None,car,21.0241935,105.848663
Zoé Boutique,outdoor,Hà Nội,"10, Phố Ấu Triệu",None,None,outdoor,21.0290942,105.8491387
None,outdoor,Hà Nội,"Phố Hàng Gai, Khu phố cổ, Phường Hoàn Kiếm, Thành phố Hà Nội, 11015, Việt Nam",None,None,outdoor,21.0314118,105.8494244
None,alcohol,Hà Nội,"Phố Hàng Buồm, Khu phố cổ, Phường Hoàn Kiếm, Thành phố Hà Nội, 11010, Việt Nam",None,None,alcohol,21.0355334,105.8508606
None,outdoor,Hà Nội,Phố Hàng Giầy,None,None,outdoor,21.0354558,105.8509846
Truong Nguyen Legend,coffee,Hà Nội,"Truong Nguyen Legend, Phố Lý Quốc Sư, Phường Hoàn Kiếm, Thành phố Hà Nội, 11006, Việt Nam",None,None,coffee,21.0308355,105.8488455
None,religion,Hà Nội,"Sân Đại Bái, Phường Văn Miếu - Quốc Tử Giám, Thành phố Hà Nội, 10346, Việt Nam",None,None,religion,21.0290916,105.836259
Outdoor Adventure Shop,outdoor,Hà Nội,"Outdoor Adventure Shop, Phố Hàng Gai, Khu phố cổ, Phường Hoàn Kiếm, Thành phố Hà Nội, 11015, Việt Nam",None,None,outdoor,21.0316986,105.8499069
None,greengrocer,Hà Nội,"Phố Gia Ngư, Khu phố cổ, Phường Hoàn Kiếm, Thành phố Hà Nội, 11011, Việt Nam",None,None,greengrocer,21.0329733,105.853252
Chung Gallery,art,Hà Nội,"Chung Gallery, Phố Lý Quốc Sư, Phường Hoàn Kiếm, Thành phố Hà Nội, 11006, Việt Nam",None,None,art,21.030608,105.8489136
None,bakery,Hà Nội,"Phố Lương Văn Can, Khu phố cổ, Phường Hoàn Kiếm, Thành phố Hà Nội, 11057, Việt Nam",None,None,bakery,21.0325839,105.8505085
Sen,clothes,Hà Nội,"Sen, Phố Hàng Gai, Khu phố cổ, Phường Hoàn Kiếm, Thành phố Hà Nội, 11015, Việt Nam",None,None,clothes,21.0313875,105.8493836
None,florist,Hà Nội,"Ngõ Cầu Gỗ, Khu phố cổ, Phường Hoàn Kiếm, Thành phố Hà Nội, 11011, Việt Nam",None,None,florist,21.0323165,105.8529075
None,clothes,Hà Nội,"Phố Lý Quốc Sư, Phường Hoàn Kiếm, Thành phố Hà Nội, 11006, Việt Nam",None,None,clothes,21.0303851,105.8488699
None,convenience,Hà Nội,"Sân Đại Bái, Phường Văn Miếu - Quốc Tử Giám, Thành phố Hà Nội, 10346, Việt Nam",None,None,convenience,21.0290459,105.8362405
None,jewelry,Hà Nội,"Phố Ông Ích Khiêm, Phường Ba Đình, Thành phố Hà Nội, 10232, Việt Nam",None,None,jewelry,21.0355426,105.833791
Song Thu,gift,Hà Nội,"Song Thu, Phố Lý Quốc Sư, Phường Hoàn Kiếm, Thành phố Hà Nội, 11006, Việt Nam",None,None,gift,21.0302853,105.849043
None,gift,Hà Nội,"Sân Đại Bái, Phường Văn Miếu - Quốc Tử Giám, Thành phố Hà Nội, 10346, Việt Nam",None,None,gift,21.0292836,105.8359632
None,gift,Hà Nội,"Sân Đại Bái, Phường Văn Miếu - Quốc Tử Giám, Thành phố Hà Nội, 10346, Việt Nam",None,None,gift,21.0291671,105.8362898
Cửa Hàng Giày Dép My Kitty,shoes,Hà Nội,Phố Hàng Giầy,None,None,shoes,21.0355191,105.8509583
Hanoia Đông Du,gift,Hà Nội,"Hanoia Đông Du, Phố Văn Miếu, Phường Văn Miếu - Quốc Tử Giám, Thành phố Hà Nội, 10346, Việt Nam",None,None,gift,21.0295402,105.836591
None,coffee,Hà Nội,"Phố Hàng Bông, Khu phố cổ, Phường Hoàn Kiếm, Thành phố Hà Nội, 11015, Việt Nam",None,None,coffee,21.0312674,105.8488082
None,gift,Hà Nội,"Sân Đại Bái, Phường Văn Miếu - Quốc Tử Giám, Thành phố Hà Nội, 10346, Việt Nam",None,None,gift,21.0290344,105.835957
None,gift,Hà Nội,"Phố Lý Quốc Sư, Phường Hoàn Kiếm, Thành phố Hà Nội, 11006, Việt Nam",None,None,gift,21.0309616,105.8487894
None,greengrocer,Hà Nội,"Ngõ Cầu Gỗ, Khu phố cổ, Phường Hoàn Kiếm, Thành phố Hà Nội, 11011, Việt Nam",None,None,greengrocer,21.0326348,105.8530751
Tired City,art,Hà Nội,"Tired City, Phố Lý Quốc Sư, Phường Hoàn Kiếm, Thành phố Hà Nội, 11006, Việt Nam",None,None,art,21.0300077,105.8491505
Thang Long,massage,Hà Nội,"Thang Long, Phố Lý Quốc Sư, Phường Hoàn Kiếm, Thành phố Hà Nội, 11006, Việt Nam",None,None,massage,21.030228,105.8490689
None,coffee,Hà Nội,"24, Phố Hàng Giầy",None,None,coffee,21.0353797,105.8510162
Cà Phê Huế,coffee,Hà Nội,"Cà Phê Huế, Phố Hàng Gai, Khu phố cổ, Phường Hoàn Kiếm, Thành phố Hà Nội, 11015, Việt Nam",None,None,coffee,21.0314548,105.8494968
Pure Bliss Spa,massage,Hà Nội,"Pure Bliss Spa, Phố Hàng Bè, Khu phố cổ, Phường Hoàn Kiếm, Thành phố Hà Nội, 11011, Việt Nam",None,None,massage,21.0336394,105.8538874
None,gift,Hà Nội,"57B, Phố Đinh Tiên Hoàng, Phường Hoàn Kiếm, Thành phố Hà Nội, 10147, Việt Nam",None,None,gift,21.0317216,105.8533288
Phuong 08,hairdresser,Hà Nội,"Phuong 08, Quốc lộ 3, Xã Đông Anh, Thành phố Hà Nội, 12323, Việt Nam",None,None,hairdresser,21.1027646,105.8731636
None,jewelry,Hà Nội,"Đường Nguyễn Văn Cừ, Phường Bồ Đề, Thành phố Hà Nội, 11810, Việt Nam",None,None,jewelry,21.0457742,105.8754758
None,convenience,Hà Nội,"Đường Cổ Loa, Xã Đông Anh, Thành phố Hà Nội, 12323, Việt Nam",None,None,convenience,21.1114707,105.8766965
None,car,Hà Nội,"Đường Cổ Loa, Xã Đông Anh, Thành phố Hà Nội, 12323, Việt Nam",None,None,car,21.1029332,105.8737131
None,convenience,Hà Nội,"Đường Cổ Loa, Xã Đông Anh, Thành phố Hà Nội, 12323, Việt Nam",None,None,convenience,21.1097898,105.8776953
None,convenience,Hà Nội,"Phố Hàng Giầy, Khu phố cổ, Phường Hoàn Kiếm, Thành phố Hà Nội, 11010, Việt Nam",None,None,convenience,21.0361546,105.8507661
None,bakery,Hà Nội,"Đường Cổ Loa, Xã Đông Anh, Thành phố Hà Nội, 12323, Việt Nam",None,None,bakery,21.1116671,105.8766101
Tinh,hairdresser,Hà Nội,"Tinh, Phố Nguyễn Thiện Thuật, Khu phố cổ, Phường Hoàn Kiếm, Thành phố Hà Nội, 11058, Việt Nam",None,None,hairdresser,21.0376388,105.8506172
None,alcohol,Hà Nội,"Phố Hàng Giầy, Khu phố cổ, Phường Hoàn Kiếm, Thành phố Hà Nội, 11010, Việt Nam",None,None,alcohol,21.0359807,105.8508245
Cửa Hàng Đồ Thủ Công Mỹ Nghệ,gift,Hà Nội,"Cửa Hàng Đồ Thủ Công Mỹ Nghệ, 57B, Phố Đinh Tiên Hoàng, Phường Hoàn Kiếm, Thành phố Hà Nội, 10147, Việt Nam",None,None,gift,21.0316916,105.8533446
None,convenience,Hà Nội,"Phố Hàng Giầy, Khu phố cổ, Phường Hoàn Kiếm, Thành phố Hà Nội, 11010, Việt Nam",None,None,convenience,21.0365437,105.8507473
None,motorcycle,Hà Nội,"Đường Nguyễn Văn Cừ, Phường Bồ Đề, Thành phố Hà Nội, 11810, Việt Nam",None,None,motorcycle,21.0459698,105.8758856
Peugeot,car,Hà Nội,"Peugeot, Đường Nguyễn Văn Cừ, Phường Bồ Đề, Thành phố Hà Nội, 11810, Việt Nam",None,None,car,21.0488972,105.8821039
None,toys,Hà Nội,"Phố Hàng Giầy, Khu phố cổ, Phường Hoàn Kiếm, Thành phố Hà Nội, 11016, Việt Nam",None,None,toys,21.0366956,105.8507183
Cửa Hàng Thời Trang M2,clothes,Hà Nội,"Cửa Hàng Thời Trang M2, Đường Nguyễn Văn Cừ, Phường Bồ Đề, Thành phố Hà Nội, 11008, Việt Nam",None,None,clothes,21.0434913,105.8715684
Car Center,car,Hà Nội,"Car Center, Đường Nguyễn Văn Cừ, Phường Bồ Đề, Thành phố Hà Nội, 11008, Việt Nam",None,None,car,21.0399975,105.8659793
None,religion,Hà Nội,"Đường Cổ Loa, Xã Đông Anh, Thành phố Hà Nội, 12323, Việt Nam",None,None,religion,21.1124355,105.8714072
None,ticket,Hà Nội,"Đường Cổ Loa, Xã Đông Anh, Thành phố Hà Nội, 12323, Việt Nam",None,None,ticket,21.1119357,105.8717345
None,mobile_phone,Hà Nội,"Ngõ 418 Nguyễn Văn Cừ, Phường Bồ Đề, Thành phố Hà Nội, 11810, Việt Nam",None,None,mobile_phone,21.0468835,105.8787366
None,car,Hà Nội,"Đường Nguyễn Văn Cừ, Phường Bồ Đề, Thành phố Hà Nội, 11810, Việt Nam",None,None,car,21.0501258,105.8837081
None,motorcycle,Hà Nội,"Đường Nguyễn Văn Cừ, Phường Bồ Đề, Thành phố Hà Nội, 11810, Việt Nam",None,None,motorcycle,21.0459139,105.8756996
None,ticket,Hà Nội,"Đường Cổ Loa, Xã Đông Anh, Thành phố Hà Nội, 12323, Việt Nam",None,None,ticket,21.1133459,105.873721
Cửa Hàng Bánh Mì Diệu Linh,bakery,Hà Nội,"Cửa Hàng Bánh Mì Diệu Linh, Đường Cổ Loa, Xã Đông Anh, Thành phố Hà Nội, 12323, Việt Nam",None,None,bakery,21.111277,105.876877
None,toys,Hà Nội,"Phố Hàng Giầy, Khu phố cổ, Phường Hoàn Kiếm, Thành phố Hà Nội, 11010, Việt Nam",None,None,toys,21.0365658,105.8506611
None,convenience,Hà Nội,"Ngõ 47 Đường Cổ Loa, Xã Đông Anh, Thành phố Hà Nội, 12323, Việt Nam",None,None,convenience,21.1117177,105.8765973
None,mobile_phone,Hà Nội,"Đường Cổ Loa, Xã Đông Anh, Thành phố Hà Nội, 12323, Việt Nam",None,None,mobile_phone,21.1122125,105.8757447
None,bag,Hà Nội,"Phố Lò Sũ, Phường Hoàn Kiếm, Thành phố Hà Nội, 10147, Việt Nam",None,None,bag,21.0312381,105.8534815
None,shoes,Hà Nội,"Phố Lò Sũ, Phường Hoàn Kiếm, Thành phố Hà Nội, 10147, Việt Nam",None,None,shoes,21.0314448,105.8535662
None,hairdresser,Hà Nội,"Ngõ 481 Đường Ngọc Lâm, Phường Bồ Đề, Thành phố Hà Nội, 11810, Việt Nam",None,None,hairdresser,21.051018,105.8784607
None,convenience,Hà Nội,"Ngõ 481 Đường Ngọc Lâm, Phường Bồ Đề, Thành phố Hà Nội, 11810, Việt Nam",None,None,convenience,21.0512242,105.8788127
None,convenience,Hà Nội,"Ngõ 481 Đường Ngọc Lâm, Phường Bồ Đề, Thành phố Hà Nội, 11810, Việt Nam",None,None,convenience,21.0512505,105.8788788
None,jewelry,Hà Nội,"Ngõ 481 Đường Ngọc Lâm, Phường Bồ Đề, Thành phố Hà Nội, 11810, Việt Nam",None,None,jewelry,21.0508922,105.8781625
None,convenience,Hà Nội,"Phố Gia Quất, Phường Bồ Đề, Thành phố Hà Nội, 11810, Việt Nam",None,None,convenience,21.0513153,105.8789982
None,hairdresser,Hà Nội,"Ngõ 481 Đường Ngọc Lâm, Phường Bồ Đề, Thành phố Hà Nội, 11810, Việt Nam",None,None,hairdresser,21.0508816,105.8777398
None,convenience,Hà Nội,"Phố Gia Quất, Phường Bồ Đề, Thành phố Hà Nội, 11810, Việt Nam",None,None,convenience,21.0513877,105.8791267
None,ticket,Hà Nội,"Phố Gia Quất, Phường Bồ Đề, Thành phố Hà Nội, 11810, Việt Nam",None,None,ticket,21.0514746,105.8786498
None,convenience,Hà Nội,"Phố Gia Quất, Phường Bồ Đề, Thành phố Hà Nội, 11810, Việt Nam",None,None,convenience,21.0513508,105.879063
None,motorcycle,Hà Nội,"Triple 8 Motorbikes, Đường Âu Cơ, Phường Tây Hồ, Thành phố Hà Nội, 10219, Việt Nam",None,None,motorcycle,21.073703,105.8246134
Roll cafe & lab,photo,Hà Nội,"60, Khâm Thiên",None,None,photo,21.019151,105.8362259
Dịch Vụ Tráng Scan Film Crop Lab,photo,Hà Nội,Nguyễn Chí Thanh,None,None,photo,21.0212628,105.8102259
None,gift,Hà Nội,"38, Phố Hàng Đào",None,None,gift,21.0334401,105.8508671
None,bicycle,Hà Nội,"Phố Đào Duy Từ, Khu phố cổ, Phường Hoàn Kiếm, Thành phố Hà Nội, 11010, Việt Nam",None,None,bicycle,21.0370901,105.8523568
Quán Massge Mido,massage,Hà Nội,"Quán Massge Mido, Phố Hàng Mành, Khu phố cổ, Phường Hoàn Kiếm, Thành phố Hà Nội, 11015, Việt Nam",None,None,massage,21.0317664,105.8484308
Vietnamese Fabulous Travel,travel_agency,Hà Nội,"Vietnamese Fabulous Travel, Phố Nguyễn Văn Tố, Khu phố cổ, Phường Hoàn Kiếm, Thành phố Hà Nội, 11016, Việt Nam",None,None,travel_agency,21.0315186,105.845705
None,travel_agency,Hà Nội,"Phố Hàng Đào, Khu phố cổ, Phường Hoàn Kiếm, Thành phố Hà Nội, 11011, Việt Nam",None,None,travel_agency,21.0331668,105.8510133
None,clothes,Hà Nội,"Phố Hàng Dầu, Khu phố cổ, Phường Hoàn Kiếm, Thành phố Hà Nội, 10147, Việt Nam",None,None,clothes,21.0318611,105.8538109
The Warehouse,alcohol,Hà Nội,"The Warehouse, Phố Hàng Trống, Phường Hoàn Kiếm, Thành phố Hà Nội, 11006, Việt Nam",None,None,alcohol,21.0303148,105.8499608
None,massage,Hà Nội,"Phố Nguyễn Trường Tộ, Phường Ba Đình, Thành phố Hà Nội, 10075, Việt Nam",None,None,massage,21.042764,105.8444403
None,motorcycle,Hà Nội,"Phố Hàng Chĩnh, Khu phố cổ, Phường Hoàn Kiếm, Thành phố Hà Nội, 11010, Việt Nam",None,None,motorcycle,21.0356311,105.8537931
None,travel_agency,Hà Nội,"Phố Hàng Gà, Khu phố cổ, Phường Hoàn Kiếm, Thành phố Hà Nội, 11016, Việt Nam",None,None,travel_agency,21.0338593,105.8470639
None,travel_agency,Hà Nội,"Banh mi, Phố Thuốc Bắc, Khu phố cổ, Phường Hoàn Kiếm, Thành phố Hà Nội, 11000, Việt Nam",None,None,travel_agency,21.0359638,105.8483227
None,travel_agency,Hà Nội,"Jewellery, Phố Chân Cầm, Phường Hoàn Kiếm, Thành phố Hà Nội, 11015, Việt Nam",None,None,travel_agency,21.030266,105.8486621
Du Lịch Daiichi,travel_agency,Hà Nội,"96, Phố Nguyễn Hữu Huân, Hà Nội",None,None,travel_agency,21.0320359,105.8544765
Cắt Tóc Đường Phố Dũng,hairdresser,Hà Nội,"Cắt Tóc Đường Phố Dũng, Phố Phan Chu Trinh, Phường Cửa Nam, Thành phố Hà Nội, 10210, Việt Nam",None,None,hairdresser,21.0230514,105.8566392
None,computer,Hà Nội,"Mac One, Phố Hoàng Cầu, Phường Đống Đa, Thành phố Hà Nội, 10265, Việt Nam",None,None,computer,21.0162894,105.8222388
None,hairdresser,Hà Nội,"Phô Cô Barbershop, Phố Chợ Gạo, Khu phố cổ, Phường Hoàn Kiếm, Thành phố Hà Nội, 11010, Việt Nam",None,None,hairdresser,21.0366122,105.85277
The Oasis,supermarket,Hà Nội,"84, To Ngoc Van, Hà Nội",None,None,supermarket,21.0611067,105.8320611
None,motorcycle,Hà Nội,"Đường Nghi Tàm, Phường Hồng Hà, Thành phố Hà Nội, 10266, Việt Nam",None,None,motorcycle,21.0574407,105.8357292
Cửa Hàng Thời Trang CREW,clothes,Hà Nội,"15, Bắc Sơn, Hà Nội, 10000",None,None,clothes,20.9239832,105.7046173
Trang Oanh,laundry,Hà Nội,"Trang Oanh, Đường Cổ Nhuế, Phường Đông Ngạc, Thành phố Hà Nội, 12500, Việt Nam",None,None,laundry,21.0620898,105.7807794
Hair Salon Vũ Ánh,hairdresser,Hà Nội,Hà Nội,None,None,hairdresser,21.062004,105.7786864
None,car_repair,Hà Nội,"wash your bike, Phố Chợ Gạo, Khu phố cổ, Phường Hoàn Kiếm, Thành phố Hà Nội, 11010, Việt Nam",None,None,car_repair,21.0368556,105.8529942
None,car_repair,Hà Nội,"Phố Hàng Chĩnh, Khu phố cổ, Phường Hoàn Kiếm, Thành phố Hà Nội, 11010, Việt Nam",None,None,car_repair,21.0354886,105.8535693
None,outdoor,Hà Nội,"Музыкальные инструменты, Phố Hàng Nón, Khu phố cổ, Phường Hoàn Kiếm, Thành phố Hà Nội, 11015, Việt Nam",None,None,outdoor,21.0323658,105.8482079
WinMart+,convenience,Hà Nội,"WinMart+, Phố Nguyễn Chánh, Phường Yên Hòa, Thành phố Hà Nội, 10055, Việt Nam",None,None,convenience,21.0086205,105.7944962
Thẩm Mỹ Sen,beauty,Hà Nội,"57, Phố Đào Tấn, Hà Nội, 11150",None,None,beauty,21.0332109,105.8065326
Tovi Mart,convenience,Hà Nội,"Tovi Mart, Đường Hoàng Hoa Thám, Phường Tây Hồ, Thành phố Hà Nội, 10287, Việt Nam",None,None,convenience,21.0411449,105.8237941
Zara,clothes,Hà Nội,"Zara, Đường Hoàng Hoa Thám, Phường Tây Hồ, Thành phố Hà Nội, 10287, Việt Nam",None,None,clothes,21.0411831,105.8236961
TheK2Deluxe,shoes,Hà Nội,"Ngõ 159 Chùa Láng, Hà Nội, 10000",None,None,shoes,21.023106,105.8018315
Chè Hương Hải,tea,Hà Nội,"Chè Hương Hải, Phố Hàng Bạc, Khu phố cổ, Phường Hoàn Kiếm, Thành phố Hà Nội, 11011, Việt Nam",None,None,tea,21.0337454,105.8534387
METRO,wholesale,Hà Nội,"METRO, Đường Giải Phóng, Phường Phương Liệt, Thành phố Hà Nội, 11617, Việt Nam",None,None,wholesale,20.986677,105.8408384
LEDtech Workshop,car_repair,Hà Nội,"1, Phố Lê Văn Thiêm, Hà Nội",None,None,car_repair,20.9984694,105.805231
Cho Thuê Áo Dài Lyn,clothes,Hà Nội,"76, Chùa Láng",None,None,clothes,21.0233526,105.8069471
Cửa Hàng Áo Dài Lyn,clothes,Hà Nội,"31, Đường Yên Phụ",None,None,clothes,21.051206,105.83905
TH Mart Nguyễn Lân,supermarket,Hà Nội,"TH Mart Nguyễn Lân, Phố Nguyễn Lân, Phường Phương Liệt, Thành phố Hà Nội, 11415, Việt Nam",None,None,supermarket,20.9950659,105.8364139
Du Lịch Kim,travel_agency,Hà Nội,"Du Lịch Kim, Phố Bát Đàn, Khu phố cổ, Phường Hoàn Kiếm, Thành phố Hà Nội, 11016, Việt Nam",None,None,travel_agency,21.0338306,105.847587
Siêu thị Tòa nhà Huy Hoàng,supermarket,Hà Nội,Đường Nguyễn Trãi,None,None,supermarket,20.9927898,105.8079419
None,dairy,Hà Nội,"Đường Cổ Nhuế, Phường Đông Ngạc, Thành phố Hà Nội, 12500, Việt Nam",None,None,dairy,21.0611611,105.7813119
None,stationery,Hà Nội,"Đường Cổ Nhuế, Phường Đông Ngạc, Thành phố Hà Nội, 12500, Việt Nam",None,None,stationery,21.0612043,105.7813228
None,stationery,Hà Nội,"Đường Cổ Nhuế, Phường Đông Ngạc, Thành phố Hà Nội, 12500, Việt Nam",None,None,stationery,21.0612196,105.7813122
Tiến Tâm,electronics,Hà Nội,"Tiến Tâm, Đường Cổ Nhuế, Phường Đông Ngạc, Thành phố Hà Nội, 12500, Việt Nam",None,None,electronics,21.061233,105.7813071
Circle K,convenience,Hà Nội,"1, Ngõ 37 Lê Thanh Nghị, Hà Nội",None,None,convenience,21.0016115,105.8465426
Circle K,convenience,Hà Nội,"113, Phố Trần Đại Nghĩa, Hà Nội",None,None,convenience,21.0027113,105.8448554
Toyota Thanh Xuân,car,Hà Nội,"Toyota Thanh Xuân, Đường Trường Chinh, Phường Phương Liệt, Thành phố Hà Nội, 11415, Việt Nam",None,None,car,21.0020014,105.8229532
Ô mai Hồng Lam Đào Tấn,yes,Hà Nội,"51, Phố Đào Tấn, Hà Nội, 100000",None,None,yes,21.0330278,105.8069125
Ô mai Hồng Lam Trương Định,confectionery,Hà Nội,"540, Đường Trương Định, Hà Nội, 100000",None,None,confectionery,20.9842,105.8460658
Ô mai Hồng Lam Quang Trung Hà Đông,confectionery,Hà Nội,"151, Đường Quang Trung, 100000",None,None,confectionery,20.9695938,105.7744239
Ô mai Hồng Lam Lạc Long Quân,confectionery,Hà Nội,"483, Đường Lạc Long Quân",None,None,confectionery,21.0610772,105.809262
Tiệm Cắt Tóc Tuấn,hairdresser,Hà Nội,"Tiệm Cắt Tóc Tuấn, Đường Đê Mới, Phường Chương Mỹ, Thành phố Hà Nội, 13400, Việt Nam",None,None,hairdresser,20.9486565,105.7070611
Siêu Thị Lanchi Mart,supermarket,Hà Nội,"Siêu Thị Lanchi Mart, Phố An Thắng, Phường Chương Mỹ, Thành phố Hà Nội, 13400, Việt Nam",None,None,supermarket,20.9288418,105.7129633
Sửa Xe Quỳnh Nam,motorcycle_repair,Hà Nội,"Sửa Xe Quỳnh Nam, Đường Đê Mới, Phường Chương Mỹ, Thành phố Hà Nội, 13400, Việt Nam",None,None,motorcycle_repair,20.9486504,105.7075431
Tiệm Sửa Giày,shoe_repair,Hà Nội,"1B, Ngõ 85 Lê Văn Hiến, Hà Nội, 100000",None,None,shoe_repair,21.0739763,105.7736595
Gốm Sứ Đất Việt,yes,Hà Nội,"Cụm 4 Vân Phúc - Phúc Thọ, Hà Nội, 100000",None,None,yes,21.1489768,105.5920426
Tạp hóa Minh Đức,convenience,Hà Nội,"Tạp hóa Minh Đức, Đường Đê Mới, Phường Chương Mỹ, Phượng Nghĩa, 13400, Việt Nam",None,None,convenience,20.9486994,105.7036994
In Tem Mã Vạch An Thành,copyshop,Hà Nội,"SN22, LK3,, Phố Phúc La, Hà Nội, 10000",None,None,copyshop,20.9632675,105.7936346
Ninh Ngoan,houseware,Hà Nội,"Ninh Ngoan, Mục Uyên, Khoang Mè, Xã Hạ Bằng, Thành phố Hà Nội, Việt Nam",None,None,houseware,21.0172153,105.5523505
Thái Tuyết,grocery,Hà Nội,"Thái Tuyết, Mục Uyên, Khu Công nghệ cao Hòa Lạc, Xã Hạ Bằng, Thành phố Hà Nội, Việt Nam",None,None,grocery,21.0194949,105.5515364
Văn Minh,motorcycle,Hà Nội,"Văn Minh, Đường tỉnh 419, Xã Thạch Thất, Thành phố Hà Nội, Việt Nam",None,None,motorcycle,21.051016,105.5818762
Xưởng In Thun Việt - ThunVietJSC,printer_ink,Hà Nội,"Số nhà 20, Ngõ 120 Yên Lãng, Hà Nội, +84",None,None,printer_ink,21.0105485,105.8146871
Dũng Barbershop,hairdresser,Hà Nội,"Dũng Barbershop, Mục Uyên, Khu Công nghệ cao Hòa Lạc, Xã Hạ Bằng, Thành phố Hà Nội, Việt Nam",None,None,hairdresser,21.0199272,105.5513227
Quang Hướng,clothes,Hà Nội,"Quang Hướng, Đường tỉnh 420, Xã Hòa Lạc, Thành phố Hà Nội, Việt Nam",None,None,clothes,21.0265965,105.5214099
Cửa Hàng Clever Changes,gift,Hà Nội,"21, Ngõ 221, Hà Nội",None,None,gift,21.0419654,105.8201847
EBD Book,books,Hà Nội,"7, Phố Xã Đàn, Hà Nội",None,None,books,21.0095079,105.8378024
Hoa Nhà Min - Cửa Hàng Hoa Tươi Nghệ Thuật,florist,Hà Nội,"7, Phố Giang Văn Minh, Hà Nội, 100000",None,None,florist,21.0298681,105.8271814
Trung Tâm Giải Trí HTCGame,video_games,Hà Nội,"17, 358 Bùi Xương Trạch",None,None,video_games,20.9843825,105.8189399
Trung Tâm Mua Sắm Syrena,mall,Hà Nội,"51, Đường Xuân Diệu, Hà Nội",None,None,mall,21.064144,105.8280612
Uniqlo,clothes,Hà Nội,"Uniqlo, 2, Phố Phạm Ngọc Thạch, Phường Kim Liên, Thành phố Hà Nội, 11415, Việt Nam",None,None,clothes,21.0064161,105.8318865
Nhà sách Sư phạm TVHL,supermarket,Hà Nội,"OV2.43, XP.5, Nam Từ Liêm, 100000",None,None,supermarket,21.0265945,105.7400574
Wakanda Store,clothes,Hà Nội,"132, Ngõ 120 Yên Lãng, Hà Nội, +84",None,None,clothes,21.0107422,105.814186
Cửa Hàng Chăn Ga Đệm Elan Tuấn Linh,bed,Hà Nội,"103, Phố Xa La, Hà Nội, 193824",None,None,bed,20.9624311,105.7894528
Siêu Thị Hapro,supermarket,Hà Nội,"Siêu Thị Hapro, Ngõ 154 Đường Ngọc Lâm, Phường Bồ Đề, Thành phố Hà Nội, 11008, Việt Nam",None,None,supermarket,21.0459882,105.870501
Hiệu Sách Truyện Tiếng Anh Cho Trẻ Lalabookshop,books,Hà Nội,"Phố Nguyễn Hữu Thọ, Hà Nội, 1000000",None,None,books,20.9638644,105.827871
WinMart+,convenience,Hà Nội,"242, Phố Lê Thanh Nghị, Hà Nội",None,None,convenience,21.0019191,105.8424356
Tạp hoá,convenience,Hà Nội,"72, Ngõ 205 Giải Phóng",None,None,convenience,21.0011292,105.8426558
Tạp hoá,convenience,Hà Nội,"42, Ngõ 205 Giải Phóng",None,None,convenience,21.0007921,105.842174
WinMart+,convenience,Hà Nội,"6-8, Phố Vọng",None,None,convenience,20.9996047,105.841671
WinMart+,convenience,Hà Nội,"42, Phố Vũ Xuân Thiều, Hà Nội",None,None,convenience,21.0312782,105.9151712
Mega Market,supermarket,Hà Nội,"360, Đường Giải Phóng, Hà Nội",None,None,supermarket,20.9858419,105.8407123
Sâm Ngọc Linh Á Châu,alcohol,Hà Nội,"11, Trần Kim Xuyến, Hà Nội, 084",None,None,alcohol,21.0185585,105.7947583
Cửa Hàng Văn Phòng Phẩm Ngọc Lan,yes,Hà Nội,"42D, Phố Lý Thường Kiệt",None,None,yes,21.0236404,105.8495971
None,hairdresser,Hà Nội,"Phố Viên, Phường Đông Ngạc, Thành phố Hà Nội, 12500, Việt Nam",None,None,hairdresser,21.0711244,105.7725497
None,radiotechnics,Hà Nội,"Phố Viên, Phường Đông Ngạc, Thành phố Hà Nội, 12500, Việt Nam",None,None,radiotechnics,21.0708323,105.772444
bách hóa,department_store,Hà Nội,"22, Phố Viên, Hà Nội, 100000",None,None,department_store,21.0714818,105.7725963
Quán sửa xe,motorcycle_repair,Hà Nội,"Quán sửa xe, Phố Viên, Phường Đông Ngạc, Thành phố Hà Nội, 12500, Việt Nam",None,None,motorcycle_repair,21.0714166,105.7731796
None,chemist,Hà Nội,"Phố Viên, Phường Đông Ngạc, Thành phố Hà Nội, 12500, Việt Nam",None,None,chemist,21.0713315,105.7725337
None,variety_store,Hà Nội,"Phố Viên, Phường Đông Ngạc, Thành phố Hà Nội, 12500, Việt Nam",None,None,variety_store,21.0704283,105.7724892
None,supermarket,Hà Nội,"Phố Viên, Phường Đông Ngạc, Thành phố Hà Nội, 12500, Việt Nam",None,None,supermarket,21.0714041,105.7727685
None,radiotechnics,Hà Nội,"Phố Viên, Phường Đông Ngạc, Thành phố Hà Nội, 12500, Việt Nam",None,None,radiotechnics,21.0701659,105.7724729
tạp hóa,variety_store,Hà Nội,"tạp hóa, Phố Viên, Phường Đông Ngạc, Thành phố Hà Nội, 12500, Việt Nam",None,None,variety_store,21.0710353,105.7725458
None,car_repair,Hà Nội,"Phố Viên, Phường Đông Ngạc, Thành phố Hà Nội, 12500, Việt Nam",None,None,car_repair,21.0713751,105.7724669
None,hairdresser,Hà Nội,"Phố Viên, Phường Đông Ngạc, Thành phố Hà Nội, 12500, Việt Nam",None,None,hairdresser,21.0707181,105.7724517
None,greengrocer,Hà Nội,"Phố Viên, Phường Đông Ngạc, Thành phố Hà Nội, 12500, Việt Nam",None,None,greengrocer,21.0703726,105.7725792
None,variety_store,Hà Nội,"Phố Viên, Phường Đông Ngạc, Thành phố Hà Nội, 12500, Việt Nam",None,None,variety_store,21.0709852,105.7725265
None,convenience,Hà Nội,"Lê Văn Hiến, Phường Đông Ngạc, Thành phố Hà Nội, 12500, Việt Nam",None,None,convenience,21.0747604,105.7729693
None,laundry,Hà Nội,"đường 31, Phường Đông Ngạc, Thành phố Hà Nội, 12500, Việt Nam",None,None,laundry,21.0740485,105.77365
shop bán giày,shoes,Hà Nội,"shop bán giày, Lê Văn Hiến, Phường Đông Ngạc, Thành phố Hà Nội, 12500, Việt Nam",None,None,shoes,21.074806,105.7722507
Hair stylist,hairdresser,Hà Nội,"06, Sông Nhuệ, Phường Đức Thắng, 100000",None,None,hairdresser,21.0749166,105.772078
None,clothes,Hà Nội,"Đường Cổ Nhuế, Hà Nội",None,None,clothes,21.0667497,105.7788727
"nhom6,T01-3, Photo Minh Tân 2",copyshop,Hà Nội,"18, Cầu Vồng",None,None,copyshop,21.0778073,105.7756024
"nhom6,T01-7, sửa xe Thế Hiệp",motorcycle_repair,Hà Nội,"24, Cầu Vồng",None,None,motorcycle_repair,21.0776011,105.7749553
"nhom6,T01-11, Oanh Sơn",variety_store,Hà Nội,"38, Cầu Vồng, Phường Đức Thắng",None,None,variety_store,21.077509,105.7745675
"nhom6,T01-10, shop đẹp Trang Ly",clothes,Hà Nội,"36, Cầu Vồng",None,None,clothes,21.0775519,105.7747708
"nhom6,T01-21, sửa xe Huỳnh Quang",motorcycle_repair,Hà Nội,"68, Cầu Vồng, Phường Đức Thắng",None,None,motorcycle_repair,21.0767393,105.7730596
"nhom6,T01-22, nước hoa Lành Vũ",perfumery,Hà Nội,"70, Cầu Vồng, Phường Đức Thắng",None,None,perfumery,21.0766662,105.7729438
"nhom6,T01-17, Viettel",mobile_phone,Hà Nội,"54, Cầu Vồng, Phường Đức Thắng",None,None,mobile_phone,21.0771067,105.7735133
Cửa Hàng Di Động Chính,mobile_phone,Hà Nội,20,None,None,mobile_phone,21.0757017,105.7721297
None,laundry,Hà Nội,115,None,None,laundry,21.075795,105.7720591
Tiệm Sửa Xe Máy Duy Tân,car_repair,Hà Nội,"255, Đường Hoàng Tăng Bí",None,None,car_repair,21.0836827,105.7779403
Tiệm bánh Nhật Quang,pastry,Hà Nội,"Ngã 4 bê tông chèn, Hà Nội",None,None,pastry,21.0837499,105.7780387
Sửa chữa xe máy Thanh Xuân,car_repair,Hà Nội,"Sửa chữa xe máy Thanh Xuân, Đường Đức Thắng, Phường Đông Ngạc, Thành phố Hà Nội, 12500, Việt Nam",None,None,car_repair,21.0828871,105.7784241
Văn Phòng Phẩm Đại Phát,stationery,Hà Nội,"Văn Phòng Phẩm Đại Phát, Đường Đức Thắng, Phường Đông Ngạc, Thành phố Hà Nội, 12500, Việt Nam",None,None,stationery,21.0830263,105.7784616
Sơn Vĩnh Vy,paint,Hà Nội,"Sơn Vĩnh Vy, Đường Đức Thắng, Phường Đông Ngạc, Thành phố Hà Nội, 12500, Việt Nam",None,None,paint,21.082758,105.7784005
Phụ tùng Minh NGọc,car_parts,Hà Nội,"Phụ tùng Minh NGọc, Đường Thụy Phương, Phường Đông Ngạc, Thành phố Hà Nội, 11909, Việt Nam",None,None,car_parts,21.0837833,105.7780253
Cửa Hàng Nội Thất Hưng Phạm,furniture,Hà Nội,"Cửa Hàng Nội Thất Hưng Phạm, Đường Hoàng Tăng Bí, Phường Đông Ngạc, Thành phố Hà Nội, 11909, Việt Nam",None,None,furniture,21.0837019,105.7789472
Siêu thị gia đình Thúy tĩnh,supermarket,Hà Nội,"Siêu thị gia đình Thúy tĩnh, Đường Thụy Phương, Phường Đông Ngạc, Thành phố Hà Nội, 11909, Việt Nam",None,None,supermarket,21.0838054,105.7780219
Cửa Hàng Đồ Đồng Như Ý,yes,Hà Nội,"Cửa Hàng Đồ Đồng Như Ý, Đường Hoàng Tăng Bí, Phường Đông Ngạc, Thành phố Hà Nội, 11909, Việt Nam",None,None,yes,21.0837013,105.7780986
Cửa hàng Vàng Mã Khôi Thịnh Vượng,yes,Hà Nội,"Cửa hàng Vàng Mã Khôi Thịnh Vượng, Đường Đức Thắng, Phường Đông Ngạc, Thành phố Hà Nội, 12500, Việt Nam",None,None,yes,21.0836671,105.7779979
Cửa Hàng Sắt Inox Hậu Trang,yes,Hà Nội,"Cửa Hàng Sắt Inox Hậu Trang, Đường Đức Thắng, Phường Đông Ngạc, Thành phố Hà Nội, 12500, Việt Nam",None,None,yes,21.0828365,105.7781742
Circle K,convenience,Hà Nội,"49, Phố Hàng Chuối, Hà Nội",None,None,convenience,21.0160502,105.8578776
Nhà thuốc hải mai,chemist,Hà Nội,"Nhà thuốc hải mai, Ngõ 32 Phố Viên, Phường Đông Ngạc, Thành phố Hà Nội, 12500, Việt Nam",None,None,chemist,21.0716507,105.7729016
Cửa Hàng Tạp Hóa Ngọc Dao,variety_store,Hà Nội,"Cửa Hàng Tạp Hóa Ngọc Dao, Ngách 32/21 Phố Viên, Phường Đông Ngạc, Thành phố Hà Nội, 12500, Việt Nam",None,None,variety_store,21.0723523,105.7724641
Tiệm giặt là Dũng Thu,laundry,Hà Nội,"Tiệm giặt là Dũng Thu, Ngách 32/21 Phố Viên, Phường Đông Ngạc, Thành phố Hà Nội, 12500, Việt Nam",None,None,laundry,21.0722755,105.7726468
Tài Kevin,hairdresser,Hà Nội,"Tài Kevin, Ngõ 32 Phố Viên, Phường Đông Ngạc, Thành phố Hà Nội, 12500, Việt Nam",None,None,hairdresser,21.0723141,105.7728897
Spa Vân Anh,beauty,Hà Nội,"Spa Vân Anh, Ngõ 32 Phố Viên, Phường Đông Ngạc, Thành phố Hà Nội, 12500, Việt Nam",None,None,beauty,21.0722824,105.7728887
Đại Lý Gạo Hải Hậu,yes,Hà Nội,"88 Sông Nhuệ, Phường Đức Thắng, Bắc Từ Liêm,Hà Nội",None,None,yes,21.0721458,105.7728856
Trung tâm sửa chữa máy tính bắc Loan,computer,Hà Nội,"Trung tâm sửa chữa máy tính bắc Loan, Ngõ 32 Phố Viên, Phường Đông Ngạc, Thành phố Hà Nội, 12500, Việt Nam",None,None,computer,21.0720776,105.7728906
Bánh Mì Bánh Ngọt Thu Bốn,bakery,Hà Nội,"Bánh Mì Bánh Ngọt Thu Bốn, Ngõ 32 Phố Viên, Phường Đông Ngạc, Thành phố Hà Nội, 12500, Việt Nam",None,None,bakery,21.0720745,105.772939
Đại Lý Biti's Tâm Liên,variety_store,Hà Nội,"Đại Lý Biti's Tâm Liên, Ngõ 32 Phố Viên, Phường Đông Ngạc, Thành phố Hà Nội, 12500, Việt Nam",None,None,variety_store,21.0719796,105.7728838
Cửa Hàng Tạp Hóa Cô Điểm,variety_store,Hà Nội,"Cửa Hàng Tạp Hóa Cô Điểm, Ngõ 32 Phố Viên, Phường Đông Ngạc, Thành phố Hà Nội, 12500, Việt Nam",None,None,variety_store,21.0719616,105.7729358
Tóc Tẹm,hairdresser,Hà Nội,"Tóc Tẹm, Ngõ 32 Phố Viên, Phường Đông Ngạc, Thành phố Hà Nội, 12500, Việt Nam",None,None,hairdresser,21.0718672,105.7728816
Giặt Là Phương Anh,laundry,Hà Nội,"Giặt Là Phương Anh, Ngách 2 Ngõ 32 Phố Viên, Phường Đông Ngạc, Thành phố Hà Nội, 12500, Việt Nam",None,None,laundry,21.0718842,105.7729465
Đại Lý Xổ Số Điện Toán,lottery,Hà Nội,"1, a8 tổ 3 đông ngạc",None,None,lottery,21.0729479,105.7728216
salon Hà My,hairdresser,Hà Nội,"27, số 8 phố viên, Hà Nội",None,None,hairdresser,21.0725739,105.7728725
thời trang nữ Vân Tũn,fashion_accessories,Hà Nội,"thời trang nữ Vân Tũn, Ngõ 32 Phố Viên, Phường Đông Ngạc, Thành phố Hà Nội, 12500, Việt Nam",None,None,fashion_accessories,21.0723863,105.772925
tài kevil,hairdresser,Hà Nội,"tài kevil, Ngõ 32 Phố Viên, Phường Đông Ngạc, Thành phố Hà Nội, 12500, Việt Nam",None,None,hairdresser,21.0723576,105.7728692
Xổ số tự chọn VIETLOT,lottery,Hà Nội,"Xổ số tự chọn VIETLOT, Ngõ 32 Phố Viên, Phường Đông Ngạc, Thành phố Hà Nội, 12500, Việt Nam",None,None,lottery,21.071635,105.7728631
None,motorcycle_repair,Hà Nội,Đường Cổ Nhuế,None,None,motorcycle_repair,21.0711739,105.7770568
None,bakery,Hà Nội,"Ngõ 446 Đường Cổ Nhuế, Phường Đông Ngạc, Thành phố Hà Nội, 12500, Việt Nam",None,None,bakery,21.0708993,105.7771671
None,supermarket,Hà Nội,Đường Cổ Nhuế,None,None,supermarket,21.0707826,105.7772691
Cửa Hàng Anh Minh Gaming Center,video_games,Hà Nội,"12, Đường Lê Văn Hiến, Phường Đức Thắng",None,None,video_games,21.0744189,105.77325
None,convenience,Hà Nội,"Lê Văn Hiến, Phường Đông Ngạc, Thành phố Hà Nội, 12500, Việt Nam",None,None,convenience,21.0741834,105.7736832
Cửa Hàng Anubis Gaming Center,video_games,Hà Nội,"Cửa Hàng Anubis Gaming Center, Lê Văn Hiến, Phường Đông Ngạc, Thành phố Hà Nội, 12500, Việt Nam",None,None,video_games,21.0744224,105.7731934
None,hairdresser,Hà Nội,"Lê Văn Hiến, Phường Đông Ngạc, Thành phố Hà Nội, 12500, Việt Nam",None,None,hairdresser,21.0747623,105.772938
None,printer_ink,Hà Nội,"Lê Văn Hiến, Phường Đông Ngạc, Thành phố Hà Nội, 12500, Việt Nam",None,None,printer_ink,21.0747623,105.7729014
Circle K,convenience,Hà Nội,"Circle K, Lê Văn Hiến, Phường Đông Ngạc, Thành phố Hà Nội, 12500, Việt Nam",None,None,convenience,21.0747408,105.7722023
Photocopy Duy Dương,printer_ink,Hà Nội,"Photocopy Duy Dương, Lê Văn Hiến, Phường Đông Ngạc, Thành phố Hà Nội, 12500, Việt Nam",None,None,printer_ink,21.0747541,105.7727663
None,clothes,Hà Nội,"Lê Văn Hiến, Phường Đông Ngạc, Thành phố Hà Nội, 12500, Việt Nam",None,None,clothes,21.074762,105.7728726
Vision,clothes,Hà Nội,"65, Đường Lê Văn Hiến, Phường Đức Thắng",None,None,clothes,21.0747519,105.7732196
Cửa Hàng Thời Trang HT,clothes,Hà Nội,"Cửa Hàng Thời Trang HT, Lê Văn Hiến, Phường Đông Ngạc, Thành phố Hà Nội, 12500, Việt Nam",None,None,clothes,21.0747504,105.7732794
Photocopy chụp ảnh thẻ,printer_ink,Hà Nội,"Photocopy chụp ảnh thẻ, Lê Văn Hiến, Phường Đông Ngạc, Thành phố Hà Nội, 12500, Việt Nam",None,None,printer_ink,21.0747562,105.7733524
Hùng Anh Photocopy,printer_ink,Hà Nội,"88, Sông Nhuệ, Phường Đức Thắng, 100000",None,None,printer_ink,21.0747562,105.7724371
"Tiệm quà tặng, lưu niệm",gift,Hà Nội,"Tiệm quà tặng, lưu niệm, Lê Văn Hiến, Phường Đông Ngạc, Thành phố Hà Nội, 12500, Việt Nam",None,None,gift,21.0747519,105.7723268
None,motorcycle_repair,Hà Nội,Đường Cổ Nhuế,None,None,motorcycle_repair,21.0712296,105.7770607
None,interior_decoration,Hà Nội,Đường Cổ Nhuế,None,None,interior_decoration,21.0704912,105.7775344
None,motorcycle_repair,Hà Nội,Đường Cổ Nhuế,None,None,motorcycle_repair,21.0701279,105.7776015
None,chemist,Hà Nội,Đường Cổ Nhuế,None,None,chemist,21.0697427,105.7779025
None,hairdresser,Hà Nội,Đường Cổ Nhuế,None,None,hairdresser,21.0702206,105.7775035
None,art;interior_decoration,Hà Nội,Đường Cổ Nhuế,None,None,art;interior_decoration,21.0704988,105.7776011
None,interior_decoration,Hà Nội,Đường Cổ Nhuế,None,None,interior_decoration,21.0704321,105.7776088
None,wholesale,Hà Nội,Đường Cổ Nhuế,None,None,wholesale,21.0698243,105.7779598
None,tea,Hà Nội,"Phố Viên, Phường Đông Ngạc, Thành phố Hà Nội, 12500, Việt Nam",None,None,tea,21.0716206,105.776893
None,supermarket,Hà Nội,"đường ăn phở, Phường Đông Ngạc, Thành phố Hà Nội, 12500, Việt Nam",None,None,supermarket,21.0681574,105.7772475
Tiệm sửa xe Thành Đạt,car_repair,Hà Nội,"439, Đường Hoàng Tăng Bí",None,None,car_repair,21.0832598,105.7722173
Nhà phân phối nước giải khát Hải Sơn,water,Hà Nội,"419, Đường Hoàng Tăng Bí",None,None,water,21.083324,105.7731259
Tiệm cắt tóc nam,hairdresser,Hà Nội,"417, Đường Hoàng Tăng Bí",None,None,hairdresser,21.0833291,105.7731602
Đồ Gỗ Kim Hoàng,yes,Hà Nội,"363, Đường Hoàng Tăng Bí",None,None,yes,21.0834074,105.7742247
None,hairdresser,Hà Nội,"1, Lê Văn Hiến, Hà Nội",None,None,hairdresser,21.0742,105.7734409
Tiệm Bánh Tình Thân,bakery,Hà Nội,"64, Lê Văn Hiến, Hà Nội",None,None,bakery,21.0746898,105.7735745
Green Smoothies,beverages,Hà Nội,"Green Smoothies, Lối vào Ô tô, Phường Long Biên, Thành phố Hà Nội, 08443, Việt Nam",None,None,beverages,21.0271879,105.9000197
None,hairdresser,Hà Nội,Đường Cổ Nhuế,None,None,hairdresser,21.0707783,105.7770538
None,supermarket,Hà Nội,Đường Cổ Nhuế,None,None,supermarket,21.0700638,105.777606
Sản Vật Việt Bắc,supermarket,Hà Nội,"Sản Vật Việt Bắc, Đường Phạm Văn Nghị, Phường Đông Ngạc, Thành phố Hà Nội, 12500, Việt Nam",None,None,supermarket,21.065421,105.7619606
None,frozen_food,Hà Nội,"Đường Phạm Văn Nghị, Phường Đông Ngạc, Thành phố Hà Nội, 12500, Việt Nam",None,None,frozen_food,21.0652876,105.7619632
quán sửa xe máy 3,car_repair,Hà Nội,"quán sửa xe máy 3, Khu B Đại Học Mỏ, Phường Đông Ngạc, Thành phố Hà Nội, 12500, Việt Nam",None,None,car_repair,21.0668492,105.7622957
Tạp Hóa Thẻ Điện Thoại Minh Phúc,variety_store,Hà Nội,"Tạp Hóa Thẻ Điện Thoại Minh Phúc, Đường Đức Thắng, Phường Đông Ngạc, Thành phố Hà Nội, 12500, Việt Nam",None,None,variety_store,21.0827941,105.7783207
Shop Tilano,clothes,Hà Nội,"Shop Tilano, Đường Đức Thắng, Phường Đông Ngạc, Thành phố Hà Nội, 12500, Việt Nam",None,None,clothes,21.0811372,105.778021
Cửa Hàng Đá Hoa Cương Lực Lê,yes,Hà Nội,"Cửa Hàng Đá Hoa Cương Lực Lê, Đường Đức Thắng, Phường Đông Ngạc, Thành phố Hà Nội, 12500, Việt Nam",None,None,yes,21.0808518,105.7778931
Cửa Hàng Gas - Bếp Gas Trường Sơn,yes,Hà Nội,"Cửa Hàng Gas - Bếp Gas Trường Sơn, Đường Đức Thắng, Phường Đông Ngạc, Thành phố Hà Nội, 12500, Việt Nam",None,None,yes,21.0802025,105.7777901
Thế Giới Di Động,mobile_phone,Hà Nội,"Thế Giới Di Động, Đông Ngạc, Phường Đông Ngạc, Thành phố Hà Nội, 11909, Việt Nam",None,None,mobile_phone,21.0912636,105.7854839
Cửa Hàng Bánh Mì Flan,bakery,Hà Nội,"Cửa Hàng Bánh Mì Flan, Đường Đông Ngạc, Phường Đông Ngạc, Thành phố Hà Nội, 11909, Việt Nam",None,None,bakery,21.0914078,105.7850075
Tâm Chính,books,Hà Nội,"Tâm Chính, Đường Đông Ngạc, Phường Đông Ngạc, Thành phố Hà Nội, 11909, Việt Nam",None,None,books,21.0914198,105.7842887
Phú Thành,houseware,Hà Nội,"Phú Thành, Đường Tân Xuân, Phường Đông Ngạc, Thành phố Hà Nội, 11909, Việt Nam",None,None,houseware,21.0904648,105.7855525
Cửa Hàng Nội Thất Gỗ Thảo Nguyên,furniture,Hà Nội,"Cửa Hàng Nội Thất Gỗ Thảo Nguyên, Đường Hoàng Tăng Bí, Phường Đông Ngạc, Thành phố Hà Nội, 11909, Việt Nam",None,None,furniture,21.083904,105.779096
Cửa Hàng Nội Thất Quang Vinh,yes,Hà Nội,"Cửa Hàng Nội Thất Quang Vinh, Đường Đông Thắng, Phường Đông Ngạc, Thành phố Hà Nội, 11909, Việt Nam",None,None,yes,21.0839043,105.779019
Cửa Hàng Đồ Gỗ Cao Cấp Minh Tiệp,yes,Hà Nội,"Cửa Hàng Đồ Gỗ Cao Cấp Minh Tiệp, Đường Hoàng Tăng Bí, Phường Đông Ngạc, Thành phố Hà Nội, 11909, Việt Nam",None,None,yes,21.0837922,105.7792818
WinMart+,convenience,Hà Nội,"107, Đường Tân Xuân, 100000",None,None,convenience,21.0810363,105.7849635
Cắt Tóc Nam Quốc Đạt,hairdresser_supply,Hà Nội,"Cắt Tóc Nam Quốc Đạt, Đường Hoàng Tăng Bí, Phường Đông Ngạc, Thành phố Hà Nội, 11909, Việt Nam",None,None,hairdresser_supply,21.0838827,105.7792268
Cửa Hàng Đi Động 191,mobile_phone,Hà Nội,"Cửa Hàng Đi Động 191, Đường Tân Xuân, Phường Đông Ngạc, Thành phố Hà Nội, 11909, Việt Nam",None,None,mobile_phone,21.0892863,105.7854341
Cửa Hàng Xe Giang Sơn,motorcycle,Hà Nội,"Cửa Hàng Xe Giang Sơn, Đường Tân Xuân, Phường Đông Ngạc, Thành phố Hà Nội, 11909, Việt Nam",None,None,motorcycle,21.0890315,105.7854022
Trung tâm phụ tùng xe tải,car_repair,Hà Nội,"Trung tâm phụ tùng xe tải, Đường Cầu Diễn, Phường Tây Tựu, Di Trạch, Thành phố Hà Nội, 34000, Việt Nam",None,None,car_repair,21.0526437,105.7356588
Van Khanh Mobile Phone Center,mobile_phone,Hà Nội,"Van Khanh Mobile Phone Center, Đường Cầu Diễn, Phường Tây Tựu, Di Trạch, Thành phố Hà Nội, 34000, Việt Nam",None,None,mobile_phone,21.0536087,105.7342552
Siêu thị bếp gas Sinh Viên,supermarket,Hà Nội,"Siêu thị bếp gas Sinh Viên, Đường Cầu Diễn, Phường Tây Tựu, Di Trạch, Thành phố Hà Nội, 34000, Việt Nam",None,None,supermarket,21.0536682,105.7344516
Cửa Hàng Xe Điện Thành Nam Cở Sở 2,motorcycle,Hà Nội,"Cửa Hàng Xe Điện Thành Nam Cở Sở 2, Xuân Phương, Phường Xuân Phương, Di Trạch, Thành phố Hà Nội, 34000, Việt Nam",None,None,motorcycle,21.0535895,105.7334095
Cửa Hàng Tranh Thêu Kem,yes,Hà Nội,"Cửa Hàng Tranh Thêu Kem, Đường Cầu Diễn, Phường Tây Tựu, Di Trạch, Thành phố Hà Nội, 34000, Việt Nam",None,None,yes,21.0538515,105.7336902
Cửa Hàng Gas Đại Dương,gas,Hà Nội,"Cửa Hàng Gas Đại Dương, Đường Cầu Diễn, Phường Tây Tựu, Di Trạch, Thành phố Hà Nội, 34000, Việt Nam",None,None,gas,21.0540809,105.73354
Cửa Hàng Cắt Tóc Đức Sài Gòn,hairdresser,Hà Nội,"1A, Hoàng Tăng Bí, Hà Nội, 100000",None,None,hairdresser,21.0816893,105.7846272
nội thất Thảo Nguyên,furniture,Hà Nội,"1, Hoàng Tăng Bí, Hà Nội, 100000",None,None,furniture,21.0817152,105.7845694
Đại Lý Minh Khang,yes,Hà Nội,"Đại Lý Minh Khang, Hoàng Tăng Bí, Phường Đông Ngạc, Thành phố Hà Nội, 11909, Việt Nam",None,None,yes,21.0817375,105.7845055
trà sơn,furniture,Hà Nội,"9, Hoàng Tăng Bí, Hà Nội, 100000",None,None,furniture,21.0818606,105.7842655
Nội thất smile house,furniture,Hà Nội,"19, Hoàng Tăng Bí, Hà Nội, 100000",None,None,furniture,21.0819895,105.783933
Nội thất Đức Cường,furniture,Hà Nội,"21, Hoàng Tăng Bí, Hà Nội, 100000",None,None,furniture,21.0820271,105.7838565
Xưởng Thực hành sơn  và sửa chưa Thân xe,car_repair,Hà Nội,"Xưởng Thực hành sơn  và sửa chưa Thân xe, Đường Cầu Diễn, Phường Tây Tựu, Di Trạch, Thành phố Hà Nội, 34000, Việt Nam",None,None,car_repair,21.0534433,105.7346357
Cửa Hàng Đá Anh Quyền,yes,Hà Nội,"34, Đường Hoàng Tăng Bí",None,None,yes,21.083698,105.7769325
"Salon, mỹ phẩm",beauty,Hà Nội,"50, Đường Hoàng Tăng Bí",None,None,beauty,21.083637,105.7760249
None,furniture,Hà Nội,"29, Hoàng Tăng Bí, Hà Nội, 100000",None,None,furniture,21.0821146,105.7836124
Đại Lý Huyền Trang,yes,Hà Nội,"Đại Lý Huyền Trang, Đường Hoàng Tăng Bí, Phường Đông Ngạc, Thành phố Hà Nội, 11909, Việt Nam",None,None,yes,21.0823268,105.7830255
Cửa Hàng Nội Thất Tiền Đường,furniture,Hà Nội,"Hoàng Tăng Bí, Hà Nội",None,None,furniture,21.0827924,105.7819991
nhóm 6,car_repair,Hà Nội,"38, Đường Hoàng Tăng Bí, Hà Nội, 100000",None,None,car_repair,21.0837529,105.7768861
None,clothes,Hà Nội,Đường Cổ Nhuế,None,None,clothes,21.0706998,105.7774009
None,clothes,Hà Nội,Đường Cổ Nhuế,None,None,clothes,21.0709194,105.7772163
None,doityourself,Hà Nội,Đường Cổ Nhuế,None,None,doityourself,21.0696917,105.7781431
None,car_repair,Hà Nội,cổ nhuế,None,None,car_repair,21.0714162,105.7770754
None,butcher,Hà Nội,"Đường Đức Thắng, Phường Đông Ngạc, Thành phố Hà Nội, 12500, Việt Nam",None,None,butcher,21.0728885,105.7761907
None,tool_hire,Hà Nội,Đường Cổ Nhuế,None,None,tool_hire,21.067674,105.7790712
None,doityourself,Hà Nội,Đường Cổ Nhuế,None,None,doityourself,21.0672335,105.7793153
None,jewelry,Hà Nội,Đường Cổ Nhuế,None,None,jewelry,21.0670483,105.779216
None,hairdresser,Hà Nội,Đường Cổ Nhuế,None,None,hairdresser,21.0665327,105.7793072
None,clothes,Hà Nội,Đường Cổ Nhuế,None,None,clothes,21.0658694,105.7794574
None,bakery,Hà Nội,"Ngõ 310 Đường Cổ Nhuế, Phường Đông Ngạc, Thành phố Hà Nội, 12500, Việt Nam",None,None,bakery,21.0665166,105.7796211
None,furniture,Hà Nội,Đường Cổ Nhuế,None,None,furniture,21.065484,105.7795084
None,variety_store,Hà Nội,Đường Cổ Nhuế,None,None,variety_store,21.0652637,105.7795325
None,variety_store,Hà Nội,Đường Cổ Nhuế,None,None,variety_store,21.0648682,105.7796506
Trung Tâm Gaming Kutit,video_games,Hà Nội,"Trung Tâm Gaming Kutit, Phố Viên, Phường Đông Ngạc, Thành phố Hà Nội, 12500, Việt Nam",None,None,video_games,21.0716367,105.7731091
Shop Hàng hiệu,leather,Hà Nội,Hà Nội,None,None,leather,21.0686809,105.7616008
Tinh Dầu 100,supermarket,Hà Nội,"32B, Phố Lạc Trung, Phường Thanh Lương",None,None,supermarket,21.003113,105.8622289
Rice City Mall,mall,Hà Nội,"Rice City Mall, Phố Văn Tân, Linh Đàm, Phường Hoàng Liệt, Văn Điển, Thành phố Hà Nội, 11718, Việt Nam",None,None,mall,20.9634554,105.8230233
Cửa Hàng Bánh Rán Cổ Truyền Mật Đường,bakery,Hà Nội,"Cửa Hàng Bánh Rán Cổ Truyền Mật Đường, Phố Hàng Chiếu, Khu phố cổ, Phường Hoàn Kiếm, Thành phố Hà Nội, 11010, Việt Nam",None,None,bakery,21.0371669,105.8508998
V1-Sửa xe Tuấn Sơn,car_repair,Hà Nội,"145, Đường Cổ Nhuế, Hà Nội",None,None,car_repair,21.0621616,105.7805715
V7-Shop Chính Nguyên,clothes,Hà Nội,"169, Đường Cổ Nhuế, Hà Nội",None,None,clothes,21.0624891,105.7803941
V11-Vàng bạc Đức Dũng,jewelry,Hà Nội,"191, Đường Cổ Nhuế, Hà Nội",None,None,jewelry,21.062899,105.7801765
V12-Danh Hà Motor,car_repair,Hà Nội,"193, Đường Cổ Nhuế, Hà Nội",None,None,car_repair,21.0629305,105.7801549
V14-Sneaker18,shoes,Hà Nội,"201, Đường Cổ Nhuế, Hà Nội",None,None,shoes,21.0631187,105.7800482
V15-D-mark,appliance,Hà Nội,"209, Đường Cổ Nhuế, Hà Nội",None,None,appliance,21.0632802,105.7799333
V16-Laptop219,computer,Hà Nội,"219, Đường Cổ Nhuế, Hà Nội",None,None,computer,21.0633871,105.7798841
V17-Đăng Quang,hairdresser,Hà Nội,"223, Đường Cổ Nhuế, Hà Nội",None,None,hairdresser,21.0634514,105.7798486
V20-Tân Dung,tailor,Hà Nội,"241, Đường Cổ Nhuế, Hà Nội",None,None,tailor,21.0636993,105.77971
V21-Ánh Ngọc Nails,beauty,Hà Nội,"245, Đường Cổ Nhuế, Hà Nội",None,None,beauty,21.0637859,105.7796682
V23-Vương Tuấn,appliance,Hà Nội,"265, Đường Cổ Nhuế, Hà Nội",None,None,appliance,21.0640312,105.77959
V24-Đại lý Hương Điệp,variety_store,Hà Nội,"296, Đường Cổ Nhuế, Hà Nội",None,None,variety_store,21.0641243,105.7795545
V27-Tuấn Minh,dry_cleaning,Hà Nội,"277, Đường Cổ Nhuế, Hà Nội",None,None,dry_cleaning,21.0644104,105.7794782
V28-Hair beaty salon Nga Nguyễn,hairdresser,Hà Nội,"279, Đường Cổ Nhuế, Hà Nội",None,None,hairdresser,21.0644737,105.7794628
V29-Ngọc Chiến,mobile_phone,Hà Nội,"285A, Đường Cổ Nhuế, Hà Nội",None,None,mobile_phone,21.0645545,105.7794329
V30-Shop Minh,clothes,Hà Nội,"297, Đường Cổ Nhuế, Hà Nội",None,None,clothes,21.064706,105.7794248
V31-Điện máy Thanh Lý -Mạnh Tuyên,appliance,Hà Nội,"299, Đường Cổ Nhuế, Hà Nội",None,None,appliance,21.0647762,105.7794095
V35-Tiệm bánh Minh Quang,pastry,Hà Nội,"329, Đường Cổ Nhuế, Hà Nội",None,None,pastry,21.0653593,105.7793688
V32-Hair salon Q Luyện,hairdresser,Hà Nội,"305, Đường Cổ Nhuế, Hà Nội",None,None,hairdresser,21.0648221,105.7794184
Helios Auto Detailing,car_repair,Hà Nội,"Dịch vụ 2, Nguyễn Văn Lộc, Hà Nội, 10000",None,None,car_repair,20.9836509,105.7801703
Điện Máy Dũng Doanh,yes,Hà Nội,"251, Lô C8 Khu đô thị Đại Kim, Đường Nguyễn Cảnh Dị, Đại Kim, Hoàng Mai, Hà Nội, Hà Nội",None,None,yes,20.9735693,105.8353638
Q Brows Microblading,beauty,Hà Nội,"R4, Royal City Complex, 100000",None,None,beauty,21.0031584,105.8162254
Cửa Hàng Viễn Thông Ngọc Trâm,mobile_phone,Hà Nội,"Cửa Hàng Viễn Thông Ngọc Trâm, Ngõ 335 Đường Nguyễn Trãi, Phường Khương Đình, Thành phố Hà Nội, 12011, Việt Nam",None,None,mobile_phone,20.9912161,105.8040928
Tous les Jours,bakery,Hà Nội,"Khu D6, Madarin Garden, Hoàng Minh Giám, Hà Nội, 100000",None,None,bakery,21.0044803,105.7989924
Siêu Thị BRG,supermarket,Hà Nội,"Siêu Thị BRG, Đường Cao Lỗ, Xã Đông Anh, Thành phố Hà Nội, 12323, Việt Nam",None,None,supermarket,21.1383517,105.8567809
Siêu Thị BRG,supermarket,Hà Nội,"Siêu Thị BRG, Đường Cổ Loa, Xã Đông Anh, Thành phố Hà Nội, 12323, Việt Nam",None,None,supermarket,21.1114121,105.8768821
Trung Đức,furniture,Hà Nội,"321, Hoàng Quốc Việt, Hà Nội, 10000",None,None,furniture,21.0459556,105.7944664
Hazu Shop,supermarket,Hà Nội,"số 50, Phố Dương Khuê, Hà Nội, 100925",None,None,supermarket,21.0348579,105.7728934
THỜI TRANG MONCHERI NAM ANH ITALIA,tailor,Hà Nội,"THỜI TRANG MONCHERI NAM ANH ITALIA, Đường Xuân Tảo, Phường Nghĩa Đô, Thành phố Hà Nội, 10072, Việt Nam",None,None,tailor,21.046707,105.7979292
WinMart+,convenience,Hà Nội,"WinMart+, Ngõ 4 Phố Nghĩa Đô, Phường Nghĩa Đô, Thành phố Hà Nội, 10072, Việt Nam",None,None,convenience,21.0474112,105.7968251
Hợp Tác Xã Giống Cây Trồng Cổ Bi,agrarian,Hà Nội,"Hợp Tác Xã Giống Cây Trồng Cổ Bi, Ngõ 113 Đường Cổ Bi, Thôn Vàng, Xã Gia Lâm, Thành phố Hà Nội, 08443, Việt Nam",None,None,agrarian,21.0315107,105.9410551
None,florist,Hà Nội,"1, Phố Văn Miếu, Hà Nội",None,None,florist,21.0298473,105.8370057
Thanh Xuân Nina Flower,florist,Hà Nội,"15, Phố Văn Miếu, Hà Nội",None,None,florist,21.02947,105.8368413
Yly,florist,Hà Nội,"23, Phố Văn Miếu, Hà Nội",None,None,florist,21.0293361,105.8367936
www.hoaphuongdong.com,florist,Hà Nội,"33B, Phố Văn Miếu, Hà Nội",None,None,florist,21.0284015,105.8364387
TRẦM HƯƠNG ĐẤT QUẢNG,art,Hà Nội,"TRẦM HƯƠNG ĐẤT QUẢNG, 37, Phố Văn Miếu, Phường Văn Miếu - Quốc Tử Giám, Thành phố Hà Nội, 10346, Việt Nam",None,None,art,21.0282913,105.8364036
Thảo Nguyên,florist,Hà Nội,"37D, Phố Văn Miếu, Hà Nội",None,None,florist,21.028251,105.8363843
Nhà thuốc 37D Văn Miếu,florist,Hà Nội,"37D, Phố Văn Miếu, Hà Nội",None,None,florist,21.0282088,105.8363665
Thành Hiếu,computer,Hà Nội,"63, Phố Văn Miếu, Hà Nội",None,None,computer,21.0275299,105.8360489
Đồ Gỗ Tư Quỳnh,yes,Hà Nội,"Số 32, Kho Sáu Vạn Điểm, Hà Nội",None,None,yes,20.7760134,105.9089442
Big C,supermarket,Hà Nội,"Km8, Đường Võ Văn Kiệt",None,None,supermarket,21.1863594,105.7826693
Thiết bị vệ sinh Ngân Phát,furniture,Hà Nội,"17, Thanh Nhàn, Ha Noi",None,None,furniture,21.0028714,105.8601001
Cửa Hàng Thẩm Mỹ Dr Pluscell,beauty,Hà Nội,"505, Phố Minh Khai, Hà Nội, 11622",None,None,beauty,20.999642,105.8703136
WinMart+,convenience,Hà Nội,"250, Sô1, Ngõ 250 Đường Kim Giang, Hà Nội, 11718",None,None,convenience,20.9790995,105.8206071
Chợ Xanh Văn Quán,supermarket,Hà Nội,"Chợ Xanh Văn Quán, Phố Nguyễn Khuyến, Khu đô thị Văn Quán, Phường Hà Đông, Thành phố Hà Nội, 12100, Việt Nam",None,None,supermarket,20.9742689,105.7914454
TH True Mart,dairy,Hà Nội,"92, Đường Kim Giang, Hà Nội, 10000",None,None,dairy,20.9822941,105.8159644
Tuấn Việt,camera,Hà Nội,"3B, Ngõ Bảo Khánh, Hà Nội",None,None,camera,21.0305161,105.8505276
tổng đài fpt,yes,Hà Nội,"109, Đường Âu Cơ, Hà Nội, 100000",None,None,yes,21.0631245,105.8318814
WinMart+,convenience,Hà Nội,Ngõ 68A Võ Chí Công,None,None,convenience,21.055796,105.8052906
None,supermarket,Hà Nội,"Ngõ 144 Mai Dịch, Phường Phú Diễn, Thành phố Hà Nội, 10065, Việt Nam",None,None,supermarket,21.0445526,105.7753232
Circle K,convenience,Hà Nội,"13, Phố Khương Hạ, Hà Nội",None,None,convenience,20.9924391,105.8156902
WinMart,supermarket,Hà Nội,Ngõ 689 Lạc Long Quân,None,None,supermarket,21.0791125,105.8137396
K-Market,convenience,Hà Nội,"161, Đường Xuân La, Hà Nội",None,None,convenience,21.0678847,105.8015644
WinMart+,convenience,Hà Nội,"161, Đường Xuân La, Hà Nội",None,None,convenience,21.0684473,105.8023371
Homefarm,frozen_food,Hà Nội,"446, Đường Khương Đình, Hà Nội, 100000",None,None,frozen_food,20.9869139,105.8131521
WinMart+,convenience,Hà Nội,"414, Đường Khương Đình, Hà Nội",None,None,convenience,20.9878691,105.8128848
POS365 - Phần mềm quản lý bán hàng,computer,Hà Nội,"Tầng 5, Tháp A, 88 Láng Hạ, Hà Nội, 100000",None,None,computer,21.0123068,105.8110781
Circle K,convenience,Hà Nội,"292, Phố Hoàng Văn Thái, Hà Nội",None,None,convenience,20.9988468,105.8203626
Circle K,convenience,Hà Nội,"Đường Nghiêm Xuân Yêm, Hà Nội",None,None,convenience,20.9732572,105.8208569
K-Market,convenience,Hà Nội,Hà Nội,None,None,convenience,20.9871963,105.7861003
WinMart+,convenience,Hà Nội,Phố Trung Kính,None,None,convenience,21.01322,105.8007024
Pharmacity,chemist,Hà Nội,"52, Phố Lê Trọng Tấn, Hà Nội, 100000",None,None,chemist,20.9995824,105.8277831
Circle K,convenience,Hà Nội,"46, Phố Lê Trọng Tấn, Hà Nội",None,None,convenience,20.9997582,105.8278619
Luckin Mart,convenience,Hà Nội,"204, Đường Kim Giang, Hà Nội",None,None,convenience,20.9799249,105.8189905
SIÊU THỊ ĐỨC THÀNH,supermarket,Hà Nội,"152, Phố Tân Mai",None,None,supermarket,20.9834182,105.8523881
Việt Nhật Motor,motorcycle_repair,Hà Nội,"Việt Nhật Motor, 2, Phố Trung Kính, Phường Yên Hòa, Thành phố Hà Nội, 10055, Việt Nam",None,None,motorcycle_repair,21.0133515,105.8006354
Circle K,convenience,Hà Nội,"Circle K, Phố Nguyên Hồng, Phường Láng, Thành phố Hà Nội, 10167, Việt Nam",None,None,convenience,21.0166344,105.8110667
WinMart,supermarket,Hà Nội,"170, Đường La Thành, Hà Nội",None,None,supermarket,21.02091,105.8278952
AEON MaxValu,supermarket,Hà Nội,"349, Phố Vũ Tông Phan, Hà Nội",None,None,supermarket,20.990925,105.8142339
Pharmacity,chemist,Hà Nội,"94, Phố Tô Vĩnh Diện, Hà Nội",None,None,chemist,20.9988127,105.8201338
TH True Mart,dairy,Hà Nội,"6, Phố Tràng Tiền, Hà Nội",None,None,dairy,21.0247096,105.856426
Pandora,jewelry,Hà Nội,"60, Phố Lý Thái Tổ, Hà Nội",None,None,jewelry,21.024755,105.8566891
"Vinmart + 67 Phú Minh, Sóc Sơn",supermarket,Hà Nội,"Vinmart + 67 Phú Minh, Sóc Sơn, Quốc lộ 2, Xã Nội Bài, Thành phố Hà Nội, Việt Nam",None,None,supermarket,21.1983835,105.8233685
Tmart,convenience,Hà Nội,"274, Đường Khương Đình, Hà Nội",None,None,convenience,20.9913639,105.8132939
Tmart,convenience,Hà Nội,"485, Phố Vũ Tông Phan, Hà Nội, 100000",None,None,convenience,20.9865313,105.8140295
Circle K,convenience,Hà Nội,"1, Phố Tô Vĩnh Diện, Hà Nội",None,None,convenience,21.0002047,105.8220944
Công Ty Cổ Phần Quốc Tế Homefarm,frozen_food,Hà Nội,"282, Phố Hoàng Văn Thái, Hà Nội, 120911",None,None,frozen_food,20.998486,105.8208389
FPT Shop,mobile_phone,Hà Nội,"FPT Shop, Đường Thụy Khuê, Phường Tây Hồ, Thành phố Hà Nội, 10072, Việt Nam",None,None,mobile_phone,21.048479,105.8066219
WinMart+,convenience,Hà Nội,"186-188, Phố Tư Đình",None,None,convenience,21.0312576,105.8888139
Cửa Hàng Tạp Hóa Thắm Mạnh,variety_store,Hà Nội,"Cửa Hàng Tạp Hóa Thắm Mạnh, Phố Tư Đình, Phường Long Biên, Thành phố Hà Nội, 08443, Việt Nam",None,None,variety_store,21.0313502,105.8888282
Cửa Hàng Tạp Hóa Long Lập,variety_store,Hà Nội,"Cửa Hàng Tạp Hóa Long Lập, Ngõ 188 Phố Tư Đình, Phường Long Biên, Thành phố Hà Nội, 08443, Việt Nam",None,None,variety_store,21.030834,105.8892942
Tiệm sửa xe máy,motorcycle_repair,Hà Nội,"Tiệm sửa xe máy, Phố Tư Đình, Phường Long Biên, Thành phố Hà Nội, 08443, Việt Nam",None,None,motorcycle_repair,21.0311943,105.8887393
WinMart+,convenience,Hà Nội,"242, Đường Mỹ Đình",None,None,convenience,21.0271177,105.7734088
None,outdoor,Hà Nội,"Phố Hoa Lâm, Phường Việt Hưng, Thành phố Hà Nội, 11810, Việt Nam",None,None,outdoor,21.0566596,105.8953716
Siêu thị Lanchi Mart,supermarket,Hà Nội,"Siêu thị Lanchi Mart, Đường Vạn Xuân, Xã Đan Phượng, Thành phố Hà Nội, Việt Nam",None,None,supermarket,21.085962,105.6635783
L's Place,convenience,Hà Nội,"Toà nhà CT1, Phố Trần Văn Lai, Hà Nội",None,None,convenience,21.0153211,105.7749992
L's Place,convenience,Hà Nội,"241, Đường Xuân Thủy, Hà Nội",None,None,convenience,21.0358212,105.7829859
L's Place,convenience,Hà Nội,"Đường Nguyễn Hoàng Tôn, Hà Nội",None,None,convenience,21.073887,105.8013741
Hico Trung Tâm Mua Sắm Online Uy Tín,supermarket,Hà Nội,"số 47, Ngõ 159 Phố Pháo Đài Láng, Hà Nội, 100000",None,None,supermarket,21.0171575,105.8047926
None,bookmaker,Hà Nội,"Phố Gia Quất, Phường Bồ Đề, Thành phố Hà Nội, 11810, Việt Nam",None,None,bookmaker,21.056289,105.8770477
Pharmacity,chemist,Hà Nội,"29, Nguyễn Quý Đức, Hà Nội",None,None,chemist,20.992803,105.7979595
Nệm Everon - Sảnh S2.01 KĐT Vinhomes Smart City,furniture,Hà Nội,"Nệm Everon - Sảnh S2.01 KĐT Vinhomes Smart City, Đường Vạn Xuân, Vinhomes Smart City, Phường Tây Mỗ, Thành phố Hà Nội, 34000, Việt Nam",None,None,furniture,21.0072395,105.7372088
Bread Factory - Mỹ Đình,bakery,Hà Nội,"Bread Factory - Mỹ Đình, Phố Hoàng Trọng Mậu, Khu đô thị Mỹ Đình Sông Đà, Phường Từ Liêm, Thành phố Hà Nội, 10074, Việt Nam",None,None,bakery,21.0156895,105.7763396
Mazda Phạm Văn Đồng,car,Hà Nội,"Phạm Văn Đồng, Q.Bắc Từ Liêm",None,None,car,21.0509254,105.7805264
Vincom Plaza Bắc Từ Liêm,mall,Hà Nội,"Vincom Plaza Bắc Từ Liêm, Đường số 2, Khu đô thị Thành phố Giao lưu, Phường Phú Diễn, Thành phố Hà Nội, 10065, Việt Nam",None,None,mall,21.0534891,105.7807993
Tomibun Mart,general,Hà Nội,"Tomibun Mart, Ngõ 535 Kim Mã, Phường Giảng Võ, Thành phố Hà Nội, 10303, Việt Nam",None,None,general,21.0294607,105.8102617
Versace,clothes,Hà Nội,"Versace, Phố Đào Tấn, Phường Giảng Võ, Thành phố Hà Nội, 10252, Việt Nam",None,None,clothes,21.0321038,105.812567
Đồ Dùng Nhà Bếp Moriitali,houseware,Hà Nội,"Đồ Dùng Nhà Bếp Moriitali, Phố Đào Tấn, Phường Giảng Võ, Thành phố Hà Nội, 10252, Việt Nam",None,None,houseware,21.0320998,105.8124878
Siêu thị Điện máy Nguyễn Kim - Ba Đình,electronics,Hà Nội,"Siêu thị Điện máy Nguyễn Kim - Ba Đình, Ngõ 15 Đường Nguyễn Chí Thanh, Phường Giảng Võ, Thành phố Hà Nội, 10251, Việt Nam",None,None,electronics,21.0294612,105.8130616
Trung Tâm Thương Mại Lion Mall,mall,Hà Nội,"Trung Tâm Thương Mại Lion Mall, Đường Xuân Diệu, Phường Tây Hồ, Thành phố Hà Nội, 11207, Việt Nam",None,None,mall,21.0653061,105.8270716
Mac Plaza,mall,Hà Nội,"Mac Plaza, Ngõ 4 Đường Trần Phú, Phường Hà Đông, Thành phố Hà Nội, 12011, Việt Nam",None,None,mall,20.9837567,105.7913433
K-Market - Splendora,supermarket,Hà Nội,"K-Market - Splendora, Splendora, Khu đô thị Bắc An Khánh, Xã Sơn Đồng, Thành phố Hà Nội, 34000, Việt Nam",None,None,supermarket,21.0159966,105.7230641
Bảo Sơn Mobile,mobile_phone,Hà Nội,"20, Định Công Thượng",None,None,mobile_phone,20.981569,105.8201861
Trung con Motor,motorcycle_repair,Hà Nội,"47, Định Công Thượng",None,None,motorcycle_repair,20.9817514,105.8201945
Owen,clothes,Hà Nội,"Owen, Phố Vọng Đức, Phường Cửa Nam, Thành phố Hà Nội, 10190, Việt Nam",None,None,clothes,21.0216842,105.8539233
None,camera,Hà Nội,"Phố Vọng Đức, Phường Cửa Nam, Thành phố Hà Nội, 11020, Việt Nam",None,None,camera,21.0218948,105.8535115
None,camera,Hà Nội,"Phố Vọng Đức, Phường Cửa Nam, Thành phố Hà Nội, 11020, Việt Nam",None,None,camera,21.0219636,105.8531548
Poeme - Japanese Bakery,bakery,Hà Nội,"A53 - BT7, Nguyễn Cao Luyện",None,None,bakery,21.0603781,105.9072946
None,car,Hà Nội,"Đường Nguyễn Văn Cừ, Phường Bồ Đề, Thành phố Hà Nội, 11810, Việt Nam",None,None,car,21.0471181,105.8792421
QC Auto,car,Hà Nội,"QC Auto, Đường Nguyễn Văn Cừ, Phường Bồ Đề, Thành phố Hà Nội, 11810, Việt Nam",None,None,car,21.0458476,105.876595
Circle K,convenience,Hà Nội,"Circle K, Ngõ 162 Đường Nguyễn Văn Cừ, Phường Bồ Đề, Thành phố Hà Nội, 11008, Việt Nam",None,None,convenience,21.0428338,105.8714907
Elise,clothes,Hà Nội,"Elise, Đường Nguyễn Văn Cừ, Phường Bồ Đề, Thành phố Hà Nội, 11810, Việt Nam",None,None,clothes,21.0478296,105.880728
Unifas,clothes,Hà Nội,"Unifas, Đường Nguyễn Văn Cừ, Phường Bồ Đề, Thành phố Hà Nội, 11810, Việt Nam",None,None,clothes,21.0463688,105.8778202
HaiHoi Computer,electronics,Hà Nội,"HaiHoi Computer, Đường Nguyễn Văn Cừ, Phường Bồ Đề, Thành phố Hà Nội, 11810, Việt Nam",None,None,electronics,21.0460246,105.8769133
Quang Duy,mobile_phone,Hà Nội,1,None,None,mobile_phone,21.0338419,105.8551962
Hong Anh,hairdresser,Hà Nội,5,None,None,hairdresser,21.0338365,105.8551321
Phuong Min,bakery,Hà Nội,5,None,None,bakery,21.0338355,105.8551076
Uaza,clothes,Hà Nội,"Uaza, Phố Đinh Liệt, Khu phố cổ, Phường Hoàn Kiếm, Thành phố Hà Nội, 11011, Việt Nam",None,None,clothes,21.0328789,105.8518659
None,clothes,Hà Nội,"Phố Gia Ngư, Khu phố cổ, Phường Hoàn Kiếm, Thành phố Hà Nội, 11011, Việt Nam",None,None,clothes,21.0331298,105.8519963
None,art,Hà Nội,"Phố Đinh Liệt, Khu phố cổ, Phường Hoàn Kiếm, Thành phố Hà Nội, 11011, Việt Nam",None,None,art,21.0327883,105.8518643
None,gift,Hà Nội,"Phố Đinh Liệt, Khu phố cổ, Phường Hoàn Kiếm, Thành phố Hà Nội, 11011, Việt Nam",None,None,gift,21.0327249,105.851852
None,clothes,Hà Nội,"Phố Đinh Liệt, Khu phố cổ, Phường Hoàn Kiếm, Thành phố Hà Nội, 11011, Việt Nam",None,None,clothes,21.0330115,105.8518896
None,furniture,Hà Nội,"Xã Đông Anh, Thành phố Hà Nội, Việt Nam",None,None,furniture,21.1206348,105.8948769
Thế giới đồ gỗ nội thất,furniture,Hà Nội,"Đường Dục Tú, Hà Nội, 100000",None,None,furniture,21.1208536,105.9003975
LUCIANA,clothes,Hà Nội,"26, Phố Hàng Da, Hà Nội, 100000",None,None,clothes,21.030888,105.8466716
Mykingdom,toys,Hà Nội,"26, Phố Nguyễn Hữu Thọ, Hà Nội",None,None,toys,20.9674323,105.8264585
ADCBook,books,Hà Nội,"CT4A, Hà Nội",None,None,books,20.9695512,105.8292052
Ari Mochi,confectionery,Hà Nội,"Ari Mochi, Phố Lò Sũ, Phường Hoàn Kiếm, Thành phố Hà Nội, 10147, Việt Nam",None,None,confectionery,21.0313477,105.8533945
Tran Phu Market,convenience,Hà Nội,"Tran Phu Market, Phố Tôn Thất Thiệp, Phường Ba Đình, Thành phố Hà Nội, 10093, Việt Nam",None,None,convenience,21.0316437,105.8432837
Dương Tây Hair Salon,hairdresser,Hà Nội,"49-LK12 Khu Đô Thị Xala, Hà Nội, 10000",None,None,hairdresser,20.961664,105.7927021
AEON MaxValu Linh Đàm,supermarket,Hà Nội,"Văn Tân, Hà Nội",None,None,supermarket,20.9640845,105.8230327
Beo Coffee,beverages,Hà Nội,"Beo Coffee, Đường Lê Duẩn, Phường Văn Miếu - Quốc Tử Giám, Thành phố Hà Nội, 10017, Việt Nam",None,None,beverages,21.0174232,105.841096
Artemis Hair Salon,hairdresser,Hà Nội,"2, Hà Trì 1",None,None,hairdresser,20.9658129,105.783038
Hien Minh Tea House,tea,Hà Nội,"13, Phố Ngô Tất Tố",None,None,tea,21.0277894,105.8367568
Hypebeast Here,clothes,Hà Nội,"Hypebeast Here, Ngõ 6 Phố Đặng Văn Ngữ, Khu tập thể Trung Tự, Phường Kim Liên, Thành phố Hà Nội, 10306, Việt Nam",None,None,clothes,21.0110518,105.8332944
Alan Hair,hairdresser,Hà Nội,Số 5B Hạ Hồi,None,None,hairdresser,21.0192062,105.778573
Bụi store,clothes,Hà Nội,107-E5,None,None,clothes,21.0111718,105.8334478
Gapi Tattoo,tattoo,Hà Nội,"Phòng B54, Tập thể số 3 Vọng Đức",None,None,tattoo,21.0233863,105.9096324
J&N Hairsalon,hairdresser,Hà Nội,"Số 03, ngõ 166 Kim Mã",None,None,hairdresser,21.0319446,105.8256492
WinMart+,convenience,Hà Nội,"WinMart+, Đường Văn Lang, Vinhomes Smart City, Phường Tây Mỗ, Thành phố Hà Nội, 34000, Việt Nam",None,None,convenience,21.0091352,105.738362
Tous les Jours,bakery,Hà Nội,"Tous les Jours, Đường Vạn Xuân, Vinhomes Smart City, Phường Tây Mỗ, Thành phố Hà Nội, 34000, Việt Nam",None,None,bakery,21.0086743,105.7378979
Sakuko Japanese Store,supermarket,Hà Nội,"Sakuko Japanese Store, Đường Vạn Xuân, Vinhomes Smart City, Phường Tây Mỗ, Thành phố Hà Nội, 34000, Việt Nam",None,None,supermarket,21.0082198,105.7374138
GoldFruit,greengrocer,Hà Nội,"GoldFruit, Văn Lang 2, Vinhomes Smart City, Phường Tây Mỗ, Thành phố Hà Nội, 34000, Việt Nam",None,None,greengrocer,21.007867,105.7378034
Daily Mart,supermarket,Hà Nội,"Daily Mart, Văn Lang 2, Vinhomes Smart City, Phường Tây Mỗ, Thành phố Hà Nội, 34000, Việt Nam",None,None,supermarket,21.0079794,105.7379071
Green Mart,convenience,Hà Nội,"Green Mart, Đại Việt 2, Vinhomes Smart City, Phường Tây Mỗ, Thành phố Hà Nội, 34000, Việt Nam",None,None,convenience,21.0047245,105.7398919
Hop On Hop Off,travel_agency,Hà Nội,"Hop On Hop Off, Phố Lý Thái Tổ, Phường Hoàn Kiếm, Thành phố Hà Nội, 10188, Việt Nam",None,None,travel_agency,21.0266074,105.8562975
Na$ty Vintage,clothes,Hà Nội,"Na$ty Vintage, Ngách 32/27 Phố An Dương, Phường Hồng Hà, Thành phố Hà Nội, 10266, Việt Nam",None,None,clothes,21.051696,105.842155
Oz Design House,clothes,Hà Nội,"Oz Design House, Phố Lý Nam Đế, Phường Hoàn Kiếm, Thành phố Hà Nội, 11000, Việt Nam",None,None,clothes,21.032893,105.8445281
Twinsneaker.vn,shoes,Hà Nội,"Twinsneaker.vn, Ngõ 111 Phố Thiên Hiền, Phường Từ Liêm, Thành phố Hà Nội, 10074, Việt Nam",None,None,shoes,21.0229477,105.7753954
None,bakery,Hà Nội,"34, Phố Lương Văn Can",None,None,bakery,21.0323348,105.8506536
Lọc Nước Family,houseware,Hà Nội,"SB23-395, Sao Biển 23, Hà Nội, 100000",None,None,houseware,20.9977606,105.9562961
Hiệu sách Nhã Nam Linh Đàm,books,Hà Nội,"HH1B, Nguyễn Phan Chánh, Hà Nội",None,None,books,20.9648596,105.8262023
Hiệu sách Kim Đồng,books,Hà Nội,"HH1B, Nguyễn Phan Chánh, Hà Nội",None,None,books,20.9648538,105.8263902
None,coffee,Hà Nội,"Phố Mã Mây, Khu phố cổ, Phường Hoàn Kiếm, Thành phố Hà Nội, 11010, Việt Nam",None,None,coffee,21.0359884,105.853286
None,optician,Hà Nội,"Đường Giải Phóng, Phường Tương Mai, Thành phố Hà Nội, 10999, Việt Nam",None,None,optician,20.9930318,105.8413564
None,pottery,Hà Nội,"Phố Hàng Quạt, Khu phố cổ, Phường Hoàn Kiếm, Thành phố Hà Nội, 11015, Việt Nam",None,None,pottery,21.0326633,105.8492661
None,chemist,Hà Nội,"Phố Hai Bà Trưng, Phường Cửa Nam, Thành phố Hà Nội, 11022, Việt Nam",None,None,chemist,21.0252786,105.849912
None,pottery,Hà Nội,"Phố Hàng Quạt, Khu phố cổ, Phường Hoàn Kiếm, Thành phố Hà Nội, 11015, Việt Nam",None,None,pottery,21.0326877,105.8493198
None,laundry,Hà Nội,"Phố Tạ Hiện, Khu phố cổ, Phường Hoàn Kiếm, Thành phố Hà Nội, 11010, Việt Nam",None,None,laundry,21.0356305,105.8518347
Hugo Boss,clothes,Hà Nội,"Hugo Boss, Phố Lý Thái Tổ, Phường Hoàn Kiếm, Thành phố Hà Nội, 10301, Việt Nam",None,None,clothes,21.0248315,105.8566558
Design & Couture,gift,Hà Nội,"Design & Couture, Phố Hàng Dầu, Khu phố cổ, Phường Hoàn Kiếm, Thành phố Hà Nội, 10147, Việt Nam",None,None,gift,21.0318651,105.8539726
Vespa,motorcycle,Hà Nội,"Vespa, Đường Lê Duẩn, Phường Hai Bà Trưng, Thành phố Hà Nội, 10017, Việt Nam",None,None,motorcycle,21.0169443,105.8415955
The Flower Shop,florist,Hà Nội,"The Flower Shop, Phố Nguyễn Hữu Huân, Khu phố cổ, Phường Hoàn Kiếm, Thành phố Hà Nội, 11011, Việt Nam",None,None,florist,21.0325446,105.8545741
Made in Viet Nam,clothes,Hà Nội,"Made in Viet Nam, Phố Hàng Dầu, Khu phố cổ, Phường Hoàn Kiếm, Thành phố Hà Nội, 10147, Việt Nam",None,None,clothes,21.0315753,105.8538988
None,jewelry,Hà Nội,"Phố Nguyễn Hữu Huân, Khu phố cổ, Phường Hoàn Kiếm, Thành phố Hà Nội, 11011, Việt Nam",None,None,jewelry,21.0339691,105.8545303
None,bed,Hà Nội,"Phố Hàng Điếu, Khu phố cổ, Phường Hoàn Kiếm, Thành phố Hà Nội, 11016, Việt Nam",None,None,bed,21.0329736,105.84704
None,bakery,Hà Nội,"Phố Thuốc Bắc, Khu phố cổ, Phường Hoàn Kiếm, Thành phố Hà Nội, 11015, Việt Nam",None,None,bakery,21.0342528,105.8481259
None,paint,Hà Nội,"Đường Giải Phóng, Phường Tương Mai, Thành phố Hà Nội, 11617, Việt Nam",None,None,paint,20.9923854,105.8414257
None,shoes,Hà Nội,"Phố Hàng Dầu, Khu phố cổ, Phường Hoàn Kiếm, Thành phố Hà Nội, 10147, Việt Nam",None,None,shoes,21.0316937,105.8538729
None,car,Hà Nội,"Đường Giải Phóng, Phường Tương Mai, Thành phố Hà Nội, 10181, Việt Nam",None,None,car,20.9943788,105.8414924
None,pottery,Hà Nội,"Phố Hàng Quạt, Khu phố cổ, Phường Hoàn Kiếm, Thành phố Hà Nội, 11015, Việt Nam",None,None,pottery,21.0325231,105.8492911
None,bathroom_furnishing,Hà Nội,"Phố Hồng Tiến, Phường Bồ Đề, Thành phố Hà Nội, 11023, Việt Nam",None,None,bathroom_furnishing,21.0375635,105.8768992
None,bicycle,Hà Nội,"Đường Âu Cơ, Phường Tây Hồ, Thành phố Hà Nội, 10202, Việt Nam",None,None,bicycle,21.0596852,105.8336527
Traumerei,deli,Hà Nội,"Traumerei, Phố Quang Trung, Phường Cửa Nam, Thành phố Hà Nội, 10274, Việt Nam",None,None,deli,21.0192889,105.8478601
None,car,Hà Nội,"Đường Nguyễn Văn Cừ, Phường Bồ Đề, Thành phố Hà Nội, 11008, Việt Nam",None,None,car,21.0407422,105.8687756
Âm Ỏchid,garden_centre,Hà Nội,"Âm Ỏchid, Đường Cổ Linh, Phường Long Biên, Thành phố Hà Nội, 08443, Việt Nam",None,None,garden_centre,21.0233894,105.9036393
Samsung,electronics,Hà Nội,"Samsung, Đường Nguyễn Văn Cừ, Phường Bồ Đề, Thành phố Hà Nội, 11008, Việt Nam",None,None,electronics,21.0435368,105.87211
Tupperware,kitchen,Hà Nội,"Tupperware, Đường Nghi Tàm, Phường Tây Hồ, Thành phố Hà Nội, 10266, Việt Nam",None,None,kitchen,21.0522371,105.838296
None,massage,Hà Nội,"Phố Hàng Buồm, Khu phố cổ, Phường Hoàn Kiếm, Thành phố Hà Nội, 11010, Việt Nam",None,None,massage,21.0361113,105.85237
Yves Rocher,cosmetics,Hà Nội,"Yves Rocher, Phố Hàng Bông, Khu phố cổ, Phường Hoàn Kiếm, Thành phố Hà Nội, 11017, Việt Nam",None,None,cosmetics,21.0294973,105.8458767
None,laundry,Hà Nội,"Phố Hàng Gà, Khu phố cổ, Phường Hoàn Kiếm, Thành phố Hà Nội, 11058, Việt Nam",None,None,laundry,21.0345102,105.8470961
None,garden_centre,Hà Nội,"Đường Cổ Linh, Phường Long Biên, Thành phố Hà Nội, 08443, Việt Nam",None,None,garden_centre,21.0238905,105.9026479
None,car_repair,Hà Nội,"Đường Cổ Linh, Phường Long Biên, Thành phố Hà Nội, 08443, Việt Nam",None,None,car_repair,21.0273633,105.8947776
Vacheron Constantin,watches,Hà Nội,"Vacheron Constantin, Phố Lý Đạo Thành, Phường Hoàn Kiếm, Thành phố Hà Nội, 10301, Việt Nam",None,None,watches,21.0251337,105.8569753
None,shoes,Hà Nội,"Phố Hàng Dầu, Khu phố cổ, Phường Hoàn Kiếm, Thành phố Hà Nội, 10147, Việt Nam",None,None,shoes,21.0317949,105.8538475
None,shoes,Hà Nội,"Phố Lò Sũ, Phường Hoàn Kiếm, Thành phố Hà Nội, 10147, Việt Nam",None,None,shoes,21.0315237,105.8540335
None,garden_centre,Hà Nội,"Đường Cổ Linh, Phường Long Biên, Thành phố Hà Nội, 08443, Việt Nam",None,None,garden_centre,21.0236389,105.903164
Tien Dat,shoes,Hà Nội,"Tien Dat, Phố Lò Sũ, Phường Hoàn Kiếm, Thành phố Hà Nội, 10147, Việt Nam",None,None,shoes,21.031467,105.8540437
None,frame,Hà Nội,"Phố Hàng Quạt, Khu phố cổ, Phường Hoàn Kiếm, Thành phố Hà Nội, 11015, Việt Nam",None,None,frame,21.0326746,105.8492936
None,copyshop,Hà Nội,"Đường Giải Phóng, Phường Bạch Mai, Thành phố Hà Nội, 10181, Việt Nam",None,None,copyshop,21.0038955,105.8415988
Hanoi Computer,electronics,Hà Nội,"59-61, Thợ Nhuộm",None,None,electronics,21.0269287,105.8449756
None,shoes,Hà Nội,"Phố Hàng Dầu, Khu phố cổ, Phường Hoàn Kiếm, Thành phố Hà Nội, 10147, Việt Nam",None,None,shoes,21.0316592,105.8540266
None,paint,Hà Nội,"Phố Hàng Hòm, Khu phố cổ, Phường Hoàn Kiếm, Thành phố Hà Nội, 11015, Việt Nam",None,None,paint,21.0322761,105.8485238
None,paint,Hà Nội,"Đường Âu Cơ, Phường Tây Hồ, Thành phố Hà Nội, 10206, Việt Nam",None,None,paint,21.0807861,105.8180872
Jenny,clothes,Hà Nội,"Jenny, Phố Hàng Bông, Khu phố cổ, Phường Hoàn Kiếm, Thành phố Hà Nội, 11017, Việt Nam",None,None,clothes,21.0293831,105.8456329
None,bakery,Hà Nội,"Đường Âu Cơ, Phường Tây Hồ, Thành phố Hà Nội, 10202, Việt Nam",None,None,bakery,21.0679647,105.8262964
La Floresta,florist,Hà Nội,"La Floresta, Phố Văn Miếu, Phường Văn Miếu - Quốc Tử Giám, Thành phố Hà Nội, 10346, Việt Nam",None,None,florist,21.0276221,105.8360893
Eva de Eva,clothes,Hà Nội,"133, Phố Thái Hà, Hà Nội",None,None,clothes,21.0132138,105.8194049
Grand Vin de Bordeux,wine,Hà Nội,"125, Phố Thái Hà, Hà Nội",None,None,wine,21.0129672,105.8198704
Souveniers,gift,Hà Nội,"Souveniers, Quốc tế Đến T2, Xã Nội Bài, Thành phố Hà Nội, Việt Nam",None,None,gift,21.2180648,105.791764
None,gift,Hà Nội,"Souvenir Shop, Bãi đỗ xe >16 chỗ, Xã Nội Bài, Thành phố Hà Nội, Việt Nam",None,None,gift,21.2177821,105.7929888
Nhà sách Bách Khoa,books,Hà Nội,"Nhà sách Bách Khoa, 1, Đường Đại Cồ Việt, Phường Bạch Mai, Thành phố Hà Nội, 10053, Việt Nam",None,None,books,21.0039756,105.8474807
Zara,clothes,Hà Nội,"Zara, 191, Phố Bà Triệu, Phường Hai Bà Trưng, Thành phố Hà Nội, 10058, Việt Nam",None,None,clothes,21.0115471,105.8494538
Nike,clothes,Hà Nội,"Nike, 191, Phố Bà Triệu, Phường Hai Bà Trưng, Thành phố Hà Nội, 10058, Việt Nam",None,None,clothes,21.0115925,105.8501917
Kường Ngân,motorcycle,Hà Nội,"Kường Ngân, Phố Khâm Thiên, Phường Văn Miếu - Quốc Tử Giám, Thành phố Hà Nội, 10017, Việt Nam",None,None,motorcycle,21.01868,105.8411867
HADOO SPA,beauty,Hà Nội,"A8 BT4, Phố Bùi Xuân Phái, Phường Mỹ Đình 2",None,None,beauty,21.0310235,105.7660273
Lại Tảo Motor,motorcycle_repair,Hà Nội,"Lại Tảo Motor, Ngõ 4D Đặng Văn Ngữ, Khu tập thể Trung Tự, Phường Kim Liên, Thành phố Hà Nội, 10306, Việt Nam",None,None,motorcycle_repair,21.0105555,105.8328191
WinMart+,convenience,Hà Nội,"WinMart+, Ngõ 4D Đặng Văn Ngữ, Khu tập thể Trung Tự, Phường Kim Liên, Thành phố Hà Nội, 10306, Việt Nam",None,None,convenience,21.0111682,105.8322584
None,convenience,Hà Nội,"Đường tỉnh 414, Xóm Chu Minh, Xã Ba Vì, Thành phố Hà Nội, Việt Nam",None,None,convenience,21.0862607,105.3757471
GO!,supermarket,Hà Nội,"222, Đường Trần Duy Hưng, Hà Nội",None,None,supermarket,21.0075494,105.793202
GO!,supermarket,Hà Nội,"Savico Megamall 7-9 Đ, Nguyễn Văn Linh, Hà Nội, 10000",None,None,supermarket,21.0508114,105.8932747
Adidas,sports,Hà Nội,"Adidas, 7-9, Đường Nguyễn Văn Linh, Phường Việt Hưng, Thành phố Hà Nội, 11810, Việt Nam",None,None,sports,21.0507496,105.8930484
Miniso,variety_store,Hà Nội,"Miniso, 7-9, Đường Nguyễn Văn Linh, Phường Việt Hưng, Thành phố Hà Nội, 11810, Việt Nam",None,None,variety_store,21.0511969,105.8933229
Triumph,clothes,Hà Nội,"Triumph, 7-9, Đường Nguyễn Văn Linh, Phường Việt Hưng, Thành phố Hà Nội, 11810, Việt Nam",None,None,clothes,21.0511115,105.8937119
Samsonite,bag,Hà Nội,"Samsonite, 7-9, Đường Nguyễn Văn Linh, Phường Việt Hưng, Thành phố Hà Nội, 11810, Việt Nam",None,None,bag,21.0509425,105.8933648
Skechers,shoes,Hà Nội,"Skechers, 7-9, Đường Nguyễn Văn Linh, Phường Việt Hưng, Thành phố Hà Nội, 11810, Việt Nam",None,None,shoes,21.0503566,105.8936455
Điện Máy Xanh,electronics,Hà Nội,"Điện Máy Xanh, 7-9, Đường Nguyễn Văn Linh, Phường Việt Hưng, Thành phố Hà Nội, 11810, Việt Nam",None,None,electronics,21.0511687,105.893592
M2,clothes,Hà Nội,"M2, 7-9, Đường Nguyễn Văn Linh, Phường Việt Hưng, Thành phố Hà Nội, 11810, Việt Nam",None,None,clothes,21.0513616,105.8934618
Yves Rocher,cosmetics,Hà Nội,"Yves Rocher, 7-9, Đường Nguyễn Văn Linh, Phường Việt Hưng, Thành phố Hà Nội, 11810, Việt Nam",None,None,cosmetics,21.0509724,105.8934352
Vans,shoes,Hà Nội,"Vans, 7-9, Đường Nguyễn Văn Linh, Phường Việt Hưng, Thành phố Hà Nội, 11810, Việt Nam",None,None,shoes,21.050896,105.8932228
Vincom Plaza Skylake,mall,Hà Nội,"Đường Phạm Hùng, Hà Nội",None,None,mall,21.0202008,105.7812518
WinMart,supermarket,Hà Nội,Đường Phạm Hùng,None,None,supermarket,21.0200135,105.7815895
Honda Head Vũ Hoàng Lê #1,motorcycle,Hà Nội,"1, Đường Trần Phú, Hà Nội",None,None,motorcycle,20.9757181,105.782519
Hoang Manh,frame,Hà Nội,"Hoang Manh, Phố Nguyễn Thái Học, Phường Ba Đình, Thành phố Hà Nội, 10247, Việt Nam",None,None,frame,21.0291262,105.8408544
WinMart+,convenience,Hà Nội,"30, Đường Phạm Văn Đồng, Hà Nội",None,None,convenience,21.0434554,105.7815178
WinMart+,convenience,Hà Nội,thị trấn Liên Quan,None,None,convenience,21.0611895,105.576682
Pharmacity,chemist,Hà Nội,"3 Bắc Linh Đàm, Đặng Xuân Bảng, Hà Nội",None,None,chemist,20.9705795,105.829829
ADCBook,books,Hà Nội,"231C, Đường Nguyễn Trãi, Hà Nội, 10000",None,None,books,20.9972432,105.8122846
Thế Giới Di Động,mobile_phone,Hà Nội,"583, Phố Vũ Tông Phan, Hà Nội",None,None,mobile_phone,20.9839669,105.8155948
Điện Máy Xanh,electronics,Hà Nội,"501-503, Phố Vũ Tông Phan, Hà Nội",None,None,electronics,20.9862069,105.8142257
Thế Giới Di Động,mobile_phone,Hà Nội,"226, Đường Khương Đình, Hà Nội",None,None,mobile_phone,20.9927228,105.8136674
None,ticket,Hà Nội,"Đường Trường Chinh, Phường Phương Liệt, Thành phố Hà Nội, 10181, Việt Nam",None,None,ticket,21.0002019,105.8292815
None,massage,Hà Nội,"148, Phố Nguyễn Chánh, 123181",None,None,massage,21.0194283,105.7874389
L's Place,convenience,Hà Nội,"63, Phố Lý Thường Kiệt, Hà Nội",None,None,convenience,21.0243493,105.8465325
Bách Khoa Sport,sports,Hà Nội,"Bách Khoa Sport, 1, Đường Đại Cồ Việt, Phường Bạch Mai, Thành phố Hà Nội, 10053, Việt Nam",None,None,sports,21.0034571,105.8476828
Viettel,telecommunication,Hà Nội,"202, Đường Kim Giang, Hà Nội",None,None,telecommunication,20.9799532,105.8189481
Golden Ring - Russian Food,convenience,Hà Nội,"278A, Đường Nghi Tàm, Hà Nội, 100000",None,None,convenience,21.0569134,105.8359634
FPT Shop,electronics,Hà Nội,"325, Phố Huế, Hà Nội",None,None,electronics,21.009998,105.8516645
Quán tạp hóa,supermarket,Hà Nội,"Quán tạp hóa, Khu B Đại Học Mỏ, Phường Đông Ngạc, Thành phố Hà Nội, 12500, Việt Nam",None,None,supermarket,21.0697305,105.7615789
None,car_repair,Hà Nội,"Khu B Đại Học Mỏ, Phường Đông Ngạc, Thành phố Hà Nội, 12500, Việt Nam",None,None,car_repair,21.0668516,105.761746
None,car_repair,Hà Nội,"Khu B Đại Học Mỏ, Phường Đông Ngạc, Thành phố Hà Nội, 12500, Việt Nam",None,None,car_repair,21.0668297,105.7618291
None,car_repair,Hà Nội,"Khu B Đại Học Mỏ, Phường Đông Ngạc, Thành phố Hà Nội, 12500, Việt Nam",None,None,car_repair,21.0649587,105.7626045
None,variety_store,Hà Nội,"Khu B Đại Học Mỏ, Phường Đông Ngạc, Thành phố Hà Nội, 12500, Việt Nam",None,None,variety_store,21.0675288,105.7615765
THỞ - Wine Space,wine,Hà Nội,"207 Đội Cấn, 100000",None,None,wine,21.0351965,105.8224714
Sapo Bakery,bakery,Hà Nội,"Sapo Bakery, Đường Quang Trung, Phường Hà Đông, Thành phố Hà Nội, 12100, Việt Nam",None,None,bakery,20.9723266,105.7772501
None,car_parts,Hà Nội,"Мото-запчасти, Phố Lê Hồng Phong, Phường Hà Đông, Thành phố Hà Nội, 10189, Việt Nam",None,None,car_parts,20.9667842,105.7757997
Văn Phòng Bia Điện Máy,appliance,Hà Nội,"96, Phố Ái Mộ, Hà Nội, 100000",None,None,appliance,21.0406188,105.8738588
Thẩm mỹ viện Orchard Group,beauty,Hà Nội,"36, Phố Hoàng Cầu, Hà Nội, 10000",None,None,beauty,21.0181525,105.8240192
Công Ty TNHH TM Tổng Hợp Thanh Phương,computer,Hà Nội,"Đường Cầu Noi, Hà Nội",None,None,computer,21.0617755,105.7779765
Thẩm mỹ Huy Hoàng,beauty,Hà Nội,"2, Phố Mai Anh Tuấn, Hà Nội, 10000",None,None,beauty,21.0182105,105.8237429
Thế Giới Di Động,electronics,Hà Nội,"Thế Giới Di Động, Phố Tố Hữu, Phường Hà Đông, Thành phố Hà Nội, 10070, Việt Nam",None,None,electronics,20.9825703,105.77063
Circle K,convenience,Hà Nội,"Circle K, Phố Trần Văn Lai, Khu đô thị Mỹ Đình Sông Đà, Phường Từ Liêm, Thành phố Hà Nội, 10074, Việt Nam",None,None,convenience,21.017914,105.7790565
Circle K,convenience,Hà Nội,"Circle K, Phố Hoàng Trọng Mậu, Khu đô thị Mỹ Đình Sông Đà, Phường Từ Liêm, Thành phố Hà Nội, 10074, Việt Nam",None,None,convenience,21.0168174,105.775364
shop quần áo Mon,mall,Hà Nội,"Ngõ 113 Phố Văn Hội, Phường Đức Thắng",None,None,mall,21.0795622,105.7732546
Hạnh Phạm,beauty,Hà Nội,"127, Phố Văn Hội, Phường Đức Thắng",None,None,beauty,21.0804077,105.7729003
cửa hàng gốm sứ Hải Yến,furniture,Hà Nội,"63, Ngõ 113 Phố Văn Hội, Phường Đức Thắng",None,None,furniture,21.0805173,105.7729284
Tiệm điện tử,electronics,Hà Nội,"34, Phố Văn Hội, Phường Đức Thắng",None,None,electronics,21.0800688,105.7725486
Cửa hàng điện lạnh Xuân Trường,electronics,Hà Nội,"82, Phố Văn Hội, Phường Đông Ngạc",None,None,electronics,21.0791052,105.7734018
Cửa hàng hải sản tươi,seafood,Hà Nội,"96, Phố Văn Hội, Phường Đức Thắng",None,None,seafood,21.0808161,105.7730033
Cửa hàng gas Hướng Ngần,gas,Hà Nội,"57, Phố Văn Hội, Phường Đức Thắng",None,None,gas,21.0802403,105.773183
A&D store,clothes,Hà Nội,"Phố Văn Hội, Phường Đức Thắng",None,None,clothes,21.0806208,105.7732985
Của hàng bán đồ trang sức,jewelry,Hà Nội,"20, Ngõ 113 Phố Văn Hội, Phường Đức Thắng",None,None,jewelry,21.08091,105.7725243
Công Ty cổ phần công nghệ tin học và trắc địa bản đồ Bình Minh,electronics,Hà Nội,"87, Sông Nhuệ, Phường Đức Thắng",None,None,electronics,21.081216,105.7719177
None,books,Hà Nội,"Phố 19 Tháng 12, Phường Cửa Nam, Thành phố Hà Nội, 10035, Việt Nam",None,None,books,21.0245471,105.8476414
None,books,Hà Nội,"Phố 19 Tháng 12, Phường Cửa Nam, Thành phố Hà Nội, 11019, Việt Nam",None,None,books,21.025245,105.8478669
None,books,Hà Nội,"Phố 19 Tháng 12, Phường Cửa Nam, Thành phố Hà Nội, 10035, Việt Nam",None,None,books,21.0243989,105.8477714
None,books,Hà Nội,"Phố 19 Tháng 12, Phường Cửa Nam, Thành phố Hà Nội, 11019, Việt Nam",None,None,books,21.0253337,105.8478953
None,books,Hà Nội,"Phố 19 Tháng 12, Phường Cửa Nam, Thành phố Hà Nội, 10035, Việt Nam",None,None,books,21.0247268,105.8477112
None,books,Hà Nội,"Phố 19 Tháng 12, Phường Cửa Nam, Thành phố Hà Nội, 11019, Việt Nam",None,None,books,21.0251323,105.8478175
None,books,Hà Nội,"Phố 19 Tháng 12, Phường Cửa Nam, Thành phố Hà Nội, 10035, Việt Nam",None,None,books,21.0243989,105.8475826
None,books,Hà Nội,"Phố 19 Tháng 12, Phường Cửa Nam, Thành phố Hà Nội, 10035, Việt Nam",None,None,books,21.0247913,105.8477369
None,books,Hà Nội,"Phố 19 Tháng 12, Phường Cửa Nam, Thành phố Hà Nội, 11019, Việt Nam",None,None,books,21.0250317,105.8477839
None,books,Hà Nội,"Phố 19 Tháng 12, Phường Cửa Nam, Thành phố Hà Nội, 10035, Việt Nam",None,None,books,21.0246486,105.8476722
None,books,Hà Nội,"Phố 19 Tháng 12, Phường Cửa Nam, Thành phố Hà Nội, 10035, Việt Nam",None,None,books,21.0243241,105.847745
None,books,Hà Nội,"Phố 19 Tháng 12, Phường Cửa Nam, Thành phố Hà Nội, 10035, Việt Nam",None,None,books,21.024473,105.8476134
mẹ$bé,dairy,Hà Nội,"Ngõ 451 Hoàng Tăng Bí, Phường Đức Thắng",None,None,dairy,21.0817353,105.7722772
ARQN Studio,clothes,Hà Nội,"Ngách 2 Ngõ 172 Phố Văn Hội, Phường Đức Thắng",None,None,clothes,21.0810009,105.7731315
Store 32,bag,Hà Nội,"Ngõ 176 Phố Văn Hội, Phường Đức Thắng",None,None,bag,21.0813478,105.7729615
Hoài Nam,florist,Hà Nội,"Ngõ 451 Hoàng Tăng Bí, Phường Đức Thắng",None,None,florist,21.081584,105.7723088
Hải sản Vân,seafood,Hà Nội,"Ngõ 176 Phố Văn Hội, Phường Đức Thắng",None,None,seafood,21.0814253,105.7726173
nội thất Hải Hưng,doors,Hà Nội,"Ngõ 176 Phố Văn Hội, Phường Đức Thắng",None,None,doors,21.0815914,105.7730722
Tạp Hóa Hùng Cường,variety_store,Hà Nội,"Ngách 38 Ngõ 176 Phố Văn Hội, Phường Đức Thắng",None,None,variety_store,21.0819235,105.7730999
may đo Bảo Thy,fabric,Hà Nội,"Phố Văn Hội, Phường Đức Thắng",None,None,fabric,21.0818866,105.7724314
tạp hoá Sơn Trang,variety_store,Hà Nội,"Ngõ 429 Đường Hoàng Tăng Bí, Phường Đức Thắng",None,None,variety_store,21.0823664,105.7726806
Tam Hoàng,tattoo,Hà Nội,"Phố Văn Hội, Phường Đức Thắng",None,None,tattoo,21.0821782,105.7725105
Minh Phúc,bicycle,Hà Nội,"Phố Văn Hội, Phường Đức Thắng",None,None,bicycle,21.0820675,105.7725817
SXMB,lottery,Hà Nội,"Phố Văn Hội, Phường Đức Thắng",None,None,lottery,21.0813367,105.7724354
Bánh Kẹo Hùng Chiến,confectionery,Hà Nội,"Ngách 2 Ngõ 172 Phố Văn Hội, Phường Đức Thắng",None,None,confectionery,21.0810415,105.77327
tạp hóa Cô Năm,variety_store,Hà Nội,"Sông Nhuệ, Phường Đức Thắng",None,None,variety_store,21.0814954,105.771933
Tươi Snaker,shoes,Hà Nội,"Sông Nhuệ, Phường Đức Thắng",None,None,shoes,21.081739,105.7717788
Mai Huyền,variety_store,Hà Nội,"Sông Nhuệ, Phường Đức Thắng",None,None,variety_store,21.08103,105.7719198
may đo Bảo Ngọc,tailor,Hà Nội,"Sông Nhuệ, Phường Đức Thắng",None,None,tailor,21.0816719,105.7719048
sửa xe HonDa,motorcycle_repair,Hà Nội,"Sông Nhuệ, Phường Đức Thắng",None,None,motorcycle_repair,21.0810474,105.7720843
sữa+,dairy,Hà Nội,"Sông Nhuệ, Phường Đức Thắng",None,None,dairy,21.0809427,105.7717927
Hoàng Phi,paint,Hà Nội,"Sông Nhuệ, Phường Đức Thắng",None,None,paint,21.081171,105.7719441
minh anh shop,leather,Hà Nội,"Ngách 19 Ngõ 176 Phố Văn Hội, Phường Đức Thắng",None,None,leather,21.0821439,105.7723351
8910,pawnbroker,Hà Nội,"Ngách 19 Ngõ 176 Phố Văn Hội, Phường Đức Thắng",None,None,pawnbroker,21.0815926,105.7724959
quỳnh shop,carpet,Hà Nội,"Ngách 19 Ngõ 176 Phố Văn Hội, Phường Đức Thắng",None,None,carpet,21.0820061,105.7722439
giải khát 43,beverages,Hà Nội,"Phố Văn Hội, Phường Đức Thắng",None,None,beverages,21.0808588,105.7732432
Mai Dung,variety_store,Hà Nội,"Ngách 19 Ngõ 176 Phố Văn Hội, Phường Đức Thắng",None,None,variety_store,21.0816694,105.7729128
chiến Phương,laundry,Hà Nội,"Ngách 2 Ngõ 172 Phố Văn Hội, Phường Đức Thắng",None,None,laundry,21.0814411,105.7728355
baber pi,hairdresser,Hà Nội,"Ngách 27 Ngõ 176, Phường Đức Thắng",None,None,hairdresser,21.0820458,105.7730244
cắt tóc Nam Trường,hairdresser,Hà Nội,"Sông Nhuệ, Phường Đức Thắng",None,None,hairdresser,21.0812221,105.7717999
tạp hóa Chung Quân,variety_store,Hà Nội,"Cầu Vồng, Phường Đức Thắng",None,None,variety_store,21.0792002,105.7746368
camera-man,camera,Hà Nội,"Cầu Vồng, Phường Đức Thắng",None,None,camera,21.0784594,105.7749801
Giải Khát Thúy Hằng,beverages,Hà Nội,"Cầu Vồng, Phường Đức Thắng",None,None,beverages,21.0783913,105.7756453
None,florist,Hà Nội,"Cầu Vồng, Phường Đức Thắng",None,None,florist,21.0784354,105.7752891
store usa,bag,Hà Nội,"Cầu Vồng, Phường Đức Thắng",None,None,bag,21.0785263,105.7747424
cô hằng,variety_store,Hà Nội,"Cầu Vồng, Phường Đức Thắng",None,None,variety_store,21.0795016,105.7747475
None,supermarket,Hà Nội,"Phố đi bộ Pont de Long Bien, Khu đô thị Bắc An Khánh, Xã Sơn Đồng, Thành phố Hà Nội, 34000, Việt Nam",None,None,supermarket,21.0160616,105.7221254
"Máy Photocopy TNT, đại lý máy photo giá rẻ",supermarket,Hà Nội,"A1 TT1, Bắc Linh Đàm, Hà Nội, 100000",None,None,supermarket,20.9711523,105.8260919
None,travel_agency,Hà Nội,"55 F, Phố Bát Sứ, 100000",None,None,travel_agency,21.0341066,105.8473473
None,bicycle,Hà Nội,"837, Đường Bạch Đằng",None,None,bicycle,21.0158231,105.8651036
None,bicycle,Hà Nội,"Xedap.vn, Ngõ 106 Đường Nguyễn Sơn, Phường Bồ Đề, Thành phố Hà Nội, 11810, Việt Nam",None,None,bicycle,21.0466739,105.8773972
None,bicycle,Hà Nội,"168, Đường Nguyễn Sơn",None,None,bicycle,21.0458294,105.8799445
quán giặt là,laundry,Hà Nội,Đường Lê Văn Hiến,None,None,laundry,21.0737985,105.7744227
làm đẹp,beauty,Hà Nội,Đường Lê Văn Hiến,None,None,beauty,21.0740332,105.7743969
IMiss,clothes,Hà Nội,"263, Phố Trần Quốc Hoàn, Hà Nội",None,None,clothes,21.0416934,105.7816823
Mission Pro,hifi,Hà Nội,"265, Phố Trần Quốc Hoàn, Hà Nội",None,None,hifi,21.041695,105.7816438
Hoàn Mỹ Clinic,beauty,Hà Nội,"267, Phố Trần Quốc Hoàn, Hà Nội",None,None,beauty,21.0416964,105.7816053
Thế giới số 365,electronics,Hà Nội,"273, Phố Trần Quốc Hoàn, Hà Nội",None,None,electronics,21.0417015,105.7814896
None,hairdresser,Hà Nội,"275, Phố Trần Quốc Hoàn, Hà Nội",None,None,hairdresser,21.0417032,105.781451
Nhà sách Phương Anh,books,Hà Nội,"279, Phố Trần Quốc Hoàn, Hà Nội",None,None,books,21.0417064,105.7813734
Nhà sách Quang Khải,books,Hà Nội,"281, Phố Trần Quốc Hoàn, Hà Nội",None,None,books,21.0417081,105.7813339
Laptop TCC,electronics,Hà Nội,"257, Phố Trần Quốc Hoàn, Hà Nội",None,None,electronics,21.0416885,105.7818295
Kính mắt Chi Chi,optician,Hà Nội,"255, Phố Trần Quốc Hoàn, Hà Nội",None,None,optician,21.0416869,105.7818676
Tất Thành laptop,electronics,Hà Nội,"251, Phố Trần Quốc Hoàn, Hà Nội",None,None,electronics,21.0416834,105.7819437
Bảo trà Minh Châu,tea,Hà Nội,"249, Phố Trần Quốc Hoàn, Hà Nội",None,None,tea,21.0416817,105.7819818
Nhà sách Minh Hải,books,Hà Nội,"217, Phố Trần Quốc Hoàn, Hà Nội",None,None,books,21.0416543,105.7826669
None,electronics,Hà Nội,"219, Phố Trần Quốc Hoàn, Hà Nội",None,None,electronics,21.041656,105.7826222
Phân phối văn phòng phẩm Như Hoa,stationery,Hà Nội,"221, Phố Trần Quốc Hoàn, Hà Nội",None,None,stationery,21.0416577,105.7825777
Viện tóc Giang Giang,hairdresser,Hà Nội,"229, Phố Trần Quốc Hoàn, Hà Nội",None,None,hairdresser,21.0416636,105.7824245
Topbag.vn,bag,Hà Nội,"231, Phố Trần Quốc Hoàn, Hà Nội",None,None,bag,21.0416651,105.7823859
Phân phối văn phòng phẩm Ngọc Minh,stationery,Hà Nội,"233, Phố Trần Quốc Hoàn, Hà Nội",None,None,stationery,21.0416666,105.7823473
None,leather,Hà Nội,"241, Phố Trần Quốc Hoàn, Hà Nội",None,None,leather,21.0416725,105.7821932
Thành Râu Motor,motorcycle_repair,Hà Nội,"205, Phố Trần Quốc Hoàn, Hà Nội",None,None,motorcycle_repair,21.0416434,105.7829472
Vinamilk,dairy,Hà Nội,"209, Phố Trần Quốc Hoàn, Hà Nội",None,None,dairy,21.0416474,105.7828653
Nhà sách Quang Bình,books,Hà Nội,"213, Phố Trần Quốc Hoàn, Hà Nội",None,None,books,21.0416507,105.7827819
None,convenience,Hà Nội,"16, Phố Đặng Thùy Trâm, Hà Nội",None,None,convenience,21.0447347,105.7845872
None,convenience,Hà Nội,"17, Phố Đặng Thùy Trâm, Hà Nội",None,None,convenience,21.0450951,105.7845237
Hạ Nguyên CSC,travel_agency,Hà Nội,"30, Ngõ 61 Phạm Tuấn Tài, Hà Nội",None,None,travel_agency,21.0453378,105.7853124
None,convenience,Hà Nội,"18, Ngõ 61 Phạm Tuấn Tài, Hà Nội",None,None,convenience,21.045337,105.7855778
None,beauty,Hà Nội,"Phố Huế, Phường Hai Bà Trưng, Thành phố Hà Nội, 10046, Việt Nam",None,None,beauty,21.0171173,105.8513974
Shop 10k Nga Ngố,supermarket,Hà Nội,"51 P. Lê Văn Hiến, phường Đức Thắng Quận, Bắc Từ Liêm, Hà Nội 10858, Việt Nam",None,None,supermarket,21.0740589,105.7746032
Cửa hàng đồ lót Minh Châu,clothes,Hà Nội,"46 P. Lê Văn Hiến, Đông Ngạc, Bắc Từ Liêm, Hà Nội, Việt Nam",None,None,clothes,21.0739561,105.7742333
Cửa hàng N2,clothes,Hà Nội,"68 P. Lê Văn Hiến, Đông Ngạc, Bắc Từ Liêm, Hà Nội 100000, Việt Nam",None,None,clothes,21.0739559,105.7736526
Huyết Thanh Mộc Tuyết,cosmetics,Hà Nội,"56 Lê Văn Hiến Hà nội Hanoi City, 100000, Việt Nam",None,None,cosmetics,21.0733419,105.7736673
Cửa Hàng Tâm Thu,convenience,Hà Nội,"149, Sông Nhuệ, Phường Đông Ngạc, Quận Bắc Từ Liêm, Thành Phố Hà Nội, Đông Ngạc, Hà Nội 100000, Việt Nam",None,None,convenience,21.0730713,105.772644
Bee.nails,beauty,Hà Nội,"Khu C, Đông Ngạc, Từ Liêm, Hà Nội, Việt Nam",None,None,beauty,21.0716852,105.7731949
Lumière A B Sneaker Store,shoes,Hà Nội,"Đức Thắng, Bắc Từ Liêm, Hà Nội, Việt Nam",None,None,shoes,21.0716349,105.7730641
Cửa Hàng Rẻ Lắm,convenience,Hà Nội,"79, Sông Nhuệ, Phường Đức Thắng, Quận Bắc Từ Liêm, Thành Phố Hà Nội, Đông Ngạc, Hà Nội 100000, Việt Nam",None,None,convenience,21.0717821,105.7729563
Chou Hạ 時尚的,clothes,Hà Nội,"101 Đ. Sông Nhuệ, Đông Ngạc, Từ Liêm, Hà Nội, Việt Nam",None,None,clothes,21.0721606,105.7729543
MINA COSMETICS,cosmetics,Hà Nội,"83 Đ. Sông Nhuệ, Đông Ngạc, Từ Liêm, Hà Nội, Việt Nam",None,None,cosmetics,21.0711674,105.7772282
Circle K,convenience,Hà Nội,"151 P. Lê Văn Hiến, Đông Ngạc, Từ Liêm, Hà Nội, Việt Nam",None,None,convenience,21.0712462,105.7771493
Nước hoa Lành Vũ,cosmetics,Hà Nội,"70 Cầu Vồng,Cổ Nhuế, Đức Thắng,Bắc Từ Liêm,Hà Nội",None,None,cosmetics,21.0710972,105.7770538
Sửa xe Huỳnh Quang,car_repair,Hà Nội,"68 Cầu Vồng,Cổ Nhuế, Đức Thắng,Bắc Từ Liêm,Hà Nội",None,None,car_repair,21.0710874,105.7770521
Cửa hàng bán đồ trang sức,jewelry,Hà Nội,20 ngõ 113 Phố Văn Hội-Đức Thắng-Bắc Từ Liêm-HN,None,None,jewelry,21.0706853,105.7773266
Nam Thiên,video_games,Hà Nội,89-Sông nhuệ -Phố Văn Hội-Đức Thắng-Bắc Từ Liêm-HN,None,None,video_games,21.07048,105.7775538
Hoa tươi,florist,Hà Nội,"6 P. Văn Hội,Đông Ngạc, Từ Liêm, Hà Nội,",None,None,florist,21.0714203,105.7730029
Camera-man,camera,Hà Nội,"5 P. Văn Hội,Đông Ngạc, Từ Liêm, Hà Nội,",None,None,camera,21.0714238,105.7730662
store usa,bag,Hà Nội,"32 P. Văn Hội, Đông Ngạc, Từ Liêm, Hà Nội",None,None,bag,21.0713803,105.7725182
Cô Hằng,variety_store,Hà Nội,"Ng. 46 Văn Hội,Đông Ngạc, Từ Liêm, Hà Nội",None,None,variety_store,21.0716381,105.7729013
Photocopy và chụp ảnh thẻ lấy Ngay,copyshop,Hà Nội,"54, Hà Nội 100000, Việt Nam",None,None,copyshop,21.0747541,105.7735312
Cửa Hàng Mua Bán Sửa Chữa Chuyên Nghiệp ĐTDĐ Nokia,mobile_phone,Hà Nội,"Đường 69 P. Lê Văn Hiến, Đông Ngạc, Quận Từ Liêm, Hà Nội, Việt Nam",None,None,mobile_phone,21.0747196,105.7730577
Cửa Hàng Thanh Audio,video,Hà Nội,"Cửa Hàng Thanh Audio, Lê Văn Hiến, Phường Đông Ngạc, Thành phố Hà Nội, 12500, Việt Nam",None,None,video,21.074749,105.7722256
Cửa Hàng Nội Thất Gỗ Tuấn Việt,furniture,Hà Nội,"131 Hoàng Tăng Bí, Đông Ngạc, Từ Liêm, Hà Nội, Việt Nam",None,None,furniture,21.0758207,105.7722522
Cửa Hàng Đồ Gỗ Nội Thất Minh Nguyệt,furniture,Hà Nội,"133, Xóm 7, Đường Hoàng Tăng Bí, Xã Xuân Đỉnh, Huyện Từ Liêm, Đông Ngạc, Hà Nội, Việt Nam",None,None,furniture,21.0761408,105.7723017
Zim Piercing,jewelry,Hà Nội,"Số 20 Ngõ 113 Đường Văn Hội, Phường Đức Thắng Quận, Bắc Từ Liêm, Hà Nội 100000, Việt Nam",None,None,jewelry,21.0761993,105.7723578
Tiệm Bánh Shine,bakery,Hà Nội,"209 Đ. Sông Nhuệ, Đông Ngạc, Bắc Từ Liêm, Hà Nội, Việt Nam",None,None,bakery,21.0769168,105.7732524
Bánh Xèo Sài Gòn,bakery,Hà Nội,"121 Đ. Sông Nhuệ, Đông Ngạc, Từ Liêm, Hà Nội, Việt Nam",None,None,bakery,21.0771947,105.7736729
Phương Nam Media,electronics,Hà Nội,"ngách 32/8 P. Viên, Đông Ngạc, Bắc Từ Liêm, Hà Nội 400000, Việt Nam",None,None,electronics,21.0773197,105.7738676
Điện lạnh Hà Nội,electronics,Hà Nội,"40 Ng. 151 P. Lê Văn Hiến, Đông Ngạc, Bắc Từ Liêm, Hà Nội, Việt Nam",None,None,electronics,21.0773606,105.7740271
Bánh mỳ Sài Gòn,bakery,Hà Nội,34-Phố Văn Hội-Đức Thắng Bắc Từ Liêm-HN,None,None,bakery,21.0773072,105.7738407
Cửa hàng đồ lót Minh Châu,clothes,Hà Nội,"46 P. Lê Văn Hiến, Đông Ngạc, Bắc Từ Liêm, Hà Nội, Việt Nam",None,None,clothes,21.0787428,105.775866
Cửa Hàng Gốm Sứ Hải Yến,furniture,Hà Nội,"63, TDP 3, Phường Đức Thắng, Từ Liêm, Hà Nội, Việt Nam",None,None,furniture,21.0717095,105.776424
Hair Salon vulti,hairdresser,Hà Nội,"99 Đ. Sông Nhuệ, Đông Ngạc, Bắc Từ Liêm, Hà Nội, Việt Nam",None,None,hairdresser,21.0713422,105.7770476
Tonight Hair Salon,hairdresser,Hà Nội,"53 Đ. Sông Nhuệ, Đông Ngạc, Từ Liêm, Hà Nội, Việt Nam",None,None,hairdresser,21.0714067,105.771136
Hair Salon Tài Kevin,hairdresser,Hà Nội,"95 Đ. Sông Nhuệ, Đông Ngạc, Bắc Từ Liêm, Hà Nội, Việt Nam",None,None,hairdresser,21.0747116,105.7726889
Tươi Snaker,shoes,Hà Nội,"51 Ng. 451 Hoàng Tăng Bí,Đông Ngạc, Từ Liêm",None,None,shoes,21.0744246,105.7731601
may đo Bảo Ngọc,tailor,Hà Nội,"61 Ng. 451 Hoàng Tăng Bí,Đông Ngạc, Từ Liêm",None,None,tailor,21.0744006,105.7734644
Tạp hóa cô Năm,variety_store,Hà Nội,"231 Đ. Sông Nhuệ,Đông Ngạc, Từ Liêm, Hà Nội",None,None,variety_store,21.0739227,105.7736572
Cắt tóc Nam Trường,hairdresser,Hà Nội,"75 Ng. 451 Hoàng Tăng Bí,Đông Ngạc, Từ Liêm",None,None,hairdresser,21.0744925,105.7730573
Hoàng Phi,paint,Hà Nội,"85 Ng. 451 Hoàng Tăng Bí,Đông Ngạc, Từ Liêm",None,None,paint,21.0747345,105.7721488
Mai Huyền,variety_store,Hà Nội,"97 Ng. 451 Hoàng Tăng Bí,Đông Ngạc, Từ Liêm,HN",None,None,variety_store,21.0744506,105.7725302
sữa+,dairy,Hà Nội,"Sông nhuệ-Đức Thắng,Bắc Từ Liêm, Hà Nội",None,None,dairy,21.0744146,105.7732308
tạp hóa Sơn Trang,variety_store,Hà Nội,"Đức Thắng,Bắc Từ Liêm, Hà Nội",None,None,variety_store,21.0738327,105.7736744
Minh Phúc,bicycle,Hà Nội,"Đức Thắng,Bắc Từ Liêm, Hà Nội",None,None,bicycle,21.0744266,105.7732972
Quỳnh Shop,carpet,Hà Nội,"Đức Thắng,Bắc Từ Liêm, Hà Nội",None,None,carpet,21.0739467,105.774255
may đo Bảo Thy,fabric,Hà Nội,"Đức Thắng,Bắc Từ Liêm, Hà Nội",None,None,fabric,21.0740347,105.7736958
mẹ&bé,dairy,Hà Nội,"Đức Thắng,Bắc Từ Liêm, Hà Nội",None,None,dairy,21.0744046,105.7734215
Hoài Nam,florist,Hà Nội,"Đức Thắng,Bắc Từ Liêm, Hà Nội",None,None,florist,21.0742766,105.7735951
8910,pawnbroker,Hà Nội,"P. Văn Hội,Đông Ngạc, Từ Liêm, Hà Nội",None,None,pawnbroker,21.0800441,105.7725354
baber pi,hairdresser,Hà Nội,"Đức Thắng,Bắc Từ Liêm, Hà Nội",None,None,hairdresser,21.0800441,105.7725503
Tạp HóaHùng,variety_store,Hà Nội,"Ng. 176 Văn Hội,Đông Ngạc, Từ Liêm, Hà Nội",None,None,variety_store,21.0790155,105.7745506
Mai Dung,variety_store,Hà Nội,"Ng. 170 Văn Hội,Đông Ngạc, Từ Liêm, Hà Nội",None,None,variety_store,21.0799045,105.7732038
Nội thất Hải Hưng,furniture,Hà Nội,"Ng. 176 Văn Hội,Đông Ngạc, Từ Liêm, Hà Nội",None,None,furniture,21.0788712,105.7744907
ARQN Studio,clothes,Hà Nội,"Ng. 160 Văn Hội,Đông Ngạc, Từ Liêm, Hà Nội",None,None,clothes,21.0787781,105.7744209
store usa,bag,Hà Nội,"32 P. Văn Hội, Đông Ngạc, Từ Liêm, Hà Nội32 P. Văn Hội, Đông Ngạc, Từ Liêm, Hà Nội",None,None,bag,21.0787456,105.7748349
Chiến Phương,laundry,Hà Nội,"Ng. 176 Văn Hội,Đông Ngạc, Từ Liêm, Hà Nội,",None,None,laundry,21.0801605,105.7727598
Mai Dung,variety_store,Hà Nội,"Ng. 170 Văn Hội,Đông Ngạc, Từ Liêm, Hà Nội",None,None,variety_store,21.0794204,105.7747102
None,clothes,Hà Nội,"2, Ngõ 33 Phan Văn Trường, Hà Nội",None,None,clothes,21.0388973,105.7859537
None,clothes,Hà Nội,"8, Ngõ 33 Phan Văn Trường, Hà Nội",None,None,clothes,21.0388999,105.7858272
Bi&Bez Kids Fashion For Kid,clothes,Hà Nội,"Bi&Bez Kids Fashion For Kid, Lê Văn Hiến, Phường Đông Ngạc, Thành phố Hà Nội, 12500, Việt Nam",None,None,clothes,21.0742107,105.7740922
Pi Nguyen Baber Shop,hairdresser,Hà Nội,"Pi Nguyen Baber Shop, Lê Văn Hiến, Phường Đông Ngạc, Thành phố Hà Nội, 12500, Việt Nam",None,None,hairdresser,21.0741286,105.7735301
Giặt là hà nội,dry_cleaning,Hà Nội,"Giặt là hà nội, đường 31, Phường Đông Ngạc, Thành phố Hà Nội, 12500, Việt Nam",None,None,dry_cleaning,21.0739885,105.7736894
Minh Tuấn Hairsalon,hairdresser,Hà Nội,"Minh Tuấn Hairsalon, đường 31, Phường Đông Ngạc, Thành phố Hà Nội, 12500, Việt Nam",None,None,hairdresser,21.0736501,105.7736508
urban oasis spa,massage,Hà Nội,"urban oasis spa, Ngõ Bảo Khánh, Phường Hoàn Kiếm, Thành phố Hà Nội, 11006, Việt Nam",None,None,massage,21.0311902,105.8500507
None,travel_agency,Hà Nội,"Goodmorning CatBa, Phố Chợ Gạo, Khu phố cổ, Phường Hoàn Kiếm, Thành phố Hà Nội, 11010, Việt Nam",None,None,travel_agency,21.0366317,105.8528035
Coba Bakery,bakery,Hà Nội,"Coba Bakery, Phố Hàng Gai, Khu phố cổ, Phường Hoàn Kiếm, Thành phố Hà Nội, 11015, Việt Nam",None,None,bakery,21.0319179,105.8501442
S'Patisserie,pastry,Hà Nội,"17, Phố Hàng Khay, Hà Nội",None,None,pastry,21.0255546,105.8525989
Circle K,convenience,Hà Nội,"Circle K, Phố Tạ Quang Bửu, Phường Bạch Mai, Thành phố Hà Nội, 10999, Việt Nam",None,None,convenience,21.0009138,105.8498253
Làng nón Chuông,variety_store,Hà Nội,"RQG6+F95, Đường Làng Chuông",None,None,variety_store,20.8263869,105.761099
WinMart,supermarket,Hà Nội,"WinMart, 54A, Đường Nguyễn Chí Thanh, Phường Láng, Thành phố Hà Nội, 10080, Việt Nam",None,None,supermarket,21.0233096,105.8094935
H&M,clothes,Hà Nội,"H&M, 54A, Đường Nguyễn Chí Thanh, Phường Láng, Thành phố Hà Nội, 10080, Việt Nam",None,None,clothes,21.023217,105.8093004
Mango,clothes,Hà Nội,"Mango, 54A, Đường Nguyễn Chí Thanh, Phường Láng, Thành phố Hà Nội, 10080, Việt Nam",None,None,clothes,21.0233736,105.809719
Levi's,clothes,Hà Nội,"Levi's, 54A, Đường Nguyễn Chí Thanh, Phường Láng, Thành phố Hà Nội, 10080, Việt Nam",None,None,clothes,21.0232793,105.8094159
Uniqlo,clothes,Hà Nội,"Uniqlo, Phố Đào Tấn, Phường Ngọc Hà, Thành phố Hà Nội, 10251, Việt Nam",None,None,clothes,21.0311608,105.8153831
WinMart,supermarket,Hà Nội,"WinMart, Phố Đào Tấn, Phường Ngọc Hà, Thành phố Hà Nội, 10251, Việt Nam",None,None,supermarket,21.0312281,105.815145
Adidas,sports,Hà Nội,"Adidas, Phố Đào Tấn, Phường Ngọc Hà, Thành phố Hà Nội, 10251, Việt Nam",None,None,sports,21.0312483,105.814923
Puma,clothes,Hà Nội,"Puma, Phố Đào Tấn, Phường Ngọc Hà, Thành phố Hà Nội, 10251, Việt Nam",None,None,clothes,21.0313898,105.8148671
Paris Baguette,bakery,Hà Nội,"Paris Baguette, Phố Đào Tấn, Phường Ngọc Hà, Thành phố Hà Nội, 10251, Việt Nam",None,None,bakery,21.0313309,105.8145928
Adidas,sports,Hà Nội,"Adidas, 2, Phố Phạm Ngọc Thạch, Phường Kim Liên, Thành phố Hà Nội, 11415, Việt Nam",None,None,sports,21.006318,105.8318354
ShopDunk Care,electronics,Hà Nội,"161, Phố Xã Đàn, Hà Nội",None,None,electronics,21.0139659,105.8339731
Trung tâm kính cường lực cũ Phúc Trung Kiên,supermarket,Hà Nội,"329, Phan Bá Vành, cạnh đường tàu, Hà Nội, 100000",None,None,supermarket,21.0571467,105.7732403
L's Place,convenience,Hà Nội,"26, Phố Liễu Giai, Hà Nội",None,None,convenience,21.03532,105.8141712
None,supermarket,Hà Nội,"Phố Hàng Bông, Phường Hoàn Kiếm, Thành phố Hà Nội, 11060, Việt Nam",None,None,supermarket,21.0284379,105.8436493
None,coffee,Hà Nội,"Nghe, Ngõ 66 Dịch Vọng Hậu, Phường Cầu Giấy, Thành phố Hà Nội, 10085, Việt Nam",None,None,coffee,21.0317539,105.784732
None,wine,Hà Nội,"Wine and spirits, Phố Ngọc Hà, Phường Ba Đình, Thành phố Hà Nội, 10199, Việt Nam",None,None,wine,21.0363062,105.8311281
Huyen Trang Minimart,convenience,Hà Nội,"Huyen Trang Minimart, Phố Hoè Nhai, Phường Ba Đình, Thành phố Hà Nội, 11058, Việt Nam",None,None,convenience,21.0407758,105.8459305
WinMart+,convenience,Hà Nội,"15, Phố Dịch Vọng Hậu",None,None,convenience,21.0329954,105.7876339
Hoa lụa nhà trồng,supermarket,Hà Nội,"21, Ngõ 162 Nguyễn Văn Cừ, Hà Nội, 100000",None,None,supermarket,21.0416208,105.8724139
Je t'aime,clothes,Hà Nội,"Je t'aime, Phố Nguyễn Trường Tộ, Phường Ba Đình, Thành phố Hà Nội, 10075, Việt Nam",None,None,clothes,21.0432484,105.8433845
COMPLEX 01,mall,Hà Nội,"29, Ngách 31/167 Tây Sơn, Hà Nội",None,None,mall,21.0106769,105.826811
WinMart+,convenience,Hà Nội,"WinMart+, Ngõ 108 Phố Ngọc Hà, Phường Ba Đình, Thành phố Hà Nội, 11112, Việt Nam",None,None,convenience,21.0368913,105.8310138
Tiệm Nước Trần Thị Hoa,beverages,Hà Nội,"Tiệm Nước Trần Thị Hoa, Đường đi bộ cầu Long Biên, Phường Hồng Hà, Thành phố Hà Nội, 11008, Việt Nam",None,None,beverages,21.0433448,105.857926
Chợ thôn Tri Chỉ,supermarket,Hà Nội,"Chợ thôn Tri Chỉ, Đường Cái Thôn Tri Chỉ, Tri Chỉ, Xã Phượng Dực, Thành phố Hà Nội, 13524, Việt Nam",None,None,supermarket,20.7841007,105.8292155
None,yes,Hà Nội,"Đường Thụy Khuê, Phường Tây Hồ, Thành phố Hà Nội, 10287, Việt Nam",None,None,yes,21.0414106,105.8281609
None,supermarket,Hà Nội,"BRGMART, Phố Hàng Trống, Phường Hoàn Kiếm, Thành phố Hà Nội, 10016, Việt Nam",None,None,supermarket,21.028926,105.8506288
Cửa hàng Bánh truyền thống Ba Thể,pastry,Hà Nội,"Cửa hàng Bánh truyền thống Ba Thể, Đường Thụy Khuê, Phường Tây Hồ, Thành phố Hà Nội, 10072, Việt Nam",None,None,pastry,21.0486426,105.8068693
None,yes,Hà Nội,"Đường Thụy Khuê, Phường Tây Hồ, Thành phố Hà Nội, 10072, Việt Nam",None,None,yes,21.0486055,105.8069596
Ngọc Châu Fruits,greengrocer,Hà Nội,"Ngọc Châu Fruits, Đường Thụy Khuê, Phường Tây Hồ, Thành phố Hà Nội, 10072, Việt Nam",None,None,greengrocer,21.0485575,105.8071159
Huy Motor,motorcycle_repair,Hà Nội,"Huy Motor, Đường Thụy Khuê, Phường Tây Hồ, Thành phố Hà Nội, 10072, Việt Nam",None,None,motorcycle_repair,21.0485426,105.8071864
None,houseware,Hà Nội,"Ngõ 574 Thụy Khuê, Phường Tây Hồ, Thành phố Hà Nội, 10072, Việt Nam",None,None,houseware,21.0485613,105.8073888
Hương Anh Beauty Spa,beauty,Hà Nội,"Hương Anh Beauty Spa, Ngõ 574 Thụy Khuê, Phường Tây Hồ, Thành phố Hà Nội, 10072, Việt Nam",None,None,beauty,21.0485582,105.8075063
None,laundry,Hà Nội,"Đường Thụy Khuê, Phường Tây Hồ, Thành phố Hà Nội, 10072, Việt Nam",None,None,laundry,21.0485572,105.8076099
None,clothes,Hà Nội,"Đường Thụy Khuê, Phường Tây Hồ, Thành phố Hà Nội, 10072, Việt Nam",None,None,clothes,21.0485286,105.8078319
Đức Minh Bakery,bakery,Hà Nội,"Đức Minh Bakery, Đường Thụy Khuê, Phường Tây Hồ, Thành phố Hà Nội, 10072, Việt Nam",None,None,bakery,21.0484617,105.8080394
GDVSport,massage,Hà Nội,"GDVSport, Đường Thụy Khuê, Phường Tây Hồ, Thành phố Hà Nội, 10072, Việt Nam",None,None,massage,21.0484136,105.8082021
None,clothes,Hà Nội,"Đường Thụy Khuê, Phường Tây Hồ, Thành phố Hà Nội, 10072, Việt Nam",None,None,clothes,21.0482181,105.8094966
Máy lọc nước SunnyEco,appliance,Hà Nội,"Máy lọc nước SunnyEco, Đường Thụy Khuê, Phường Tây Hồ, Thành phố Hà Nội, 10072, Việt Nam",None,None,appliance,21.0482304,105.809407
None,convenience,Hà Nội,"Đường Thụy Khuê, Phường Tây Hồ, Thành phố Hà Nội, 10072, Việt Nam",None,None,convenience,21.0481908,105.8096175
Việt Thắng,mobile_phone,Hà Nội,"Việt Thắng, Đường Thụy Khuê, Phường Tây Hồ, Thành phố Hà Nội, 10072, Việt Nam",None,None,mobile_phone,21.0483906,105.8082985
None,laundry,Hà Nội,"Đường Thụy Khuê, Phường Tây Hồ, Thành phố Hà Nội, 10072, Việt Nam",None,None,laundry,21.0483808,105.8083414
Việt Thái Motor,motorcycle_repair,Hà Nội,"Việt Thái Motor, Đường Thụy Khuê, Phường Tây Hồ, Thành phố Hà Nội, 10072, Việt Nam",None,None,motorcycle_repair,21.0483692,105.8084049
Điện máy Bách khoa,appliance,Hà Nội,"Điện máy Bách khoa, 520, Đường Thụy Khuê, Phường Tây Hồ, Thành phố Hà Nội, 10072, Việt Nam",None,None,appliance,21.0482863,105.808942
None,beauty,Hà Nội,"Ngõ 514 Đường Thụy Khuê, Phường Tây Hồ, Thành phố Hà Nội, 10072, Việt Nam",None,None,beauty,21.0482796,105.8089825
Cưới Hỏi Thu Minh Chuyên,clothes,Hà Nội,"Cưới Hỏi Thu Minh Chuyên, Ngõ 514 Đường Thụy Khuê, Phường Tây Hồ, Thành phố Hà Nội, 10072, Việt Nam",None,None,clothes,21.048265,105.8090952
Cửa hàng thời trang Bạch Yến,clothes,Hà Nội,"Cửa hàng thời trang Bạch Yến, Đường Thụy Khuê, Phường Tây Hồ, Thành phố Hà Nội, 10072, Việt Nam",None,None,clothes,21.048259,105.8091528
None,lottery,Hà Nội,"Đường Thụy Khuê, Phường Tây Hồ, Thành phố Hà Nội, 10072, Việt Nam",None,None,lottery,21.0482456,105.8092536
Cắt tóc nam Tuấn Hùng,hairdresser,Hà Nội,"Cắt tóc nam Tuấn Hùng, Đường Thụy Khuê, Phường Tây Hồ, Thành phố Hà Nội, 10072, Việt Nam",None,None,hairdresser,21.0482406,105.8093381
None,supermarket,Hà Nội,"Duyên Hà - Vạn Phúc, Tranh Khúc, Xã Nam Phù, Thành phố Hà Nội, 12506, Việt Nam",None,None,supermarket,20.9248566,105.8876602
Kính mắt Đức Quang,optician,Hà Nội,"Kính mắt Đức Quang, Đường Thụy Khuê, Phường Tây Hồ, Thành phố Hà Nội, 10072, Việt Nam",None,None,optician,21.0479324,105.8102081
Cửa hàng gas Petrolimex số 24,fuel,Hà Nội,"Cửa hàng gas Petrolimex số 24, Đường Thụy Khuê, Phường Tây Hồ, Thành phố Hà Nội, 10072, Việt Nam",None,None,fuel,21.0481788,105.8096751
Cắt tóc Hoàng Anh,hairdresser,Hà Nội,"Cắt tóc Hoàng Anh, Đường Thụy Khuê, Phường Tây Hồ, Thành phố Hà Nội, 10072, Việt Nam",None,None,hairdresser,21.048105,105.8099103
Tiệm sửa xe Mạnh Huấn,motorcycle_repair,Hà Nội,"Tiệm sửa xe Mạnh Huấn, Đường Thụy Khuê, Phường Tây Hồ, Thành phố Hà Nội, 10072, Việt Nam",None,None,motorcycle_repair,21.048069,105.8099787
2T MART,convenience,Hà Nội,"468, Đường Thụy Khuê, Hà Nội",None,None,convenience,21.0480158,105.810085
None,bakery,Hà Nội,"Đường Thụy Khuê, Phường Tây Hồ, Thành phố Hà Nội, 10072, Việt Nam",None,None,bakery,21.047975,105.8101569
None,copyshop,Hà Nội,"Ngõ 444 Thụy Khuê, Phường Tây Hồ, Thành phố Hà Nội, 10072, Việt Nam",None,None,copyshop,21.0476886,105.8105604
None,yes,Hà Nội,"Ngõ 444 Thụy Khuê, Phường Tây Hồ, Thành phố Hà Nội, 10072, Việt Nam",None,None,yes,21.0476735,105.8105853
None,clothes,Hà Nội,"Đường Thụy Khuê, Phường Tây Hồ, Thành phố Hà Nội, 10062, Việt Nam",None,None,clothes,21.0477212,105.8105132
None,clothes,Hà Nội,"Đường Thụy Khuê, Phường Tây Hồ, Thành phố Hà Nội, 10072, Việt Nam",None,None,clothes,21.0477927,105.8104344
Organic Green,butcher,Hà Nội,"Organic Green, Ngõ 460 Đường Thuỵ Khuê, Phường Tây Hồ, Thành phố Hà Nội, 10072, Việt Nam",None,None,butcher,21.0478414,105.8103459
Ann's Florist,florist,Hà Nội,"Ann's Florist, Đường Thụy Khuê, Phường Tây Hồ, Thành phố Hà Nội, 10072, Việt Nam",None,None,florist,21.0478276,105.8103786
None,mobile_phone,Hà Nội,"Đường Thụy Khuê, Phường Tây Hồ, Thành phố Hà Nội, 10071, Việt Nam",None,None,mobile_phone,21.0476079,105.8107047
None,appliance,Hà Nội,"Ngõ 444 Thụy Khuê, Phường Tây Hồ, Thành phố Hà Nội, 10072, Việt Nam",None,None,appliance,21.0476321,105.8106672
None,florist,Hà Nội,"Đường Lạc Long Quân, Phường Ngọc Hà, Thành phố Hà Nội, 10072, Việt Nam",None,None,florist,21.0477402,105.8063003
None,department_store,Hà Nội,"Cerender, Phố Tràng Thi, Phường Hoàn Kiếm, Thành phố Hà Nội, 10116, Việt Nam",None,None,department_store,21.026118,105.8507711
None,travel_agency,Hà Nội,"How Long Sapa Travel, Phố Hàng Bồ, Khu phố cổ, Phường Hoàn Kiếm, Thành phố Hà Nội, 11015, Việt Nam",None,None,travel_agency,21.0338811,105.8482094
Omamori spa,massage,Hà Nội,"Omamori spa, Ngõ Huyện, Phường Hoàn Kiếm, Thành phố Hà Nội, 11006, Việt Nam",None,None,massage,21.0295185,105.8483488
None,electronics,Hà Nội,"Đường Thụy Khuê, Phường Tây Hồ, Thành phố Hà Nội, 10062, Việt Nam",None,None,electronics,21.0473923,105.8110105
KAIO,mobile_phone,Hà Nội,"KAIO, 434, Đường Thụy Khuê, Phường Tây Hồ, Thành phố Hà Nội, 10071, Việt Nam",None,None,mobile_phone,21.0473409,105.8110614
Shop Gia Linh,clothes,Hà Nội,"Shop Gia Linh, 432, Đường Thụy Khuê, Phường Tây Hồ, Thành phố Hà Nội, 10071, Việt Nam",None,None,clothes,21.0473167,105.8110896
BRGMart,supermarket,Hà Nội,"BRGMart, Đường Lạc Long Quân, Phường Tây Hồ, Thành phố Hà Nội, 10072, Việt Nam",None,None,supermarket,21.0519815,105.8091209
None,convenience,Hà Nội,"Quốc lộ 23, Xã Tiến Thắng, Thành phố Hà Nội, 84211, Việt Nam",None,None,convenience,21.2097111,105.7054132
None,bakery,Hà Nội,"17, Phố Hàng Khay",None,None,bakery,21.0255633,105.8525635
None,bakery,Hà Nội,Phố Hàng Gai,None,None,bakery,21.031801,105.8499467
None,travel_agency,Hà Nội,"Motorcyclist tours and rental, Ngõ 128 Phố Bắc Cầu, Phường Bồ Đề, Thành phố Hà Nội, 11810, Việt Nam",None,None,travel_agency,21.0666294,105.8589616
None,car_repair,Hà Nội,"43, Ngõ 61 Phạm Tuấn Tài, Hà Nội",None,None,car_repair,21.0451909,105.784651
Circle K,convenience,Hà Nội,"Circle K, 114, Phố Mai Hắc Đế, Phường Hai Bà Trưng, Thành phố Hà Nội, 10058, Việt Nam",None,None,convenience,21.0115887,105.8506977
None,travel_agency,Hà Nội,"Ngõ Huyện, Phường Hoàn Kiếm, Thành phố Hà Nội, 11006, Việt Nam",None,None,travel_agency,21.0294021,105.848276
Alquiler moto,travel_agency,Hà Nội,"Alquiler moto, Ngõ Thọ Xương, Phường Hoàn Kiếm, Thành phố Hà Nội, 11006, Việt Nam",None,None,travel_agency,21.0290642,105.8485312
None,travel_agency,Hà Nội,"Ngõ 49 Phố Đức Giang, Phường Việt Hưng, Thành phố Hà Nội, 11810, Việt Nam",None,None,travel_agency,21.0625183,105.8898553
None,convenience,Hà Nội,"Kho Song Mã Hn, Đường Vạn Phúc, Phường Hà Đông, Thành phố Hà Nội, 10189, Việt Nam",None,None,convenience,20.9779905,105.7733971
Gap,clothes,Hà Nội,"Gap, 24, Phố Hai Bà Trưng, Phường Cửa Nam, Thành phố Hà Nội, 11022, Việt Nam",None,None,clothes,21.0244549,105.8533055
Tiffany & Company,jewelry,Hà Nội,"Tiffany & Company, 24, Phố Hai Bà Trưng, Phường Cửa Nam, Thành phố Hà Nội, 11022, Việt Nam",None,None,jewelry,21.0243159,105.8532277
Rolex,watches,Hà Nội,"Rolex, 24, Phố Hai Bà Trưng, Phường Cửa Nam, Thành phố Hà Nội, 11022, Việt Nam",None,None,watches,21.024404,105.8531333
Gucci,clothes,Hà Nội,"Gucci, 24, Phố Hai Bà Trưng, Phường Cửa Nam, Thành phố Hà Nội, 11022, Việt Nam",None,None,clothes,21.0246148,105.8532596
Cartier,jewelry,Hà Nội,"Cartier, 24, Phố Hai Bà Trưng, Phường Cửa Nam, Thành phố Hà Nội, 11022, Việt Nam",None,None,jewelry,21.0247494,105.8532098
Jaguar Land Rover Studio Hanoi,car,Hà Nội,"Jaguar Land Rover Studio Hanoi, 24, Phố Hai Bà Trưng, Phường Cửa Nam, Thành phố Hà Nội, 11022, Việt Nam",None,None,car,21.0248828,105.85328
Chanel,clothes,Hà Nội,"Chanel, 24, Phố Hai Bà Trưng, Phường Cửa Nam, Thành phố Hà Nội, 11022, Việt Nam",None,None,clothes,21.0246434,105.853354
Dolce & Gabbana,clothes,Hà Nội,"Dolce & Gabbana, 24, Phố Hai Bà Trưng, Phường Cửa Nam, Thành phố Hà Nội, 11022, Việt Nam",None,None,clothes,21.0249924,105.8533961
Emporio Armani,clothes,Hà Nội,"Emporio Armani, 24, Phố Hai Bà Trưng, Phường Cửa Nam, Thành phố Hà Nội, 11022, Việt Nam",None,None,clothes,21.0249745,105.8533132
Burberry,clothes,Hà Nội,"Burberry, 24, Phố Hai Bà Trưng, Phường Cửa Nam, Thành phố Hà Nội, 11022, Việt Nam",None,None,clothes,21.024566,105.853331
None,mobile_phone,Hà Nội,"Đường Trần Lư, Xã Thường Tín, Thành phố Hà Nội, Việt Nam",None,None,mobile_phone,20.8719944,105.8644887
None,mobile_phone,Hà Nội,"Đường Trần Trọng Liêu, Xã Thường Tín, Thành phố Hà Nội, Việt Nam",None,None,mobile_phone,20.8717589,105.8668611
None,travel_agency,Hà Nội,"Phố Tạ Hiện, Khu phố cổ, Phường Hoàn Kiếm, Thành phố Hà Nội, 11010, Việt Nam",None,None,travel_agency,21.0347288,105.8521632
None,travel_agency,Hà Nội,"Đường Hồng Hà, Phường Hồng Hà, Thành phố Hà Nội, 10262, Việt Nam",None,None,travel_agency,21.0302456,105.857439
None,travel_agency,Hà Nội,"Đường Trần Quang Khải, Phường Hoàn Kiếm, Thành phố Hà Nội, 10063, Việt Nam",None,None,travel_agency,21.0277958,105.8581485
Hugo Boss,clothes,Hà Nội,"Hugo Boss, Đường Lạc Long Quân, Phường Tây Hồ, Thành phố Hà Nội, 10206, Việt Nam",None,None,clothes,21.0756762,105.812778
Lush,cosmetics,Hà Nội,"Lush, 272, Đường Võ Chí Công, Phường Tây Hồ, Thành phố Hà Nội, 10206, Việt Nam",None,None,cosmetics,21.0762197,105.8123515
Puma,clothes,Hà Nội,"Puma, 272, Đường Võ Chí Công, Phường Tây Hồ, Thành phố Hà Nội, 10206, Việt Nam",None,None,clothes,21.0763072,105.8126734
Skechers,shoes,Hà Nội,"Skechers, Đường Võ Chí Công, Phường Tây Hồ, Thành phố Hà Nội, 10206, Việt Nam",None,None,shoes,21.0756391,105.8121738
Adidas,sports,Hà Nội,"Adidas, Đường Võ Chí Công, Phường Tây Hồ, Thành phố Hà Nội, 10206, Việt Nam",None,None,sports,21.0759595,105.8122137
Vans,shoes,Hà Nội,"Vans, Đường Võ Chí Công, Phường Tây Hồ, Thành phố Hà Nội, 10206, Việt Nam",None,None,shoes,21.0753408,105.8120699
Tôn Hoa Sen,hardware,Hà Nội,"Tôn Hoa Sen, Đường tỉnh 411C, Xã Vật Lại, Thành phố Hà Nội, Việt Nam",None,None,hardware,21.2148372,105.4032351
Gara Ôtô Kim Thành,car_repair,Hà Nội,"Gara Ôtô Kim Thành, Đường tỉnh 411C, Xã Vật Lại, Thành phố Hà Nội, Việt Nam",None,None,car_repair,21.2149777,105.40303
Cửa hàng Phong Hường,hardware,Hà Nội,"Cửa hàng Phong Hường, Quốc lộ 32, Xóm Hữu, Xã Vật Lại, Thành phố Hà Nội, 02103, Việt Nam",None,None,hardware,21.2329235,105.3562669
Công ty MTV TNHH 966,hardware,Hà Nội,"Công ty MTV TNHH 966, Cầu Trung Hà, Xã Vật Lại, Thành phố Hà Nội, Xã Tam Nông, Tỉnh Phú Thọ, 02103, Việt Nam",None,None,hardware,21.2335873,105.3530511
None,hardware,Hà Nội,"Quốc lộ 32, Xóm Hữu, Xã Vật Lại, Thành phố Hà Nội, 02103, Việt Nam",None,None,hardware,21.2327175,105.3570026
Trường An Mobile,mobile_phone,Hà Nội,"Trường An Mobile, Quốc lộ 32, Xóm Hữu, Xã Vật Lại, Thành phố Hà Nội, 02103, Việt Nam",None,None,mobile_phone,21.2331053,105.3557601
Điện tử Lạc Hồng,electronics,Hà Nội,"Điện tử Lạc Hồng, Quốc lộ 32, Xóm Hữu, Xã Vật Lại, Thành phố Hà Nội, 02103, Việt Nam",None,None,electronics,21.2331477,105.3556233
None,dairy,Hà Nội,"Quốc lộ 32, Xóm Hữu, Xã Vật Lại, Thành phố Hà Nội, 02103, Việt Nam",None,None,dairy,21.2332041,105.3554614
Sửa xe Ngọc Thành,motorcycle_repair,Hà Nội,"Sửa xe Ngọc Thành, Quốc lộ 32, Xóm Hữu, Xã Vật Lại, Thành phố Hà Nội, 02103, Việt Nam",None,None,motorcycle_repair,21.2333805,105.3549012
Bích Dung Kids Shop,clothes,Hà Nội,"Bích Dung Kids Shop, Quốc lộ 32, Xóm Hữu, Xã Vật Lại, Thành phố Hà Nội, 02103, Việt Nam",None,None,clothes,21.2334619,105.3548043
Nấm Mobile,mobile_phone,Hà Nội,"Nấm Mobile, Quốc lộ 32, Xóm Hữu, Xã Vật Lại, Thành phố Hà Nội, 02103, Việt Nam",None,None,mobile_phone,21.2334313,105.3547319
Circle K,convenience,Hà Nội,"Circle K, Văn Lang 2, Vinhomes Smart City, Phường Tây Mỗ, Thành phố Hà Nội, 34000, Việt Nam",None,None,convenience,21.007843,105.7379437
None,ticket,Hà Nội,"1, Phố Trần Quý Cáp, Phường Văn Miếu - Quốc Tử Giám, Thành phố Hà Nội, 11018, Việt Nam",None,None,ticket,21.0267282,105.8404722
fLeuriste amusée,florist,Hà Nội,"29, Ngách 31/167 Tây Sơn, Hà Nội, +84",None,None,florist,21.0110178,105.8269015
None,books,Hà Nội,"Ngõ 13 đường Giải Phóng, Phường Bạch Mai, Thành phố Hà Nội, 10181, Việt Nam",None,None,books,21.0052143,105.8433861
Cafè Cong,coffee,Hà Nội,"Cafè Cong, Phố Trúc Bạch, Phường Ba Đình, Thành phố Hà Nội, 11117, Việt Nam",None,None,coffee,21.0491657,105.8394935
Tomibun,supermarket,Hà Nội,"16, Phố Phan Chu Trinh, Hà Nội",None,None,supermarket,21.0213583,105.8548727
siêu thị 24/7,supermarket,Hà Nội,Ngách 2 Ngõ 32 Phố Viên,None,None,supermarket,21.0722689,105.7732193
Jamun Coffee & Bakery,bakery,Hà Nội,"17-19, Phố Nguyễn Như Uyên, Hà Nội",None,None,bakery,21.0198052,105.7877033
Nội thất Thăng Tần,appliance,Hà Nội,"Nội thất Thăng Tần, Quốc lộ 32, Xã Vật Lại, Thành phố Hà Nội, Việt Nam",None,None,appliance,21.2104864,105.413083
Shop T & M,shoes,Hà Nội,Quốc lộ 32,None,None,shoes,21.2106125,105.4131506
Đồ gỗ Tâm Đăng,furniture,Hà Nội,Quốc lộ 32,None,None,furniture,21.2107289,105.4131412
Showroom DETECH Phú Hoà 1,motorcycle,Hà Nội,Quốc lộ 32,None,None,motorcycle,21.2108339,105.4131227
Shop A & E,clothes,Hà Nội,Quốc lộ 32,None,None,clothes,21.2109895,105.413054
Hoàng Phương Mobile,mobile_phone,Hà Nội,Quốc lộ 32,None,None,mobile_phone,21.2110512,105.4130275
Hằng Đoàn Bontique,yes,Hà Nội,Quốc lộ 32,None,None,yes,21.2110866,105.4130098
Salon Ô tô,car,Hà Nội,Quốc lộ 32,None,None,car,21.2112598,105.4128947
None,clothes,Hà Nội,Quốc lộ 32,None,None,clothes,21.2113542,105.412872
Nội thất Xuân Hoà,furniture,Hà Nội,"Nội thất Xuân Hoà, Quốc lộ 32, Xã Vật Lại, Thành phố Hà Nội, Việt Nam",None,None,furniture,21.2071849,105.4159609
Sửa xe Tú Tài,car_repair,Hà Nội,"Sửa xe Tú Tài, Quốc lộ 32, Xã Vật Lại, Thành phố Hà Nội, Việt Nam",None,None,car_repair,21.2075312,105.4157495
Minh Trang Spa,beauty,Hà Nội,"Minh Trang Spa, Quốc lộ 32, Xã Vật Lại, Thành phố Hà Nội, Việt Nam",None,None,beauty,21.2074429,105.415567
Điện máy Anh Mạnh,agrarian,Hà Nội,"Điện máy Anh Mạnh, Quốc lộ 32, Xã Vật Lại, Thành phố Hà Nội, Việt Nam",None,None,agrarian,21.2076748,105.415397
Nệm Kim Cương,bed,Hà Nội,"Nệm Kim Cương, Quốc lộ 32, Xã Vật Lại, Thành phố Hà Nội, Việt Nam",None,None,bed,21.2077361,105.4152397
None,car_parts,Hà Nội,"Quốc lộ 32, Xã Vật Lại, Thành phố Hà Nội, Việt Nam",None,None,car_parts,21.2078633,105.4151023
SportTStime,clothes,Hà Nội,"SportTStime, Quốc lộ 32, Xã Vật Lại, Thành phố Hà Nội, Việt Nam",None,None,clothes,21.2079972,105.4150501
Ngọc Lốp,car_parts,Hà Nội,"Ngọc Lốp, Quốc lộ 32, Xã Vật Lại, Thành phố Hà Nội, Việt Nam",None,None,car_parts,21.2081373,105.4149808
Đại lý Minh Quân,appliance,Hà Nội,"Đại lý Minh Quân, Quốc lộ 32, Xã Vật Lại, Thành phố Hà Nội, Việt Nam",None,None,appliance,21.2091704,105.4139671
Đồ gỗ mỹ nghệ Anh Sơn,furniture,Hà Nội,"Đồ gỗ mỹ nghệ Anh Sơn, Quốc lộ 32, Xã Vật Lại, Thành phố Hà Nội, Việt Nam",None,None,furniture,21.2094003,105.4138429
None,pet,Hà Nội,"Quốc lộ 32, Xã Vật Lại, Thành phố Hà Nội, Việt Nam",None,None,pet,21.2093077,105.4139177
Mango,clothes,Hà Nội,"Mango, 191, Phố Bà Triệu, Phường Hai Bà Trưng, Thành phố Hà Nội, 10058, Việt Nam",None,None,clothes,21.0110014,105.8496376
Uniqlo,clothes,Hà Nội,"Uniqlo, 191, Phố Bà Triệu, Phường Hai Bà Trưng, Thành phố Hà Nội, 10058, Việt Nam",None,None,clothes,21.0112395,105.8500512
United Colors of Benetton,clothes,Hà Nội,"United Colors of Benetton, 191, Phố Bà Triệu, Phường Hai Bà Trưng, Thành phố Hà Nội, 10058, Việt Nam",None,None,clothes,21.0114948,105.8496345
Aldo,shoes,Hà Nội,"Aldo, 191, Phố Bà Triệu, Phường Hai Bà Trưng, Thành phố Hà Nội, 10058, Việt Nam",None,None,shoes,21.0111466,105.8493093
Ecco,shoes,Hà Nội,"Ecco, 191, Phố Bà Triệu, Phường Hai Bà Trưng, Thành phố Hà Nội, 10058, Việt Nam",None,None,shoes,21.0113306,105.8502738
Gap,clothes,Hà Nội,"Gap, 191, Phố Bà Triệu, Phường Hai Bà Trưng, Thành phố Hà Nội, 10058, Việt Nam",None,None,clothes,21.0108885,105.8493957
Triumph,clothes,Hà Nội,"Triumph, 191, Phố Bà Triệu, Phường Hai Bà Trưng, Thành phố Hà Nội, 10058, Việt Nam",None,None,clothes,21.0114321,105.8502372
Samsonite,bag,Hà Nội,"Samsonite, 191, Phố Bà Triệu, Phường Hai Bà Trưng, Thành phố Hà Nội, 10058, Việt Nam",None,None,bag,21.0110764,105.8492696
Träumerei,convenience,Hà Nội,"Träumerei, Đường Số 2 Times City, Vinhomes Times City, Phường Vĩnh Tuy, Thành phố Hà Nội, 11622, Việt Nam",None,None,convenience,20.9969089,105.8682758
Hà Đăng Mart,supermarket,Hà Nội,"Phố Thành Thái, Hà Nội",None,None,supermarket,21.028823,105.793548
Gỗ An Cường,furniture,Hà Nội,"4, Ngõ 3 Thành Thái, Hà Nội",None,None,furniture,21.02853,105.7931321
None,beverages,Hà Nội,"Phố Hoàng Quán Chi, Phường Cầu Giấy, Thành phố Hà Nội, 10036, Việt Nam",None,None,beverages,21.0282143,105.7927294
TrueMoney Vay,money_lender,Hà Nội,"1, Đường Hoàng Quốc Việt, Hà Nội",None,None,money_lender,21.0459744,105.8049367
Nhôm kính Mạnh Hùng,trade,Hà Nội,"3, Đường Hoàng Quốc Việt, Hà Nội",None,None,trade,21.0459213,105.8048883
F99,greengrocer,Hà Nội,"3, Đường Hoàng Quốc Việt, Hà Nội",None,None,greengrocer,21.0459743,105.8048877
Ngọc Đức,trade,Hà Nội,"5, Đường Hoàng Quốc Việt, Hà Nội",None,None,trade,21.0459737,105.8048478
Showroom Cao Minh,bathroom_furnishing,Hà Nội,"7, Đường Hoàng Quốc Việt, Hà Nội",None,None,bathroom_furnishing,21.0459742,105.8047377
Rạng Đông,lighting,Hà Nội,"9, Đường Hoàng Quốc Việt, Hà Nội",None,None,lighting,21.0459742,105.8046724
Kiên Được,photo,Hà Nội,"17, Đường Hoàng Quốc Việt, Hà Nội",None,None,photo,21.0459735,105.8046137
None,gas,Hà Nội,"19, Đường Hoàng Quốc Việt, Hà Nội",None,None,gas,21.0459735,105.8045425
Vật liệu xây dựng Tiến Thịnh,trade,Hà Nội,"21, Đường Hoàng Quốc Việt, Hà Nội",None,None,trade,21.045974,105.8044961
Đại lý Xuân Công,bathroom_furnishing,Hà Nội,"23, Đường Hoàng Quốc Việt, Hà Nội",None,None,bathroom_furnishing,21.0459735,105.8044486
Đại lý Song Sơn,bathroom_furnishing,Hà Nội,"25, Đường Hoàng Quốc Việt, Hà Nội",None,None,bathroom_furnishing,21.0459735,105.804402
Minh Ngọc,trade,Hà Nội,"31, Đường Hoàng Quốc Việt, Hà Nội",None,None,trade,21.0459735,105.8042882
Vinalight,lighting,Hà Nội,"33, Đường Hoàng Quốc Việt, Hà Nội",None,None,lighting,21.0459735,105.8042512
Đồng hồ Oanh Chuyền,watches,Hà Nội,"35, Đường Hoàng Quốc Việt, Hà Nội",None,None,watches,21.0459735,105.8042065
Điện máy Đức Cường,electronics,Hà Nội,"35, Đường Hoàng Quốc Việt, Hà Nội",None,None,electronics,21.0459738,105.8041744
Điện máy Đức Cường,electronics,Hà Nội,"31, Đường Hoàng Quốc Việt, Hà Nội",None,None,electronics,21.0459735,105.8043174
Cửa hàng Hoà Khánh,electrical,Hà Nội,"45, Đường Hoàng Quốc Việt, Hà Nội",None,None,electrical,21.0459734,105.8040832
None,flooring,Hà Nội,"47, Đường Hoàng Quốc Việt, Hà Nội",None,None,flooring,21.0459734,105.8040384
None,flooring,Hà Nội,"51, Đường Hoàng Quốc Việt, Hà Nội",None,None,flooring,21.0459734,105.803959
None,flooring,Hà Nội,"53, Đường Hoàng Quốc Việt, Hà Nội",None,None,flooring,21.0459734,105.8039215
Đại lý Nam Sơn,kitchen,Hà Nội,"55, Đường Hoàng Quốc Việt, Hà Nội",None,None,kitchen,21.0459734,105.8038863
Showroom gạch Maika,flooring,Hà Nội,"Showroom gạch Maika, Đường Hoàng Quốc Việt, Phường Nghĩa Đô, Thành phố Hà Nội, 10072, Việt Nam",None,None,flooring,21.0459734,105.8038444
Sàn gỗ Rainforest,flooring,Hà Nội,"67, Đường Hoàng Quốc Việt, Hà Nội",None,None,flooring,21.0459733,105.8037032
Kangaroo,appliance,Hà Nội,"67, Đường Hoàng Quốc Việt, Hà Nội",None,None,appliance,21.0459734,105.803735
Home Cooking Group,appliance,Hà Nội,"59, Đường Hoàng Quốc Việt, Hà Nội",None,None,appliance,21.0459734,105.8038043
TOTO Hiền Huệ,appliance,Hà Nội,"77-79, Đường Hoàng Quốc Việt, Hà Nội",None,None,appliance,21.0459733,105.8034738
Vietlott,lottery,Hà Nội,"81, Đường Hoàng Quốc Việt, Hà Nội",None,None,lottery,21.0459733,105.8034261
Hoá chất - Thiết bị thí nghiệm,trade,Hà Nội,"83, Đường Hoàng Quốc Việt, Hà Nội",None,None,trade,21.0459733,105.8033998
Nội thất Song Lê,furniture,Hà Nội,"85-87, Đường Hoàng Quốc Việt, Hà Nội",None,None,furniture,21.0459513,105.8033303
Duck's Hair,wigs,Hà Nội,"Duck's Hair, Phố Phạm Tiến Duật, Khu đô thị mới Cổ Nhuế - Xuân Đỉnh, Phường Đông Ngạc, Thành phố Hà Nội, 12500, Việt Nam",None,None,wigs,21.0663132,105.7820767
Cua hang may,tailor,Hà Nội,"Cua hang may, Phố Chế Lan Viên, Khu đô thị mới Cổ Nhuế - Xuân Đỉnh, Phường Đông Ngạc, Thành phố Hà Nội, 12500, Việt Nam",None,None,tailor,21.0658518,105.7817519
Tạp hóa an phát,variety_store,Hà Nội,"Tạp hóa an phát, Phố Phạm Tiến Duật, Khu đô thị mới Cổ Nhuế - Xuân Đỉnh, Phường Đông Ngạc, Thành phố Hà Nội, 12500, Việt Nam",None,None,variety_store,21.0659259,105.7819648
Đồ cổ của Việt,antiques,Hà Nội,"Đồ cổ của Việt, Phố Chế Lan Viên, Khu đô thị mới Cổ Nhuế - Xuân Đỉnh, Phường Đông Ngạc, Thành phố Hà Nội, 12500, Việt Nam",None,None,antiques,21.0651413,105.781788
Chi Store,convenience,Hà Nội,"Chi Store, Phố Chế Lan Viên, Khu đô thị mới Cổ Nhuế - Xuân Đỉnh, Phường Đông Ngạc, Thành phố Hà Nội, 12500, Việt Nam",None,None,convenience,21.0647405,105.7819648
Photocopy Cong Anh,copyshop,Hà Nội,"Photocopy Cong Anh, Phố Chế Lan Viên, Khu đô thị mới Cổ Nhuế - Xuân Đỉnh, Phường Đông Ngạc, Thành phố Hà Nội, 12500, Việt Nam",None,None,copyshop,21.064653,105.7820334
Nông sản fruit,farm,Hà Nội,"Nông sản fruit, Phố Chế Lan Viên, Khu đô thị mới Cổ Nhuế - Xuân Đỉnh, Phường Đông Ngạc, Thành phố Hà Nội, 12500, Việt Nam",None,None,farm,21.0650234,105.7820406
Kim hoàn store,jewelry,Hà Nội,"Kim hoàn store, Phố Chế Lan Viên, Khu đô thị mới Cổ Nhuế - Xuân Đỉnh, Phường Đông Ngạc, Thành phố Hà Nội, 12500, Việt Nam",None,None,jewelry,21.0656105,105.781605
Pettt Store,pet,Hà Nội,"Pettt Store, Phố Chế Lan Viên, Khu đô thị mới Cổ Nhuế - Xuân Đỉnh, Phường Đông Ngạc, Thành phố Hà Nội, 12500, Việt Nam",None,None,pet,21.0657015,105.7818179
MediaMart,electronics,Hà Nội,"18, Đường Phạm Hùng, Hà Nội",None,None,electronics,21.0311719,105.7791547
VinFast,car,Hà Nội,"8, Đường Phạm Hùng, Hà Nội",None,None,car,21.0336177,105.7795912
WinMart+,convenience,Hà Nội,"WinMart+, Ngõ 2 Nguyễn Hoàng, Phường Từ Liêm, Thành phố Hà Nội, 10085, Việt Nam",None,None,convenience,21.0294303,105.7774193
Vincom Mega Mall Times City,mall,Hà Nội,"Vincom Mega Mall Times City, Đường Số 4, Vinhomes Times City, Phường Vĩnh Tuy, Thành phố Hà Nội, 11622, Việt Nam",None,None,mall,20.9948145,105.8685654
Cửa hàng Vân Dũng,convenience,Hà Nội,"1B, Phố Phùng Chí Kiên, Hà Nội",None,None,convenience,21.045626,105.8025602
Cắt tóc Đình Anh,hairdresser,Hà Nội,"1A, Phố Phùng Chí Kiên, Hà Nội",None,None,hairdresser,21.0456611,105.8025603
Cửa hàng Vật liệu Phong Anh,tiles,Hà Nội,"93, Đường Hoàng Quốc Việt, Hà Nội",None,None,tiles,21.0459842,105.8011058
Tmart Vĩnh Hưng,department_store,Hà Nội,"Tmart Vĩnh Hưng, Phố Vĩnh Hưng, Phường Vĩnh Hưng, Thành phố Hà Nội, 11622, Việt Nam",None,None,department_store,20.9874653,105.8769817
WinMart+,convenience,Hà Nội,"359, Đường Lĩnh Nam",None,None,convenience,20.9832509,105.876532
WinMart+,convenience,Hà Nội,"262, Đường Lĩnh Nam",None,None,convenience,20.9821887,105.8789932
WinMart+,convenience,Hà Nội,"271, Phố Nam Dư",None,None,convenience,20.9811247,105.8866662
WinMart+,convenience,Hà Nội,"169, Phố Nam Dư",None,None,convenience,20.9836708,105.8873296
WinMart+,convenience,Hà Nội,"9, Phố Nam Dư",None,None,convenience,20.9877294,105.8885966
WinMart+,convenience,Hà Nội,"50, Phố Thúy Lĩnh",None,None,convenience,20.9770184,105.892552
Gao Duy Anh,rice,Hà Nội,"59, Ngõ 488 Phố Trần Cung, Phường Cổ Nhuế 1",None,None,rice,21.0572032,105.7855223
Nam Cham Store,yes,Hà Nội,"26a, Ngõ 488 Phố Trần Cung",None,None,yes,21.0570092,105.7853853
Tiem Sua Xe,repair,Hà Nội,Ngõ 488 Phố Trần Cung,None,None,repair,21.0565886,105.7843521
Tap Hoa Store,convenience,Hà Nội,"30, Ngõ 488 Phố Trần Cung",None,None,convenience,21.0571017,105.7854972
Anh Sam,hairdresser,Hà Nội,Đường Trần Cung,None,None,hairdresser,21.0561948,105.7845828
Quan Banh Mi,bakery,Hà Nội,Đường Trần Cung,None,None,bakery,21.0561201,105.7846813
Cua hang banh sinh nhat,pastry,Hà Nội,Đường Trần Cung,None,None,pastry,21.0560056,105.7848148
WinMart+,convenience,Hà Nội,Phố Triều Khúc,None,None,convenience,20.9858899,105.7984908
WinMart+,convenience,Hà Nội,Phố Hoàng Liệt,None,None,convenience,20.9669211,105.8335285
WinMart+,convenience,Hà Nội,"76, Phố Nguyễn Lân",None,None,convenience,20.9931445,105.8365312
WinMart+,convenience,Hà Nội,"32, Phố Phan Đình Giót",None,None,convenience,20.9912528,105.8396334
WinMart+,convenience,Hà Nội,"237, Phố Định Công",None,None,convenience,20.9823082,105.8332705
WinMart+,convenience,Hà Nội,Phố Nguyễn Cảnh Dị,None,None,convenience,20.9783869,105.8364337
Tmart Đại Từ,department_store,Hà Nội,"Tmart Đại Từ, Ngõ 184 Đại Từ, Phường Định Công, Văn Điển, Thành phố Hà Nội, 11718, Việt Nam",None,None,department_store,20.9710366,105.8334637
WinMart+,convenience,Hà Nội,"17, Ngõ 77 Phố Đặng Xuân Bảng",None,None,convenience,20.9721196,105.8287305
WinMart+,convenience,Hà Nội,"WinMart+, Phố Nguyễn Duy Trinh, Linh Đàm, Phường Hoàng Liệt, Văn Điển, Thành phố Hà Nội, 11718, Việt Nam",None,None,convenience,20.9630292,105.8317381
WinMart+,convenience,Hà Nội,"91, Phố Hoàng Văn Thái",None,None,convenience,20.9962878,105.8267827
WinMart+,convenience,Hà Nội,"147, Phố Hoàng Văn Thái",None,None,convenience,20.9973498,105.8235883
WinMart+,convenience,Hà Nội,"2, Phố Vương Thừa Vũ",None,None,convenience,21.0012289,105.8223052
WinMart+,convenience,Hà Nội,"92, Phố Tô Vĩnh Diện",None,None,convenience,20.9988826,105.8201904
WinMart+,convenience,Hà Nội,"271, Phố Vũ Tông Phan",None,None,convenience,20.994132,105.8148679
Samsung,electronics,Hà Nội,"Samsung, 9, Phố Đào Duy Anh, Phường Kim Liên, Thành phố Hà Nội, 10306, Việt Nam",None,None,electronics,21.0086062,105.8386816
WinMart+,convenience,Hà Nội,"112, Phố Mai Động",None,None,convenience,20.9887096,105.8606172
Kính gọng Hàng Thùng,optician,Hà Nội,"163, Phố Xã Đàn, Hà Nội",None,None,optician,21.0142828,105.8337406
Phụ kiện điện thoại Rồng Vàng,mobile_phone,Hà Nội,"163, Phố Xã Đàn, Hà Nội",None,None,mobile_phone,21.0142262,105.8338023
VinFast,car,Hà Nội,"VinFast, Đường Sao Biển, Vinhomes Ocean Park, Xã Gia Lâm, Thành phố Hà Nội, 17710, Việt Nam",None,None,car,20.9933776,105.9601111
VinFast,car,Hà Nội,"VinFast, Đại lộ Thăng Long, Xã Quốc Oai, Thành phố Hà Nội, 01234, Việt Nam",None,None,car,21.0038247,105.634286
WinMart+,convenience,Hà Nội,"23, Đường Vạn Phúc",None,None,convenience,20.9766448,105.7760267
WinMart+,convenience,Hà Nội,"136, Phố Yên Phúc",None,None,convenience,20.9707535,105.7904226
WinMart+,convenience,Hà Nội,Phố Yên Phúc,None,None,convenience,20.9697438,105.785193
Vincom Plaza Bắc Từ Liêm,mall,Hà Nội,"234, Đường Phạm Văn Đồng, Hà Nội",None,None,mall,21.0527996,105.7809996
VinFast,car,Hà Nội,"166, Đường Phạm Văn Đồng, Hà Nội",None,None,car,21.0716227,105.784862
VinFast,car,Hà Nội,"VinFast, Đường Trần Duy Hưng, Phường Yên Hòa, Thành phố Hà Nội, 10055, Việt Nam",None,None,car,21.0066229,105.7955875
VinFast,car,Hà Nội,"948, Đường Quang Trung, Hà Nội",None,None,car,20.9525789,105.7514049
Mazda,car_repair,Hà Nội,"Mazda, Đường Quang Trung, Phường Yên Nghĩa, Thành phố Hà Nội, 10189, Việt Nam",None,None,car_repair,20.9528342,105.7517266
VinFast,car,Hà Nội,"VinFast, Phố Chu Huy Mân, Vinhomes Riverside, Phường Phúc Lợi, Thành phố Hà Nội, 08443, Việt Nam",None,None,car,21.0508683,105.9164719
VinFast,car,Hà Nội,"68, Phố Trịnh Văn Bô, Hà Nội",None,None,car,21.0403255,105.7409573
WinMart+,convenience,Hà Nội,"60, Phố Lê Trọng Tấn",None,None,convenience,20.9993605,105.8276927
WinMart+,convenience,Hà Nội,"39, Ngõ 192 Lê Trọng Tấn",None,None,convenience,20.9934845,105.8302633
WinMart+,convenience,Hà Nội,Phố Trần Điền,None,None,convenience,20.9895606,105.8304697
G.garage,repair,Hà Nội,"22, Phố Đông Các, Hà Nội",None,None,repair,21.0182697,105.828924
WinMart+,convenience,Hà Nội,Ngõ 213 Giáp Nhất,None,None,convenience,21.0065803,105.8150887
WinMart+,convenience,Hà Nội,Vinhomes Royal City,None,None,convenience,21.0037104,105.8144034
nana21,clothes,Hà Nội,"162, Ngõ Xã Đàn 2, Hà Nội",None,None,clothes,21.0135364,105.8316207
WinMart+,convenience,Hà Nội,"210, Ngõ Xã Đàn 2, Hà Nội",None,None,convenience,21.0127766,105.8323349
Hair Salon Đàm Việt,hairdresser,Hà Nội,"172, Ngõ Xã Đàn 2, Hà Nội",None,None,hairdresser,21.0133537,105.8317871
Quách Tuấn Hair Salon,hairdresser,Hà Nội,"180, Ngõ Xã Đàn 2, Hà Nội",None,None,hairdresser,21.0131944,105.8318998
Ngọc Thịnh,stationery,Hà Nội,"196, Ngõ Xã Đàn 2, Hà Nội",None,None,stationery,21.0129224,105.8321308
Green Spa,beauty,Hà Nội,"194, Ngõ Xã Đàn 2, Hà Nội",None,None,beauty,21.0129643,105.8321093
None,motorcycle_repair,Hà Nội,"192, Ngõ Xã Đàn 2, Hà Nội",None,None,motorcycle_repair,21.0130136,105.8321012
Spa Mai Lê,beauty,Hà Nội,"17, Ngõ 234 Hoàng Quốc Việt, Hà Nội",None,None,beauty,21.0485018,105.7841769
Pháp phục Phật giáo Việt Nam,religion,Hà Nội,"19, Ngõ 234 Hoàng Quốc Việt, Hà Nội",None,None,religion,21.048584,105.7842575
Bami Sami,beverages,Hà Nội,"13B4, Phố Phạm Ngọc Thạch, Hà Nội",None,None,beverages,21.0101878,105.8363638
Xóm Thơm,perfumery,Hà Nội,"17B4, Phố Phạm Ngọc Thạch, Hà Nội",None,None,perfumery,21.0100968,105.8362487
Hàng Đức Phương Thúy,variety_store,Hà Nội,"18B4, Phố Phạm Ngọc Thạch, Hà Nội",None,None,variety_store,21.0100759,105.836223
Hoang Anh Diamond Luxury,jewelry,Hà Nội,"19B4, Phố Phạm Ngọc Thạch, Hà Nội",None,None,jewelry,21.0100515,105.8361891
Clever Collection,fashion_accessories,Hà Nội,"21B4, Phố Phạm Ngọc Thạch, Hà Nội",None,None,fashion_accessories,21.0100259,105.8361545
My Kingdom,toys,Hà Nội,"22B4, Phố Phạm Ngọc Thạch, Hà Nội",None,None,toys,21.0099966,105.8361205
MIAH Bigsize,clothes,Hà Nội,"23B4, Phố Phạm Ngọc Thạch, Hà Nội",None,None,clothes,21.0099682,105.8360821
Zio Hair Salon,hairdresser,Hà Nội,"Ngõ 21 Phạm Ngọc Thạch, Hà Nội",None,None,hairdresser,21.0097927,105.8361759
TokyoLife,clothes,Hà Nội,"6-7 B7, Phố Phạm Ngọc Thạch, Hà Nội",None,None,clothes,21.0098168,105.835832
Curnon Watch,watches,Hà Nội,"9B7, Phố Phạm Ngọc Thạch, Hà Nội",None,None,watches,21.009781,105.8357962
H.I.U,clothes,Hà Nội,"10B7, Phố Phạm Ngọc Thạch, Hà Nội",None,None,clothes,21.00976,105.8357724
Key,clothes,Hà Nội,"11B7, Phố Phạm Ngọc Thạch, Hà Nội",None,None,clothes,21.0097279,105.8357355
Hanosimex,clothes,Hà Nội,"12B7, Phố Phạm Ngọc Thạch, Hà Nội",None,None,clothes,21.0096907,105.8356928
Cocolux,cosmetics,Hà Nội,"13-14 B7, Phố Phạm Ngọc Thạch, Hà Nội",None,None,cosmetics,21.009667,105.8356616
Viettien,clothes,Hà Nội,"17B7, Phố Phạm Ngọc Thạch, Hà Nội",None,None,clothes,21.0096195,105.8356004
Bác Tôm,farm,Hà Nội,"19B7, Phố Phạm Ngọc Thạch, Hà Nội",None,None,farm,21.0095702,105.8355423
Feelsy,clothes,Hà Nội,"21B7, Phố Phạm Ngọc Thạch, Hà Nội",None,None,clothes,21.0095232,105.8354801
Shop Mai Hường,variety_store,Hà Nội,"23B7, Phố Phạm Ngọc Thạch, Hà Nội",None,None,variety_store,21.0094834,105.8354313
Hala Fruit,farm,Hà Nội,"24B7, Phố Phạm Ngọc Thạch, Hà Nội",None,None,farm,21.0094607,105.8354039
ACE Kid fashion,clothes,Hà Nội,"25B7, Phố Phạm Ngọc Thạch, Hà Nội",None,None,clothes,21.0094336,105.8353758
Ngọc Vân Kids,clothes,Hà Nội,"02B10, Phố Phạm Ngọc Thạch, Hà Nội",None,None,clothes,21.0093204,105.8352383
H.Ladies,clothes,Hà Nội,"03B10, Phố Phạm Ngọc Thạch, Hà Nội",None,None,clothes,21.0092914,105.8351958
ChicMom,clothes,Hà Nội,"04B10, Phố Phạm Ngọc Thạch, Hà Nội",None,None,clothes,21.0092614,105.8351572
Joamom,clothes,Hà Nội,"05B10, Phố Phạm Ngọc Thạch, Hà Nội",None,None,clothes,21.0092388,105.8351257
Ciara,clothes,Hà Nội,"06B10, Phố Phạm Ngọc Thạch, Hà Nội",None,None,clothes,21.0092209,105.8350976
Ly Anh,clothes,Hà Nội,7B10,None,None,clothes,21.0091984,105.8350718
Biliev,beauty,Hà Nội,"8B10, Phố Phạm Ngọc Thạch, Hà Nội",None,None,beauty,21.0091758,105.8350443
Nữ Hoàng Đầm Bầu,clothes,Hà Nội,"12B10, Phố Phạm Ngọc Thạch, Hà Nội",None,None,clothes,21.0091067,105.8349662
Hồng Hà,stationery,Hà Nội,"14-15 B10, Phố Phạm Ngọc Thạch, Hà Nội",None,None,stationery,21.0090489,105.8348892
Đầm bầu Mom Baby,clothes,Hà Nội,"16B10, Phố Phạm Ngọc Thạch, Hà Nội",None,None,clothes,21.0090245,105.8348617
Medyla,clothes,Hà Nội,"19B10, Phố Phạm Ngọc Thạch, Hà Nội",None,None,clothes,21.0089714,105.8347995
Soleil Room,clothes,Hà Nội,"20B10, Phố Phạm Ngọc Thạch, Hà Nội",None,None,clothes,21.0089412,105.8347619
For Me,clothes,Hà Nội,"7B14, Phố Phạm Ngọc Thạch, Hà Nội",None,None,clothes,21.0087717,105.8345925
QuinShop,cosmetics,Hà Nội,"8B14, Phố Phạm Ngọc Thạch, Hà Nội",None,None,cosmetics,21.0087508,105.8345644
HanoiBra,clothes,Hà Nội,"9B14, Phố Phạm Ngọc Thạch, Hà Nội",None,None,clothes,21.0087286,105.8345342
tingoan,clothes,Hà Nội,"10B14, Phố Phạm Ngọc Thạch, Hà Nội",None,None,clothes,21.0087054,105.8345009
Joamom,clothes,Hà Nội,"11B14, Phố Phạm Ngọc Thạch, Hà Nội",None,None,clothes,21.0086788,105.8344679
Kate by Linh Nguyen,clothes,Hà Nội,"12B14, Phố Phạm Ngọc Thạch, Hà Nội",None,None,clothes,21.008658,105.8344386
Đầm bầu Mom Baby,clothes,Hà Nội,"13B14, Phố Phạm Ngọc Thạch, Hà Nội",None,None,clothes,21.008632,105.8344063
Yến sào Sài Gòn,deli,Hà Nội,"16B14, Phố Phạm Ngọc Thạch, Hà Nội",None,None,deli,21.0084722,105.8343431
Hàng tiêu dùng - nhập khẩu Lào - Thái Lan,variety_store,Hà Nội,"18B14, Phố Phạm Ngọc Thạch, Hà Nội",None,None,variety_store,21.0084201,105.8342684
Fruity Happy,beverages,Hà Nội,"19B14, Phố Phạm Ngọc Thạch, Hà Nội",None,None,beverages,21.0083915,105.8342336
mint Cosmetics,cosmetics,Hà Nội,"104A1, Phố Phạm Ngọc Thạch, Hà Nội",None,None,cosmetics,21.010349,105.836028
Loire,clothes,Hà Nội,"105A1, Phố Phạm Ngọc Thạch, Hà Nội",None,None,clothes,21.0103245,105.8359978
Her Studios,clothes,Hà Nội,"106A1, Phố Phạm Ngọc Thạch, Hà Nội",None,None,clothes,21.0102953,105.8359649
Medyla,clothes,Hà Nội,"107A1, Phố Phạm Ngọc Thạch, Hà Nội",None,None,clothes,21.0102695,105.8359298
Đầm bầu Mom Baby,clothes,Hà Nội,"46, Phố Phạm Ngọc Thạch, Hà Nội",None,None,clothes,21.0101284,105.8357849
Đầm bầu Minh Huệ,clothes,Hà Nội,"111A2, Phố Phạm Ngọc Thạch, Hà Nội",None,None,clothes,21.0101113,105.835764
Moonchic,clothes,Hà Nội,"110A2, Phố Phạm Ngọc Thạch, Hà Nội",None,None,clothes,21.0100877,105.8357332
Flane,clothes,Hà Nội,"109A2, Phố Phạm Ngọc Thạch, Hà Nội",None,None,clothes,21.0100656,105.8357051
Yame,clothes,Hà Nội,"108A2, Phố Phạm Ngọc Thạch, Hà Nội",None,None,clothes,21.0100424,105.8356762
Ngọc Trần,fashion_accessories,Hà Nội,"111B1, Phố Phạm Ngọc Thạch, Hà Nội",None,None,fashion_accessories,21.009692,105.8352277
TokyoLife,clothes,Hà Nội,"111B1, Phố Phạm Ngọc Thạch, Hà Nội",None,None,clothes,21.0096477,105.8351774
Đồ sơ sinh Ếch Cốm,baby_goods,Hà Nội,"109B1, Phố Phạm Ngọc Thạch, Hà Nội",None,None,baby_goods,21.0096158,105.8351386
New Day,clothes,Hà Nội,"108B1, Phố Phạm Ngọc Thạch, Hà Nội",None,None,clothes,21.0095676,105.8350713
Calie,clothes,Hà Nội,"107B1, Phố Phạm Ngọc Thạch, Hà Nội",None,None,clothes,21.0095279,105.8350267
Liin,clothes,Hà Nội,"105A B1, Phố Phạm Ngọc Thạch, Hà Nội",None,None,clothes,21.0094845,105.8349775
D.Chic,clothes,Hà Nội,"104 B1, Phố Phạm Ngọc Thạch, Hà Nội",None,None,clothes,21.0094559,105.8349379
Oyster,clothes,Hà Nội,"103B1, Phố Phạm Ngọc Thạch, Hà Nội",None,None,clothes,21.0094295,105.8349088
Everon,bed,Hà Nội,"102A B1, Phố Phạm Ngọc Thạch, Hà Nội",None,None,bed,21.009385,105.8348458
SMG,shoes,Hà Nội,"107A2, Phố Phạm Ngọc Thạch, Hà Nội",None,None,shoes,21.0100218,105.8356532
JM Dress Design,clothes,Hà Nội,"106A2, Phố Phạm Ngọc Thạch, Hà Nội",None,None,clothes,21.0099926,105.8356155
Bestmum Materinity,clothes,Hà Nội,"105A2, Phố Phạm Ngọc Thạch, Hà Nội",None,None,clothes,21.0099538,105.8355687
Tiin,clothes,Hà Nội,"104A2, Phố Phạm Ngọc Thạch, Hà Nội",None,None,clothes,21.0099314,105.835538
Charme,clothes,Hà Nội,"103A2, Phố Phạm Ngọc Thạch, Hà Nội",None,None,clothes,21.0099044,105.8355036
ilaby Kids,clothes,Hà Nội,"102A2, Phố Phạm Ngọc Thạch, Hà Nội",None,None,clothes,21.0098591,105.8354452
Thế Giới Áo Da,clothes,Hà Nội,"101A2, Phố Phạm Ngọc Thạch, Hà Nội",None,None,clothes,21.0098062,105.8353762
SammiShop,cosmetics,Hà Nội,"116B6, Phố Phạm Ngọc Thạch, Hà Nội",None,None,cosmetics,21.0092128,105.8346435
Shop Phan Ngân,tailor,Hà Nội,"115B6, Phố Phạm Ngọc Thạch, Hà Nội",None,None,tailor,21.0091918,105.8346188
seo,clothes,Hà Nội,"115B6, Phố Phạm Ngọc Thạch, Hà Nội",None,None,clothes,21.0091764,105.8345985
Leika,clothes,Hà Nội,"114B6, Phố Phạm Ngọc Thạch, Hà Nội",None,None,clothes,21.0091459,105.834559
Triumph,clothes,Hà Nội,"113B6, Phố Phạm Ngọc Thạch, Hà Nội",None,None,clothes,21.0091168,105.8345208
Celi,shoes,Hà Nội,"112B6, Phố Phạm Ngọc Thạch, Hà Nội",None,None,shoes,21.0090646,105.8344624
Klever Fruit,farm,Hà Nội,"111B6, Phố Phạm Ngọc Thạch, Hà Nội",None,None,farm,21.0090385,105.8344307
Twenty.Five,clothes,Hà Nội,"110B6, Phố Phạm Ngọc Thạch, Hà Nội",None,None,clothes,21.0090146,105.8344017
Lemia Design,clothes,Hà Nội,"109B6, Phố Phạm Ngọc Thạch, Hà Nội",None,None,clothes,21.0089886,105.8343722
May Boutique,clothes,Hà Nội,"108B6, Phố Phạm Ngọc Thạch, Hà Nội",None,None,clothes,21.0089568,105.8343286
Ha Huyen Shoes,shoes,Hà Nội,"107B6, Phố Phạm Ngọc Thạch, Hà Nội",None,None,shoes,21.0089306,105.8342959
Friday,clothes,Hà Nội,"106B6, Phố Phạm Ngọc Thạch, Hà Nội",None,None,clothes,21.0089074,105.83427
Mialala,clothes,Hà Nội,"105B6, Phố Phạm Ngọc Thạch, Hà Nội",None,None,clothes,21.0088816,105.8342363
LEP',clothes,Hà Nội,"103-104 B6, Phố Phạm Ngọc Thạch, Hà Nội",None,None,clothes,21.0088361,105.8341831
Rechic,clothes,Hà Nội,"102B6, Phố Phạm Ngọc Thạch, Hà Nội",None,None,clothes,21.008799,105.8341398
Phụ kiện Hà Xinh,mobile_phone,Hà Nội,"101B6, Phố Phạm Ngọc Thạch, Hà Nội",None,None,mobile_phone,21.0087787,105.8341173
Thái Sơn,photo,Hà Nội,"Thái Sơn, Ngõ 46C Phạm Ngọc Thạch, Khu tập thể Trung Tự, Phường Kim Liên, Thành phố Hà Nội, 11415, Việt Nam",None,None,photo,21.0087693,105.8340689
None,toys,Hà Nội,"Ngõ 46C Phạm Ngọc Thạch, Khu tập thể Trung Tự, Phường Kim Liên, Thành phố Hà Nội, 10306, Việt Nam",None,None,toys,21.0086813,105.8339018
WinMart+,convenience,Hà Nội,"115, Ngõ 46C Phạm Ngọc Thạch, Hà Nội",None,None,convenience,21.00862,105.833912
Tạp hóa Hải Yến,variety_store,Hà Nội,"Tạp hóa Hải Yến, Ngõ 46C Phạm Ngọc Thạch, Khu tập thể Trung Tự, Phường Kim Liên, Thành phố Hà Nội, 11415, Việt Nam",None,None,variety_store,21.0088123,105.8340362
Madelen,clothes,Hà Nội,"115C2, Phố Phạm Ngọc Thạch, Hà Nội",None,None,clothes,21.0085884,105.8338829
blink,clothes,Hà Nội,"114C2, Phố Phạm Ngọc Thạch, Hà Nội",None,None,clothes,21.0085543,105.8338394
Cosmo Design,clothes,Hà Nội,"113C2, Phố Phạm Ngọc Thạch, Hà Nội",None,None,clothes,21.0085147,105.8337919
Fresh Garden,bakery,Hà Nội,"112C2, Phố Phạm Ngọc Thạch, Hà Nội",None,None,bakery,21.0084537,105.8337179
Dũng Phương,stationery,Hà Nội,"111C2, Phố Phạm Ngọc Thạch, Hà Nội",None,None,stationery,21.0084188,105.8336695
Origato,pastry,Hà Nội,"110C2, Phố Phạm Ngọc Thạch, Hà Nội",None,None,pastry,21.0083878,105.8336306
Phan Nguyen Men Wear,clothes,Hà Nội,"109C2, Phố Phạm Ngọc Thạch, Hà Nội",None,None,clothes,21.008356,105.8335924
Hapas,fashion_accessories,Hà Nội,"108C2, Phố Phạm Ngọc Thạch, Hà Nội",None,None,fashion_accessories,21.0083254,105.8335523
Genviet Jeans,clothes,Hà Nội,"107C2, Phố Phạm Ngọc Thạch, Hà Nội",None,None,clothes,21.0082984,105.8335217
Owen,clothes,Hà Nội,"106C2, Phố Phạm Ngọc Thạch, Hà Nội",None,None,clothes,21.0082705,105.8334832
Winny,clothes,Hà Nội,"105, Phố Phạm Ngọc Thạch, Hà Nội",None,None,clothes,21.0082462,105.8334515
Onetone,clothes,Hà Nội,"104C2, Phố Phạm Ngọc Thạch, Hà Nội",None,None,clothes,21.008211,105.8334096
Lalin,clothes,Hà Nội,"103C2, Phố Phạm Ngọc Thạch, Hà Nội",None,None,clothes,21.0081894,105.833382
Mymy Shoes,shoes,Hà Nội,"102C2, Phố Phạm Ngọc Thạch, Hà Nội",None,None,shoes,21.0081637,105.833349
Anchy,clothes,Hà Nội,"101C2, Phố Phạm Ngọc Thạch, Hà Nội",None,None,clothes,21.0081238,105.8332929
JM Dress Design,clothes,Hà Nội,"113C C1, Phố Phạm Ngọc Thạch, Hà Nội",None,None,clothes,21.0080299,105.8332146
Linstore,clothes,Hà Nội,"112A C1, Phố Phạm Ngọc Thạch, Hà Nội",None,None,clothes,21.0080114,105.833193
Venus Charm,clothes,Hà Nội,"112C1, Phố Phạm Ngọc Thạch, Hà Nội",None,None,clothes,21.0079844,105.8331623
Bunny Shoes,shoes,Hà Nội,"111C1, Phố Phạm Ngọc Thạch, Hà Nội",None,None,shoes,21.0079552,105.8331234
Bee Shoes,shoes,Hà Nội,"110C1, Phố Phạm Ngọc Thạch, Hà Nội",None,None,shoes,21.0079125,105.8330666
Daisy,clothes,Hà Nội,"109C1, Phố Phạm Ngọc Thạch, Hà Nội",None,None,clothes,21.0078772,105.8330191
Potato Fashion,clothes,Hà Nội,"107C1, Phố Phạm Ngọc Thạch, Hà Nội",None,None,clothes,21.0078463,105.8329746
Germe,clothes,Hà Nội,"106C1, Phố Phạm Ngọc Thạch, Hà Nội",None,None,clothes,21.0078164,105.8329375
Glam Accessories,fashion_accessories,Hà Nội,"101E C1, Phố Phạm Ngọc Thạch, Hà Nội",None,None,fashion_accessories,21.0076951,105.8327863
Triumph,clothes,Hà Nội,"101C1, Phố Phạm Ngọc Thạch, Hà Nội",None,None,clothes,21.0077198,105.8328254
Thai Trinh,clothes,Hà Nội,"101C1, Phố Phạm Ngọc Thạch, Hà Nội",None,None,clothes,21.0077474,105.8328667
DZ Collections,clothes,Hà Nội,"2, Phố Đặng Văn Ngữ, Hà Nội",None,None,clothes,21.0077254,105.8327579
Circle K,convenience,Hà Nội,"252, Đường Hoàng Quốc Việt, Hà Nội",None,None,convenience,21.0464291,105.7832554
Tuấn Lốp,car_repair,Hà Nội,"Tuấn Lốp, Ngõ 689 Đường Phạm Văn Đồng, Phường Nghĩa Đô, Thành phố Hà Nội, 10065, Việt Nam",None,None,car_repair,21.0486743,105.7818186
BMW,car,Hà Nội,"643, Đường Phạm Văn Đồng, Hà Nội",None,None,car,21.0498239,105.7820214
None,copyshop,Hà Nội,"Ngõ 234 Đường Hoàng Quốc Việt, Phường Nghĩa Đô, Thành phố Hà Nội, 10065, Việt Nam",None,None,copyshop,21.0465122,105.7842032
None,copyshop,Hà Nội,"Ngõ 234 Đường Hoàng Quốc Việt, Phường Nghĩa Đô, Thành phố Hà Nội, 10065, Việt Nam",None,None,copyshop,21.0466927,105.7842037
None,convenience,Hà Nội,"Ngõ 234 Đường Hoàng Quốc Việt, Phường Nghĩa Đô, Thành phố Hà Nội, 10065, Việt Nam",None,None,convenience,21.04694,105.7843152
Hạnh Thuận kim khí,trade,Hà Nội,"Hạnh Thuận kim khí, Ngõ 234 Đường Hoàng Quốc Việt, Phường Nghĩa Đô, Thành phố Hà Nội, 10065, Việt Nam",None,None,trade,21.0471316,105.7842891
None,copyshop,Hà Nội,"Ngõ 234 Đường Hoàng Quốc Việt, Phường Nghĩa Đô, Thành phố Hà Nội, 10065, Việt Nam",None,None,copyshop,21.0475219,105.7843197
Cửa hàng bán và giới thiệu sản phẩm Vinataba,tobacco,Hà Nội,"25A, Phố Lý Thường Kiệt, Hà Nội",None,None,tobacco,21.0216754,105.8555078
WinMart+,convenience,Hà Nội,Phố Nguyễn Huy Tưởng,None,None,convenience,20.9994829,105.8069846
Patin.vn,sports,Hà Nội,"Đường Phạm Văn Đồng, Hà Nội",None,None,sports,21.0492504,105.7818367
None,tiles,Hà Nội,"Ngõ 649 Đường Phạm Văn Đồng, Phường Nghĩa Đô, Thành phố Hà Nội, 10065, Việt Nam",None,None,tiles,21.0492235,105.7818364
Hành tỏi Lý Sơn,greengrocer,Hà Nội,"Hành tỏi Lý Sơn, Ngõ 649 Đường Phạm Văn Đồng, Phường Nghĩa Đô, Thành phố Hà Nội, 10065, Việt Nam",None,None,greengrocer,21.0490506,105.7818204
Cửa hàng dầu gấc,chemist,Hà Nội,"Cửa hàng dầu gấc, Ngõ 649 Đường Phạm Văn Đồng, Phường Nghĩa Đô, Thành phố Hà Nội, 10065, Việt Nam",None,None,chemist,21.0490331,105.7818202
Thủy cá,seafood,Hà Nội,"Thủy cá, Ngõ 649 Đường Phạm Văn Đồng, Phường Nghĩa Đô, Thành phố Hà Nội, 10065, Việt Nam",None,None,seafood,21.049015,105.7818206
Siêu thị mini Nam Phong,convenience,Hà Nội,"Siêu thị mini Nam Phong, 1, Đường Đại Cồ Việt, Phường Bạch Mai, Thành phố Hà Nội, 10053, Việt Nam",None,None,convenience,21.0050995,105.8468122
Cửa hàng Trang Thuỷ,convenience,Hà Nội,"Cửa hàng Trang Thuỷ, Ngõ 234 Đường Hoàng Quốc Việt, Phường Nghĩa Đô, Thành phố Hà Nội, 10065, Việt Nam",None,None,convenience,21.0464126,105.7842859
Milan Home,bathroom_furnishing,Hà Nội,"252, Đường Hoàng Quốc Việt, Hà Nội",None,None,bathroom_furnishing,21.0464733,105.7831702
Kärcher,vacuum_cleaner,Hà Nội,"252, Đường Hoàng Quốc Việt, Hà Nội",None,None,vacuum_cleaner,21.0464749,105.7829664
None,convenience,Hà Nội,"19, Ngõ 238 Hoàng Quốc Việt, Hà Nội",None,None,convenience,21.047204,105.7831957
Sửa xe máy Tiến Mạnh,motorcycle_repair,Hà Nội,"38, Ngõ 643 Phạm Văn Đồng, Hà Nội",None,None,motorcycle_repair,21.0497216,105.7830527
Healthy & Beauty Việt Nam,beauty,Hà Nội,"31, Ngõ 234 Hoàng Quốc Việt, Hà Nội",None,None,beauty,21.0488962,105.7841221
None,water,Hà Nội,"Phố Trấn Vũ, Phường Ba Đình, Thành phố Hà Nội, 10086, Việt Nam",None,None,water,21.0443007,105.8375597
Canifa,clothes,Hà Nội,"Canifa, Đường Hoàng Quốc Việt, Phường Nghĩa Đô, Thành phố Hà Nội, 10072, Việt Nam",None,None,clothes,21.0465429,105.7985497
WinMart,supermarket,Hà Nội,"Phố Hạnh Hoa, Phường Kiến Hưng",None,None,supermarket,20.9635026,105.7916407
Circle K,convenience,Hà Nội,"Biệt Thự 11, Lô 4, Phố Phúc La, Hà Nội",None,None,convenience,20.9628455,105.7948242
TH TrueMart,dairy,Hà Nội,"TH TrueMart, Ngõ 4 Đường Hoàng Quốc Việt, Phường Nghĩa Đô, Thành phố Hà Nội, 10072, Việt Nam",None,None,dairy,21.0465405,105.803291
AEG Lab,photo,Hà Nội,"418, Bạch Mai",None,None,photo,20.9991845,105.8500662
Cửa hàng Tạp hóa Tiến Lan,variety_store,Hà Nội,"Cửa hàng Tạp hóa Tiến Lan, Đường Doãn Tuế, Xã Thượng Phúc, Thành phố Hà Nội, Việt Nam",None,None,variety_store,20.8542594,105.8561136
None,variety_store,Hà Nội,"Đường đi sông Nhuệ, Xã Thượng Phúc, Thành phố Hà Nội, 10000, Việt Nam",None,None,variety_store,20.8548233,105.8558998
None,hairdresser,Hà Nội,"Đường dọc sông Nhuệ, Gia Khánh, Xã Thượng Phúc, Thành phố Hà Nội, Việt Nam",None,None,hairdresser,20.8481387,105.8578341
Trung Barber Shop,hairdresser,Hà Nội,"75, Phố Trần Đại Nghĩa, Hà Nội",None,None,hairdresser,21.0058366,105.8458321
Đức Tài Photocopy,copyshop,Hà Nội,"75, Phố Trần Đại Nghĩa, Hà Nội",None,None,copyshop,21.005915,105.8458316
Meez Jewelry,jewelry,Hà Nội,"209, Phố Xã Đàn, Hà Nội",None,None,jewelry,21.0155736,105.8324832
Goldkarat,jewelry,Hà Nội,"207, Phố Xã Đàn, Hà Nội",None,None,jewelry,21.0155335,105.8325056
ADJ,jewelry,Hà Nội,"199, Phố Xã Đàn, Hà Nội",None,None,jewelry,21.0154377,105.8326335
VIP Massage Eva,massage,Hà Nội,"197, Phố Xã Đàn, Hà Nội",None,None,massage,21.0154076,105.8326649
Klever Fruit,farm,Hà Nội,"193, Phố Xã Đàn, Hà Nội",None,None,farm,21.0153429,105.8327213
Caraluna,jewelry,Hà Nội,"191, Phố Xã Đàn, Hà Nội",None,None,jewelry,21.0153065,105.8327515
Bếp NK,kitchen,Hà Nội,"187, Phố Xã Đàn, Hà Nội",None,None,kitchen,21.0152582,105.8328222
JBL,hifi,Hà Nội,"185, Phố Xã Đàn, Hà Nội",None,None,hifi,21.0152217,105.8328445
Rau Má Tươi,beverages,Hà Nội,"183, Phố Xã Đàn, Hà Nội",None,None,beverages,21.0151928,105.8328757
Hanvico,bed,Hà Nội,"177, Phố Xã Đàn, Hà Nội",None,None,bed,21.0151026,105.8329606
Ace Watch,watches,Hà Nội,"175, Phố Xã Đàn, Hà Nội",None,None,watches,21.0150727,105.8329864
Doll Eyes,optician,Hà Nội,"173, Phố Xã Đàn, Hà Nội",None,None,optician,21.0150417,105.8330136
KT Atlantic,clothes,Hà Nội,"171, Phố Xã Đàn, Hà Nội",None,None,clothes,21.015013,105.8330427
An Nhiên,jewelry,Hà Nội,"169, Phố Xã Đàn, Hà Nội",None,None,jewelry,21.0149805,105.8330808
Tuyết Lê,clothes,Hà Nội,"167, Phố Xã Đàn, Hà Nội",None,None,clothes,21.0149431,105.8331219
EAP,perfumery,Hà Nội,"5, Phố Khúc Hạo, Hà Nội",None,None,perfumery,21.0332168,105.8375834
None,laundry,Hà Nội,"2, Ngách 108 Ngõ Xã Đàn 2, Hà Nội",None,None,laundry,21.0154429,105.8312828
Shop 2Anh,hairdresser,Hà Nội,"106, Ngõ Xã Đàn 2, Hà Nội",None,None,hairdresser,21.0155855,105.8311303
None,variety_store,Hà Nội,"137, Ngõ Xã Đàn 2, Hà Nội",None,None,variety_store,21.0149339,105.8316637
Phong Thanh,hairdresser,Hà Nội,"159, Ngõ Xã Đàn 2, Hà Nội",None,None,hairdresser,21.0145916,105.8313795
Tóc Đẹp,hairdresser,Hà Nội,"127, Ngõ Xã Đàn 2, Hà Nội",None,None,hairdresser,21.0152169,105.8317221
None,motorcycle_repair,Hà Nội,"103, Ngõ Xã Đàn 2, Hà Nội",None,None,motorcycle_repair,21.0158424,105.8310007
Nguyễn Sơn Bakery,bakery,Hà Nội,"223, Phố Xã Đàn, Hà Nội",None,None,bakery,21.0163375,105.8316387
Chè Bát Phố Cổ,beverages,Hà Nội,"225, Phố Xã Đàn, Hà Nội",None,None,beverages,21.0163655,105.8316011
iStorevn,mobile_phone,Hà Nội,"229, Phố Xã Đàn, Hà Nội",None,None,mobile_phone,21.0163998,105.8315608
Múc Mobile Store,mobile_phone,Hà Nội,"231, Phố Xã Đàn, Hà Nội",None,None,mobile_phone,21.0164224,105.8315394
King of Fruits,farm,Hà Nội,"235, Phố Xã Đàn, Hà Nội",None,None,farm,21.0164611,105.8314881
Tuấn Vinh,clothes,Hà Nội,"237, Phố Xã Đàn, Hà Nội",None,None,clothes,21.0164851,105.8314618
Lapari Beauty Center,beauty,Hà Nội,"239, Phố Xã Đàn, Hà Nội",None,None,beauty,21.0165172,105.8314302
Vicky Q Beauty Salon,hairdresser,Hà Nội,"241, Phố Xã Đàn, Hà Nội",None,None,hairdresser,21.0165483,105.8314006
Phụ kiện Minh Duẩn,mobile_phone,Hà Nội,"496, Phố Xã Đàn, Hà Nội",None,None,mobile_phone,21.0172607,105.8312875
Rèm Sỹ Hương,curtain,Hà Nội,"496, Phố Xã Đàn, Hà Nội",None,None,curtain,21.0172922,105.831329
Đèn Thắng Dư,lighting,Hà Nội,"494, Phố Xã Đàn, Hà Nội",None,None,lighting,21.0172405,105.8313479
None,motorcycle_repair,Hà Nội,"Đường Đê La Thành, Phường Văn Miếu - Quốc Tử Giám, Thành phố Hà Nội, 10306, Việt Nam",None,None,motorcycle_repair,21.0175222,105.8314432
None,hairdresser,Hà Nội,"Đường Đê La Thành, Phường Văn Miếu - Quốc Tử Giám, Thành phố Hà Nội, 10306, Việt Nam",None,None,hairdresser,21.0174888,105.8314934
None,variety_store,Hà Nội,"151, Đường Đê La Thành, Hà Nội",None,None,variety_store,21.0174288,105.8314962
FunnyMonkey,beverages,Hà Nội,"490, Phố Xã Đàn, Hà Nội",None,None,beverages,21.0171161,105.8314704
Charis Beauty & Spa,beauty,Hà Nội,"141, Đường Đê La Thành, Hà Nội",None,None,beauty,21.0172833,105.8316676
vinmart,convenience,Hà Nội,"44, Ngõ Huyện",None,None,convenience,21.0294929,105.8484678
WinMart+,convenience,Hà Nội,"WinMart+, Ngõ 7, Khu nhà ở VOV Mễ Trì, Phường Đại Mỗ, Thành phố Hà Nội, 12011, Việt Nam",None,None,convenience,20.9965084,105.7841751
Kaylin Clothing,clothes,Hà Nội,"17, Ngõ 211 Xã Đàn, Hà Nội",None,None,clothes,21.0156643,105.8320814
SKG by KATA,electronics,Hà Nội,"480, Phố Xã Đàn, Hà Nội",None,None,electronics,21.0169662,105.8316936
Lyly Đặng,beauty,Hà Nội,"133, Đường Đê La Thành, Hà Nội",None,None,beauty,21.017034,105.8318938
Hair Salon 1993,hairdresser,Hà Nội,"131, Đường Đê La Thành, Hà Nội",None,None,hairdresser,21.0170246,105.8319349
Ngọc Hà,hairdresser,Hà Nội,"127, Đường Đê La Thành, Hà Nội",None,None,hairdresser,21.0169808,105.8319523
IVY Luxury,hairdresser,Hà Nội,"123, Đê La Thành Nhỏ, Hà Nội",None,None,hairdresser,21.0169578,105.8320239
Đồ Si Kiện Tuyển,second_hand,Hà Nội,"119, Đường Đê La Thành, Hà Nội",None,None,second_hand,21.0168931,105.8320832
Yến Sào Nha Trang,deli,Hà Nội,"472, Phố Xã Đàn, Hà Nội",None,None,deli,21.016661,105.832019
Phone House,mobile_phone,Hà Nội,"472, Phố Xã Đàn, Hà Nội",None,None,mobile_phone,21.0166113,105.8320685
Spa Mỹ Á Beauty & Clinic,beauty,Hà Nội,"115, Đường Đê La Thành, Hà Nội",None,None,beauty,21.0167398,105.8322029
Li-Ning,sports,Hà Nội,"456-458, Phố Xã Đàn, Hà Nội",None,None,sports,21.016401,105.8324854
Monnie Kids,baby_goods,Hà Nội,"452, Phố Xã Đàn, Hà Nội",None,None,baby_goods,21.0162652,105.8325396
Chewy Junior,pastry,Hà Nội,"450, Phố Xã Đàn, Hà Nội",None,None,pastry,21.0162268,105.8325735
Clickbuy,mobile_phone,Hà Nội,"446, Phố Xã Đàn, Hà Nội",None,None,mobile_phone,21.0161624,105.8326781
Đăng Quang Watch,watches,Hà Nội,"446, Phố Xã Đàn, Hà Nội",None,None,watches,21.0161167,105.8326759
QBC Gaming House,video_games,Hà Nội,"446, Phố Xã Đàn, Hà Nội",None,None,video_games,21.0162039,105.8327731
Samsung,electronics,Hà Nội,"438, Phố Xã Đàn, Hà Nội",None,None,electronics,21.0159871,105.83278
Bike 2 School,bicycle,Hà Nội,"430, Phố Xã Đàn, Hà Nội",None,None,bicycle,21.0158244,105.8329418
Karalux,jewelry,Hà Nội,"430, Phố Xã Đàn, Hà Nội",None,None,jewelry,21.015832,105.8329911
Pega,motorcycle,Hà Nội,"426, Phố Xã Đàn, Hà Nội",None,None,motorcycle,21.0157582,105.8330429
Wetrip.vn,shoes,Hà Nội,"424, Phố Xã Đàn, Hà Nội",None,None,shoes,21.0157102,105.8330964
Garmin,watches,Hà Nội,"422, Phố Xã Đàn, Hà Nội",None,None,watches,21.0156784,105.833139
Max One Store,mobile_phone,Hà Nội,"420, Phố Xã Đàn, Hà Nội",None,None,mobile_phone,21.0156348,105.8331485
Giấc mơ sữa Việt,dairy,Hà Nội,"418, Phố Xã Đàn, Hà Nội",None,None,dairy,21.015607,105.8331985
Chilux,baby_goods,Hà Nội,"502, Phố Xã Đàn, Hà Nội",None,None,baby_goods,21.0175219,105.831031
Đô Đô Petshop,pet,Hà Nội,"410, Phố Xã Đàn, Hà Nội",None,None,pet,21.0155104,105.8333175
Bep.vn,kitchen,Hà Nội,"406, Phố Xã Đàn, Hà Nội",None,None,kitchen,21.0154135,105.8334252
Zenlee Patina,shoes,Hà Nội,"400, Phố Xã Đàn, Hà Nội",None,None,shoes,21.0152928,105.8334898
Gymstore.vn,nutrition_supplements,Hà Nội,"398, Phố Xã Đàn, Hà Nội",None,None,nutrition_supplements,21.0152628,105.8335329
Tuyết Nhung Bridal,clothes,Hà Nội,"398, Phố Xã Đàn, Hà Nội",None,None,clothes,21.0153074,105.833572
Hair Salon Anh Tuấn,hairdresser,Hà Nội,"103, Đường Đê La Thành, Hà Nội",None,None,hairdresser,21.0153534,105.8335582
May Wedding,clothes,Hà Nội,"396, Phố Xã Đàn, Hà Nội",None,None,clothes,21.0152122,105.8335647
Cầm đồ Anh Hưng,pawnbroker,Hà Nội,"394, Phố Xã Đàn, Hà Nội",None,None,pawnbroker,21.0151818,105.8335984
Nijia,motorcycle,Hà Nội,"392, Phố Xã Đàn, Hà Nội",None,None,motorcycle,21.0151811,105.8336825
Vua Nệm,bed,Hà Nội,"390, Phố Xã Đàn, Hà Nội",None,None,bed,21.0151269,105.8337167
teddy.vn,toys,Hà Nội,"388, Phố Xã Đàn, Hà Nội",None,None,toys,21.0150712,105.8337412
Casio Watch Outlet Store,watches,Hà Nội,"386, Phố Xã Đàn, Hà Nội",None,None,watches,21.0150473,105.8337801
SmallApple,mobile_phone,Hà Nội,"382, Phố Xã Đàn, Hà Nội",None,None,mobile_phone,21.0149529,105.8338413
1988 Diamond,hairdresser,Hà Nội,"1988 Diamond, Đường Đê La Thành, Phường Văn Miếu - Quốc Tử Giám, Thành phố Hà Nội, 10306, Việt Nam",None,None,hairdresser,21.0150123,105.8339107
Bếp Vũ Sơn,kitchen,Hà Nội,"378, Phố Xã Đàn, Hà Nội",None,None,kitchen,21.0148622,105.8339369
Nhật Quang,variety_store,Hà Nội,"376, Phố Xã Đàn, Hà Nội",None,None,variety_store,21.0148284,105.8339535
Hair Salon Bảo Ngọc,hairdresser,Hà Nội,"42, Đường Đê La Thành, Hà Nội",None,None,hairdresser,21.0148892,105.8340164
KidsPlaza,baby_goods,Hà Nội,"374, Phố Xã Đàn, Hà Nội",None,None,baby_goods,21.0148322,105.8340206
Trà Chanh Xiên Que,beverages,Hà Nội,"372, Phố Xã Đàn, Hà Nội",None,None,beverages,21.0147743,105.8340057
Hải sản Quảng Ninh,seafood,Hà Nội,"40A, Đường Đê La Thành, Hà Nội",None,None,seafood,21.0148309,105.8340887
Aristino,clothes,Hà Nội,"368, Phố Xã Đàn, Hà Nội",None,None,clothes,21.0146927,105.8340911
Gomhang.vn,mobile_phone,Hà Nội,"370, Phố Xã Đàn, Hà Nội",None,None,mobile_phone,21.0146988,105.834047
Tech 88 Apple-Store,mobile_phone,Hà Nội,"370, Phố Xã Đàn, Hà Nội",None,None,mobile_phone,21.0147377,105.8340484
Vua Phụ Kiện Số,mobile_phone,Hà Nội,"364, Phố Xã Đàn, Hà Nội",None,None,mobile_phone,21.014642,105.8341763
None,farm,Hà Nội,"38A, Đường Đê La Thành, Hà Nội",None,None,farm,21.0147994,105.8341314
Bếp Đức Thành,kitchen,Hà Nội,"362B, Phố Xã Đàn, Hà Nội",None,None,kitchen,21.0146333,105.8342321
None,copyshop,Hà Nội,"97, Ngõ Xã Đàn 2, Hà Nội",None,None,copyshop,21.0160608,105.8307903
H-Mart,convenience,Hà Nội,"95, Ngõ Xã Đàn 2, Hà Nội",None,None,convenience,21.0161018,105.8307629
WinMart+,convenience,Hà Nội,Phố Văn Khê,None,None,convenience,20.9589272,105.767173
WinMart+,convenience,Hà Nội,Phố Cửa Quán,None,None,convenience,20.9577593,105.7703399
WinMart+,convenience,Hà Nội,Phố Kiến Hưng,None,None,convenience,20.9641685,105.783043
Hùng Huế Motor,motorcycle_repair,Hà Nội,"Hùng Huế Motor, Đường 40 m từ đường Ngô Gia Tự đến khu đô thị Thượng Thanh, Phường Việt Hưng, Yên Viên, Thành phố Hà Nội, 11810, Việt Nam",None,None,motorcycle_repair,21.0659575,105.8966295
WinMart+,convenience,Hà Nội,"WinMart+, Phố Hạnh Hoa, Khu đô thị Xa La, Phường Hà Đông, Thành phố Hà Nội, 12100, Việt Nam",None,None,convenience,20.9613677,105.7952733
HC,electronics,Hà Nội,"102, Phố Thái Thịnh, Hà Nội",None,None,electronics,21.0087369,105.8203227
Circle K,convenience,Hà Nội,"Circle K, đương 03, Vinhomes Ocean Park, Xã Gia Lâm, Thành phố Hà Nội, 17710, Việt Nam",None,None,convenience,21.0014664,105.9432461
Zmart,convenience,Hà Nội,"Zmart, đương 03, Vinhomes Ocean Park, Xã Gia Lâm, Thành phố Hà Nội, 17710, Việt Nam",None,None,convenience,21.0011668,105.9438902
Xuka VIP Massage,massage,Hà Nội,"Xuka VIP Massage, Phố Nguyễn Quốc Trị, Phường Yên Hòa, Thành phố Hà Nội, 10161, Việt Nam",None,None,massage,21.0095735,105.7910617
J Spa & Massage,massage,Hà Nội,"J Spa & Massage, Phố Võ Thị Sáu, Phường Bạch Mai, Thành phố Hà Nội, 10053, Việt Nam",None,None,massage,21.0055309,105.8561146
Neko Nuru Massage,massage,Hà Nội,"Neko Nuru Massage, 29, Đường La Thành, Phường Ô Chợ Dừa, Thành phố Hà Nội, 10178, Việt Nam",None,None,massage,21.019058,105.8293971
Thế Giới Mũ Bảo Hiểm,car_parts,Hà Nội,"Thế Giới Mũ Bảo Hiểm, Phố Nguyễn Văn Trỗi, Phường Phương Liệt, Thành phố Hà Nội, 11617, Việt Nam",None,None,car_parts,20.9871292,105.836637
Thẩm mỹ Hoàng Tuấn,beauty,Hà Nội,"Thẩm mỹ Hoàng Tuấn, San Hô 17, Vinhomes Ocean Park, Xã Gia Lâm, Thành phố Hà Nội, 17710, Việt Nam",None,None,beauty,20.9915555,105.9459204
WinMart+,convenience,Hà Nội,Phố Tống Tất Thắng,None,None,convenience,20.9597029,105.7647563
WinMart+,convenience,Hà Nội,Khu đô thị Văn Phú,None,None,convenience,20.9565122,105.7681313
Vital Mart,convenience,Hà Nội,"Vital Mart, Đại Việt 2, Vinhomes Smart City, Phường Tây Mỗ, Thành phố Hà Nội, 34000, Việt Nam",None,None,convenience,21.0047574,105.7397825
Seven Mart,convenience,Hà Nội,"Seven Mart, Đại Việt 2, Vinhomes Smart City, Phường Tây Mỗ, Thành phố Hà Nội, 34000, Việt Nam",None,None,convenience,21.0046513,105.7399788
WinMart+,convenience,Hà Nội,"WinMart+, Cầu vượt đường sắt Đại Việt 2, Vinhomes Smart City, Phường Tây Mỗ, Thành phố Hà Nội, 34000, Việt Nam",None,None,convenience,21.0062137,105.737985
Vital Mart,convenience,Hà Nội,"Vital Mart, S4.02, Đại Việt 2, Vinhomes Smart City, Phường Tây Mỗ, Thành phố Hà Nội, 34000, Việt Nam",None,None,convenience,21.0045345,105.7402779
None,motorcycle,Hà Nội,"Rentabike Vietnam - Motorbike Rental + Tours, Ngõ 12 Phố Đặng Thai Mai, Phường Tây Hồ, Thành phố Hà Nội, 10231, Việt Nam",None,None,motorcycle,21.0629487,105.8241728
tiệm trà,tea,Hà Nội,"tiệm trà, Ngõ 37 Dịch Vọng, Phường Cầu Giấy, Thành phố Hà Nội, 10141, Việt Nam",None,None,tea,21.0321145,105.7936471
None,ticket,Hà Nội,"Đường Lê Đức Thọ, Phường Từ Liêm, Thành phố Hà Nội, 10057, Việt Nam",None,None,ticket,21.0197668,105.7649798
None,ticket,Hà Nội,"Đường Lê Đức Thọ, Phường Từ Liêm, Thành phố Hà Nội, 10057, Việt Nam",None,None,ticket,21.0212059,105.7649667
None,ticket,Hà Nội,"Phố Đỗ Xuân Hợp, Phường Từ Liêm, Thành phố Hà Nội, 10074, Việt Nam",None,None,ticket,21.0212199,105.7628853
None,ticket,Hà Nội,"Phố Đỗ Xuân Hợp, Phường Từ Liêm, Thành phố Hà Nội, 10074, Việt Nam",None,None,ticket,21.0197631,105.7628733
WinMart+,convenience,Hà Nội,"96, Phố Trần Bình",None,None,convenience,21.031213,105.7774291
WinMart+,convenience,Hà Nội,None,None,None,convenience,21.0302567,105.7770361
WinMart+,convenience,Hà Nội,"WinMart+, Đường Mỹ Đình, Phường Từ Liêm, Thành phố Hà Nội, 10085, Việt Nam",None,None,convenience,21.0288397,105.7753819
WinMart+,convenience,Hà Nội,"WinMart+, Ngõ 20 Mỹ Đình, Phường Từ Liêm, Thành phố Hà Nội, 10085, Việt Nam",None,None,convenience,21.0325694,105.7710323
WinMart+,convenience,Hà Nội,"8, Đường Phú Mỹ",None,None,convenience,21.0294832,105.7699526
WinMart+,convenience,Hà Nội,"WinMart+, Phố Nguyễn Phan Chánh, Khu đô thị Linh Đàm, Phường Hoàng Liệt, Văn Điển, Thành phố Hà Nội, 11718, Việt Nam",None,None,convenience,20.9637911,105.8274936
WinMart+,convenience,Hà Nội,"36, Phố Đình Thôn",None,None,convenience,21.0206656,105.7782102
Nhà sách Lâm Oanh,books,Hà Nội,"Phố Trần Quốc Hoàn, Hà Nội",None,None,books,21.0417006,105.7815276
Nhà sách Trí tuệ,books,Hà Nội,"Nhà sách Trí tuệ, Phố Dương Khuê, Phường Từ Liêm, Thành phố Hà Nội, 10085, Việt Nam",None,None,books,21.0375726,105.7738916
Nhà sách Trang Hiếu,books,Hà Nội,"Phố Trần Quốc Hoàn, Hà Nội",None,None,books,21.0416621,105.7824646
Nhà sách Ngoại Ngữ,books,Hà Nội,"Phố Trần Quốc Hoàn, Hà Nội",None,None,books,21.0416837,105.781769
Didongviet.vn,mobile_phone,Hà Nội,"3A, Phố Lê Thái Tổ, Hà Nội",None,None,mobile_phone,21.0321166,105.8512405
Uniqlo,clothes,Hà Nội,"1, Phố Bà Triệu, Hà Nội",None,None,clothes,21.0256337,105.8518593
WinMart+,convenience,Hà Nội,Phố Đoàn Thị Điểm,None,None,convenience,21.026109,105.832658
WinMart+,convenience,Hà Nội,"9, Ngõ Chợ Khâm Thiên, Hà Nội",None,None,convenience,21.0187082,105.8393586
H+ Mart,convenience,Hà Nội,"H+ Mart, 1, Phố Trần Hưng Đạo, Phường Cửa Nam, Thành phố Hà Nội, 10151, Việt Nam",None,None,convenience,21.0162855,105.8601194
Siêu thị 108,convenience,Hà Nội,"Siêu thị 108, 1, Phố Trần Hưng Đạo, Phường Cửa Nam, Thành phố Hà Nội, 10151, Việt Nam",None,None,convenience,21.0177298,105.8606304
WinMart+,convenience,Hà Nội,"129, Phố Pháo Đài Láng, Hà Nội",None,None,convenience,21.0188349,105.8045908
VitalMart,convenience,Hà Nội,"Phố Trung Kính, Hà Nội",None,None,convenience,21.011631,105.7989851
Nhà sách Minh Anh,books,Hà Nội,"Nhà sách Minh Anh, Ngõ 46C Phạm Ngọc Thạch, Khu tập thể Trung Tự, Phường Kim Liên, Thành phố Hà Nội, 11415, Việt Nam",None,None,books,21.0089678,105.8336658
WinMart+,convenience,Hà Nội,"158, Phố Thái Thịnh",None,None,convenience,21.0124381,105.8170374
Rimowa,bag,Hà Nội,"30, Phố Tràng Tiền, Hà Nội",None,None,bag,21.0249015,105.8556785
Hugo Boss,clothes,Hà Nội,"Hugo Boss, Phố Tràng Tiền, Phường Hoàn Kiếm, Thành phố Hà Nội, 10301, Việt Nam",None,None,clothes,21.024852,105.8558906
Dior,clothes,Hà Nội,"Dior, 17, Phố Ngô Quyền, Phường Hoàn Kiếm, Thành phố Hà Nội, 11022, Việt Nam",None,None,clothes,21.0251628,105.8554316
Louis Vuitton,clothes,Hà Nội,"Louis Vuitton, Phố Tràng Tiền, Phường Hoàn Kiếm, Thành phố Hà Nội, 10301, Việt Nam",None,None,clothes,21.0250159,105.8553919
Valentino,clothes,Hà Nội,"Valentino, 59A, Phố Lý Thái Tổ, Phường Hoàn Kiếm, Thành phố Hà Nội, 10188, Việt Nam",None,None,clothes,21.0255365,105.8567693
VietjetAir,ticket,Hà Nội,"VietjetAir, Đường Trần Quang Khải, Phường Hoàn Kiếm, Thành phố Hà Nội, 10063, Việt Nam",None,None,ticket,21.0275487,105.8581489
Hanoi City Tour,ticket,Hà Nội,"Hanoi City Tour, Phố Lê Thánh Tông, Phường Cửa Nam, Thành phố Hà Nội, 10301, Việt Nam",None,None,ticket,21.0236908,105.8571179
Phú Hưng,clothes,Hà Nội,"20, Phố Tràng Tiền, Hà Nội",None,None,clothes,21.0248326,105.8560863
None,copyshop,Hà Nội,"12, Phố Tràng Tiền, Hà Nội",None,None,copyshop,21.0247735,105.85625
Future Time,watches,Hà Nội,"10, Phố Tràng Tiền, Hà Nội",None,None,watches,21.0247714,105.8562959
Ngo Minh,tailor,Hà Nội,"8, Phố Tràng Tiền, Hà Nội",None,None,tailor,21.0247369,105.8563269
HA LINH THU,clothes,Hà Nội,"6, Phố Tràng Tiền, Hà Nội",None,None,clothes,21.0247475,105.8563809
Organica,supermarket,Hà Nội,"6A, Phố Lý Đạo Thành, Hà Nội",None,None,supermarket,21.0255339,105.857578
Halei,beauty,Hà Nội,"20, Phố Đoàn Trần Nghiệp, Hà Nội",None,None,beauty,21.0119939,105.8500426
Sis Mai Linh,clothes,Hà Nội,"16, Phố Đoàn Trần Nghiệp, Hà Nội",None,None,clothes,21.0119011,105.8502238
Phương Hằng,stationery,Hà Nội,"16, Phố Đoàn Trần Nghiệp, Hà Nội",None,None,stationery,21.0119164,105.8503226
Xuan Le,clothes,Hà Nội,"176, Phố Triệu Việt Vương, Hà Nội",None,None,clothes,21.0124056,105.850261
Flannels,clothes,Hà Nội,"174, Phố Triệu Việt Vương, Hà Nội",None,None,clothes,21.0124585,105.8502298
AuViet Beauty Salon & Spa,beauty,Hà Nội,"179, Phố Bùi Thị Xuân, Hà Nội",None,None,beauty,21.0119656,105.849899
Le Castella,pastry,Hà Nội,"179C, Phố Bùi Thị Xuân, Hà Nội",None,None,pastry,21.0120387,105.8499044
Hiếu Nguyễn,hairdresser,Hà Nội,"164, Phố Triệu Việt Vương, Hà Nội",None,None,hairdresser,21.0128768,105.8502742
Grand Sport,sports,Hà Nội,"160, Phố Triệu Việt Vương, Hà Nội",None,None,sports,21.0130014,105.8502625
Hoàng Hair Salon,hairdresser,Hà Nội,"153, Phố Bùi Thị Xuân, Hà Nội",None,None,hairdresser,21.0130626,105.8499765
Tuấn Minh,tailor,Hà Nội,"112C, Phố Mai Hắc Đế, Hà Nội",None,None,tailor,21.0119719,105.8508703
Mai Mai Shoes,shoes,Hà Nội,"112C, Phố Mai Hắc Đế, Hà Nội",None,None,shoes,21.0120011,105.8508984
Minjee,cosmetics,Hà Nội,"112B, Phố Mai Hắc Đế, Hà Nội",None,None,cosmetics,21.0120572,105.8508953
Century Luxury Timepieces,watches,Hà Nội,"106, Phố Mai Hắc Đế, Hà Nội",None,None,watches,21.0123448,105.8508481
Roxie,clothes,Hà Nội,"155, Phố Triệu Việt Vương, Hà Nội",None,None,clothes,21.0123557,105.8506308
AtBoutique,clothes,Hà Nội,"94, Phố Mai Hắc Đế, Hà Nội",None,None,clothes,21.0127219,105.8508615
Phương Anh Beauty & Spa,beauty,Hà Nội,"88A, Phố Mai Hắc Đế, Hà Nội",None,None,beauty,21.0129394,105.8509006
David Minh Tuân,hairdresser,Hà Nội,"147, Phố Triệu Việt Vương, Hà Nội",None,None,hairdresser,21.0126966,105.850528
The MOC Beauty Lab,beauty,Hà Nội,"145, Phố Triệu Việt Vương, Hà Nội",None,None,beauty,21.0127533,105.8505567
Mai Phan Makeup Artist,beauty,Hà Nội,"84, Phố Mai Hắc Đế, Hà Nội",None,None,beauty,21.0130319,105.8509171
White Rose Bridal,clothes,Hà Nội,"84, Phố Mai Hắc Đế, Hà Nội",None,None,clothes,21.0130274,105.8508128
Sơn Tinh - Hải Sản,seafood,Hà Nội,"23, Phố Tô Hiến Thành, Hà Nội",None,None,seafood,21.013421,105.8505733
Hải Sản Minh Thủy,seafood,Hà Nội,"23, Phố Tô Hiến Thành, Hà Nội",None,None,seafood,21.0134386,105.8506117
HD Boutique,clothes,Hà Nội,"17, Phố Tô Hiến Thành, Hà Nội",None,None,clothes,21.0134182,105.8508497
Mochi Sweets,pastry,Hà Nội,"148, Phố Bùi Thị Xuân, Hà Nội",None,None,pastry,21.0121871,105.8497137
Fahasa,books,Hà Nội,"Fahasa, 191, Phố Bà Triệu, Phường Hai Bà Trưng, Thành phố Hà Nội, 10058, Việt Nam",None,None,books,21.0114604,105.8500563
Nhà sách Phật giáo Tịnh Liên,religion,Hà Nội,"187, Phố Bà Triệu, Hà Nội",None,None,religion,21.0120882,105.8492832
Salabox,interior_decoration,Hà Nội,"144, Phố Bùi Thị Xuân, Hà Nội",None,None,interior_decoration,21.0123034,105.8496518
Anh Thỏ Lú Hair Shop,hairdresser,Hà Nội,"140, Phố Bùi Thị Xuân, Hà Nội",None,None,hairdresser,21.0124578,105.8497555
Chic-Land,clothes,Hà Nội,"179, Phố Bà Triệu, Hà Nội",None,None,clothes,21.0123706,105.8492874
Cỏ Mềm,cosmetics,Hà Nội,"177, Phố Bà Triệu, Hà Nội",None,None,cosmetics,21.0124709,105.8492779
Thăng Long Gas,gas,Hà Nội,"171, Phố Bà Triệu, Hà Nội",None,None,gas,21.0127492,105.8492935
Việt Thắng,clothes,Hà Nội,"Việt Thắng, Phố Bà Triệu, Phường Hai Bà Trưng, Thành phố Hà Nội, 10058, Việt Nam",None,None,clothes,21.0128399,105.8493079
Kat,fashion_accessories,Hà Nội,"167, Phố Bà Triệu, Hà Nội",None,None,fashion_accessories,21.0128909,105.8492941
Valerie Diamond & Jewelry,jewelry,Hà Nội,"132, Phố Bùi Thị Xuân, Hà Nội",None,None,jewelry,21.0127934,105.8497091
Wefood,convenience,Hà Nội,"138, Phố Bùi Thị Xuân, Hà Nội",None,None,convenience,21.0125813,105.8497161
Hà My,tailor,Hà Nội,"138A, Phố Bùi Thị Xuân, Hà Nội",None,None,tailor,21.0125437,105.8496752
Bạc Nhỏ Store,jewelry,Hà Nội,"122, Phố Bùi Thị Xuân, Hà Nội",None,None,jewelry,21.0132127,105.8497862
Sunlux,watches,Hà Nội,"122D, Phố Bùi Thị Xuân, Hà Nội",None,None,watches,21.013164,105.8497827
Lengrin Story,cosmetics,Hà Nội,"42, Phố Tô Hiến Thành, Hà Nội",None,None,cosmetics,21.0136333,105.8501355
Mia Bridal,clothes,Hà Nội,"38, Phố Tô Hiến Thành, Hà Nội",None,None,clothes,21.0136124,105.8502139
Hoàn Mỹ,hairdresser,Hà Nội,"36, Phố Tô Hiến Thành, Hà Nội",None,None,hairdresser,21.0136449,105.8502526
Maikan Spa & Academy,beauty,Hà Nội,"141, Phố Bùi Thị Xuân, Hà Nội",None,None,beauty,21.0137761,105.8500117
Swans Hair Salon,hairdresser,Hà Nội,"139, Phố Bùi Thị Xuân, Hà Nội",None,None,hairdresser,21.0138346,105.8499973
Dencoss Luxury Health Care & Spa,beauty,Hà Nội,"135-137, Phố Bùi Thị Xuân, Hà Nội",None,None,beauty,21.0139295,105.8500226
H.E.R Beauty Clinic,beauty,Hà Nội,"119, Phố Bùi Thị Xuân, Hà Nội",None,None,beauty,21.0144668,105.8500204
À Tous,clothes,Hà Nội,"105, Phố Bùi Thị Xuân, Hà Nội",None,None,clothes,21.0148712,105.8499914
Menard Shop & Spa,beauty,Hà Nội,"35-37, Phố Tuệ Tĩnh, Hà Nội",None,None,beauty,21.0150519,105.8500618
Hoàng Hiếu,tyres,Hà Nội,"Hoàng Hiếu, Đường Đỗ Mười, Phường Lĩnh Nam, Thành phố Hà Nội, 11622, Việt Nam",None,None,tyres,20.9788349,105.8891401
The Lady House,cosmetics,Hà Nội,"33, Phố Tuệ Tĩnh, Hà Nội",None,None,cosmetics,21.0150252,105.8501461
Nhà mốt Đức Hạnh,tailor,Hà Nội,"110A, Phố Triệu Việt Vương, Hà Nội",None,None,tailor,21.0149906,105.8502688
Aoki Beauty,beauty,Hà Nội,"110C, Phố Triệu Việt Vương, Hà Nội",None,None,beauty,21.0149172,105.8502567
Mắt Mode,optician,Hà Nội,"110D, Phố Triệu Việt Vương, Hà Nội",None,None,optician,21.0148726,105.8502809
Kana,clothes,Hà Nội,"112, Phố Triệu Việt Vương, Hà Nội",None,None,clothes,21.0148294,105.8502395
V.B.S Tailor,clothes,Hà Nội,"114, Phố Triệu Việt Vương, Hà Nội",None,None,clothes,21.0147902,105.8502527
The Candleholic Boutique,candles,Hà Nội,"120, Phố Triệu Việt Vương, Hà Nội",None,None,candles,21.0146592,105.8502662
Glee Premium Foods,deli,Hà Nội,"126, Phố Triệu Việt Vương, Hà Nội",None,None,deli,21.0144599,105.8502509
Đại Đức,photo,Hà Nội,"126, Phố Triệu Việt Vương, Hà Nội",None,None,photo,21.0143651,105.8501742
Rohto Aohal Clinic,beauty,Hà Nội,"136, Phố Triệu Việt Vương, Hà Nội",None,None,beauty,21.014259,105.8502446
Metis,clothes,Hà Nội,"146, Phố Triệu Việt Vương, Hà Nội",None,None,clothes,21.0140398,105.8503087
Vinataba,tobacco,Hà Nội,"148, Phố Triệu Việt Vương, Hà Nội",None,None,tobacco,21.0139834,105.850228
Elegante,clothes,Hà Nội,"152E, Phố Triệu Việt Vương, Hà Nội",None,None,clothes,21.0137395,105.8503454
Mint Cosmetic,cosmetics,Hà Nội,"152C, Phố Triệu Việt Vương, Hà Nội",None,None,cosmetics,21.0138284,105.8503232
Belcholat Chocolatier,chocolate,Hà Nội,"91A, Phố Triệu Việt Vương, Hà Nội",None,None,chocolate,21.0146535,105.8505766
Bờm Mobile,mobile_phone,Hà Nội,"21, Phố Tuệ Tĩnh, Hà Nội",None,None,mobile_phone,21.0150644,105.8506631
Đặng Phương Beauty & Cosmetic,cosmetics,Hà Nội,"19, Phố Tuệ Tĩnh, Hà Nội",None,None,cosmetics,21.015049,105.8507368
Kây Decor & Gift,interior_decoration,Hà Nội,"38A, Phố Mai Hắc Đế, Hà Nội",None,None,interior_decoration,21.0149772,105.850883
Minnie Perfume,perfumery,Hà Nội,"40, Phố Mai Hắc Đế, Hà Nội",None,None,perfumery,21.0147907,105.8508505
Duy Ý,tailor,Hà Nội,"42, Phố Mai Hắc Đế, Hà Nội",None,None,tailor,21.0147369,105.8508584
Hair Salon Huyền Trâm,hairdresser,Hà Nội,"48, Phố Mai Hắc Đế, Hà Nội",None,None,hairdresser,21.0145259,105.8508778
Liny Shoes,shoes,Hà Nội,"50, Phố Mai Hắc Đế, Hà Nội",None,None,shoes,21.0144881,105.8508384
Mobile 58,mobile_phone,Hà Nội,"58, Phố Mai Hắc Đế, Hà Nội",None,None,mobile_phone,21.0142345,105.8508687
The Rose,clothes,Hà Nội,"60, Phố Mai Hắc Đế, Hà Nội",None,None,clothes,21.0141935,105.8508339
Còi Luxurious's,clothes,Hà Nội,"66, Phố Mai Hắc Đế, Hà Nội",None,None,clothes,21.0140758,105.8508558
VNXK,clothes,Hà Nội,"VNXK, 70, Phố Mai Hắc Đế, Phường Hai Bà Trưng, Thành phố Hà Nội, 10058, Việt Nam",None,None,clothes,21.0140084,105.8508712
KRB Authentic,clothes,Hà Nội,"74, Phố Mai Hắc Đế, Hà Nội",None,None,clothes,21.0139223,105.8508833
Quynh's Mart,convenience,Hà Nội,"103, Phố Triệu Việt Vương, Hà Nội",None,None,convenience,21.0143286,105.8505747
June,clothes,Hà Nội,"105, Phố Triệu Việt Vương, Hà Nội",None,None,clothes,21.0142772,105.8505581
SeSe Beauty,beauty,Hà Nội,"123, Phố Triệu Việt Vương, Hà Nội",None,None,beauty,21.01391,105.8505967
Vạn Xuân Foot Massage,massage,Hà Nội,"125, Phố Triệu Việt Vương, Hà Nội",None,None,massage,21.0138677,105.8505892
Alkan Authentic,clothes,Hà Nội,"12, Phố Tô Hiến Thành, Hà Nội",None,None,clothes,21.0136571,105.8508699
Cường Minh,motorcycle_repair,Hà Nội,"22, Phố Tô Hiến Thành, Hà Nội",None,None,motorcycle_repair,21.0136487,105.8506465
Vang Online by Buy2sell,wine,Hà Nội,"127B, Phố Triệu Việt Vương, Hà Nội",None,None,wine,21.0137424,105.8505374
None,variety_store,Hà Nội,"Phố Bà Triệu, Phường Hai Bà Trưng, Thành phố Hà Nội, 10058, Việt Nam",None,None,variety_store,21.0150206,105.8493038
JM Dress Design,clothes,Hà Nội,"133, Phố Bà Triệu, Hà Nội",None,None,clothes,21.0149505,105.8493
Luca,fashion_accessories,Hà Nội,"133B, Phố Bà Triệu, Hà Nội",None,None,fashion_accessories,21.014842,105.8493052
She by Hoa Nguyen,clothes,Hà Nội,"135, Phố Bà Triệu, Hà Nội",None,None,clothes,21.0147856,105.8493794
Nov.Muse,shoes,Hà Nội,"59, Phố Tuệ Tĩnh, Hà Nội",None,None,shoes,21.0149932,105.8494153
Style Viet,clothes,Hà Nội,"55, Phố Tuệ Tĩnh, Hà Nội",None,None,clothes,21.0150554,105.8495103
Dia Liciouss,jewelry,Hà Nội,"49, Phố Tuệ Tĩnh, Hà Nội",None,None,jewelry,21.0150492,105.8496355
The Cake Lab,pastry,Hà Nội,"45, Phố Tuệ Tĩnh, Hà Nội",None,None,pastry,21.0150197,105.8497231
None,stationery,Hà Nội,"41, Phố Tuệ Tĩnh, Hà Nội",None,None,stationery,21.0150385,105.8498133
Emma Lab,beauty,Hà Nội,"88C, Phố Bùi Thị Xuân, Hà Nội",None,None,beauty,21.0149747,105.84982
Nhung Closet,clothes,Hà Nội,"90, Phố Bùi Thị Xuân, Hà Nội",None,None,clothes,21.0148308,105.84976
Quyen Pham,clothes,Hà Nội,"92A, Phố Bùi Thị Xuân, Hà Nội",None,None,clothes,21.0146669,105.8497849
Lucas,clothes,Hà Nội,"96, Phố Bùi Thị Xuân, Hà Nội",None,None,clothes,21.0145785,105.8497824
Cửa hàng Xe máy điện VinFast Hoàng Huy,motorcycle,Hà Nội,"143, Phố Bà Triệu",None,None,motorcycle,21.014536,105.849283
HCN - Trung tâm xe nhập khẩu,motorcycle,Hà Nội,"149, Phố Bà Triệu, Hà Nội",None,None,motorcycle,21.0143711,105.8493174
WinMart+,convenience,Hà Nội,"WinMart+, Phố Đội Cấn, Phường Ngọc Hà, Thành phố Hà Nội, 10071, Việt Nam",None,None,convenience,21.0379084,105.8106308
Circle K,convenience,Hà Nội,"Circle K, Phố Phan Kế Bính, Phường Ngọc Hà, Thành phố Hà Nội, 10303, Việt Nam",None,None,convenience,21.0347366,105.81189
Dieu An,clothes,Hà Nội,"153, Phố Bà Triệu, Hà Nội",None,None,clothes,21.0138154,105.8493288
Joie Des Roses,clothes,Hà Nội,"157A, Phố Bà Triệu, Hà Nội",None,None,clothes,21.0136923,105.8492696
Những Bông Hoa Nhỏ,clothes,Hà Nội,"157, Phố Bà Triệu, Hà Nội",None,None,clothes,21.0136512,105.8492717
Mạnh Hà,shoe_repair,Hà Nội,"157, Phố Bà Triệu, Hà Nội",None,None,shoe_repair,21.0136002,105.8492709
Thế Giới Nước Hoa,perfumery,Hà Nội,"157, Phố Bà Triệu, Hà Nội",None,None,perfumery,21.0135607,105.8492496
BB Beauté,beauty,Hà Nội,"74, Phố Tô Hiến Thành, Hà Nội",None,None,beauty,21.0135826,105.8493368
SSStutter,clothes,Hà Nội,"70, Phố Tô Hiến Thành, Hà Nội",None,None,clothes,21.013528,105.8494625
None,variety_store,Hà Nội,"72, Phố Tô Hiến Thành, Hà Nội",None,None,variety_store,21.0135316,105.849409
Topcos Store & K Concept,cosmetics,Hà Nội,"120, Phố Bùi Thị Xuân, Hà Nội",None,None,cosmetics,21.0137159,105.8498105
Five Star Laundry,laundry,Hà Nội,"57, Phố Đặng Thùy Trâm, Hà Nội",None,None,laundry,21.0441689,105.7857997
Scent Stories,perfumery,Hà Nội,"187, Ngõ Xã Đàn 2, Hà Nội",None,None,perfumery,21.0142102,105.8318261
Vua tóc giả,hairdresser,Hà Nội,"6, Phố Phạm Tuấn Tài, Hà Nội",None,None,hairdresser,21.042172,105.786316
WinMart+,convenience,Hà Nội,"12, Phố Phạm Tuấn Tài, Hà Nội",None,None,convenience,21.0423756,105.7863191
Amita Academy,beauty,Hà Nội,"14, Phố Phạm Tuấn Tài, Hà Nội",None,None,beauty,21.0424215,105.7863195
Hải sản Trung Dũng,seafood,Hà Nội,"16, Phố Phạm Tuấn Tài, Hà Nội",None,None,seafood,21.0424748,105.7863199
Tuấn Thành Motor,motorcycle_repair,Hà Nội,"18, Phố Phạm Tuấn Tài, Hà Nội",None,None,motorcycle_repair,21.0425392,105.7863205
None,convenience,Hà Nội,"Phố Nghĩa Tân, Phường Nghĩa Đô, Thành phố Hà Nội, 10179, Việt Nam",None,None,convenience,21.0444531,105.787851
None,copyshop,Hà Nội,"Ngách 133/32 Nguyễn Phong Sắc, Phường Nghĩa Đô, Thành phố Hà Nội, 10065, Việt Nam",None,None,copyshop,21.044299,105.7881889
VGA Mobicar,car,Hà Nội,"126P, Đường Tam Trinh, Hà Nội",None,None,car,20.9703325,105.8669002
An Phước,lighting,Hà Nội,"469, Đường Hoàng Quốc Việt, Hà Nội",None,None,lighting,21.045899,105.7847746
Bếp Tốt,kitchen,Hà Nội,"467, Đường Hoàng Quốc Việt, Hà Nội",None,None,kitchen,21.0458996,105.7848184
Bếp 365,kitchen,Hà Nội,"459, Đường Hoàng Quốc Việt, Hà Nội",None,None,kitchen,21.0459006,105.7849913
CarOn Plus,car_repair,Hà Nội,"455, Đường Hoàng Quốc Việt, Hà Nội",None,None,car_repair,21.0459006,105.7851346
Cửa hàng Tâm An,bathroom_furnishing,Hà Nội,"453, Đường Hoàng Quốc Việt, Hà Nội",None,None,bathroom_furnishing,21.0459013,105.7851918
Elmart,lighting,Hà Nội,"445, Đường Hoàng Quốc Việt, Hà Nội",None,None,lighting,21.0459023,105.7853844
Thế giới Bếp EU,kitchen,Hà Nội,"443, Đường Hoàng Quốc Việt, Hà Nội",None,None,kitchen,21.045903,105.7854307
In ấn Vân Chủ,copyshop,Hà Nội,"441, Đường Hoàng Quốc Việt, Hà Nội",None,None,copyshop,21.0459016,105.7854681
Hanosimex,clothes,Hà Nội,"439, Đường Hoàng Quốc Việt, Hà Nội",None,None,clothes,21.045903,105.785508
Everon,bed,Hà Nội,"437, Đường Hoàng Quốc Việt, Hà Nội",None,None,bed,21.0459016,105.7855519
Bếp 68,kitchen,Hà Nội,"435, Đường Hoàng Quốc Việt, Hà Nội",None,None,kitchen,21.045901,105.7855938
Mỹ Tường,clothes,Hà Nội,"433, Đường Hoàng Quốc Việt, Hà Nội",None,None,clothes,21.045902,105.7856329
None,kitchen,Hà Nội,"431, Đường Hoàng Quốc Việt, Hà Nội",None,None,kitchen,21.045902,105.7856723
None,clothes,Hà Nội,"427, Đường Hoàng Quốc Việt, Hà Nội",None,None,clothes,21.0459009,105.7857509
None,convenience,Hà Nội,"73, Phố Phạm Tuấn Tài, Hà Nội",None,None,convenience,21.0456136,105.7862374
Onion,mobile_phone,Hà Nội,"69, Phố Phạm Tuấn Tài, Hà Nội",None,None,mobile_phone,21.0455249,105.7862357
Tóc King,hairdresser,Hà Nội,"6A, Ngõ 61 Phạm Tuấn Tài, Hà Nội",None,None,hairdresser,21.0453332,105.7861282
Ogana Spa Cosmetics,beauty,Hà Nội,"2A, Ngõ 61 Phạm Tuấn Tài, Hà Nội",None,None,beauty,21.0453348,105.7860713
Điện tử 360,radiotechnics,Hà Nội,"62, Ngõ 61 Phạm Tuấn Tài, Hà Nội",None,None,radiotechnics,21.0453469,105.7846153
None,convenience,Hà Nội,"66, Ngõ 61 Phạm Tuấn Tài, Hà Nội",None,None,convenience,21.0453474,105.7845285
Hà Thanh Dress Design,clothes,Hà Nội,"3, Phố Đặng Thùy Trâm, Hà Nội",None,None,clothes,21.0456696,105.7844454
Hair Yến Tóc xinh,hairdresser,Hà Nội,"11, Ngõ 445 Hoàng Quốc Việt, Hà Nội",None,None,hairdresser,21.0455645,105.785398
Thuỷ tinh Hà Nội,glaziery,Hà Nội,"11, Ngõ 61 Phạm Tuấn Tài, Hà Nội",None,None,glaziery,21.0451931,105.785835
Lagen Hair Salon,hairdresser,Hà Nội,"3, Ngõ 61 Phạm Tuấn Tài, Hà Nội",None,None,hairdresser,21.0451898,105.7861238
Spa Quỳnh Hương,beauty,Hà Nội,"3, Ngõ 61 Phạm Tuấn Tài, Hà Nội",None,None,beauty,21.0451431,105.7861238
Angel,beauty,Hà Nội,"57, Phố Phạm Tuấn Tài, Hà Nội",None,None,beauty,21.0451228,105.7862756
Spa H2 Beauty,beauty,Hà Nội,"55, Phố Phạm Tuấn Tài, Hà Nội",None,None,beauty,21.0450824,105.7862741
Hồng Nga,greengrocer,Hà Nội,"53, Phố Phạm Tuấn Tài, Hà Nội",None,None,greengrocer,21.045046,105.786274
Papishop,fashion_accessories,Hà Nội,"49, Phố Phạm Tuấn Tài, Hà Nội",None,None,fashion_accessories,21.0448882,105.7862725
Lucas Shoes,shoes,Hà Nội,"47, Phố Phạm Tuấn Tài, Hà Nội",None,None,shoes,21.044833,105.7862744
Sollee Guitar Store,musical_instrument,Hà Nội,"17, Phố Phạm Tuấn Tài, Hà Nội",None,None,musical_instrument,21.043881,105.7862661
Battrang.info,pottery,Hà Nội,"75, Đường Đặng Thùy Trâm, Hà Nội",None,None,pottery,21.043902,105.7860914
Thời trang tóc Bích Thuỷ,hairdresser,Hà Nội,"65, Đường Đặng Thùy Trâm, Hà Nội",None,None,hairdresser,21.0440284,105.7859209
Rừng Gió Decor,photo,Hà Nội,"39, Phố Đặng Thùy Trâm, Hà Nội",None,None,photo,21.0445078,105.7853032
Lan Beauty Center,beauty,Hà Nội,"37, Phố Đặng Thùy Trâm, Hà Nội",None,None,beauty,21.0445242,105.7852792
None,convenience,Hà Nội,"31, Phố Đặng Thùy Trâm, Hà Nội",None,None,convenience,21.0446065,105.7851752
Babycuatoi,baby_goods,Hà Nội,"27, Phố Đặng Thùy Trâm, Hà Nội",None,None,baby_goods,21.0447586,105.7849526
Hải Khuê Auto,car_repair,Hà Nội,"21, Đường Đặng Thùy Trâm, Hà Nội",None,None,car_repair,21.0450016,105.7846679
Giang Ngân Authentic,shoes,Hà Nội,"9, Ngách 61/39 Phạm Tuấn Tài, Hà Nội",None,None,shoes,21.0448648,105.7848799
Tiệm tóc Tâm Anh,hairdresser,Hà Nội,"16, Ngách 61/33 Phạm Tuấn Tài, Hà Nội",None,None,hairdresser,21.0447648,105.7850872
Thank Decor,interior_decoration,Hà Nội,"6, Hẻm 61/33/2 Phạm Tuấn Tài, Hà Nội",None,None,interior_decoration,21.0450608,105.7854206
Hùng Anh Bóng Bàn,sports,Hà Nội,"1, Ngõ 6 Đặng Thùy Trâm, Hà Nội",None,None,sports,21.044792,105.784272
Massage VIP,massage,Hà Nội,"11, Ngõ 26 Đặng Thùy Trâm, Hà Nội",None,None,massage,21.044194,105.7846425
Thành Phát Mobile,mobile_phone,Hà Nội,"9A, Phố Phạm Tuấn Tài, Hà Nội",None,None,mobile_phone,21.0432454,105.7861212
Hair Salon Giang Oanh,hairdresser,Hà Nội,"9, Phố Phạm Tuấn Tài, Hà Nội",None,None,hairdresser,21.0431755,105.7861186
Dr. Zo Spa & Clinic,beauty,Hà Nội,"44, Phố Đặng Thùy Trâm, Hà Nội",None,None,beauty,21.0438221,105.7857489
Auto Châu Á,car_parts,Hà Nội,"46, Phố Đặng Thùy Trâm, Hà Nội",None,None,car_parts,21.0437916,105.7857881
Sửa chữa Hưng Thịnh,motorcycle_repair,Hà Nội,"54, Phố Đặng Thùy Trâm, Hà Nội",None,None,motorcycle_repair,21.0436264,105.7859939
Hùng Vương Travel,travel_agency,Hà Nội,"52, Phố Đặng Thùy Trâm, Hà Nội",None,None,travel_agency,21.0436631,105.7859443
Xoãn Store,mobile_phone,Hà Nội,"10, Ngõ 3 Phạm Tuấn Tài, Hà Nội",None,None,mobile_phone,21.0432955,105.7857474
Circle K,convenience,Hà Nội,"3, Phố Phạm Tuấn Tài, Hà Nội",None,None,convenience,21.0427834,105.7860913
Cá Voi Yugioh,collector,Hà Nội,"50, Ngõ 1 Phạm Tuấn Tài, Hà Nội",None,None,collector,21.0427398,105.784687
None,convenience,Hà Nội,"84, Ngõ 1 Phạm Tuấn Tài, Hà Nội",None,None,convenience,21.0431993,105.7842442
Trung tâm Nam Hải,stationery,Hà Nội,"47, Ngõ 3 Phạm Tuấn Tài, Hà Nội",None,None,stationery,21.0438273,105.7847831
Prédia,beauty,Hà Nội,"31, Ngõ 3 Phạm Tuấn Tài, Hà Nội",None,None,beauty,21.0435169,105.7851916
Trang sức đá quý Tín Nghĩa,jewelry,Hà Nội,"19, Ngõ 3 Phạm Tuấn Tài, Hà Nội",None,None,jewelry,21.0432764,105.7855006
Mộc Tấm Spa,beauty,Hà Nội,"5, Ngách 3/1 Phạm Tuấn Tài, Hà Nội",None,None,beauty,21.0428583,105.7859301
Linh Sóc Baby,baby_goods,Hà Nội,"11, Ngách 1/84 Phạm Tuấn Tài, Hà Nội",None,None,baby_goods,21.0432981,105.7845209
Viet Rivertow,travel_agency,Hà Nội,"9, Ngách 1/84 Phạm Tuấn Tài, Hà Nội",None,None,travel_agency,21.0432985,105.7844817
None,beauty,Hà Nội,"22, Ngõ 2 Phạm Tuấn Tài, Hà Nội",None,None,beauty,21.0419786,105.7869211
Sách Quang Minh,books,Hà Nội,"12, Ngõ 2 Phạm Tuấn Tài, Hà Nội",None,None,books,21.0419774,105.7867026
Điện lạnh Cao Thiên,electronics,Hà Nội,"6, Ngõ 2 Phạm Tuấn Tài, Hà Nội",None,None,electronics,21.0419839,105.7865802
Dr. Lacir,beauty,Hà Nội,"11, Ngõ 2 Phạm Tuấn Tài, Hà Nội",None,None,beauty,21.0420755,105.7865995
SHTComputer,computer,Hà Nội,"21, Ngõ 2 Phạm Tuấn Tài, Hà Nội",None,None,computer,21.0420744,105.7867854
Mạnh Dũng Smart Tech Group,computer,Hà Nội,"30, Phố Trần Quốc Hoàn, Hà Nội",None,None,computer,21.0418015,105.7866183
Lilicake,bakery,Hà Nội,"28, Phố Trần Quốc Hoàn, Hà Nội",None,None,bakery,21.0418018,105.7866627
Phong,hairdresser,Hà Nội,"22, Phố Trần Quốc Hoàn, Hà Nội",None,None,hairdresser,21.0418023,105.7867698
None,houseware,Hà Nội,"20, Phố Trần Quốc Hoàn, Hà Nội",None,None,houseware,21.0418026,105.7868051
Maria Makeup Store,cosmetics,Hà Nội,"16, Phố Trần Quốc Hoàn, Hà Nội",None,None,cosmetics,21.0418011,105.7868771
Sinh Anh Hair,hairdresser,Hà Nội,"12, Phố Trần Quốc Hoàn, Hà Nội",None,None,hairdresser,21.0418,105.7869442
Anh Dungz Hair Salon,hairdresser,Hà Nội,"10, Phố Trần Quốc Hoàn, Hà Nội",None,None,hairdresser,21.0418025,105.7869794
Nội thất ôtô Trường Phát,car_parts,Hà Nội,"8, Phố Trần Quốc Hoàn, Hà Nội",None,None,car_parts,21.0418244,105.7870297
HB,beauty,Hà Nội,"8, Phố Phạm Tuấn Tài, Hà Nội",None,None,beauty,21.0422394,105.7863161
Xe Đạp 88,bicycle,Hà Nội,"10, Phố Phạm Tuấn Tài, Hà Nội",None,None,bicycle,21.0422952,105.7863174
VTG,hairdresser,Hà Nội,"4, Phố Phạm Tuấn Tài, Hà Nội",None,None,hairdresser,21.042085,105.7863163
Thành Đạt Photocopy,copyshop,Hà Nội,"2, Ngõ 133 Nguyễn Phong Sắc, Hà Nội",None,None,copyshop,21.0436478,105.7901106
Đại lý phụ tùng Tâm An,car_parts,Hà Nội,"14, Ngõ 133 Nguyễn Phong Sắc, Hà Nội",None,None,car_parts,21.0436499,105.7898967
GTC Hanoi,printer_ink,Hà Nội,"4, Ngách 41/6 Trần Quốc Hoàn, Hà Nội",None,None,printer_ink,21.0423699,105.7870153
ROCK CAR,car_repair,Hà Nội,"133, Đường Nguyễn Phong Sắc, Hà Nội",None,None,car_repair,21.0433472,105.7899706
Điều hoà Tuấn Nghĩa,car_repair,Hà Nội,"Phố Nghĩa Tân, Hà Nội",None,None,car_repair,21.0433538,105.78941
Đình Thương Motorbikes,motorcycle_repair,Hà Nội,"Phố Nghĩa Tân, Hà Nội",None,None,motorcycle_repair,21.0433548,105.7894944
Công nghệ Auto,car_repair,Hà Nội,"Phố Nghĩa Tân, Hà Nội",None,None,car_repair,21.0433514,105.7897351
Công nghệ Auto,car_repair,Hà Nội,"Phố Nghĩa Tân, Hà Nội",None,None,car_repair,21.0433501,105.7886252
Đức Thịnh 79,car_repair,Hà Nội,"Phố Nghĩa Tân, Hà Nội",None,None,car_repair,21.0433536,105.7889731
Tuấn Loan Auto Thăng Long,car_repair,Hà Nội,"Phố Nghĩa Tân, Hà Nội",None,None,car_repair,21.0433508,105.789097
Garage TCT,car_repair,Hà Nội,"Phố Nghĩa Tân, Hà Nội",None,None,car_repair,21.0433558,105.788085
Xe máy Công Bằng,motorcycle_repair,Hà Nội,"Phố Nghĩa Tân, Hà Nội",None,None,motorcycle_repair,21.0433563,105.7879045
Gara Ôtô Phú Quang,car_repair,Hà Nội,"Gara Ôtô Phú Quang, Phố Nghĩa Tân, Phường Nghĩa Đô, Thành phố Hà Nội, 10179, Việt Nam",None,None,car_repair,21.0433522,105.7872205
Gara Ôtô Đức Thắng 79,car_repair,Hà Nội,"120, Phố Nghĩa Tân, Hà Nội",None,None,car_repair,21.0435661,105.7880606
Khánh Lốp,car_repair,Hà Nội,"118, Phố Nghĩa Tân, Hà Nội",None,None,car_repair,21.0435655,105.7881332
8AM Hair Salon,hairdresser,Hà Nội,"116, Phố Nghĩa Tân, Hà Nội",None,None,hairdresser,21.043565,105.7881893
None,lottery,Hà Nội,"114, Phố Nghĩa Tân, Hà Nội",None,None,lottery,21.0435647,105.7882271
None,car_parts,Hà Nội,"108, Phố Nghĩa Tân, Hà Nội",None,None,car_parts,21.0435639,105.7883309
Hương Thảo Fashion,clothes,Hà Nội,"102, Phố Nghĩa Tân, Hà Nội",None,None,clothes,21.0435629,105.7884504
None,beverages,Hà Nội,"94, Phố Nghĩa Tân, Hà Nội",None,None,beverages,21.0435615,105.7886147
Gara Ô tô Thanh Loan,car_repair,Hà Nội,"92, Phố Nghĩa Tân, Hà Nội",None,None,car_repair,21.0435611,105.7886667
Nội thất Ô tô Minh Ngọc,car_repair,Hà Nội,"88, Phố Nghĩa Tân, Hà Nội",None,None,car_repair,21.0435605,105.7887379
Ô tô Đức Thịnh,car_repair,Hà Nội,"90, Phố Nghĩa Tân, Hà Nội",None,None,car_repair,21.0435592,105.7888151
"Dũng - Săm lốp, Ác quy",car_repair,Hà Nội,"92A, Phố Nghĩa Tân, Hà Nội",None,None,car_repair,21.0435536,105.7888766
Yamaha,motorcycle,Hà Nội,"493, Đường Hoàng Quốc Việt, Hà Nội",None,None,motorcycle,21.0457502,105.7819541
Trung Thực Auto,car_repair,Hà Nội,"495, Đường Hoàng Quốc Việt, Hà Nội",None,None,car_repair,21.045748,105.7818516
None,car_repair,Hà Nội,"497, Đường Hoàng Quốc Việt, Hà Nội",None,None,car_repair,21.0457928,105.7817751
JEP Việt Nam,locksmith,Hà Nội,"499, Đường Hoàng Quốc Việt, Hà Nội",None,None,locksmith,21.0457893,105.7817426
Sàn gỗ Nguyễn Trung,flooring,Hà Nội,"505, Đường Hoàng Quốc Việt, Hà Nội",None,None,flooring,21.0457478,105.7816582
Xe điện Kim Ngân,bicycle,Hà Nội,"507, Đường Hoàng Quốc Việt, Hà Nội",None,None,bicycle,21.0457312,105.7816288
Việt Nhật Auto,motorcycle_repair,Hà Nội,"509, Đường Hoàng Quốc Việt, Hà Nội",None,None,motorcycle_repair,21.045722,105.7815978
Đồng hồ Kính mắt Quang Anh,fashion_accessories,Hà Nội,"Đường Phạm Văn Đồng, Hà Nội",None,None,fashion_accessories,21.0456949,105.781567
Gara Thành,car_repair,Hà Nội,"Gara Thành, Phố Trần Quốc Hoàn, Phường Nghĩa Đô, Thành phố Hà Nội, 10065, Việt Nam",None,None,car_repair,21.0423387,105.7821963
Tea&More,tea,Hà Nội,"Tea&More, 26, Đường Phạm Văn Đồng, Phường Nghĩa Đô, Thành phố Hà Nội, 10065, Việt Nam",None,None,tea,21.0419601,105.7819071
WeTrek,outdoor,Hà Nội,"150 Đ. Nguyễn Văn Cừ, Ngọc Lâm, Long Biên, Hà Nội 100000",None,None,outdoor,21.0416218,105.8700752
Showroom Thành An,bathroom_furnishing,Hà Nội,"Showroom Thành An, Đường Phạm Văn Đồng, Phường Nghĩa Đô, Thành phố Hà Nội, 10065, Việt Nam",None,None,bathroom_furnishing,21.0446626,105.7815218
Két sắt Phát lộc,locksmith,Hà Nội,"Két sắt Phát lộc, Đường Phạm Văn Đồng, Phường Nghĩa Đô, Thành phố Hà Nội, 10065, Việt Nam",None,None,locksmith,21.0444577,105.781504
None,bed,Hà Nội,"Đường Phạm Văn Đồng, Phường Nghĩa Đô, Thành phố Hà Nội, 10065, Việt Nam",None,None,bed,21.0444948,105.7815069
Tự Thanh,art,Hà Nội,"Tự Thanh, Đường Phạm Văn Đồng, Phường Nghĩa Đô, Thành phố Hà Nội, 10065, Việt Nam",None,None,art,21.0444275,105.7815007
None,flooring,Hà Nội,"Đường Phạm Văn Đồng, Phường Nghĩa Đô, Thành phố Hà Nội, 10065, Việt Nam",None,None,flooring,21.0443994,105.7814984
None,copyshop,Hà Nội,"Đường Phạm Văn Đồng, Phường Nghĩa Đô, Thành phố Hà Nội, 10065, Việt Nam",None,None,copyshop,21.0443756,105.781495
Cửa hàng Vũ Gia,trade,Hà Nội,"Cửa hàng Vũ Gia, Đường Phạm Văn Đồng, Phường Nghĩa Đô, Thành phố Hà Nội, 10065, Việt Nam",None,None,trade,21.0443489,105.7814938
None,clothes,Hà Nội,"Đường Phạm Văn Đồng, Phường Nghĩa Đô, Thành phố Hà Nội, 10065, Việt Nam",None,None,clothes,21.0442902,105.7814899
None,electrical,Hà Nội,"Đường Phạm Văn Đồng, Phường Nghĩa Đô, Thành phố Hà Nội, 10065, Việt Nam",None,None,electrical,21.0442631,105.7814887
Phụ Kiện AZ,mobile_phone,Hà Nội,"Phụ Kiện AZ, Đường Phạm Văn Đồng, Phường Nghĩa Đô, Thành phố Hà Nội, 10065, Việt Nam",None,None,mobile_phone,21.0456484,105.781566
SeaBig,bathroom_furnishing,Hà Nội,"SeaBig, Đường Phạm Văn Đồng, Phường Nghĩa Đô, Thành phố Hà Nội, 10065, Việt Nam",None,None,bathroom_furnishing,21.0455604,105.7815801
Đèn Giao Hoà,lighting,Hà Nội,"Đèn Giao Hoà, Đường Phạm Văn Đồng, Phường Nghĩa Đô, Thành phố Hà Nội, 10065, Việt Nam",None,None,lighting,21.0453917,105.7815705
Tân Quang Dũng,travel_agency,Hà Nội,"Tân Quang Dũng, Đường Phạm Văn Đồng, Phường Nghĩa Đô, Thành phố Hà Nội, 10065, Việt Nam",None,None,travel_agency,21.0453039,105.7815631
Công ty Cường Hương,trade,Hà Nội,"Công ty Cường Hương, Đường Phạm Văn Đồng, Phường Nghĩa Đô, Thành phố Hà Nội, 10065, Việt Nam",None,None,trade,21.0452212,105.781558
Ô tô Cầu Giấy,car,Hà Nội,"Ô tô Cầu Giấy, Đường Phạm Văn Đồng, Phường Nghĩa Đô, Thành phố Hà Nội, 10065, Việt Nam",None,None,car,21.0451228,105.7815542
Auto Tuấn,motorcycle_repair,Hà Nội,"Auto Tuấn, Đường Phạm Văn Đồng, Phường Nghĩa Đô, Thành phố Hà Nội, 10065, Việt Nam",None,None,motorcycle_repair,21.0450462,105.7815495
Gara Ô tô Thế hệ Mới,car_repair,Hà Nội,"Gara Ô tô Thế hệ Mới, Đường Phạm Văn Đồng, Phường Nghĩa Đô, Thành phố Hà Nội, 10065, Việt Nam",None,None,car_repair,21.0449699,105.7815456
Elipsport,sports,Hà Nội,"Elipsport, Đường Phạm Văn Đồng, Phường Nghĩa Đô, Thành phố Hà Nội, 10065, Việt Nam",None,None,sports,21.0448948,105.7815398
Nhà xe Kỳ Anh,travel_agency,Hà Nội,"Nhà xe Kỳ Anh, Đường Phạm Văn Đồng, Phường Nghĩa Đô, Thành phố Hà Nội, 10065, Việt Nam",None,None,travel_agency,21.0448521,105.7815365
HNQ Auto,car,Hà Nội,"HNQ Auto, Đường Phạm Văn Đồng, Phường Nghĩa Đô, Thành phố Hà Nội, 10065, Việt Nam",None,None,car,21.0441658,105.7814815
GolfCity,sports,Hà Nội,"30, Đường Phạm Văn Đồng, Hà Nội",None,None,sports,21.0436948,105.7815252
Salon Tóc Toan Nguyễn,hairdresser,Hà Nội,"4, Ngõ 62 Đặng Thuỳ Trâm, Hà Nội",None,None,hairdresser,21.0434849,105.7860865
Vườn Bonsai Hoàng Nghĩa,garden_centre,Hà Nội,"15, Ngách 1/38 Phạm Tuấn Tài, Hà Nội",None,None,garden_centre,21.0430352,105.7850606
Kavim,optician,Hà Nội,"14, Ngách 421/4 Hoàng Quốc Việt, Hà Nội",None,None,optician,21.0455674,105.7856236
Tân Mart,convenience,Hà Nội,"24, Ngõ 33 Phạm Tuấn Tài, Hà Nội",None,None,convenience,21.0443164,105.7857365
35 Floral,florist,Hà Nội,"15, Ngõ 33 Phạm Tuấn Tài, Hà Nội",None,None,florist,21.0444855,105.7858455
Dr. Thanh Trang,beauty,Hà Nội,"10, Ngõ 12 Phạm Tuấn Tài, Hà Nội",None,None,beauty,21.0422905,105.7865654
Bếp+,butcher,Hà Nội,"Phố Đặng Thùy Trâm, Hà Nội",None,None,butcher,21.0453737,105.7842088
Vân Cảnh,motorcycle_repair,Hà Nội,"Phố Đặng Thùy Trâm, Hà Nội",None,None,motorcycle_repair,21.0455306,105.7842291
None,laundry,Hà Nội,"Phố Đặng Thùy Trâm, Hà Nội",None,None,laundry,21.0457787,105.7842303
Tiến Đạt Thành,travel_agency,Hà Nội,"Phố Đặng Thùy Trâm, Hà Nội",None,None,travel_agency,21.0458119,105.7842304
None,motorcycle_repair,Hà Nội,"Phố Đặng Thùy Trâm, Hà Nội",None,None,motorcycle_repair,21.0458428,105.7842299
Đức Gia King,tailor,Hà Nội,"15C, Ngõ Bà Triệu, Hà Nội",None,None,tailor,21.0130198,105.8481424
Minnie Perfume,perfumery,Hà Nội,"15C, Ngõ Bà Triệu, Hà Nội",None,None,perfumery,21.0129792,105.8481221
Linh kiện điện thoại 64 Tuệ Tĩnh,mobile_phone,Hà Nội,"64, Phố Tuệ Tĩnh, Hà Nội",None,None,mobile_phone,21.0153143,105.8494234
Oceania Spa & Clinic,beauty,Hà Nội,"60, Phố Tuệ Tĩnh, Hà Nội",None,None,beauty,21.0153512,105.8495224
SIM Thẻ Tuệ Dương,telecommunication,Hà Nội,"66, Phố Tuệ Tĩnh, Hà Nội",None,None,telecommunication,21.0153004,105.8493639
GLAM Accessories,fashion_accessories,Hà Nội,"131, Phố Bà Triệu, Hà Nội",None,None,fashion_accessories,21.0153071,105.8493073
Wormy Piercing,fashion_accessories,Hà Nội,"131, Phố Bà Triệu, Hà Nội",None,None,fashion_accessories,21.0153271,105.8493135
Enjoué Candles,candles,Hà Nội,"131, Phố Bà Triệu, Hà Nội",None,None,candles,21.0154218,105.8493496
Better Shoes,shoes,Hà Nội,"129, Phố Bà Triệu, Hà Nội",None,None,shoes,21.0154682,105.8493979
Chan Con Công,clothes,Hà Nội,"Chan Con Công, Phố Nhà Thờ, Phường Hoàn Kiếm, Thành phố Hà Nội, 10016, Việt Nam",None,None,clothes,21.0289886,105.8501269
Hair Salon Sáng Nguyễn,hairdresser,Hà Nội,"62, Phố Bùi Thị Xuân, Hà Nội",None,None,hairdresser,21.0158106,105.8497046
None,copyshop,Hà Nội,"Trung tâm Thông tin - Thư viện Sư phạm, Ngõ 199 Trần Quốc Hoàn, Phường Cầu Giấy, Thành phố Hà Nội, 10065, Việt Nam",None,None,copyshop,21.0403353,105.7836726
Flane,clothes,Hà Nội,"123, Phố Bà Triệu, Hà Nội",None,None,clothes,21.0156558,105.8494087
Wetrip.vn,shoes,Hà Nội,"121, Phố Bà Triệu, Hà Nội",None,None,shoes,21.0157088,105.8494141
Oyster,clothes,Hà Nội,"115, Phố Bà Triệu, Hà Nội",None,None,clothes,21.0158976,105.8493764
Real Clothes,clothes,Hà Nội,"115C, Phố Bà Triệu, Hà Nội",None,None,clothes,21.015822,105.8493809
Mono Talk,clothes,Hà Nội,"113, Phố Bà Triệu, Hà Nội",None,None,clothes,21.0159369,105.8493861
Lamy Design,clothes,Hà Nội,"111, Phố Bà Triệu, Hà Nội",None,None,clothes,21.0159741,105.849388
Pin Berry Korea,clothes,Hà Nội,"109, Phố Bà Triệu, Hà Nội",None,None,clothes,21.0160161,105.8493874
Dung Nguyen,clothes,Hà Nội,"107, Phố Bà Triệu, Hà Nội",None,None,clothes,21.0160629,105.8493889
D.Chic,clothes,Hà Nội,"99, Phố Bà Triệu, Hà Nội",None,None,clothes,21.0164199,105.8494394
Gốm Quang,pottery,Hà Nội,"95, Phố Bà Triệu, Hà Nội",None,None,pottery,21.0165298,105.8494616
S.Pearl,clothes,Hà Nội,"93, Phố Bà Triệu, Hà Nội",None,None,clothes,21.0165829,105.8494594
MaiiMer,clothes,Hà Nội,"91, Phố Bà Triệu, Hà Nội",None,None,clothes,21.0166295,105.8494482
Trang Hoangg,clothes,Hà Nội,"89, Phố Bà Triệu, Hà Nội",None,None,clothes,21.016681,105.849467
La Reina Bra,clothes,Hà Nội,"87E, Phố Bà Triệu, Hà Nội",None,None,clothes,21.0167256,105.8493578
Tuấn Hằng Food,variety_store,Hà Nội,"87, Phố Bà Triệu, Hà Nội",None,None,variety_store,21.0167686,105.8493569
Thế Giới Nước Hoa,perfumery,Hà Nội,"87, Phố Bà Triệu, Hà Nội",None,None,perfumery,21.0168162,105.8493582
Shop Tuấn Hằng,alcohol,Hà Nội,"87, Phố Bà Triệu, Hà Nội",None,None,alcohol,21.0168619,105.8493715
Kính Mắt Hàn Quốc,optician,Hà Nội,"49, Phố Trần Nhân Tông, Hà Nội",None,None,optician,21.0168174,105.8495703
Vàng bạc Tuấn Đức,jewelry,Hà Nội,"45, Phố Trần Nhân Tông, Hà Nội",None,None,jewelry,21.0168073,105.8496882
Đồ Da Tâm Anh,leather,Hà Nội,"44, Phố Bùi Thị Xuân, Hà Nội",None,None,leather,21.0162799,105.8497053
Gigavilla,clothes,Hà Nội,"38, Phố Bùi Thị Xuân, Hà Nội",None,None,clothes,21.0164147,105.8496805
Nail's,beauty,Hà Nội,"30A, Phố Bùi Thị Xuân, Hà Nội",None,None,beauty,21.0166009,105.8497423
Amore Nail Art,beauty,Hà Nội,"28A, Phố Bùi Thị Xuân, Hà Nội",None,None,beauty,21.016639,105.8497461
December Chris,clothes,Hà Nội,"28, Phố Bùi Thị Xuân, Hà Nội",None,None,clothes,21.0166756,105.8497386
Danacci Jewelry,jewelry,Hà Nội,"26, Phố Bùi Thị Xuân, Hà Nội",None,None,jewelry,21.0167969,105.8497735
HanoiBus,ticket,Hà Nội,"HanoiBus, Đường Phạm Văn Đồng, Phường Cầu Giấy, Thành phố Hà Nội, 10085, Việt Nam",None,None,ticket,21.0385051,105.7811311
None,laundry,Hà Nội,"Ngách 199/3 Trần Quốc Hoàn, Phường Cầu Giấy, Thành phố Hà Nội, 10065, Việt Nam",None,None,laundry,21.0405099,105.784797
MyKingdom,toys,Hà Nội,"128, Đường Xuân Thủy, Hà Nội",None,None,toys,21.0368108,105.7854849
Kính mắt Việt Nam,optician,Hà Nội,"128, Đường Xuân Thủy, Hà Nội",None,None,optician,21.0368066,105.7856129
Cocolux,beauty,Hà Nội,"128, Đường Xuân Thủy, Hà Nội",None,None,beauty,21.0368026,105.7857319
Junhee Beauty Center,beauty,Hà Nội,"32, Phố Tuệ Tĩnh, Hà Nội",None,None,beauty,21.0153642,105.8502914
HB Spa,massage,Hà Nội,"38A, Phố Tuệ Tĩnh, Hà Nội",None,None,massage,21.0153948,105.8501318
Hibi's Cake,pastry,Hà Nội,"44, Phố Tuệ Tĩnh, Hà Nội",None,None,pastry,21.0153523,105.8499939
Lines,computer,Hà Nội,"108B, Phố Triệu Việt Vương, Hà Nội",None,None,computer,21.0154028,105.8503376
Thỏ Accessories,fashion_accessories,Hà Nội,"108A, Phố Triệu Việt Vương, Hà Nội",None,None,fashion_accessories,21.0154246,105.8503383
Fáel,clothes,Hà Nội,"106, Phố Triệu Việt Vương, Hà Nội",None,None,clothes,21.0154653,105.8503406
Fugashin Shoemaker,shoes,Hà Nội,"102, Phố Triệu Việt Vương, Hà Nội",None,None,shoes,21.0155987,105.8503185
Viện thẩm mỹ Korea,beauty,Hà Nội,"100, Phố Triệu Việt Vương, Hà Nội",None,None,beauty,21.0156478,105.8502139
Jenny K Tran,clothes,Hà Nội,"98, Phố Triệu Việt Vương, Hà Nội",None,None,clothes,21.0157061,105.8502141
Nam Hair Studio,hairdresser,Hà Nội,"92-94, Phố Triệu Việt Vương, Hà Nội",None,None,hairdresser,21.0158323,105.8502839
HeraDG,clothes,Hà Nội,"144, Đường Xuân Thủy, Hà Nội",None,None,clothes,21.0371731,105.7823241
Swizz Clinic,beauty,Hà Nội,"74, Phố Triệu Việt Vương, Hà Nội",None,None,beauty,21.0162869,105.8502182
Doji,jewelry,Hà Nội,"37B, Phố Trần Nhân Tông, Hà Nội",None,None,jewelry,21.0167569,105.8499602
Vàng Nhật Quang,jewelry,Hà Nội,"39, Phố Trần Nhân Tông, Hà Nội",None,None,jewelry,21.0167395,105.8499183
Bảo Tín Minh Châu,jewelry,Hà Nội,"29, Phố Trần Nhân Tông, Hà Nội",None,None,jewelry,21.0168107,105.8501572
D.D Nails,beauty,Hà Nội,"53, Phố Bùi Thị Xuân, Hà Nội",None,None,beauty,21.0165116,105.8499393
Ha Duy,clothes,Hà Nội,"59, Phố Bùi Thị Xuân, Hà Nội",None,None,clothes,21.016371,105.8499973
Vichy Laboratories,cosmetics,Hà Nội,"65, Phố Bùi Thị Xuân, Hà Nội",None,None,cosmetics,21.0162897,105.8500002
QHT Jewelry,jewelry,Hà Nội,"69, Phố Bùi Thị Xuân, Hà Nội",None,None,jewelry,21.0162008,105.8499663
Wine Time,wine,Hà Nội,"71, Phố Bùi Thị Xuân, Hà Nội",None,None,wine,21.0161291,105.8499924
Naquyt,clothes,Hà Nội,"73, Phố Bùi Thị Xuân, Hà Nội",None,None,clothes,21.0160952,105.8499994
Phúc Sport Boutique,clothes,Hà Nội,"89, Phố Bùi Thị Xuân, Hà Nội",None,None,clothes,21.015701,105.849954
None,variety_store,Hà Nội,"101A, Phố Bùi Thị Xuân, Hà Nội",None,None,variety_store,21.0154342,105.8499412
Namidori Luxury Handmade Shoes,shoes,Hà Nội,"101, Phố Bùi Thị Xuân, Hà Nội",None,None,shoes,21.0153971,105.8499442
Peony Nailroom,beauty,Hà Nội,"101, Phố Bùi Thị Xuân, Hà Nội",None,None,beauty,21.0153431,105.8499451
Siêu thị Sinh viên,supermarket,Hà Nội,"Trường Đại học Ngoại ngữ, Đường Phạm Văn Đồng, Phường Cầu Giấy, Thành phố Hà Nội, 10065, Việt Nam",None,None,supermarket,21.0409025,105.7819984
CSS,convenience,Hà Nội,"Trường Đại học Ngoại ngữ, Đường Phạm Văn Đồng, Phường Cầu Giấy, Thành phố Hà Nội, 10065, Việt Nam",None,None,convenience,21.0408634,105.7817609
None,laundry,Hà Nội,"Ngõ 215 Phố Trần Quốc Hoàn, Phường Cầu Giấy, Thành phố Hà Nội, 10065, Việt Nam",None,None,laundry,21.0409076,105.7824477
None,clothes,Hà Nội,"Trường Đại học Ngoại ngữ, Đường Phạm Văn Đồng, Phường Cầu Giấy, Thành phố Hà Nội, 10065, Việt Nam",None,None,clothes,21.0406426,105.7821963
Siêu thị bình dân Nam Phong,convenience,Hà Nội,"Siêu thị bình dân Nam Phong, Ngõ 199 Trần Quốc Hoàn, Phường Cầu Giấy, Thành phố Hà Nội, 10065, Việt Nam",None,None,convenience,21.0409515,105.7841914
Ngọc Vinh Photocopy,copyshop,Hà Nội,"Ngọc Vinh Photocopy, Ngõ 199 Trần Quốc Hoàn, Phường Cầu Giấy, Thành phố Hà Nội, 10065, Việt Nam",None,None,copyshop,21.0404832,105.7845544
None,hairdresser,Hà Nội,"Vy anh, Phố Hàng Bè, Khu phố cổ, Phường Hoàn Kiếm, Thành phố Hà Nội, 11011, Việt Nam",None,None,hairdresser,21.0335627,105.8536454
Photo Gia Hay,copyshop,Hà Nội,"Photo Gia Hay, 144, Đường Xuân Thủy, Phường Cầu Giấy, Thành phố Hà Nội, 10141, Việt Nam",None,None,copyshop,21.0382538,105.7821102
Kính mắt Đồng hồ Hoàng Long,optician,Hà Nội,"Kính mắt Đồng hồ Hoàng Long, 144, Đường Xuân Thủy, Phường Cầu Giấy, Thành phố Hà Nội, 10085, Việt Nam",None,None,optician,21.0403876,105.781241
Sách hạ giá,books,Hà Nội,"Đại học Quốc gia Hà Nội, 144, Đường Xuân Thủy, Phường Cầu Giấy, Thành phố Hà Nội, 10085, Việt Nam",None,None,books,21.0401194,105.7812319
Nhà sách Ngoại ngữ,books,Hà Nội,"Đại học Quốc gia Hà Nội, 144, Đường Xuân Thủy, Phường Cầu Giấy, Thành phố Hà Nội, 10085, Việt Nam",None,None,books,21.0400699,105.7812312
Gốm Trần Độ,pottery,Hà Nội,"Gốm Trần Độ, H1, Phường Cầu Giấy, Thành phố Hà Nội, 10085, Việt Nam",None,None,pottery,21.0380628,105.7811692
VN Book Store,books,Hà Nội,"VN Book Store, 144, Đường Xuân Thủy, Phường Cầu Giấy, Thành phố Hà Nội, 10141, Việt Nam",None,None,books,21.0368697,105.7822519
Phụ kiện điện thoại,mobile_phone,Hà Nội,"Phụ kiện điện thoại, 136, Đường Xuân Thủy, Phường Cầu Giấy, Thành phố Hà Nội, 10141, Việt Nam",None,None,mobile_phone,21.0368654,105.7824399
Nhà sách Sư phạm,books,Hà Nội,"Nhà sách Sư phạm, 136, Đường Xuân Thủy, Phường Cầu Giấy, Thành phố Hà Nội, 10141, Việt Nam",None,None,books,21.0368596,105.782983
For Fun Studio,clothes,Hà Nội,"For Fun Studio, 136, Đường Xuân Thủy, Phường Cầu Giấy, Thành phố Hà Nội, 10141, Việt Nam",None,None,clothes,21.036846,105.7838685
Hoa tươi Mai Thắng,florist,Hà Nội,"Hoa tươi Mai Thắng, 136, Đường Xuân Thủy, Phường Cầu Giấy, Thành phố Hà Nội, 10141, Việt Nam",None,None,florist,21.0368432,105.7840069
Nhà sách Học liệu Sư phạm,books,Hà Nội,"Nhà sách Học liệu Sư phạm, 136, Đường Xuân Thủy, Phường Cầu Giấy, Thành phố Hà Nội, 10141, Việt Nam",None,None,books,21.0368403,105.7842007
Circle K,convenience,Hà Nội,"Đường Phạm Văn Đồng, Hà Nội",None,None,convenience,21.0410498,105.7812649
Đồng Tâm showroom,furniture,Hà Nội,"Đường Phạm Văn Đồng, Hà Nội",None,None,furniture,21.0414283,105.7812631
Đăng Quang,fashion_accessories,Hà Nội,"Đường Phạm Văn Đồng, Hà Nội",None,None,fashion_accessories,21.0415312,105.7812662
FPT Shop,electronics,Hà Nội,"283, Phố Trần Quốc Hoàn, Hà Nội",None,None,electronics,21.0416658,105.7812703
Alvi Store,clothes,Hà Nội,"104, Phố Bùi Thị Xuân, Hà Nội",None,None,clothes,21.0143507,105.8497977
None,motorcycle_repair,Hà Nội,"147, Phố Bà Triệu, Hà Nội",None,None,motorcycle_repair,21.014421,105.8492806
Mare,clothes,Hà Nội,"144, Phố Triệu Việt Vương, Hà Nội",None,None,clothes,21.0140797,105.8503087
Ker,clothes,Hà Nội,"22, Ngõ 61 Phạm Tuấn Tài, Hà Nội",None,None,clothes,21.0453378,105.7855047
Sim phong thủy,mobile_phone,Hà Nội,"141, Phố Ngọc Lâm, Hà Nội",None,None,mobile_phone,21.0454375,105.8689838
Sửa chữa điện thoại,mobile_phone,Hà Nội,"145, Phố Ngọc Lâm, Hà Nội",None,None,mobile_phone,21.0454563,105.8690586
Sim số đẹp,mobile_phone,Hà Nội,"143, Phố Ngọc Lâm, Hà Nội",None,None,mobile_phone,21.0454498,105.8690249
Quốc Đạt Nhận may đồng phục công sở,clothes,Hà Nội,"135, Phố Ngọc Lâm, Hà Nội",None,None,clothes,21.0453967,105.8688288
Thời trang xuất khẩu Made in Việt Nam,clothes,Hà Nội,"133, Phố Ngọc Lâm, Hà Nội",None,None,clothes,21.0453819,105.8687918
Dịch vụ cầm đồ Tân Lan,pawnbroker,Hà Nội,"131, Phố Ngọc Lâm, Hà Nội",None,None,pawnbroker,21.0453646,105.8687591
Thu Hiền may thời trang,tailor,Hà Nội,"121, Phố Ngọc Lâm, Hà Nội",None,None,tailor,21.0452331,105.868574
Hải sản Côn Đảo,seafood,Hà Nội,"105, Phố Ngọc Lâm, Hà Nội",None,None,seafood,21.0451438,105.8683931
Shop Thủy Hiền,yes,Hà Nội,"97, Phố Ngọc Lâm, Hà Nội",None,None,yes,21.0450705,105.8682744
Hair Salon Tiến Phạm,hairdresser,Hà Nội,"72, Đường Long Biên 1, Hà Nội",None,None,hairdresser,21.0455738,105.8687019
Diệu Anh Nail,beauty,Hà Nội,"76, Đường Long Biên 1, Hà Nội",None,None,beauty,21.0455652,105.8687748
Đức Toàn Auto Part,car_parts,Hà Nội,"Ngõ 95/199, Thùy Linh, Hoàng Mai",None,None,car_parts,20.9703012,105.8957682
Cửa hàng nội thất Uyên Nhi,furniture,Hà Nội,"Cửa hàng nội thất Uyên Nhi, Ngõ 95 Phố Thúy Lĩnh, Phường Lĩnh Nam, Thành phố Hà Nội, 11622, Việt Nam",None,None,furniture,20.9700724,105.8959465
Tùng Lộc Pet,hardware,Hà Nội,"Ngõ 197, Thùy Linh, Hoàng Mai",None,None,hardware,20.9686802,105.8971149
Circle K,convenience,Hà Nội,"33, Phố Dương Văn Bé, Hà Nội",None,None,convenience,21.0002335,105.87229
Máy tính Hoàng Hà,computer,Hà Nội,"2, Ngõ 93 Tô Vĩnh Diện, 100000",None,None,computer,20.9985659,105.8200754
Kim Anh Bui,clothes,Hà Nội,"79A, Phố Triệu Việt Vương, Hà Nội",None,None,clothes,21.0154445,105.8505041
Hair salon Tiến Phương,hairdresser,Hà Nội,"81, Phố Triệu Việt Vương, Hà Nội",None,None,hairdresser,21.0153683,105.8505025
Duong Beauty Salon,hairdresser,Hà Nội,"24, Phố Tuệ Tĩnh, Hà Nội",None,None,hairdresser,21.0153488,105.8505827
Giặt Khô - Là Hơi,dry_cleaning,Hà Nội,"22, Phố Tuệ Tĩnh, Hà Nội",None,None,dry_cleaning,21.0152747,105.8506251
Fris,clothes,Hà Nội,"22, Phố Tuệ Tĩnh, Hà Nội",None,None,clothes,21.0153268,105.8506492
Sue Ann Bridal,clothes,Hà Nội,"20, Phố Tuệ Tĩnh, Hà Nội",None,None,clothes,21.0153599,105.8506971
Made in Vietnam,clothes,Hà Nội,"36, Phố Mai Hắc Đế, Hà Nội",None,None,clothes,21.0153151,105.8508553
Paris Mode,clothes,Hà Nội,"32, Phố Mai Hắc Đế, Hà Nội",None,None,clothes,21.0156406,105.8508427
Duy Thịnh,variety_store,Hà Nội,"22, Phố Mai Hắc Đế, Hà Nội",None,None,variety_store,21.015908,105.8508144
Y's,clothes,Hà Nội,"20, Phố Mai Hắc Đế, Hà Nội",None,None,clothes,21.0159696,105.8507954
ChitPi Diamond & Jewelry,jewelry,Hà Nội,"18, Phố Mai Hắc Đế, Hà Nội",None,None,jewelry,21.0160288,105.8507611
Cevonni,clothes,Hà Nội,"75, Phố Triệu Việt Vương, Hà Nội",None,None,clothes,21.0155607,105.8505612
Sunny Home Decor,interior_decoration,Hà Nội,"73, Phố Triệu Việt Vương, Hà Nội",None,None,interior_decoration,21.0156005,105.8505649
Brides by Olivia,clothes,Hà Nội,"61, Phố Triệu Việt Vương, Hà Nội",None,None,clothes,21.0158947,105.8505707
Áo Dài Sài Gòn Bảo Yến,clothes,Hà Nội,"12, Phố Mai Hắc Đế, Hà Nội",None,None,clothes,21.0161567,105.8507488
July Beauty Care,beauty,Hà Nội,"12A, Phố Mai Hắc Đế, Hà Nội",None,None,beauty,21.0161995,105.8507421
Xuân - Cửa hàng sửa chữa quần áo,tailor,Hà Nội,"8, Phố Mai Hắc Đế, Hà Nội",None,None,tailor,21.0162907,105.8507434
Ngoc Han Boutique,clothes,Hà Nội,"2, Phố Mai Hắc Đế, Hà Nội",None,None,clothes,21.016444,105.8507341
Luxury Care,watches,Hà Nội,"53, Phố Triệu Việt Vương, Hà Nội",None,None,watches,21.016131,105.8505424
Nha Thuoc Phi,tobacco,Hà Nội,"Nha Thuoc Phi, Phố Hàng Chiếu, Khu phố cổ, Phường Hoàn Kiếm, Thành phố Hà Nội, 11010, Việt Nam",None,None,tobacco,21.0372325,105.8509644
Inkonic,tattoo,Hà Nội,"Inkonic, Phố Hàng Buồm, Khu phố cổ, Phường Hoàn Kiếm, Thành phố Hà Nội, 11010, Việt Nam",None,None,tattoo,21.0360505,105.8521227
Lan - Sửa chữa quần áo,tailor,Hà Nội,"2, Phố Mai Hắc Đế, Hà Nội",None,None,tailor,21.0164982,105.8507782
Vàng bạc Minh Phúc,jewelry,Hà Nội,"2, Phố Mai Hắc Đế, Hà Nội",None,None,jewelry,21.0165475,105.8507763
Nhà may Dũng,tailor,Hà Nội,"2, Phố Mai Hắc Đế, Hà Nội",None,None,tailor,21.0165844,105.8507753
Vàng Khánh Linh,jewelry,Hà Nội,"11, Phố Trần Nhân Tông, Hà Nội",None,None,jewelry,21.0167017,105.850712
Bảo Tín Minh Châu,jewelry,Hà Nội,"15, Phố Trần Nhân Tông, Hà Nội",None,None,jewelry,21.0166477,105.8506506
Viet Style,clothes,Hà Nội,"17, Phố Trần Nhân Tông, Hà Nội",None,None,clothes,21.0166608,105.8505909
Vàng Bạc Đá Quý Thịnh Mãi,jewelry,Hà Nội,"19, Phố Trần Nhân Tông, Hà Nội",None,None,jewelry,21.0166227,105.8505347
Vàng bạc đá quý Quang Thắng Handmade,jewelry,Hà Nội,"21A, Phố Trần Nhân Tông, Hà Nội",None,None,jewelry,21.0166667,105.8504868
Benrick Boutique,clothes,Hà Nội,"12B, Phố Hàng Cót, Hà Nội",None,None,clothes,21.0392445,105.8470282
Jacket Shop,clothes,Hà Nội,"Jacket Shop, Phố Đào Duy Từ, Khu phố cổ, Phường Hoàn Kiếm, Thành phố Hà Nội, 11010, Việt Nam",None,None,clothes,21.0366783,105.8526157
Chi Mai,beauty,Hà Nội,18,None,None,beauty,21.0372753,105.8516372
160Store,clothes,Hà Nội,"26, Phố Lê Đại Hành, Hà Nội",None,None,clothes,21.0100513,105.8498947
Ziozia,clothes,Hà Nội,"27, Phố Thái Phiên, Hà Nội",None,None,clothes,21.0104013,105.850084
Libé,clothes,Hà Nội,"29, Phố Thái Phiên, Hà Nội",None,None,clothes,21.0103841,105.8500246
None,car_repair,Hà Nội,"Porsche Centre Hanoi, Phố Gia Thụy, Phường Bồ Đề, Thành phố Hà Nội, 11810, Việt Nam",None,None,car_repair,21.0492923,105.8842698
WinMart+,convenience,Hà Nội,"WinMart+, Phố Trần Quốc Vượng, Phường Cầu Giấy, Thành phố Hà Nội, 10085, Việt Nam",None,None,convenience,21.0358155,105.7866112
Xom Vintage,clothes,Hà Nội,14,None,None,clothes,21.0370231,105.852289
Cao Lau,hairdresser,Hà Nội,9,None,None,hairdresser,21.0371054,105.8523196
Suzi Spa,massage,Hà Nội,"Suzi Spa, Phố Đào Duy Từ, Khu phố cổ, Phường Hoàn Kiếm, Thành phố Hà Nội, 11010, Việt Nam",None,None,massage,21.0354242,105.8529085
None,motorcycle_repair,Hà Nội,"Ngõ 63 Phố Trần Quốc Vượng, Phường Cầu Giấy, Thành phố Hà Nội, 10085, Việt Nam",None,None,motorcycle_repair,21.0349632,105.7851969
Shop Ruou Dang Quang,alcohol,Hà Nội,38,None,None,alcohol,21.0365537,105.8514786
Le Quynh,clothes,Hà Nội,3,None,None,clothes,21.0362322,105.8494031
Laundree,coffee,Hà Nội,"Laundree, Phố Hàng Vải, Khu phố cổ, Phường Hoàn Kiếm, Thành phố Hà Nội, 11000, Việt Nam",None,None,coffee,21.0354484,105.8482026
Moc,massage,Hà Nội,23,None,None,massage,21.0360838,105.8487436
Hanoi Croisssant & Coffee,bakery,Hà Nội,44,None,None,bakery,21.0353689,105.848216
Cafe 20,coffee,Hà Nội,20,None,None,coffee,21.0365183,105.8499776
Viet Massage by the Blind,massage,Hà Nội,95,None,None,massage,21.0354932,105.8507286
Frontier Motorcycle Renyal,motorcycle_repair,Hà Nội,"Frontier Motorcycle Renyal, Ngõ Huyện, Phường Hoàn Kiếm, Thành phố Hà Nội, 11006, Việt Nam",None,None,motorcycle_repair,21.0292363,105.8479444
Viettel,telecommunication,Hà Nội,"16, Phố Lê Đại Hành, Hà Nội",None,None,telecommunication,21.0097017,105.8502349
Quà Tặng Sức Khỏe,health_food,Hà Nội,"12, Phố Lê Đại Hành, Hà Nội",None,None,health_food,21.0096313,105.850369
Fashion Hồng Thắng,clothes,Hà Nội,"10, Phố Lê Đại Hành, Hà Nội",None,None,clothes,21.0095445,105.8503891
LT Watch,watches,Hà Nội,"10A, Phố Lê Đại Hành, Hà Nội",None,None,watches,21.0095137,105.850412
APG Eco-mart,supermarket,Hà Nội,"132, Phố Mai Hắc Đế, Hà Nội",None,None,supermarket,21.0095423,105.8505773
Pan Pan,variety_store,Hà Nội,"132, Phố Mai Hắc Đế, Hà Nội",None,None,variety_store,21.0096019,105.8505714
Onion Phụ Kiện,mobile_phone,Hà Nội,"130A, Phố Mai Hắc Đế, Hà Nội",None,None,mobile_phone,21.0096687,105.8505637
Quin Hair,hairdresser,Hà Nội,"130, Phố Mai Hắc Đế, Hà Nội",None,None,hairdresser,21.0096967,105.850633
Tiệm Hoa Thủ Đô,florist,Hà Nội,"128, Phố Mai Hắc Đế, Hà Nội",None,None,florist,21.0097525,105.8505627
Quân Ánh Minimart,convenience,Hà Nội,"126, Phố Mai Hắc Đế, Hà Nội",None,None,convenience,21.0098266,105.8505625
Bindi,cosmetics,Hà Nội,"122, Phố Mai Hắc Đế, Hà Nội",None,None,cosmetics,21.00994,105.850667
Lam Phi Quynh Store,clothes,Hà Nội,"120, Phố Mai Hắc Đế, Hà Nội",None,None,clothes,21.0100111,105.850593
Bạc Cộng,jewelry,Hà Nội,"118, Phố Mai Hắc Đế, Hà Nội",None,None,jewelry,21.0100615,105.8506044
Hoàng Khánh - Cắt tóc Gội sấy,hairdresser,Hà Nội,"116, Phố Mai Hắc Đế, Hà Nội",None,None,hairdresser,21.0103774,105.8507047
Mothercare,baby_goods,Hà Nội,"17, Phố Thái Phiên, Hà Nội",None,None,baby_goods,21.0103425,105.8505153
Sửa xe Ngọc Hậu,motorcycle_repair,Hà Nội,"3, Phố Phùng Hưng, Hà Nội",None,None,motorcycle_repair,21.0394842,105.8468566
None,convenience,Hà Nội,"Phố Phùng Hưng, Khu phố cổ, Phường Hoàn Kiếm, Thành phố Hà Nội, 11058, Việt Nam",None,None,convenience,21.038985,105.8467487
None,convenience,Hà Nội,"23, Phố Phùng Hưng, Hà Nội",None,None,convenience,21.0387587,105.8467117
None,copyshop,Hà Nội,"4, Phố Hàng Cót, Hà Nội",None,None,copyshop,21.0394745,105.8470403
Cửa hàng Thuỷ Khế,grocery,Hà Nội,"10, Phố Hàng Cót, Hà Nội",None,None,grocery,21.0393,105.8470307
Yen Closet,clothes,Hà Nội,"12A, Phố Hàng Cót, Hà Nội",None,None,clothes,21.0392752,105.8470297
Novida,fashion_accessories,Hà Nội,"12D, Phố Hàng Cót, Hà Nội",None,None,fashion_accessories,21.0391594,105.8470412
Pullman - W.M. Store,clothes,Hà Nội,"12G, Phố Hàng Cót, Hà Nội",None,None,clothes,21.0391097,105.8470397
Mỹ phẩm Authentic,perfumery,Hà Nội,"14, Phố Hàng Cót, Hà Nội",None,None,perfumery,21.0389807,105.8470376
None,bakery,Hà Nội,"Pan-ya, Đường Tô Ngọc Vân, Phường Tây Hồ, Thành phố Hà Nội, 10219, Việt Nam",None,None,bakery,21.068197,105.8252653
Elyby,bed,Hà Nội,"364, Phố Huế, Hà Nội",None,None,bed,21.0091023,105.8512681
Thời Trang Gia Đình VT,clothes,Hà Nội,"171, Phố Mai Hắc Đế, Hà Nội",None,None,clothes,21.0093495,105.8507806
Miana Outlet,clothes,Hà Nội,"171B, Phố Mai Hắc Đế, Hà Nội",None,None,clothes,21.0093949,105.8507884
Tra My Beauty & Spa,beauty,Hà Nội,"171, Phố Mai Hắc Đế, Hà Nội",None,None,beauty,21.0094381,105.8507911
None,jewelry,Hà Nội,"Ngõ 424 Đường Trần Khát Chân, Phường Hai Bà Trưng, Thành phố Hà Nội, 10078, Việt Nam",None,None,jewelry,21.0098244,105.8580649
Hương VIP,clothes,Hà Nội,"3, Phố Hàng Cót, Hà Nội",None,None,clothes,21.0395798,105.8472692
Xuan Fashion,clothes,Hà Nội,"7, Phố Hàng Cót, Hà Nội",None,None,clothes,21.0394505,105.8472722
Shop Huyền Linh,convenience,Hà Nội,"9, Phố Hàng Cót, Hà Nội",None,None,convenience,21.0393908,105.8472735
None,convenience,Hà Nội,"11, Phố Hàng Cót, Hà Nội",None,None,convenience,21.0393391,105.8472747
"Dây lưng, ví da",fashion_accessories,Hà Nội,"13, Phố Hàng Cót, Hà Nội",None,None,fashion_accessories,21.0392977,105.8472548
Huy Bontique,clothes,Hà Nội,"13, Phố Hàng Cót, Hà Nội",None,None,clothes,21.0392715,105.8472547
None,yes,Hà Nội,"4, Phố Hàng Giấy, Hà Nội",None,None,yes,21.039768,105.8477673
8mobile,mobile_phone,Hà Nội,"8, Phố Hàng Giấy, Hà Nội",None,None,mobile_phone,21.0397025,105.8477945
None,clothes,Hà Nội,"10, Phố Hàng Giấy, Hà Nội",None,None,clothes,21.0396618,105.8478097
Linh Nhi,baby_goods,Hà Nội,"10, Phố Hàng Giấy, Hà Nội",None,None,baby_goods,21.0396424,105.8478178
Bin's Shop,baby_goods,Hà Nội,"10, Phố Hàng Giấy, Hà Nội",None,None,baby_goods,21.039623,105.8478258
Gấu Bông,baby_goods,Hà Nội,"12, Phố Hàng Giấy, Hà Nội",None,None,baby_goods,21.0395989,105.8478376
None,mobile_phone,Hà Nội,"18, Phố Hàng Giấy, Hà Nội",None,None,mobile_phone,21.039507,105.8478758
None,watches,Hà Nội,"20, Phố Hàng Giấy, Hà Nội",None,None,watches,21.039478,105.8478879
Quang Lợi,hairdresser,Hà Nội,"26, Phố Hàng Giấy, Hà Nội",None,None,hairdresser,21.039375,105.8479307
None,mobile_phone,Hà Nội,"30, Phố Hàng Giấy, Hà Nội",None,None,mobile_phone,21.039271,105.8479739
Pham Kieu Trang,clothes,Hà Nội,"360, Phố Huế, Hà Nội",None,None,clothes,21.0094395,105.8512868
Goldie,clothes,Hà Nội,"360, Phố Huế, Hà Nội",None,None,clothes,21.0094769,105.8512961
SYM Hà Quỳnh 2,motorcycle,Hà Nội,"348, Phố Huế, Hà Nội",None,None,motorcycle,21.0098045,105.8512652
Huong's Jewellery,jewelry,Hà Nội,"338, Phố Huế, Hà Nội",None,None,jewelry,21.01006,105.8512026
Hieuparis,cosmetics,Hà Nội,"336, Phố Huế, Hà Nội",None,None,cosmetics,21.0101049,105.8513464
Abay.vn,ticket,Hà Nội,"326, Phố Huế, Hà Nội",None,None,ticket,21.0103102,105.8513748
Đại lý quạt Phú Cường,appliance,Hà Nội,"1, Phố Thái Phiên, Hà Nội",None,None,appliance,21.0104073,105.8513765
Đại lý quạt Thanh Huyền,appliance,Hà Nội,"1A, Phố Thái Phiên, Hà Nội",None,None,appliance,21.0104125,105.851323
CNES,shoes,Hà Nội,"1A, Phố Thái Phiên, Hà Nội",None,None,shoes,21.0103852,105.8512738
Ha' Chic Design,clothes,Hà Nội,"9A, Phố Thái Phiên, Hà Nội",None,None,clothes,21.010395,105.85107
Rubies,clothes,Hà Nội,"9, Phố Thái Phiên, Hà Nội",None,None,clothes,21.0104166,105.8510325
Anh Phát Made in Vietnam,clothes,Hà Nội,"153, Phố Mai Hắc Đế, Hà Nội",None,None,clothes,21.0102303,105.8509323
Hoàng Ninh Motor,motorcycle_repair,Hà Nội,"Hoàng Ninh Motor, Ngõ 442 Đường Phạm Văn Đồng, Phường Đông Ngạc, Thành phố Hà Nội, 12500, Việt Nam",None,None,motorcycle_repair,21.0564873,105.7813653
Hi bakery,bakery,Hà Nội,"Hi bakery, Ngõ 52 Đường Tô Ngọc Vân, Phường Tây Hồ, Thành phố Hà Nội, 10219, Việt Nam",None,None,bakery,21.070141,105.8233627
None,supermarket,Hà Nội,"Phố Hàng Gai, Khu phố cổ, Phường Hoàn Kiếm, Thành phố Hà Nội, 11015, Việt Nam",None,None,supermarket,21.0318336,105.8499669
Kính 8989 eyewear,optician,Hà Nội,"Kính 8989 eyewear, Phố Hội Vũ, Phường Hoàn Kiếm, Thành phố Hà Nội, 11017, Việt Nam",None,None,optician,21.0286934,105.8453632
Paris kitchen,bakery,Hà Nội,"18, Phố Quán Sứ",None,None,bakery,21.029195,105.8463608
Nón sơn,clothes,Hà Nội,"97, Phố Hàng Bông",None,None,clothes,21.0299216,105.8465424
ThTrueMart,dairy,Hà Nội,"135, Phố Hàng Bông",None,None,dairy,21.0294828,105.8457159
Hana Art Shop,art,Hà Nội,"384, Phố Đội Cấn, 10000",None,None,art,21.0379119,105.8117215
September 7th,clothes,Hà Nội,"152, Phố Huế, Hà Nội",None,None,clothes,21.015279,105.8513445
Zema Beauty & more,beauty,Hà Nội,"150, Phố Huế, Hà Nội",None,None,beauty,21.0153181,105.8513405
Mesa Bakery & Coffee,bakery,Hà Nội,"142, Phố Huế, Hà Nội",None,None,bakery,21.0155041,105.8512958
Vissan,deli,Hà Nội,"154, Phố Huế, Hà Nội",None,None,deli,21.0152423,105.8513967
Dear Peonia,beauty,Hà Nội,"8, Phố Tuệ Tĩnh, Hà Nội",None,None,beauty,21.0152514,105.8511945
Liberty Perfume & Cosmetics,cosmetics,Hà Nội,"10, Phố Tuệ Tĩnh, Hà Nội",None,None,cosmetics,21.0152493,105.8511219
Tống đại lỹ Xổ số Hà Nội 18,lottery,Hà Nội,"12, Phố Tuệ Tĩnh, Hà Nội",None,None,lottery,21.0152427,105.8510359
The Skin Master,beauty,Hà Nội,"41, Phố Mai Hắc Đế, Hà Nội",None,None,beauty,21.0155422,105.8510471
Ta tu to kids,clothes,Hà Nội,"175, Phố Đội Cấn",None,None,clothes,21.0349208,105.8253103
Circle K,convenience,Hà Nội,"Circle K, Phố Nam Cao, Phường Giảng Võ, Thành phố Hà Nội, 10288, Việt Nam",None,None,convenience,21.0302317,105.8222723
WinMart+,convenience,Hà Nội,"8, Phố Núi Trúc",None,None,convenience,21.030462,105.8221382
ThTrue,dairy,Hà Nội,"2A, Phố Hàng Lược",None,None,dairy,21.0385867,105.8472535
None,supermarket,Hà Nội,"Đường Đặng Xá 11, Khu đô thị Đặng Xá, Xã Thuận An, Thành phố Hà Nội, Việt Nam",None,None,supermarket,21.0165706,105.9533631
An cư furnitures & decor,interior_decoration,Hà Nội,"90, Phố Cửa Bắc",None,None,interior_decoration,21.0416573,105.8423339
Htech Home,electronics,Hà Nội,"50, Đường Cao Lỗ",None,None,electronics,21.1404568,105.848486
Bếp Hải Nam,houseware,Hà Nội,"58, Đường Cao Lỗ",None,None,houseware,21.1404246,105.8486355
Kính thuốc Hồng Thái,optician,Hà Nội,"64, Đường Cao Lỗ",None,None,optician,21.1403866,105.8487532
10 000 Quang Thanh Temple entrance,ticket,Hà Nội,"10 000 Quang Thanh Temple entrance, Đường Thanh Niên, Phường Ba Đình, Thành phố Hà Nội, 10086, Việt Nam",None,None,ticket,21.0433162,105.836145
None,ticket,Hà Nội,"50 000 fee, Phố Hỏa Lò, Phường Cửa Nam, Thành phố Hà Nội, 10035, Việt Nam",None,None,ticket,21.0252399,105.8465455
Manh Cuong,musical_instrument,Hà Nội,"1B, Phố Hàng Mành",None,None,musical_instrument,21.0321747,105.8481806
Spa -Nail,massage,Hà Nội,"56, Phố Hàng Điếu",None,None,massage,21.0326704,105.8468797
Giặt là cao cấp,laundry,Hà Nội,"79, Phố Hàng Gà",None,None,laundry,21.0344555,105.8470439
Circle K,convenience,Hà Nội,"29, Phố Hàng Phèn",None,None,convenience,21.0343232,105.8474033
Circle K,convenience,Hà Nội,"Circle K, Ngõ 19 Liễu Giai, Phường Ngọc Hà, Thành phố Hà Nội, 10299, Việt Nam",None,None,convenience,21.0347338,105.8145078
Café de Măng Đen Vạn Phúc,coffee,Hà Nội,"Café de Măng Đen Vạn Phúc, Phố Vạn Phúc, Phường Ngọc Hà, Thành phố Hà Nội, 10299, Việt Nam",None,None,coffee,21.0335003,105.816108
Tiệm sửa xe,car_repair,Hà Nội,"Tiệm sửa xe, Ngõ 1 Phố Dịch Vọng Hậu, Phường Cầu Giấy, Thành phố Hà Nội, 10141, Việt Nam",None,None,car_repair,21.0329468,105.7879369
None,greengrocer,Hà Nội,"Phố Dịch Vọng Hậu, Phường Cầu Giấy, Thành phố Hà Nội, 10192, Việt Nam",None,None,greengrocer,21.0334827,105.787772
Cửa hàng hoa,florist,Hà Nội,"Cửa hàng hoa, Đường Nguyễn Phong Sắc, Phường Cầu Giấy, Thành phố Hà Nội, 10141, Việt Nam",None,None,florist,21.0367253,105.790159
None,convenience,Hà Nội,"Ngõ 79 Phố Dương Quảng Hàm, Phường Nghĩa Đô, Thành phố Hà Nội, 10198, Việt Nam",None,None,convenience,21.0349486,105.7997505
Uniqlo,clothes,Hà Nội,"Uniqlo, Ngõ 72 Đường Nguyễn Trãi, Phường Thanh Xuân, Thành phố Hà Nội, 10167, Việt Nam",None,None,clothes,21.0023177,105.8159533
Hải Anh Hair Stylist,hairdresser,Hà Nội,"36, Phố Hàng Bún",None,None,hairdresser,21.0421171,105.8451042
Amélie Cakery,bakery,Hà Nội,"12, Ngõ Hàng Bún",None,None,bakery,21.0416395,105.8456359
NIRVANA STREETWEAR,clothes,Hà Nội,"46, Phố An Dương",None,None,clothes,21.052107,105.8407937
Hoàng Hà Mobile,mobile_phone,Hà Nội,"205, Phố Xã Đàn, Hà Nội",None,None,mobile_phone,21.015505,105.8325296
Andersen - Nordic Bakery,bakery,Hà Nội,"11B, Phố Đặng Thai Mai",None,None,bakery,21.0630051,105.8245245
Vincom Center Metropolis Liễu Giai,mall,Hà Nội,"447, Phố Kim Mã, Hà Nội",None,None,mall,21.0314958,105.8150707
None,supermarket,Hà Nội,Phố Nguyễn Khắc Hiếu,None,None,supermarket,21.0450045,105.841007
Điện máy xanh,electronics,Hà Nội,"Điện máy xanh, Đường Lê Trọng Tấn, Phường Dương Nội, Thành phố Hà Nội, 10189, Việt Nam",None,None,electronics,20.9623801,105.7643078
WinMart+,convenience,Hà Nội,Đường Lê Trọng Tấn,None,None,convenience,20.9625141,105.7640909
No.23 Nail Artist,beauty,Hà Nội,"58, Phố Giang Văn Minh",None,None,beauty,21.034197,105.8272186
Samsonite,bag,Hà Nội,"Samsonite, 54A, Đường Nguyễn Chí Thanh, Phường Láng, Thành phố Hà Nội, 10080, Việt Nam",None,None,bag,21.0234416,105.8094961
Mixue,beverages,Hà Nội,"Mixue, 54A, Đường Nguyễn Chí Thanh, Phường Láng, Thành phố Hà Nội, 10080, Việt Nam",None,None,beverages,21.023475,105.8097613
Crocs,shoes,Hà Nội,"Crocs, Ngõ 54 Đường Nguyễn Chí Thanh, Phường Láng, Thành phố Hà Nội, 10080, Việt Nam",None,None,shoes,21.0236943,105.8099077
Nhà sách Phương Nam,books,Hà Nội,"Nhà sách Phương Nam, 54A, Đường Nguyễn Chí Thanh, Phường Láng, Thành phố Hà Nội, 10080, Việt Nam",None,None,books,21.0232052,105.8095411
Hai Con Chó - Haf Haf,convenience,Hà Nội,"18b, Đường Bên Rừng, Sóc Sơn, 100000",None,None,convenience,21.293404,105.7847621
Đồng hồ hiệu,watches,Hà Nội,"128, Phố Mễ Trì Thượng, Hà Nội",None,None,watches,21.0084719,105.7802367
Homefarm,grocery,Hà Nội,"164 B, Phố Đội Cấn",None,None,grocery,21.0347864,105.8256061
Lan Coffee,coffee,Hà Nội,"Số 1 Lô M2, Ngõ 37 Trần Kim Xuyến",None,None,coffee,21.0181037,105.7945721
Tool leather Hói,leather,Hà Nội,"225, Nguyễn Xiển",None,None,leather,20.9851589,105.8084335
Deep Sii Coffee,coffee,Hà Nội,"195, Lò Đúc",None,None,coffee,21.0095507,105.8609275
Vân Sơn Fashion,clothes,Hà Nội,"2, Phố Hồng Phúc",None,None,clothes,21.0419324,105.84777
Tiệm Chè Mười Một,confectionery,Hà Nội,"11, Phố Hàng Bún",None,None,confectionery,21.0435453,105.8457336
Thành Gia Masage Chân,massage,Hà Nội,"4 B, Phố Hàng Bún",None,None,massage,21.0441022,105.8457938
Hạnh tóc,hairdresser,Hà Nội,"2, Phố Nguyễn Trường Tộ",None,None,hairdresser,21.0420407,105.8470497
Media Mart,electronics,Hà Nội,"29 F, Phố Hai Bà Trưng",None,None,electronics,21.0242764,105.8521705
WinMart+,convenience,Hà Nội,"Ngách 8 Lê Quang Đạo, Phường Phú Đô",None,None,convenience,21.0103063,105.766887
TH True Mart,dairy,Hà Nội,"455, Đường Đại Mỗ, Phường Đại Mỗ",None,None,dairy,20.9955647,105.7540461
FPT Shop,mobile_phone,Hà Nội,"338, Đường Đại Mỗ, Phường Đại Mỗ",None,None,mobile_phone,20.9954218,105.7576086
Thế Giới Di Động,mobile_phone,Hà Nội,"446, Đường Đại Mỗ, Phường Đại Mỗ",None,None,mobile_phone,20.995609,105.7552321
Điện Máy Xanh,electronics,Hà Nội,"44, Đường Tây Mỗ, Phường Tây Mỗ",None,None,electronics,21.0045471,105.7494606
WinMart+,convenience,Hà Nội,"Ngõ 1 Đông Quan, Phường Quan Hoa",None,None,convenience,21.0393716,105.8049072
WinMart+,convenience,Hà Nội,"134, Phố Lò Đúc, Phường Đống Mác",None,None,convenience,21.0126842,105.85827
WinMart+,convenience,Hà Nội,"27, Phố Phùng Chí Kiên, Phường Nghĩa Đô",None,None,convenience,21.0424373,105.8025508
WinMart,supermarket,Hà Nội,"1, Phố Phùng Chí Kiên, Phường Nghĩa Đô",None,None,supermarket,21.04395,105.8026643
WinMart+,convenience,Hà Nội,Phố Lê Trọng Tấn,None,None,convenience,20.9934563,105.831634
Cửa hàng Bia hơi Hà Nội,beverages,Hà Nội,"183, Đường Hoàng Hoa Thám, Hà Nội",None,None,beverages,21.0417403,105.8216323
WinMart+,convenience,Hà Nội,Phố Nguyễn Đức Cảnh,None,None,convenience,20.9878361,105.8516807
WinMart+,convenience,Hà Nội,"43, Phố Tương Mai",None,None,convenience,20.9920145,105.8426206
WinMart+,convenience,Hà Nội,"88, Phố Nguyễn Văn Lộc, Phường Mộ Lao",None,None,convenience,20.9845322,105.7873018
WinMart,supermarket,Hà Nội,Toà A1 - Vinhomes Gardenia,None,None,supermarket,21.0360639,105.7597621
WinMart,supermarket,Hà Nội,Phố Tôn Thất Thuyết,None,None,supermarket,21.0272402,105.7858607
WinMart+,convenience,Hà Nội,"71, Ngõ 180 Tây Mỗ",None,None,convenience,21.001621,105.7478258
WinMart+,convenience,Hà Nội,"345, Phố Bùi Xương Trạch",None,None,convenience,20.9833169,105.8209368
The Sinh Cafe Tour Online,travel_agency,Hà Nội,"36, Hà Nội",None,None,travel_agency,21.0315758,105.8449248
Điện dân dụng Oanh Khánh,electronics,Hà Nội,"5, Phố Trần Phú, Hà Nội",None,None,electronics,21.0302266,105.8440774
None,electronics,Hà Nội,"Phố Trần Phú, Phường Hoàn Kiếm, Thành phố Hà Nội, 11017, Việt Nam",None,None,electronics,21.0301714,105.8442641
Thủy Anh Fruits,greengrocer,Hà Nội,"1, Phố Hàng Gà",None,None,greengrocer,21.0365087,105.8471307
WinMart+,convenience,Hà Nội,Ngõ 58 Phố Trần Bình,None,None,convenience,21.0347247,105.7779685
WinMart+,convenience,Hà Nội,Ngõ 75 Đường Hồ Tùng Mậu,None,None,convenience,21.0362261,105.7763731
WinMart+,convenience,Hà Nội,"WinMart+, Phố Nguyễn Hữu Liêu, Khu Ngoại giao đoàn, Phường Xuân Đỉnh, Thành phố Hà Nội, 10264, Việt Nam",None,None,convenience,21.0647193,105.7990585
WinMart+,convenience,Hà Nội,Phố Dương Văn An,None,None,convenience,21.0639033,105.7967719
WinMart+,convenience,Hà Nội,"268A, Phố Đội Cấn",None,None,convenience,21.03768,105.8139085
WinMart+,convenience,Hà Nội,"492, Đường Xuân Đỉnh",None,None,convenience,21.074991,105.7884742
WinMart+,convenience,Hà Nội,"191, Đường Xuân Đỉnh",None,None,convenience,21.071349,105.7959189
WinMart+,convenience,Hà Nội,Phố Dương Văn An,None,None,convenience,21.0637502,105.7948572
"Thiện Điện Thoại, Thiện Phụ Kiện",supermarket,Hà Nội,"Cầu vượt Phú Cát, Hà Nội, 10000",None,None,supermarket,20.986922,105.5357599
None,jewelry,Hà Nội,"104, Hà Nội",None,None,jewelry,21.0304221,105.844311
None,collector,Hà Nội,"108, Hà Nội",None,None,collector,21.0303945,105.8442839
Maori Tattoo,tattoo,Hà Nội,"46, Hà Nội",None,None,tattoo,21.0313902,105.8448827
Hanoi Train Street Travel,travel_agency,Hà Nội,"86, Hà Nội",None,None,travel_agency,21.0306904,105.8445447
Hanoi Happy Tour,travel_agency,Hà Nội,"92, Hà Nội",None,None,travel_agency,21.0305652,105.8444437
Hanoi Train Street Travel,travel_agency,Hà Nội,"5, Phố Trần Phú, Hà Nội",None,None,travel_agency,21.0303137,105.8443693
Trần Huê Art Gallery,art,Hà Nội,Hà Nội,None,None,art,21.0305784,105.8446155
WinMart+,convenience,Hà Nội,Ngõ 358 Phố Bùi Xương Trạch,None,None,convenience,20.9841648,105.8183597
WinMart,supermarket,Hà Nội,Phố Lê Văn Thiêm,None,None,supermarket,21.0006808,105.8036339
WinMart+,convenience,Hà Nội,Phố Tố Hữu,None,None,convenience,20.9852229,105.7770062
WinMart+,convenience,Hà Nội,"35, Ngõ 381 Nguyễn Khang",None,None,convenience,21.0277305,105.7961695
WinMart+,convenience,Hà Nội,Đường Nguyễn Ngọc Vũ,None,None,convenience,21.012756,105.8069535
WinMart+,convenience,Hà Nội,"80, Phố Kẻ Vẽ",None,None,convenience,21.0883992,105.7827765
WinMart+,convenience,Hà Nội,"272, Đường Thụy Phương",None,None,convenience,21.0928575,105.7777063
WinMart+,convenience,Hà Nội,"144, Phố Hoa Bằng",None,None,convenience,21.024767,105.7948578
WinMart+,convenience,Hà Nội,"5, Ngõ 32 An Dương",None,None,convenience,21.0513415,105.84122
WinMart+,convenience,Hà Nội,Đường Vũ Lăng,None,None,convenience,20.9404017,105.8499747
None,gift,Hà Nội,"Phố Ngọc Hà, Phường Ba Đình, Thành phố Hà Nội, 10056, Việt Nam",None,None,gift,21.0351231,105.8318003
Vua Dép Lốp,shoes,Hà Nội,"Vua Dép Lốp, Phố Ngọc Hà, Phường Ba Đình, Thành phố Hà Nội, 10199, Việt Nam",None,None,shoes,21.0364863,105.831653
Dãy nhà thương mại LePARC (Trung tâm thương mại LePARC),mall,Hà Nội,Phường Yên Sở,None,None,mall,20.9618475,105.8594279
None,motorcycle_repair,Hà Nội,"18, Phố Cao Bá Quát, Hà Nội",None,None,motorcycle_repair,21.0301427,105.8403472
WinMart+,convenience,Hà Nội,Ngõ 143 Nguyễn Tuân,None,None,convenience,20.9971366,105.8033791
WinMart+,convenience,Hà Nội,Phố Hạnh Hoa,None,None,convenience,20.962459,105.7936138
WinMart+,convenience,Hà Nội,Đường Tả Thanh Oai,None,None,convenience,20.9498596,105.8083025
WinMart+,convenience,Hà Nội,Phố Dương Lâm,None,None,convenience,20.975568,105.7876704
WinMart+,convenience,Hà Nội,Đường Lĩnh Nam,None,None,convenience,20.9889287,105.8650657
WinMart+,convenience,Hà Nội,Phố Minh Khai,None,None,convenience,20.9990915,105.8668668
EuroStyle,furniture,Hà Nội,"EuroStyle, Ngõ 4B Phố Yên Thế, Phường Văn Miếu - Quốc Tử Giám, Thành phố Hà Nội, 10329, Việt Nam",None,None,furniture,21.029227,105.8395092
La Casa,beauty,Hà Nội,"10B, Phố Khúc Hạo, Hà Nội",None,None,beauty,21.0319835,105.8368894
Siberian Wellness,nutrition_supplements,Hà Nội,"Siberian Wellness, Ngõ 12 Khuất Duy Tiến, Phường Thanh Xuân, Thành phố Hà Nội, 12011, Việt Nam",None,None,nutrition_supplements,20.9949216,105.8047653
None,ticket,Hà Nội,"Phố Chùa Một Cột, Phường Ba Đình, Thành phố Hà Nội, 10232, Việt Nam",None,None,ticket,21.0355093,105.8329243
WinMart+,convenience,Hà Nội,Ngõ 72 Dịch Vọng,None,None,convenience,21.0322979,105.7918877
WinMart+,convenience,Hà Nội,"18, Phố Hàng Than",None,None,convenience,21.0417671,105.8472027
WinMart+,convenience,Hà Nội,Phố Thành Công,None,None,convenience,21.0204383,105.8126308
WinMart+,convenience,Hà Nội,Ngõ 68 Cầu Giấy,None,None,convenience,21.0318019,105.8012323
WinMart+,convenience,Hà Nội,"462, Đường Ngô Gia Tự",None,None,convenience,21.0716062,105.9040753
WinMart+,convenience,Hà Nội,"41, Phố Long Biên 1",None,None,convenience,21.0459055,105.8676518
Sensmaison,furniture,Hà Nội,"Sensmaison, Phố Nguyễn Thái Học, Phường Ba Đình, Thành phố Hà Nội, 10052, Việt Nam",None,None,furniture,21.0308907,105.8335614
Thanh Châu,tailor,Hà Nội,"39, Phố Mai Hắc Đế, Hà Nội",None,None,tailor,21.0155835,105.8510381
Đức Hair Salon,hairdresser,Hà Nội,"37, Phố Mai Hắc Đế, Hà Nội",None,None,hairdresser,21.0156555,105.8510345
Circle K,convenience,Hà Nội,"25, Phố Thái Phiên, Hà Nội",None,None,convenience,21.0104635,105.8501706
Bath & Body Works,cosmetics,Hà Nội,"Bath & Body Works, 191, Phố Bà Triệu, Phường Hai Bà Trưng, Thành phố Hà Nội, 10058, Việt Nam",None,None,cosmetics,21.0115411,105.8500517
Miniso,variety_store,Hà Nội,"191, Phố Bà Triệu, Hà Nội",None,None,variety_store,21.0112616,105.8502267
Da Da,wine,Hà Nội,"37, Phố Mai Hắc Đế, Hà Nội",None,None,wine,21.0156922,105.8510344
Maido,clothes,Hà Nội,"33, Phố Mai Hắc Đế, Hà Nội",None,None,clothes,21.0157675,105.8510262
Áo Dài Đặng Ly,clothes,Hà Nội,"31B, Phố Mai Hắc Đế, Hà Nội",None,None,clothes,21.0158034,105.8510139
XQ Art House,art,Hà Nội,"138, Phố Huế, Hà Nội",None,None,art,21.0156179,105.8512751
Le Shop,clothes,Hà Nội,"136, Phố Huế, Hà Nội",None,None,clothes,21.0156629,105.8512567
Chin Boutique,clothes,Hà Nội,"134, Phố Huế, Hà Nội",None,None,clothes,21.0157115,105.8513184
La Reine,clothes,Hà Nội,"132, Phố Huế, Hà Nội",None,None,clothes,21.0157769,105.8512716
PS Fine,video_games,Hà Nội,"130, Phố Huế, Hà Nội",None,None,video_games,21.0158367,105.8512778
Hoàng Hà Mobile,mobile_phone,Hà Nội,"126, Phố Huế, Hà Nội",None,None,mobile_phone,21.0159417,105.8512426
Long Phú Hưng,clothes,Hà Nội,"122, Phố Huế, Hà Nội",None,None,clothes,21.016026,105.8512469
Gia dụng Sơn Hùng,electronics,Hà Nội,"120, Phố Huế, Hà Nội",None,None,electronics,21.0160714,105.8512379
ShikiMart,supermarket,Hà Nội,"116, Phố Huế, Hà Nội",None,None,supermarket,21.0161962,105.8512238
Lộc Phúc Fine Jewelry,jewelry,Hà Nội,"114, Phố Huế, Hà Nội",None,None,jewelry,21.0162679,105.8512883
Hacchic Couture,clothes,Hà Nội,"27, Phố Mai Hắc Đế, Hà Nội",None,None,clothes,21.0159433,105.8509783
Quyên Nguyễn Bridal,clothes,Hà Nội,"25, Phố Mai Hắc Đế, Hà Nội",None,None,clothes,21.0159929,105.8510111
Linh Nga Bridal,clothes,Hà Nội,"15, Phố Mai Hắc Đế, Hà Nội",None,None,clothes,21.0162394,105.8509579
Dzung Biez,clothes,Hà Nội,"112, Phố Huế, Hà Nội",None,None,clothes,21.0163234,105.8512156
Thượng Đỉnh Yến,health_food,Hà Nội,"110, Phố Huế, Hà Nội",None,None,health_food,21.0163734,105.8511946
Juliette Bridal,clothes,Hà Nội,"108, Phố Huế, Hà Nội",None,None,clothes,21.0164233,105.8512167
Áo dài Quỳnh Anh,clothes,Hà Nội,"106, Phố Huế, Hà Nội",None,None,clothes,21.0164755,105.8512108
Thẩm mỹ viện Ngọc Dung,beauty,Hà Nội,"106, Phố Huế, Hà Nội",None,None,beauty,21.0165233,105.8512246
C's Clinic,beauty,Hà Nội,"3, Phố Mai Hắc Đế, Hà Nội",None,None,beauty,21.016561,105.850975
Hòa - Sửa chữa quần áo,tailor,Hà Nội,"1, Phố Mai Hắc Đế, Hà Nội",None,None,tailor,21.0165999,105.8509937
Chilli & B,clothes,Hà Nội,"Chilli & B, Phố Nguyễn Biểu, Phường Ba Đình, Thành phố Hà Nội, 10075, Việt Nam",None,None,clothes,21.0424821,105.8400364
Hương VIP,clothes,Hà Nội,"104B, Phố Huế, Hà Nội",None,None,clothes,21.0165743,105.851228
Triumph,clothes,Hà Nội,"102A, Phố Huế, Hà Nội",None,None,clothes,21.0166883,105.8512317
Áo dài Vân Anh,clothes,Hà Nội,"1A, Phố Trần Nhân Tông, Hà Nội",None,None,clothes,21.0167369,105.8512418
Oanh Oanh,clothes,Hà Nội,"3A, Phố Trần Nhân Tông, Hà Nội",None,None,clothes,21.016697,105.8511129
Carat Fine Jewelry & Diamond,jewelry,Hà Nội,"3B, Phố Trần Nhân Tông, Hà Nội",None,None,jewelry,21.0166987,105.851072
Lanh Việt Thắng,clothes,Hà Nội,"5, Phố Trần Nhân Tông, Hà Nội",None,None,clothes,21.0167418,105.851045
Hương Erza,clothes,Hà Nội,"5B, Phố Trần Nhân Tông, Hà Nội",None,None,clothes,21.016691,105.8510182
Vàng Kim Hồng Phát,jewelry,Hà Nội,"5C, Phố Trần Nhân Tông, Hà Nội",None,None,jewelry,21.0167277,105.8509909
Nhà may Yến Minh,tailor,Hà Nội,"5, Phố Trần Nhân Tông, Hà Nội",None,None,tailor,21.0167254,105.8509566
Phụ kiện Nillkin,mobile_phone,Hà Nội,"5C, Phố Trần Nhân Tông, Hà Nội",None,None,mobile_phone,21.0167248,105.8509179
Nhà Tang Lễ Đa Sỹ,funeral_directors,Hà Nội,"Nhà Tang Lễ Đa Sỹ, Đường Hoàng Trình Thanh, Phường Kiến Hưng, Thành phố Hà Nội, 12100, Việt Nam",None,None,funeral_directors,20.9551577,105.7818423
Photocopy In màu Laze,copyshop,Hà Nội,"47, Phố Nguyễn Du, Hà Nội",None,None,copyshop,21.0185805,105.8496318
Giặt là Tràng An,laundry,Hà Nội,"47, Phố Nguyễn Du, Hà Nội",None,None,laundry,21.0185316,105.8496233
Hoa tươi Hà Anh,florist,Hà Nội,"43, Phố Nguyễn Du, Hà Nội",None,None,florist,21.0185416,105.8497598
TG Mobile,mobile_phone,Hà Nội,"43, Phố Nguyễn Du, Hà Nội",None,None,mobile_phone,21.0185252,105.8498325
Stendhal Beauty Lab,beauty,Hà Nội,"8, Phố Bùi Thị Xuân, Hà Nội",None,None,beauty,21.0183941,105.8497935
Moji,gift,Hà Nội,"81, Phố Bà Triệu, Hà Nội",None,None,gift,21.0182701,105.8494932
Viện thẩm mỹ Thiên Hà,beauty,Hà Nội,"79, Phố Bà Triệu, Hà Nội",None,None,beauty,21.0183268,105.8494881
DeThia,clothes,Hà Nội,"77, Phố Bà Triệu, Hà Nội",None,None,clothes,21.0183826,105.8495133
Bloom Spa,beauty,Hà Nội,"75, Phố Bà Triệu, Hà Nội",None,None,beauty,21.0184396,105.8495207
Canifa,clothes,Hà Nội,"69-73, Phố Bà Triệu, Hà Nội",None,None,clothes,21.0185592,105.8494561
WinMart+,convenience,Hà Nội,"639, Phố Vũ Tông Phan",None,None,convenience,20.9825591,105.8166583
Veo's,clothes,Hà Nội,"1, Ngõ Bà Triệu, Hà Nội",None,None,clothes,21.0124515,105.848851
WinMart+,convenience,Hà Nội,Ngõ 38 Xuân La,None,None,convenience,21.0691347,105.8050307
WinMart+,convenience,Hà Nội,Phố Văn La,None,None,convenience,20.9574861,105.7638412
WinMart+,convenience,Hà Nội,"291, Đường Xuân Phương",None,None,convenience,21.0330226,105.7389789
WinMart+,convenience,Hà Nội,Khu đô thị Vân Canh,None,None,convenience,21.0413132,105.726647
WinMart+,convenience,Hà Nội,Ngõ 64 Phố Lưu Hữu Phước,None,None,convenience,21.0326726,105.7641021
WinMart+,convenience,Hà Nội,Ngõ 187 Đường Nguyễn Tuân,None,None,convenience,21.0000588,105.7996366
WinMart,supermarket,Hà Nội,Đường Vạn Xuân,None,None,supermarket,21.0740473,105.7009532
WinMart+,convenience,Hà Nội,"102, Phố Hoàng Ngọc Phách",None,None,convenience,21.0157566,105.8119848
WinMart+,convenience,Hà Nội,"77, Phố Bùi Xương Trạch",None,None,convenience,20.9904183,105.8176043
WinMart+,convenience,Hà Nội,"347, Phố Vũ Tông Phan",None,None,convenience,20.9913859,105.8139845
WinMart+,convenience,Hà Nội,"102, Phố Hoàng Đạo Thành",None,None,convenience,20.9834559,105.8143474
WinMart+,convenience,Hà Nội,"97, Ngõ 168 Kim Giang",None,None,convenience,20.9791093,105.8158356
WinMart,supermarket,Hà Nội,"99A, Phố Võ Thị Sáu",None,None,supermarket,21.0034959,105.8550689
WinMart+,convenience,Hà Nội,"20, Đường Tam Trinh",None,None,convenience,20.9934437,105.8621648
WinMart+,convenience,Hà Nội,"353, Phố Nam Dư",None,None,convenience,20.9789455,105.8863593
WinMart+,convenience,Hà Nội,"48, Ngõ 467 Lĩnh Nam",None,None,convenience,20.9824994,105.8819225
WinMart+,convenience,Hà Nội,"44, Đường Phúc Diễn",None,None,convenience,21.0407452,105.7604059
WinMart+,convenience,Hà Nội,Đường Số 1,None,None,convenience,21.0498965,105.7773402
WinMart+,convenience,Hà Nội,Đường Số 11,None,None,convenience,21.0511935,105.7777131
WinMart+,convenience,Hà Nội,"WinMart+, Ngõ 5 Khúc Thủy, Xã Bình Minh, Thành phố Hà Nội, 12100, Việt Nam",None,None,convenience,20.9336267,105.7916121
WinMart+,convenience,Hà Nội,"WinMart+, Đường trục phía Nam, Khu đô thị Thanh Hà, Xã Bình Minh, Thành phố Hà Nội, 10189, Việt Nam",None,None,convenience,20.9362555,105.7862463
Uniqlo,clothes,Hà Nội,"Uniqlo, 239, Đường Xuân Thủy, Phường Cầu Giấy, Thành phố Hà Nội, 10141, Việt Nam",None,None,clothes,21.036119,105.7828712
Samsonite,bag,Hà Nội,"Samsonite, 239, Đường Xuân Thủy, Phường Cầu Giấy, Thành phố Hà Nội, 10141, Việt Nam",None,None,bag,21.0361205,105.7819687
JYSK,furniture,Hà Nội,"JYSK, 239, Đường Xuân Thủy, Phường Cầu Giấy, Thành phố Hà Nội, 10141, Việt Nam",None,None,furniture,21.0358124,105.7826647
Vans,shoes,Hà Nội,"Vans, 239, Đường Xuân Thủy, Phường Cầu Giấy, Thành phố Hà Nội, 10141, Việt Nam",None,None,shoes,21.0357289,105.7821362
Nhã Nam Books N' Coffee,books,Hà Nội,"Nhã Nam Books N' Coffee, 239, Đường Xuân Thủy, Phường Cầu Giấy, Thành phố Hà Nội, 10141, Việt Nam",None,None,books,21.0358245,105.7819606
Vinatex,clothes,Hà Nội,"Vinatex, Phố Bà Triệu, Phường Cửa Nam, Thành phố Hà Nội, 10211, Việt Nam",None,None,clothes,21.0239132,105.8514078
WinMart+,convenience,Hà Nội,Phố Hoàng Công,None,None,convenience,20.9510628,105.7920534
WinMart+,convenience,Hà Nội,"94, Phố Kim Bài",None,None,convenience,20.8544287,105.7675614
WinMart+,convenience,Hà Nội,Đường Vĩnh Khang,None,None,convenience,20.9235032,105.8429113
WinMart+,convenience,Hà Nội,"33, Phố Mạc Thái Tổ",None,None,convenience,21.0176873,105.7908308
WinMart+,convenience,Hà Nội,"373, Đường Nguyễn Khang",None,None,convenience,21.0265654,105.7978462
WinMart+,convenience,Hà Nội,"WinMart+, Đường nội bộ, Phường Bồ Đề, Thành phố Hà Nội, 11810, Việt Nam",None,None,convenience,21.0557209,105.8833464
WinMart+,convenience,Hà Nội,Ngõ 106 Hoàng Quốc Việt,None,None,convenience,21.0514791,105.7924641
WinMart+,convenience,Hà Nội,Ngõ 259 Phố Yên Hòa,None,None,convenience,21.0216621,105.7920811
WinMart+,convenience,Hà Nội,Ngõ 124 Vĩnh Tuy,None,None,convenience,21.001327,105.8757167
WinMart+,convenience,Hà Nội,"Thôn Thượng, Đường Nguyễn Trực",None,None,convenience,20.9196304,105.7588005
WinMart+,convenience,Hà Nội,"543, Thanh Lương",None,None,convenience,20.9096811,105.7607809
WinMart+,convenience,Hà Nội,"174, Thôn Thượng",None,None,convenience,20.9208266,105.7796743
None,florist,Hà Nội,"Phố Phan Huy Ích, Phường Ba Đình, Thành phố Hà Nội, 11058, Việt Nam",None,None,florist,21.0408356,105.8453814
Owen,clothes,Hà Nội,"118, Phố Quán Thánh",None,None,clothes,21.0424021,105.8428799
Phụ Kiện Điện Thoại,mobile_phone,Hà Nội,"124, Phố Quán Thánh",None,None,mobile_phone,21.0424799,105.8424903
Amand,clothes,Hà Nội,"33, Phố Quán Thánh",None,None,clothes,21.0420732,105.8437737
Cà Phê quất,coffee,Hà Nội,"106, Phố Quán Thánh",None,None,coffee,21.0422045,105.8435831
WinMart+,convenience,Hà Nội,"116, Đường Tây Tựu",None,None,convenience,21.0731723,105.7286564
WinMart+,convenience,Hà Nội,"70, Đường Lê Trọng Tấn",None,None,convenience,20.9638859,105.7625424
WinMart+,convenience,Hà Nội,Lê Quang Đạo kéo dài,None,None,convenience,20.9839632,105.7576667
WinMart+,convenience,Hà Nội,Khu Đô Thị Dương Nội,None,None,convenience,20.981104,105.7525906
WinMart+,convenience,Hà Nội,"PL01-11, Phố Nguyễn Lam",None,None,convenience,21.0399315,105.9062604
WinMart+,convenience,Hà Nội,Phố Lò Đúc,None,None,convenience,21.0153163,105.8572215
WinMart+,convenience,Hà Nội,"131, Phố Ba La",None,None,convenience,20.9530032,105.7573201
WinMart+,convenience,Hà Nội,Ngách 1 Ngõ 119 Hồ Đắc Di,None,None,convenience,21.0113053,105.8292805
WinMart+,convenience,Hà Nội,"284, Đường Tựu Liệt",None,None,convenience,20.9529636,105.8338016
WinMart+,convenience,Hà Nội,"WinMart+, Đường Vũ Lăng, Cương Ngô, Xã Thanh Trì, Thành phố Hà Nội, 12506, Việt Nam",None,None,convenience,20.9379728,105.8526424
WinMart+,convenience,Hà Nội,Đường 70 mới,None,None,convenience,20.9912022,105.755655
WinMart+,convenience,Hà Nội,Ngõ 15 An Dương Vương,None,None,convenience,21.0857688,105.8131152
WinMart+,convenience,Hà Nội,"207, Đường Lương Thế Vinh",None,None,convenience,20.9913505,105.7957217
WinMart+,convenience,Hà Nội,Ngõ 73 Phố La Dương,None,None,convenience,20.9917682,105.7394382
WinMart+,convenience,Hà Nội,Thôn Ngãi Cầu,None,None,convenience,20.9892723,105.7218332
WinMart+,convenience,Hà Nội,"164, Đường Phương Quan",None,None,convenience,20.9817317,105.6849965
WinMart+,convenience,Hà Nội,Ngõ 495 Đường Nguyễn Trãi,None,None,convenience,20.9876923,105.7993478
None,stationery,Hà Nội,"Phố Hàng Bồ, Khu phố cổ, Phường Hoàn Kiếm, Thành phố Hà Nội, 11015, Việt Nam",None,None,stationery,21.0339792,105.8499009
7-Eleven,convenience,Hà Nội,"52, Phố Lò Sũ",None,None,convenience,21.0314326,105.85428
None,variety_store,Hà Nội,"Đường đi sông Nhuệ, Xã Thượng Phúc, Thành phố Hà Nội, 10000, Việt Nam",None,None,variety_store,20.8542015,105.8564327
WinMart+,convenience,Hà Nội,"48, Phố Bích Câu",None,None,convenience,21.0270398,105.8320122
WinMart+,convenience,Hà Nội,Ngõ 29 Phố Dịch Vọng,None,None,convenience,21.0332379,105.7938025
WinMart+,convenience,Hà Nội,Phố Tố Hữu,None,None,convenience,20.9981224,105.7953306
WinMart+,convenience,Hà Nội,Phố Đoàn Văn Minh,None,None,convenience,21.0561896,105.9128329
WinMart+,convenience,Hà Nội,Ngõ 565 Đường Bát Khối,None,None,convenience,21.0105291,105.9091097
WinMart+,convenience,Hà Nội,"200, Đường Hoàng Hoa Thám",None,None,convenience,21.042206,105.8191221
WinMart+,convenience,Hà Nội,Đường Phú Cường,None,None,convenience,20.9376222,105.765622
WinMart+,convenience,Hà Nội,"Hoàng Thành Villas, KDT Mỗ Lao",None,None,convenience,20.9878157,105.7847514
WinMart+,convenience,Hà Nội,"80, Phố Trần Quốc Vượng",None,None,convenience,21.0343404,105.7833396
WinMart+,convenience,Hà Nội,"77, Phố Trần Quốc Vượng",None,None,convenience,21.0347999,105.7848593
Circle K,convenience,Hà Nội,Phố Lương Định Của,None,None,convenience,21.0063302,105.8356604
KG Design Production,clothes,Hà Nội,"KG Design Production, Phố Triệu Việt Vương, Phường Hai Bà Trưng, Thành phố Hà Nội, 10185, Việt Nam",None,None,clothes,21.0165976,105.8502539
Charmholic,jewelry,Hà Nội,"Charmholic, 44, Phố Mai Hắc Đế, Phường Hai Bà Trưng, Thành phố Hà Nội, 10058, Việt Nam",None,None,jewelry,21.0146845,105.8509023
Minh Huyen,hairdresser,Hà Nội,"Minh Huyen, 58, Phố Mai Hắc Đế, Phường Hai Bà Trưng, Thành phố Hà Nội, 10058, Việt Nam",None,None,hairdresser,21.0142759,105.8509152
Jing Herbal Spirits,alcohol,Hà Nội,"Jing Herbal Spirits, 16, Phố Tô Hiến Thành, Phường Hai Bà Trưng, Thành phố Hà Nội, 10058, Việt Nam",None,None,alcohol,21.0136476,105.8508084
Beautyfulls.com,cosmetics,Hà Nội,"Beautyfulls.com, Phố Bùi Thị Xuân, Phường Hai Bà Trưng, Thành phố Hà Nội, 10185, Việt Nam",None,None,cosmetics,21.0145673,105.8499699
Louis Shoes,shoes,Hà Nội,"Louis Shoes, Ngõ 92 Bùi Thị Xuân, Phường Hai Bà Trưng, Thành phố Hà Nội, 10185, Việt Nam",None,None,shoes,21.0147282,105.8497996
Toàn Cầu PC,electronics,Hà Nội,72 đường Louis X,None,None,electronics,20.97915,105.8610532
WinMart+,convenience,Hà Nội,"23, Ngõ 136 Đường Cầu Diễn",None,None,convenience,21.0502491,105.7421228
WinMart+,convenience,Hà Nội,"116, Đường Cầu Diễn",None,None,convenience,21.0478769,105.7455148
WinMart+,convenience,Hà Nội,Đường Tân Lập,None,None,convenience,21.080088,105.7098201
WinMart+,convenience,Hà Nội,"174-176, Đường Hạ Hội",None,None,convenience,21.0832684,105.7136631
WinMart,supermarket,Hà Nội,"188, Phố Tây Sơn",None,None,supermarket,21.0836226,105.6724653
WinMart+,convenience,Hà Nội,"41, Đường Nguyễn Ngọc Vũ",None,None,convenience,21.0093979,105.8119053
WinMart+,convenience,Hà Nội,Phố Trần Quốc Hoàn,None,None,convenience,21.0415071,105.7884817
WinMart+,convenience,Hà Nội,Phố Nguyễn Công Trứ,None,None,convenience,21.0137936,105.8544379
WinMart+,convenience,Hà Nội,Thôn Cổ Điển,None,None,convenience,21.1132051,105.7891025
WinMart+,convenience,Hà Nội,"Xóm 3, Thôn Cổ Điển",None,None,convenience,21.1096747,105.7895001
WinMart+,convenience,Hà Nội,Phố Quỳnh Mai,None,None,convenience,21.0011228,105.859495
WinMart+,convenience,Hà Nội,Ngõ 67 Phùng Khoang,None,None,convenience,20.9868711,105.7919659
WinMart+,convenience,Hà Nội,Đại Việt 4,None,None,convenience,21.0011459,105.7387146
WinMart+,convenience,Hà Nội,Phố Tôn Quang Phiệt,None,None,convenience,21.050615,105.7854051
WinMart+,convenience,Hà Nội,Ngõ 323 Xuân Đỉnh,None,None,convenience,21.0700274,105.7915139
WinMart+,convenience,Hà Nội,"16, Ngõ 80 Chùa Láng",None,None,convenience,21.025465,105.8069556
WinMart+,convenience,Hà Nội,"27, Phố Ngô Thì Nhậm",None,None,convenience,21.0172363,105.8530152
Be Beautiful,clothes,Hà Nội,"31, Ngõ 101 Phạm Ngọc Thạch",None,None,clothes,21.00635,105.8326737
Tiệm kính Daisy,optician,Hà Nội,"95, Phố Chùa Bộc",None,None,optician,21.0072277,105.8286974
Thế Giới Giày,shoes,Hà Nội,"Thế Giới Giày, 93, Phố Chùa Bộc, Phường Kim Liên, Thành phố Hà Nội, 11415, Việt Nam",None,None,shoes,21.0072183,105.8287403
Chổi Xể,furniture,Hà Nội,"2, Phố Thành Thái",None,None,furniture,21.0295314,105.7926662
WinMart+,convenience,Hà Nội,Ngách 15/2 An Dương Vương,None,None,convenience,21.0865643,105.8143429
WinMart+,convenience,Hà Nội,Đường Phú Diễn,None,None,convenience,21.0476203,105.7634008
WinMart+,convenience,Hà Nội,"163, Phố Tân Mai",None,None,convenience,20.9825432,105.8499375
WinMart+,convenience,Hà Nội,Phố Mậu Lương,None,None,convenience,20.9563817,105.7953538
WinMart+,convenience,Hà Nội,Đường Đa Sỹ,None,None,convenience,20.9599646,105.7876146
WinMart+,convenience,Hà Nội,"87, Ngõ 322 Mỹ Đình",None,None,convenience,21.0224158,105.7719095
WinMart+,convenience,Hà Nội,"67-69, Phố Ngô Đình Mẫn",None,None,convenience,20.968855,105.7605125
Viettel Store,mobile_phone,Hà Nội,"53, Phố Lương Văn Can",None,None,mobile_phone,21.0318797,105.8509617
WinMart+,convenience,Hà Nội,Ngõ 300 Nguyễn Xiển,None,None,convenience,20.9806805,105.8072241
Circle K,convenience,Hà Nội,"Circle K, Phố Chùa Láng, Phường Láng, Thành phố Hà Nội, 10298, Việt Nam",None,None,convenience,21.0229524,105.8013425
WinMart+,convenience,Hà Nội,"82, Đường Nguyễn Tuân",None,None,convenience,20.9966132,105.8050345
WinMart+,convenience,Hà Nội,Ngõ 21 Lê Văn Lương,None,None,convenience,21.0063346,105.8070353
WinMart,supermarket,Hà Nội,Phố Nguyễn Văn Tuyết,None,None,supermarket,21.0077764,105.821519
WinMart+,convenience,Hà Nội,Đường Vạn Xuân,None,None,convenience,21.00852,105.7375995
WinMart+,convenience,Hà Nội,Đường Quang Trung,None,None,convenience,20.9507249,105.7494567
WinMart+,convenience,Hà Nội,"20-22, Phố Ngô Đình Mẫn",None,None,convenience,20.966583,105.7591886
WinMart+,convenience,Hà Nội,Phố Nguyễn Trác,None,None,convenience,20.964113,105.7498612
WinMart+,convenience,Hà Nội,"121, Phố Ỷ La",None,None,convenience,20.9742369,105.7454049
WinMart+,convenience,Hà Nội,Đường trục phía Nam,None,None,convenience,20.9292022,105.7841684
WinMart+,convenience,Hà Nội,KĐT Pháp Vân - Tứ Hiệp,None,None,convenience,20.9561594,105.8480862
WinMart+,convenience,Hà Nội,Phố Nguyễn Thị Thập,None,None,convenience,21.0069939,105.8036432
WinMart+,convenience,Hà Nội,Ngõ 9 Nguyễn Tri Phương,None,None,convenience,21.032543,105.8420006
WinMart+,convenience,Hà Nội,Ngõ 57 Dịch Vọng,None,None,convenience,21.0295759,105.7948175
WinMart+,convenience,Hà Nội,"110, Ngõ 553 Giải Phóng",None,None,convenience,20.9890701,105.8434826
WinMart+,convenience,Hà Nội,Ngõ 32 Phố Đồng Me,None,None,convenience,21.0074786,105.7807368
WinMart+,convenience,Hà Nội,Khu đô thị Vân Canh,None,None,convenience,21.0368746,105.7333495
Siêu thị B11 Kim Liên,supermarket,Hà Nội,Phố Hoàng Tích Trí,None,None,supermarket,21.0075497,105.83513
Trung Spacy,motorcycle_repair,Hà Nội,"Trung Spacy, Phố Hoàng Quán Chi, Phường Cầu Giấy, Thành phố Hà Nội, 10141, Việt Nam",None,None,motorcycle_repair,21.0297078,105.7933105
WinMart+,convenience,Hà Nội,"217, Phố Quan Hoa",None,None,convenience,21.036658,105.8057582
WinMart+,convenience,Hà Nội,Ngõ 54 Đường Lê Quang Đạo,None,None,convenience,21.0109946,105.7685323
Tops Market,supermarket,Hà Nội,"Tops Market, Đường Lê Trọng Tấn, Phường Dương Nội, Thành phố Hà Nội, 10189, Việt Nam",None,None,supermarket,20.9657517,105.7563084
KoiLover,pet,Hà Nội,"11, Phố Gia Thượng",None,None,pet,21.0636504,105.867487
Hair Salon Nguyên Bình,hairdresser,Hà Nội,"23, Phố Gia Thượng",None,None,hairdresser,21.0633519,105.8676385
Saint-Honoré,bakery,Hà Nội,"53, Phố Gia Thượng",None,None,bakery,21.0623486,105.8681498
Rèm T&A,curtain,Hà Nội,"69, Phố Lưu Quang Vũ",None,None,curtain,21.0153137,105.8004389
Magoon,clothes,Hà Nội,"64, Phố Trung Hoà",None,None,clothes,21.0151662,105.8012955
Fiona,clothes,Hà Nội,"80, Phố Trung Hoà",None,None,clothes,21.0154678,105.8010009
WinMart+,convenience,Hà Nội,Hải Đăng 8,None,None,convenience,20.9951993,105.943568
WinMart+,convenience,Hà Nội,"265, Đường Bạch Đằng",None,None,convenience,21.0280058,105.8610954
Fuji Mart,supermarket,Hà Nội,"Fuji Mart, Đường Thụy Khuê, Phường Tây Hồ, Thành phố Hà Nội, 10071, Việt Nam",None,None,supermarket,21.0433213,105.818248
None,convenience,Hà Nội,"Ngõ 165 Phố Dương Quảng Hàm, Phường Nghĩa Đô, Thành phố Hà Nội, 10198, Việt Nam",None,None,convenience,21.0359957,105.8008082
Youth Market,supermarket,Hà Nội,"Youth Market, E6, Đường Phạm Hùng, Phường Yên Hòa, Thành phố Hà Nội, 10074, Việt Nam",None,None,supermarket,21.0174777,105.7832399
K-Market,supermarket,Hà Nội,"K-Market, E6, Đường Phạm Hùng, Phường Yên Hòa, Thành phố Hà Nội, 10074, Việt Nam",None,None,supermarket,21.0183484,105.7840355
K-Market,supermarket,Hà Nội,"K-Market, E6, Đường Phạm Hùng, Phường Yên Hòa, Thành phố Hà Nội, 10037, Việt Nam",None,None,supermarket,21.0168081,105.7844497
Tous les Jours,bakery,Hà Nội,"Tous les Jours, E6, Đường Phạm Hùng, Phường Yên Hòa, Thành phố Hà Nội, 10074, Việt Nam",None,None,bakery,21.0172084,105.7838779
Zuka Coffee,coffee,Hà Nội,"Zuka Coffee, Ngõ 16 Nguyễn Văn Huyên, Phường Cầu Giấy, Thành phố Hà Nội, 10141, Việt Nam",None,None,coffee,21.0360402,105.7974457
None,motorcycle_repair,Hà Nội,"Ngõ 16 Nguyễn Văn Huyên, Phường Cầu Giấy, Thành phố Hà Nội, 10141, Việt Nam",None,None,motorcycle_repair,21.0363569,105.7969664
Fermented Hanoi,bakery,Hà Nội,"Fermented Hanoi, Phố Trần Tế Xương, Phường Ba Đình, Thành phố Hà Nội, 11117, Việt Nam",None,None,bakery,21.0454971,105.841481
Le Doux Coffee,coffee,Hà Nội,"Le Doux Coffee, Ngõ 16 Nguyễn Văn Huyên, Phường Cầu Giấy, Thành phố Hà Nội, 10141, Việt Nam",None,None,coffee,21.0363809,105.7968864
3 INK,tattoo,Hà Nội,"29, Phố Hàng Giầy",None,None,tattoo,21.0349372,105.8512995
Victoria's Secret,clothes,Hà Nội,"Victoria's Secret, Đường Võ Chí Công, Phường Tây Hồ, Thành phố Hà Nội, 10206, Việt Nam",None,None,clothes,21.0755937,105.8119116
Lotte Mart,supermarket,Hà Nội,"Lotte Mart, 272, Đường Võ Chí Công, Phường Tây Hồ, Thành phố Hà Nội, 10206, Việt Nam",None,None,supermarket,21.076605,105.8129155
Swarovski,jewelry,Hà Nội,"Swarovski, Đường Lạc Long Quân, Phường Tây Hồ, Thành phố Hà Nội, 10206, Việt Nam",None,None,jewelry,21.0754337,105.8125378
Zara,clothes,Hà Nội,"Zara, Đường Lạc Long Quân, Phường Tây Hồ, Thành phố Hà Nội, 10206, Việt Nam",None,None,clothes,21.0760944,105.8130786
JYSK,furniture,Hà Nội,"JYSK, 272, Đường Võ Chí Công, Phường Tây Hồ, Thành phố Hà Nội, 10206, Việt Nam",None,None,furniture,21.0764939,105.8123597
Uniqlo,clothes,Hà Nội,"Uniqlo, Ngõ 683 Đường Lạc Long Quân, Phường Tây Hồ, Thành phố Hà Nội, 10206, Việt Nam",None,None,clothes,21.0751024,105.812409
Tommy Hilfiger,clothes,Hà Nội,"Tommy Hilfiger, Ngõ 685 Đường Lạc Long Quân, Phường Tây Hồ, Thành phố Hà Nội, 10206, Việt Nam",None,None,clothes,21.0768299,105.8132158
Pandora,jewelry,Hà Nội,"Pandora, 272, Đường Võ Chí Công, Phường Tây Hồ, Thành phố Hà Nội, 10206, Việt Nam",None,None,jewelry,21.0769725,105.812811
Ecco,shoes,Hà Nội,"Ecco, Đường Võ Chí Công, Phường Tây Hồ, Thành phố Hà Nội, 10206, Việt Nam",None,None,shoes,21.0761758,105.8128997
Polo Ralph Lauren,clothes,Hà Nội,"Polo Ralph Lauren, Đường Võ Chí Công, Phường Tây Hồ, Thành phố Hà Nội, 10206, Việt Nam",None,None,clothes,21.0753266,105.8117435
Nhã Nam Book Store,books,Hà Nội,"Nhã Nam Book Store, Ngõ 683 Đường Lạc Long Quân, Phường Tây Hồ, Thành phố Hà Nội, 10206, Việt Nam",None,None,books,21.0752922,105.8123126
Shiseido,cosmetics,Hà Nội,"Shiseido, Đường Lạc Long Quân, Phường Tây Hồ, Thành phố Hà Nội, 10206, Việt Nam",None,None,cosmetics,21.0759037,105.8129468
Banana Republic,clothes,Hà Nội,"Banana Republic, Ngõ 685 Đường Lạc Long Quân, Phường Tây Hồ, Thành phố Hà Nội, 10206, Việt Nam",None,None,clothes,21.0764226,105.8130802
Saint Laurent,clothes,Hà Nội,"Saint Laurent, 272, Đường Võ Chí Công, Phường Tây Hồ, Thành phố Hà Nội, 10206, Việt Nam",None,None,clothes,21.0765521,105.8126762
L'angfarm Store Xã Đàn,grocery,Hà Nội,"L'angfarm Store Xã Đàn, Ngõ 510 Phố Xã Đàn, Phường Văn Miếu - Quốc Tử Giám, Thành phố Hà Nội, 10306, Việt Nam",None,None,grocery,21.0179748,105.8305115
Nuru Massage Vip,massage,Hà Nội,"47, Ngõ 167 Dương Quảng Hàm, Hà Nội, 10000",None,None,massage,21.0381617,105.7997585
WinMart+,convenience,Hà Nội,"WinMart+, Phố Cự Lộc, Phường Thanh Xuân, Thành phố Hà Nội, 10167, Việt Nam",None,None,convenience,21.0027275,105.814724
WinMart+,convenience,Hà Nội,"WinMart+, Ngõ 72 Đường Nguyễn Trãi, Phường Thanh Xuân, Thành phố Hà Nội, 10167, Việt Nam",None,None,convenience,21.0032257,105.8156369
Huong Lan Cafe,coffee,Hà Nội,"Huong Lan Cafe, Quốc lộ 2, Điền Xá, Xã Nội Bài, Thành phố Hà Nội, Việt Nam",None,None,coffee,21.2149963,105.7812949
999 Coffee,coffee,Hà Nội,"999 Coffee, Phố nhỏ, Điền Xá, Xã Nội Bài, Thành phố Hà Nội, Việt Nam",None,None,coffee,21.2156261,105.7802408
Castrol Bike Point,motorcycle_repair,Hà Nội,"Castrol Bike Point, Quốc lộ 2, Điền Xá, Xã Nội Bài, Thành phố Hà Nội, Việt Nam",None,None,motorcycle_repair,21.2150009,105.7806824
Honda,motorcycle,Hà Nội,"Honda, Đường Phù Đổng, Xã Sóc Sơn, Thành phố Hà Nội, Việt Nam",None,None,motorcycle,21.2621072,105.8508034
K-Market,supermarket,Hà Nội,"1, Đường Lê Quang Đạo, Phường Mễ Trì",None,None,supermarket,21.009303,105.7740509
WinMart,supermarket,Hà Nội,"51, Đường Xuân Diệu",None,None,supermarket,21.0640797,105.8279935
Nhà Sách Cu 27D,books,Hà Nội,"27D, Phố Ngô Thì Nhậm",None,None,books,21.0170641,105.8529669
WinMart+,convenience,Hà Nội,Phố Đinh Núp,None,None,convenience,21.0156129,105.7878309
WinMart+,convenience,Hà Nội,Phố Xốm,None,None,convenience,20.941449,105.7567706
WinMart+,convenience,Hà Nội,Đường Nguyễn Trực,None,None,convenience,20.9360315,105.7575497
WinMart+,convenience,Hà Nội,"WinMart+, Đường Đại Hưng, Lạc Thị, Xã Ngọc Hồi, Thành phố Hà Nội, 12506, Việt Nam",None,None,convenience,20.9329447,105.8307778
Banh My Phuc,bakery,Hà Nội,"Banh My Phuc, Phố Nguyễn Trường Tộ, Phường Ba Đình, Thành phố Hà Nội, 10075, Việt Nam",None,None,bakery,21.0435359,105.8422621
WinMart+,convenience,Hà Nội,"42, Đường Nghĩa Lộ",None,None,convenience,20.9495543,105.7417364
WinMart+,convenience,Hà Nội,"WinMart+, Đường tỉnh 419, Xã Tây Phương, Thành phố Hà Nội, 01234, Việt Nam",None,None,convenience,21.0197127,105.6101633
WinMart+,convenience,Hà Nội,Phố Ngọc Trì,None,None,convenience,21.0230977,105.9166068
WinMart+,convenience,Hà Nội,Ngõ 118 Nguyễn Khánh Toàn,None,None,convenience,21.0380462,105.8011228
WinMart+,convenience,Hà Nội,"23, Ngõ 214 Nguyễn Xiển",None,None,convenience,20.9867959,105.8055049
WinMart+,convenience,Hà Nội,"49C, Phố Hàng Bún",None,None,convenience,21.0413748,105.8447974
WinMart+,convenience,Hà Nội,Phố Trương Công Giai,None,None,convenience,21.0352111,105.7911135
Hanoi SSB,travel_agency,Hà Nội,"Hanoi SSB, Phố Hàng Chĩnh, Khu phố cổ, Phường Hoàn Kiếm, Thành phố Hà Nội, 11010, Việt Nam",None,None,travel_agency,21.0355861,105.8536427
Apec Travel,travel_agency,Hà Nội,"55, Đê Trần Khát Chân",None,None,travel_agency,21.0084432,105.8642293
WinMart+,convenience,Hà Nội,Gần Trường Đại học Hà Nội,None,None,convenience,20.9880596,105.7961943
WinMart+,convenience,Hà Nội,Thôn 2 Lại Yên,None,None,convenience,21.0246516,105.7100492
WinMart+,convenience,Hà Nội,"72, Ngõ 56 Phố Thạch Cầu",None,None,convenience,21.0239824,105.8791552
WinMart+,convenience,Hà Nội,"WinMart+, Đường vành đai 4, Phường Yên Nghĩa, Xã An Khánh, Thành phố Hà Nội, 10189, Việt Nam",None,None,convenience,20.96125,105.7401823
WinMart+,convenience,Hà Nội,"28, Phố Trần Tử Bình",None,None,convenience,21.04503,105.7916557
WinMart+,convenience,Hà Nội,"WinMart+, Phố Nguyễn Thái Học, Xã Đan Phượng, Thành phố Hà Nội, Việt Nam",None,None,convenience,21.0880486,105.660446
WinMart+,convenience,Hà Nội,Đường Chùa Bụt Mọc,None,None,convenience,21.0521396,105.7585013
WinMart+,convenience,Hà Nội,Đường Đức Diễn,None,None,convenience,21.0505332,105.7539341
WinMart+,convenience,Hà Nội,"WinMart+, Ngõ 106 Đường Hoàng Quốc Việt, Khu đô thị mới Nghĩa Đô, Phường Nghĩa Đô, Thành phố Hà Nội, 10072, Việt Nam",None,None,convenience,21.051143,105.7939003
M2,clothes,Hà Nội,"22, Đường Điện Biên Phủ",None,None,clothes,21.0299785,105.8419871
WinMart+,convenience,Hà Nội,Đường Cổ Nhuế,None,None,convenience,21.0679087,105.7788541
WinMart+,convenience,Hà Nội,"28, Phố Nguyên Xá",None,None,convenience,21.0527187,105.7388583
WinMart+,convenience,Hà Nội,Đường Đức Thắng,None,None,convenience,21.0742732,105.7772759
WinMart+,convenience,Hà Nội,Đường Chiến Thắng,None,None,convenience,20.980266,105.7953352
WinMart+,convenience,Hà Nội,Ngõ 1 Nguyễn Thị Định,None,None,convenience,21.0136449,105.8036854
WinMart+,convenience,Hà Nội,Đường Nguyễn Tuân,None,None,convenience,20.9948977,105.8048627
WinMart+,convenience,Hà Nội,"WinMart+, Phố Nông Quốc Chấn, Khu đô thị Văn Khê, BT6, Phường Hà Đông, Thành phố Hà Nội, 10189, Việt Nam",None,None,convenience,20.9743236,105.7634736
WinMart+,convenience,Hà Nội,"WinMart+, Phố Nguyễn Thanh Bình, BT8, BT6, Phường Hà Đông, Thành phố Hà Nội, 10189, Việt Nam",None,None,convenience,20.9733092,105.7608338
Cyber Xanh,video_games,Hà Nội,"28A Nguyên Xá, quận Bắc Từ Liêm, Thành phố Hà Nội",None,None,video_games,21.0527112,105.73892
WinMart+,convenience,Hà Nội,"75, Đường Yên Xá",None,None,convenience,20.9680686,105.7966873
WinMart+,convenience,Hà Nội,Đường Số 5 Times City,None,None,convenience,20.9961355,105.8694829
WinMart+,convenience,Hà Nội,Đường Nguyễn Trãi,None,None,convenience,20.9923482,105.8078771
WinMart+,convenience,Hà Nội,Thôn Công Đình,None,None,convenience,21.0766458,105.9355025
WinMart+,convenience,Hà Nội,Hẻm 75 Tam Trinh,None,None,convenience,20.9950474,105.8632082
WinMart+,convenience,Hà Nội,"1, Ngõ 206 Đường Cổ Linh",None,None,convenience,21.0247773,105.8987657
WinMart+,convenience,Hà Nội,"78, Ngõ 189 Hoàng Hoa Thám",None,None,convenience,21.0405182,105.8199994
WinMart+,convenience,Hà Nội,"WinMart+, Ngõ 468 Đường Hữu Hưng, Phường Tây Mỗ, La Phù, Thành phố Hà Nội, 10070, Việt Nam",None,None,convenience,20.9960523,105.7404825
WinMart+,convenience,Hà Nội,"56, Ngõ 43 Cổ Nhuế",None,None,convenience,21.0591206,105.7810767
WinMart+,convenience,Hà Nội,"WinMart+, Phố Nông Quốc Chấn, Khu đô thị Văn Khê, BT6, Phường Hà Đông, Thành phố Hà Nội, 10189, Việt Nam",None,None,convenience,20.9723758,105.7636881
WinMart+,convenience,Hà Nội,"WinMart+, Đường Phùng Hưng, Khu đô thị Xa La, Phường Hà Đông, Thành phố Hà Nội, 12100, Việt Nam",None,None,convenience,20.9640151,105.7941272
WinMart+,convenience,Hà Nội,"313, Phố Trần Cung",None,None,convenience,21.0569226,105.7840192
WinMart+,convenience,Hà Nội,Ngõ Hòa Bình 5,None,None,convenience,20.9966562,105.8545024
WinMart+,convenience,Hà Nội,Đường Đông La,None,None,convenience,20.9653907,105.7265066
WinMart+,convenience,Hà Nội,"U03-L01, Khu đô thị Đô Nghĩa",None,None,convenience,20.9570442,105.7342153
WinMart+,convenience,Hà Nội,Đường Đông Hội,None,None,convenience,21.0784891,105.8746221
WinMart,supermarket,Hà Nội,Đường Đông Hội,None,None,supermarket,21.0780299,105.8747613
WinMart+,convenience,Hà Nội,Đường Ninh Hiệp,None,None,convenience,21.0786533,105.9407748
WinMart+,convenience,Hà Nội,Đường Eco Lake View,None,None,convenience,20.9726381,105.8383133
Vinfast Nam Từ Liêm,car,Hà Nội,"6, Đường Trịnh Văn Bô",None,None,car,21.0375505,105.7486663
None,convenience,Hà Nội,"Ngõ 32 Đường Bưởi, Phường Giảng Võ, Thành phố Hà Nội, 11150, Việt Nam",None,None,convenience,21.0309555,105.8048744
None,convenience,Hà Nội,"Phố Kim Mã, Phường Giảng Võ, Thành phố Hà Nội, 10303, Việt Nam",None,None,convenience,21.0303823,105.805713
None,convenience,Hà Nội,"Phố Kim Mã, Phường Giảng Võ, Thành phố Hà Nội, 10303, Việt Nam",None,None,convenience,21.0302124,105.8063417
WinMart+,convenience,Hà Nội,Ngõ Quan Thổ 1,None,None,convenience,21.0214472,105.829726
WinMart+,convenience,Hà Nội,"WinMart+, Phố Văn Khê, Khu đô thị Văn Phú, Phường Kiến Hưng, Thành phố Hà Nội, 10189, Việt Nam",None,None,convenience,20.9538099,105.7724681
WinMart+,convenience,Hà Nội,Ngõ 268 Lê Trọng Tấn,None,None,convenience,20.9890394,105.8324792
WinMart+,convenience,Hà Nội,Phố Bùi Huy Bích,None,None,convenience,20.9678793,105.8450244
WinMart+,convenience,Hà Nội,Phố Khương Trung,None,None,convenience,20.9945398,105.8175887
WinMart+,convenience,Hà Nội,"WinMart+, Đường Song Hành Cao Tốc Pháp Vân - Cầu Giẽ, Hồng Hà Eco City, Văn Điển, Phường Yên Sở, Văn Điển, Thành phố Hà Nội, 12506, Việt Nam",None,None,convenience,20.9510045,105.8531583
WinMart+,convenience,Hà Nội,"WinMart+, Đường Hồ Mễ Trì, Phường Đại Mỗ, Thành phố Hà Nội, 12011, Việt Nam",None,None,convenience,21.0019585,105.7924567
WinMart+,convenience,Hà Nội,"WinMart+, Ngõ 69 Phố Nhật Tảo, Phường Phú Thượng, Thành phố Hà Nội, 11909, Việt Nam",None,None,convenience,21.0858921,105.7892759
WinMart+,convenience,Hà Nội,Ngõ 537 Đường Bát Khối,None,None,convenience,21.0197651,105.9074322
WinMart+,convenience,Hà Nội,Hoa Phượng,None,None,convenience,21.046392,105.9171152
WinMart+,convenience,Hà Nội,"35, Đường Nguyễn Văn Huyên",None,None,convenience,21.0367053,105.79799
WinMart,supermarket,Hà Nội,"WinMart, Ngõ 34A Hoàng Cầu, Phường Ô Chợ Dừa, Thành phố Hà Nội, 10265, Việt Nam",None,None,supermarket,21.0195364,105.8226869
WinMart+,convenience,Hà Nội,Đường Nội Khu Chung Cư Yên Hòa Park View,None,None,convenience,21.0159514,105.7970621
WinMart+,convenience,Hà Nội,"28, Đường Yên Hòa",None,None,convenience,20.9450042,105.7233946
WinMart+,convenience,Hà Nội,"16, Đường Hoà Sơn",None,None,convenience,20.9221249,105.7021696
WinMart+,convenience,Hà Nội,"15, Đường Yên Sơn",None,None,convenience,20.916807,105.7017753
WinMart+,convenience,Hà Nội,Phố Trần Thủ Độ,None,None,convenience,20.963484,105.8450677
WinMart+,convenience,Hà Nội,Ngõ 282 Kim Giang,None,None,convenience,20.9757361,105.8212666
Circle K,convenience,Hà Nội,"Circle K, Phố Nguyễn Chánh, Khu đô thị Nam Trung Yên, Phường Yên Hòa, Thành phố Hà Nội, 10037, Việt Nam",None,None,convenience,21.0184515,105.7877967
WinMart+,convenience,Hà Nội,Phố Đống Kỳ,None,None,convenience,20.9596913,105.8444889
WinMart+,convenience,Hà Nội,Thôn 7,None,None,convenience,21.0822149,105.9399548
WinMart+,convenience,Hà Nội,Đường Đặng Phúc Thông,None,None,convenience,21.097017,105.9287387
WinMart+,convenience,Hà Nội,Đường Đại Dương,None,None,convenience,20.9912815,105.9395468
WinMart+,convenience,Hà Nội,Thôn Kiêu Kỵ,None,None,convenience,20.9835318,105.9541757
Patagonia bags,variety_store,Hà Nội,"Patagonia bags, Phố Hàng Đường, Khu phố cổ, Phường Hoàn Kiếm, Thành phố Hà Nội, 11058, Việt Nam",None,None,variety_store,21.035931,105.8498684
Mobifone,mobile_phone,Hà Nội,"Mobifone, Phố Hàng Mã, Khu phố cổ, Phường Hoàn Kiếm, Thành phố Hà Nội, 11000, Việt Nam",None,None,mobile_phone,21.036597,105.8471889
WinMart+,convenience,Hà Nội,Phố Doãn Kế Thiện,None,None,convenience,21.0423257,105.7744069
WinMart+,convenience,Hà Nội,"254, Phố Đại Từ",None,None,convenience,20.9705081,105.8319066
WinMart+,convenience,Hà Nội,Khu tập thể Thanh Xuân Bắc,None,None,convenience,20.9925936,105.8007857
WinMart+,convenience,Hà Nội,Phố Nguyễn Xuân Khoát,None,None,convenience,21.0672181,105.7983938
Circle K,convenience,Hà Nội,"Circle K, Phố Hàng Bông, Khu phố cổ, Phường Hoàn Kiếm, Thành phố Hà Nội, 11017, Việt Nam",None,None,convenience,21.0302508,105.8472633
Cerender,pottery,Hà Nội,"Cerender, Ngõ Yên Thái, Khu phố cổ, Phường Hoàn Kiếm, Thành phố Hà Nội, 11016, Việt Nam",None,None,pottery,21.0318145,105.8468834
Phuong Linh,clothes,Hà Nội,"Phuong Linh, Phố Đường Thành, Khu phố cổ, Phường Hoàn Kiếm, Thành phố Hà Nội, 11016, Việt Nam",None,None,clothes,21.0320677,105.8466163
WinMart+,convenience,Hà Nội,Thôn Mạch Lũng,None,None,convenience,21.1229633,105.7444626
Starbucks,coffee,Hà Nội,"Starbucks, Hướng đi cầu Thăng Long, Điền Xá, Xã Nội Bài, Thành phố Hà Nội, Việt Nam",None,None,coffee,21.2193656,105.7890667
Memos Gift and Souvenir,gift,Hà Nội,"Memos Gift and Souvenir, Hướng đi cầu Thăng Long, Điền Xá, Xã Nội Bài, Thành phố Hà Nội, Việt Nam",None,None,gift,21.2190113,105.7903604
JDV Jalux Duty Free Vietnam,alcohol,Hà Nội,"JDV Jalux Duty Free Vietnam, Quốc tế Đến T2, Xã Nội Bài, Thành phố Hà Nội, Việt Nam",None,None,alcohol,21.2188809,105.7908373
Vietnam Cafe Bakery,bakery,Hà Nội,"Vietnam Cafe Bakery, Hướng đi cầu Thăng Long, Điền Xá, Xã Nội Bài, Thành phố Hà Nội, Việt Nam",None,None,bakery,21.2192866,105.7893424
Sky Souvenir Shop,gift,Hà Nội,"Sky Souvenir Shop, Hướng đi cầu Thăng Long, Điền Xá, Xã Nội Bài, Thành phố Hà Nội, Việt Nam",None,None,gift,21.2193558,105.7891226
Paradise Souvenir Boutique,gift,Hà Nội,"Paradise Souvenir Boutique, Hướng đi cầu Thăng Long, Điền Xá, Xã Nội Bài, Thành phố Hà Nội, Việt Nam",None,None,gift,21.219063,105.7901591
Lucky Souvenir Shop,gift,Hà Nội,"Lucky Souvenir Shop, Hướng đi cầu Thăng Long, Điền Xá, Xã Nội Bài, Thành phố Hà Nội, Việt Nam",None,None,gift,21.2191366,105.7898709
Ngoc Bao Linh Souvenir Shop,gift,Hà Nội,"Ngoc Bao Linh Souvenir Shop, Hướng đi cầu Thăng Long, Điền Xá, Xã Nội Bài, Thành phố Hà Nội, Việt Nam",None,None,gift,21.2191817,105.7896905
amazing Viet Nam,gift,Hà Nội,"amazing Viet Nam, Hướng đi cầu Thăng Long, Điền Xá, Xã Nội Bài, Thành phố Hà Nội, Việt Nam",None,None,gift,21.2193954,105.7889945
Sweet Gift,gift,Hà Nội,"Sweet Gift, Hướng đi cầu Thăng Long, Điền Xá, Xã Nội Bài, Thành phố Hà Nội, Việt Nam",None,None,gift,21.2191733,105.7897688
Vietnam Gift Shop,gift,Hà Nội,"Vietnam Gift Shop, Hướng đi cầu Thăng Long, Điền Xá, Xã Nội Bài, Thành phố Hà Nội, Việt Nam",None,None,gift,21.2193659,105.7890915
PB’s Coffee Boutique,coffee,Hà Nội,"PB’s Coffee Boutique, Hướng đi cầu Thăng Long, Điền Xá, Xã Nội Bài, Thành phố Hà Nội, Việt Nam",None,None,coffee,21.2192081,105.7896382
Top Souvenir,gift,Hà Nội,"Top Souvenir, Hướng đi cầu Thăng Long, Điền Xá, Xã Nội Bài, Thành phố Hà Nội, Việt Nam",None,None,gift,21.2192159,105.7895824
Made In Viet Nam,gift,Hà Nội,"Made In Viet Nam, Hướng đi cầu Thăng Long, Điền Xá, Xã Nội Bài, Thành phố Hà Nội, Việt Nam",None,None,gift,21.2194037,105.7889475
Handmade Souvenir,gift,Hà Nội,"Handmade Souvenir, Hướng đi cầu Thăng Long, Điền Xá, Xã Nội Bài, Thành phố Hà Nội, Việt Nam",None,None,gift,21.2192381,105.7895258
Bamboo Souvenir Shop,gift,Hà Nội,"Bamboo Souvenir Shop, Hướng đi cầu Thăng Long, Điền Xá, Xã Nội Bài, Thành phố Hà Nội, Việt Nam",None,None,gift,21.2193459,105.7891656
Song Viet Store,gift,Hà Nội,"Song Viet Store, Hướng đi cầu Thăng Long, Điền Xá, Xã Nội Bài, Thành phố Hà Nội, Việt Nam",None,None,gift,21.2193709,105.7890355
The Book and Gift Shop,books,Hà Nội,"The Book and Gift Shop, Hướng đi cầu Thăng Long, Điền Xá, Xã Nội Bài, Thành phố Hà Nội, Việt Nam",None,None,books,21.2192459,105.7894823
Hong Ngoc Handicraft Shop,gift,Hà Nội,"Hong Ngoc Handicraft Shop, Hướng đi cầu Thăng Long, Điền Xá, Xã Nội Bài, Thành phố Hà Nội, Việt Nam",None,None,gift,21.2194957,105.7886622
Thang Long Boutique,gift,Hà Nội,"Thang Long Boutique, Hướng đi cầu Thăng Long, Điền Xá, Xã Nội Bài, Thành phố Hà Nội, Việt Nam",None,None,gift,21.2195136,105.7885741
Bow Coffee & Fine Food,coffee,Hà Nội,"Bow Coffee & Fine Food, Hướng đi cầu Thăng Long, Điền Xá, Xã Nội Bài, Thành phố Hà Nội, Việt Nam",None,None,coffee,21.2195478,105.7884211
Souvenir Shop,gift,Hà Nội,"Souvenir Shop, Bãi đỗ xe >16 chỗ, Xã Nội Bài, Thành phố Hà Nội, Việt Nam",None,None,gift,21.2182885,105.7935486
Souvenir Shop,gift,Hà Nội,"Souvenir Shop, Bãi đỗ xe >16 chỗ, Xã Nội Bài, Thành phố Hà Nội, Việt Nam",None,None,gift,21.2176123,105.7952944
Memos Souvenirs & Gifts,gift,Hà Nội,"Memos Souvenirs & Gifts, Bãi đỗ xe >16 chỗ, Xã Nội Bài, Thành phố Hà Nội, Việt Nam",None,None,gift,21.2175359,105.7955497
LOTTE Duty Free,cosmetics,Hà Nội,"LOTTE Duty Free, Quốc tế Đến T2, Xã Nội Bài, Thành phố Hà Nội, Việt Nam",None,None,cosmetics,21.2186821,105.7921742
Star Cafe,coffee,Hà Nội,"Star Cafe, Bãi đỗ xe >16 chỗ, Xã Nội Bài, Thành phố Hà Nội, Việt Nam",None,None,coffee,21.2180011,105.7939751
JDV Jalux Duty Free Vietnam,alcohol,Hà Nội,"JDV Jalux Duty Free Vietnam, Bãi đỗ xe >16 chỗ, Xã Nội Bài, Thành phố Hà Nội, Việt Nam",None,None,alcohol,21.217884,105.7943285
Made In Viet Nam,gift,Hà Nội,"Made In Viet Nam, Bãi đỗ xe >16 chỗ, Xã Nội Bài, Thành phố Hà Nội, Việt Nam",None,None,gift,21.2177081,105.7949396
Nasco Duty Free TDN,alcohol,Hà Nội,"Nasco Duty Free TDN, Bãi đỗ xe >16 chỗ, Xã Nội Bài, Thành phố Hà Nội, Việt Nam",None,None,alcohol,21.2175737,105.795433
Le’s Boutique,boutique,Hà Nội,"Le’s Boutique, Bãi đỗ xe >16 chỗ, Xã Nội Bài, Thành phố Hà Nội, Việt Nam",None,None,boutique,21.2175195,105.7955811
Deli Mart,gift,Hà Nội,"Deli Mart, Hướng đi cầu Thăng Long, Điền Xá, Xã Nội Bài, Thành phố Hà Nội, Việt Nam",None,None,gift,21.2196171,105.7882137
Fresh Garden,pastry,Hà Nội,"Fresh Garden, Quốc tế Đến T2, Xã Nội Bài, Thành phố Hà Nội, Việt Nam",None,None,pastry,21.218828,105.7909673
Viet Souvenir Shop,gift,Hà Nội,"Viet Souvenir Shop, Hướng đi cầu Thăng Long, Điền Xá, Xã Nội Bài, Thành phố Hà Nội, Việt Nam",None,None,gift,21.2196368,105.7881368
Souvenir Shop,gift,Hà Nội,"Souvenir Shop, Quốc tế Đến T2, Xã Nội Bài, Thành phố Hà Nội, Việt Nam",None,None,gift,21.2188504,105.7917909
Viet Nam’s Delights,gift,Hà Nội,"Viet Nam’s Delights, Quốc tế Đến T2, Xã Nội Bài, Thành phố Hà Nội, Việt Nam",None,None,gift,21.2188033,105.791917
LOTTE Duty Free,alcohol,Hà Nội,"LOTTE Duty Free, Bãi đỗ xe >16 chỗ, Xã Nội Bài, Thành phố Hà Nội, Việt Nam",None,None,alcohol,21.2185481,105.7926742
Viet Nam’s Delights,gift,Hà Nội,"Viet Nam’s Delights, Bãi đỗ xe >16 chỗ, Xã Nội Bài, Thành phố Hà Nội, Việt Nam",None,None,gift,21.2183411,105.7934159
Fresh Garden,bakery,Hà Nội,"Fresh Garden, Bãi đỗ xe >16 chỗ, Xã Nội Bài, Thành phố Hà Nội, Việt Nam",None,None,bakery,21.2179646,105.7940673
Lucky Gift Shop,gift,Hà Nội,"Lucky Gift Shop, Bãi đỗ xe >16 chỗ, Xã Nội Bài, Thành phố Hà Nội, Việt Nam",None,None,gift,21.2175963,105.7953382
Sweet Gift,gift,Hà Nội,"Sweet Gift, Bãi đỗ xe >16 chỗ, Xã Nội Bài, Thành phố Hà Nội, Việt Nam",None,None,gift,21.2175874,105.7953727
LOTTE Dury Free,perfumery,Hà Nội,"LOTTE Dury Free, Bãi đỗ xe >16 chỗ, Xã Nội Bài, Thành phố Hà Nội, Việt Nam",None,None,perfumery,21.2177724,105.7954768
LOTTE Duty Free,cosmetics,Hà Nội,"LOTTE Duty Free, Quốc tế Đến T2, Xã Nội Bài, Thành phố Hà Nội, Việt Nam",None,None,cosmetics,21.2190205,105.7911301
FujiMart,supermarket,Hà Nội,"324, Phố Tây Sơn, Hà Nội",None,None,supermarket,21.0055645,105.8219659
WinMart+,convenience,Hà Nội,Đường Vân Hà,None,None,convenience,21.1365565,105.9119472
WinMart+,convenience,Hà Nội,Quốc lộ 3,None,None,convenience,21.1001047,105.8858631
WinMart+,convenience,Hà Nội,Quốc lộ 3,None,None,convenience,21.1028654,105.8650608
None,convenience,Hà Nội,"Ngách 310/50 Đường Nghi Tàm, Phường Hồng Hà, Thành phố Hà Nội, 10266, Việt Nam",None,None,convenience,21.0579485,105.8381238
None,toys,Hà Nội,"Phố An Dương, Phường Hồng Hà, Thành phố Hà Nội, 10266, Việt Nam",None,None,toys,21.055832,105.8388966
None,beauty,Hà Nội,"Ngách 11 Ngõ 130 An Dương, Phường Hồng Hà, Thành phố Hà Nội, 10266, Việt Nam",None,None,beauty,21.0564102,105.8382706
WinMart+,convenience,Hà Nội,Phố Lê Văn Thiêm,None,None,convenience,21.0024744,105.8022476
WinMart+,convenience,Hà Nội,Đường Số 5,None,None,convenience,21.052079,105.7797926
WinMart+,convenience,Hà Nội,"WinMart+, Phố Nguyễn Thanh Bình, Phường Dương Nội, Thành phố Hà Nội, 10189, Việt Nam",None,None,convenience,20.972851,105.7561111
WinMart+,convenience,Hà Nội,"WinMart+, Ngõ 885 Tam Trinh, Gelexia Riverside, Phường Hoàng Mai, Thành phố Hà Nội, 11617, Việt Nam",None,None,convenience,20.9759428,105.8688215
WinMart+,convenience,Hà Nội,"261, Phố Tân Mai",None,None,convenience,20.9801409,105.8505086
WinMart+,convenience,Hà Nội,Đền Lừ 2,None,None,convenience,20.985606,105.8578995
WinMart+,convenience,Hà Nội,Ngõ 12 Láng Hạ,None,None,convenience,21.0206938,105.8168251
None,ticket,Hà Nội,"Phố Ngọc Hà, Phường Ba Đình, Thành phố Hà Nội, 10056, Việt Nam",None,None,ticket,21.0386029,105.8310279
Văn Khấn Cúng,supermarket,Hà Nội,"Văn Khấn Cúng, Phố Nguyễn Duy Trinh, Linh Đàm, Phường Hoàng Liệt, Văn Điển, Thành phố Hà Nội, 12506, Việt Nam",None,None,supermarket,20.9644845,105.8344162
Honda Head Vitan,motorcycle,Hà Nội,"5, Đ. Nguyễn Khánh Toàn, Hà Nội",None,None,motorcycle,21.034965,105.8040125
WinMart+,convenience,Hà Nội,Phố Bùi Thiện Ngộ,None,None,convenience,21.068096,105.9097239
WinMart+,convenience,Hà Nội,"WinMart+, Ngõ 24, Khu đô thị Thanh Hà, Xã Bình Minh, Thành phố Hà Nội, 10189, Việt Nam",None,None,convenience,20.9295613,105.788983
WinMart+,convenience,Hà Nội,"WinMart+, Ngõ 339 Minh Khai, Phường Vĩnh Tuy, Thành phố Hà Nội, 11622, Việt Nam",None,None,convenience,20.998907,105.8659897
WinMart+,convenience,Hà Nội,"14, Ngõ 59 Dương Khuê",None,None,convenience,21.035909,105.7736554
Honda Hồng Hạnh,motorcycle,Hà Nội,"252, P. Huế, Hà Nội",None,None,motorcycle,21.0126104,105.8515541
Honda Thắng Lợi 1,motorcycle,Hà Nội,"25, Đ. Trần Khánh Dư, Hà Nội",None,None,motorcycle,21.0190951,105.8615553
Honda VAC,motorcycle,Hà Nội,"171, Đ. Xuân Thủy, Hà Nội",None,None,motorcycle,21.0362183,105.7859434
WinMart+,convenience,Hà Nội,Ngõ 11 Hàm Nghi,None,None,convenience,21.0343866,105.7648865
WinMart+,convenience,Hà Nội,Phố Tân Khai,None,None,convenience,20.9905037,105.8728365
WinMart+,convenience,Hà Nội,Đường Bạch Đằng,None,None,convenience,21.0306264,105.8592404
WinMart+,convenience,Hà Nội,"36C, Phố Lý Nam Đế",None,None,convenience,21.0320691,105.8443012
Piano Tiến Dũng,musical_instrument,Hà Nội,"69, Đường Yên Xá, Xã Tân Triều",None,None,musical_instrument,20.9690073,105.8000792
Honda,motorcycle,Hà Nội,"334, P. Bà Triệu, Hà Nội",None,None,motorcycle,21.0097201,105.848877
Honda Tiến Dũng,motorcycle,Hà Nội,"140, Phan Đình Phùng, Hà Nội",None,None,motorcycle,21.0866286,105.6648147
Honda Nhung Hồng 5,motorcycle,Hà Nội,"51, QL3, Hà Nội",None,None,motorcycle,21.2012032,105.8486673
Giặt sấy Koi Wash 24/7,dry_cleaning,Hà Nội,"16B, Phố Hàng Gà, 10000",None,None,dry_cleaning,21.0361423,105.8469972
Giặt Sấy Koi Wash 24/7,dry_cleaning,Hà Nội,"16B, Phố Hàng Gà, 10000",None,None,dry_cleaning,21.0361259,105.8470442
WinMart+,convenience,Hà Nội,Thôn Đoài,None,None,convenience,21.1282433,105.7962667
WinMart+,convenience,Hà Nội,Đường Vân Trì,None,None,convenience,21.1490172,105.8152607
None,travel_agency,Hà Nội,"172, Đường Trần Quang Khải, 1000",None,None,travel_agency,21.0306378,105.8568174
WinMart+,convenience,Hà Nội,Phố Hoàng Trọng Mậu,None,None,convenience,21.0178756,105.7741709
WinMart+,convenience,Hà Nội,Phố Nguyễn Cơ Thạch,None,None,convenience,21.0354758,105.7665769
WinMart+,convenience,Hà Nội,Ngõ Văn Chương 2,None,None,convenience,21.0207111,105.8375258
WinMart+,convenience,Hà Nội,"23B4, Phố Cự Lộc",None,None,convenience,21.0001781,105.8141164
WinMart+,convenience,Hà Nội,"79, Đường Bát Khối",None,None,convenience,21.0258355,105.8842966
WinMart+,convenience,Hà Nội,Đường Dương Nội,None,None,convenience,20.9824556,105.7424468
WinMart+,convenience,Hà Nội,"Khu nhà ở cán bộ, nhân viên Bệnh viện 103",None,None,convenience,20.9692543,105.7920657
WinMart+,convenience,Hà Nội,Phố Hoàng Như Tiếp,None,None,convenience,21.0434817,105.8757458
WinMart+,convenience,Hà Nội,Thôn Ngọc Chi,None,None,convenience,21.1148089,105.830707
WinMart+,convenience,Hà Nội,"WinMart+, Đường vành đai 4, Phường Yên Nghĩa, Xã An Khánh, Thành phố Hà Nội, 10189, Việt Nam",None,None,convenience,20.9604083,105.7404698
WinMart+,convenience,Hà Nội,Đường Đa Tốn,None,None,convenience,20.9859941,105.9307993
WinMart+,convenience,Hà Nội,Phố Gia Thượng,None,None,convenience,21.0630252,105.8676263
WinMart+,convenience,Hà Nội,"3, Phố Hàng Bút",None,None,convenience,21.0349146,105.8478529
WinMart+,convenience,Hà Nội,"98, Đường Xuân Diệu",None,None,convenience,21.0625102,105.829924
WinMart+,convenience,Hà Nội,"268, Phố Lê Trọng Tấn",None,None,convenience,20.990378,105.8335859
WinMart+,convenience,Hà Nội,"101, Phố Hương Viên",None,None,convenience,21.0112734,105.8566009
WinMart+,convenience,Hà Nội,Thôn 2,None,None,convenience,21.082296,105.9474947
WinMart+,convenience,Hà Nội,Thôn Yên Nhân,None,None,convenience,21.1479686,105.7588111
WinMart+,convenience,Hà Nội,"WinMart+, Đường tỉnh 301, Xã Mê Linh, Thành phố Hà Nội, 12910, Việt Nam",None,None,convenience,21.1527291,105.7596872
WinMart+,convenience,Hà Nội,Phố Vĩnh Hưng,None,None,convenience,20.9910391,105.8789807
WinMart+,convenience,Hà Nội,Phố Viên,None,None,convenience,21.0715005,105.773261
WinMart+,convenience,Hà Nội,Ngõ 74 đường Giáp Hải,None,None,convenience,20.9969989,105.9146968
WinMart+,convenience,Hà Nội,Phố Minh Tảo,None,None,convenience,21.0658786,105.8014662
WinMart+,convenience,Hà Nội,"WinMart+, Ngõ 454 Minh Khai, Phường Vĩnh Tuy, Thành phố Hà Nội, 11622, Việt Nam",None,None,convenience,20.9957673,105.8644061
WinMart+,convenience,Hà Nội,"85, Phố Yên Sở",None,None,convenience,20.9670017,105.8704372
WinMart+,convenience,Hà Nội,"383, Đường Kiêu Kỵ",None,None,convenience,20.9675298,105.9554531
WinMart+,convenience,Hà Nội,Đường Nguyễn Khánh Toàn,None,None,convenience,21.0363232,105.8029111
None,books,Hà Nội,"Phố Tô Hiệu, Phường Nghĩa Đô, Thành phố Hà Nội, 10179, Việt Nam",None,None,books,21.0425971,105.7959423
WinMart+,convenience,Hà Nội,"WinMart+, Phố Nguyễn Thanh Bình, BT1, BT6, Phường Hà Đông, Thành phố Hà Nội, 10189, Việt Nam",None,None,convenience,20.9758497,105.7626138
WinMart+,convenience,Hà Nội,Phố Nhật Tảo,None,None,convenience,21.0875065,105.7869856
LỪA ĐẢO,toys,Hà Nội,"2, Ngách 106 Ngõ 445 Lạc Long Quân, Hà Nội, 10000",None,None,toys,21.0572787,105.8049813
WinMart+,convenience,Hà Nội,Ngõ 1 Đỗ Nhuận,None,None,convenience,21.0686043,105.7879773
WinMart+,convenience,Hà Nội,"45, Ngõ Thịnh Hào 1",None,None,convenience,21.0239291,105.8307102
WinMart+,convenience,Hà Nội,Ngõ 221 Tôn Đức Thắng,None,None,convenience,21.0215558,105.8326207
WinMart+,convenience,Hà Nội,Đường Số 12,None,None,convenience,21.0491873,105.7791421
Circle K,convenience,Hà Nội,"Circle K, Đường Xuân Diệu, Phường Tây Hồ, Thành phố Hà Nội, 10202, Việt Nam",None,None,convenience,21.0609519,105.8324811
Bé Ne Bakery,bakery,Hà Nội,"Bé Ne Bakery, Đường Xuân Diệu, Phường Tây Hồ, Thành phố Hà Nội, 10202, Việt Nam",None,None,bakery,21.0610083,105.8326395
Notes Perfume,perfumery,Hà Nội,"16, Ngõ Thịnh Quang, Hà Nội, 116920",None,None,perfumery,21.0042628,105.8204557
Vườn cây cảnh Tropical Forest,garden_centre,Hà Nội,"Vườn cây cảnh Tropical Forest, Đại lộ Thăng Long, Phường Đại Mỗ, Thành phố Hà Nội, 10070, Việt Nam",None,None,garden_centre,21.0044043,105.7669873
WinMart+,convenience,Hà Nội,"344, Đường Ngọc Thụy",None,None,convenience,21.0600742,105.8638134
GS25,convenience,Hà Nội,"147, Phố Đội Cấn",None,None,convenience,21.0347966,105.8273132
GS25,convenience,Hà Nội,"289, Đường Khuất Duy Tiến",None,None,convenience,21.0023187,105.7941205
GS25,convenience,Hà Nội,"265, Đường Cầu Giấy",None,None,convenience,21.0343935,105.7955186
GS25,convenience,Hà Nội,"12, Phố Hàng Dầu",None,None,convenience,21.0318137,105.8538172
None,ticket,Hà Nội,"Ngõ 264 Phố Âu Cơ, Phường Hồng Hà, Thành phố Hà Nội, 10219, Việt Nam",None,None,ticket,21.0776172,105.8348247
GS25,convenience,Hà Nội,"9, Phố Đào Duy Anh, Hà Nội",None,None,convenience,21.008689,105.8380821
GS25,convenience,Hà Nội,"GS25, Đường Cầu Giấy, Phường Cầu Giấy, Thành phố Hà Nội, 10141, Việt Nam",None,None,convenience,21.0343307,105.7948602
WinMart+,convenience,Hà Nội,Ngõ 230 Lạc Trung,None,None,convenience,21.003838,105.8660856
WinMart+,convenience,Hà Nội,Phố Nguyễn Thanh Bình,None,None,convenience,20.9761092,105.7609007
Bike Plus,bicycle,Hà Nội,"Bike Plus, Phố Yên Hoa, Phường Tây Hồ, Thành phố Hà Nội, 10266, Việt Nam",None,None,bicycle,21.0519874,105.8371043
WinMart+,convenience,Hà Nội,Phố Đỗ Đức Dục,None,None,convenience,21.0118831,105.7852305
Zô Coffee,coffee,Hà Nội,"Zô Coffee, Phố Trúc Bạch, Phường Ba Đình, Thành phố Hà Nội, 11117, Việt Nam",None,None,coffee,21.0478041,105.8418138
WinMart+,convenience,Hà Nội,"WinMart+, Ngõ 9 Phố Nguyên Hồng, Khu tập thể Thành Công, Phường Giảng Võ, Thành phố Hà Nội, 10067, Việt Nam",None,None,convenience,21.0229208,105.8150563
WinMart+,convenience,Hà Nội,"129, Phố Nam Dư",None,None,convenience,20.9845078,105.8877896
WinMart+,convenience,Hà Nội,Đường Eco Lake View,None,None,convenience,20.9729754,105.8390652
Ride Plus,bicycle,Hà Nội,"Ride Plus, Đường Xuân Diệu, Phường Tây Hồ, Thành phố Hà Nội, 11207, Việt Nam",None,None,bicycle,21.0675765,105.8260332
WinMart+,convenience,Hà Nội,"314, Phố Trần Cung",None,None,convenience,21.0536688,105.7879569
WinMart+,convenience,Hà Nội,Phố Trịnh Văn Bô,None,None,convenience,21.0317574,105.7554027
WinMart+,convenience,Hà Nội,Đường Xuân Phương,None,None,convenience,21.0474725,105.7345487
WinMart+,convenience,Hà Nội,"200, Đường Quyết Thắng",None,None,convenience,20.9540498,105.7387217
WinMart+,convenience,Hà Nội,Phố Nguyễn Lam,None,None,convenience,21.0418374,105.9039057
Điện Máy Xanh,electronics,Hà Nội,10000,None,None,electronics,21.0859306,105.6635256
WinMart+,convenience,Hà Nội,Đường Ngũ Hiệp,None,None,convenience,20.9230172,105.8579469
WinMart+,convenience,Hà Nội,Đường Ngũ Hiệp,None,None,convenience,20.9210769,105.8630493
WinMart+,convenience,Hà Nội,"65, Đường Cổ Điển",None,None,convenience,20.940984,105.8461022
WinMart+,convenience,Hà Nội,Đường Thanh Lãm,None,None,convenience,20.9448285,105.7556497
None,convenience,Hà Nội,"Quốc lộ 1, Xã Đại Xuyên, Thành phố Hà Nội, Việt Nam",None,None,convenience,20.6997969,105.9108001
WinMart+,convenience,Hà Nội,"507, Đường Thụy Khuê",None,None,convenience,21.0481715,105.8090211
WinMart+,convenience,Hà Nội,Ngõ 19 Liễu Giai,None,None,convenience,21.0343859,105.8159851
WinMart+,convenience,Hà Nội,Ngõ 279 Đội Cấn,None,None,convenience,21.0387506,105.8216559
Circle K,convenience,Hà Nội,"65, Phố Vạn Bảo",None,None,convenience,21.0337698,105.8171421
WinMart+,convenience,Hà Nội,Hải Đăng 1,None,None,convenience,20.9961477,105.9441819
WinMart,supermarket,Hà Nội,Đường Võ Chí Công,None,None,supermarket,21.0656732,105.8069288
WinMart+,convenience,Hà Nội,Phố Vũ Phạm Hàm,None,None,convenience,21.0184135,105.7984276
WinMart+,convenience,Hà Nội,Đường Vạn Xuân,None,None,convenience,21.0611191,105.7223143
WinMart+,convenience,Hà Nội,"WinMart+, Đường Phan Trọng Tuệ, Phường Thanh Liệt, Xã Đại Thanh, Thành phố Hà Nội, 10135, Việt Nam",None,None,convenience,20.9571569,105.806948
WinMart+,convenience,Hà Nội,Đường Quang Lai,None,None,convenience,20.9311417,105.8481642
WinMart+,convenience,Hà Nội,Đường Dương Đức Hiền,None,None,convenience,21.0259922,105.9920355
WinMart+,convenience,Hà Nội,"WinMart+, Ngõ 7, Khu nhà ở VOV Mễ Trì, Phường Đại Mỗ, Thành phố Hà Nội, 12011, Việt Nam",None,None,convenience,20.9955246,105.7845384
WinMart+,convenience,Hà Nội,Quốc lộ 3,None,None,convenience,21.202714,105.8488749
WinMart+,convenience,Hà Nội,Đường Ngô Chi Lan,None,None,convenience,21.2494026,105.848507
WinMart+,convenience,Hà Nội,Quốc lộ 3,None,None,convenience,21.2225967,105.8490652
WinMart+,convenience,Hà Nội,Đường Đức Thượng,None,None,convenience,21.0759761,105.6950051
WinMart+,convenience,Hà Nội,Ngõ 201 Phúc Lợi,None,None,convenience,21.0423763,105.9273797
WinMart+,convenience,Hà Nội,Ngõ 66 Dịch Vọng Hậu,None,None,convenience,21.0313331,105.7855444
WinMart+,convenience,Hà Nội,Phố Nguyễn Thị Duệ,None,None,convenience,21.0199128,105.7914011
MediaMart,electronics,Hà Nội,"MediaMart, Đường Lạc Long Quân, Phường Tây Hồ, Thành phố Hà Nội, 10206, Việt Nam",None,None,electronics,21.0786988,105.8162305
WinMart+,convenience,Hà Nội,Đại Dương 1,None,None,convenience,20.9905198,105.940924
WinMart+,convenience,Hà Nội,"20, Phố Cầu Bây",None,None,convenience,21.0332899,105.9185159
WinMart+,convenience,Hà Nội,Phố Nguyễn Khuyến,None,None,convenience,20.9764726,105.7893228
WinMart+,convenience,Hà Nội,Đại lộ Thăng Long,None,None,convenience,21.0102777,105.7218514
Điện máy Bick Bosch,supermarket,Hà Nội,"Thôn 2, Hà Nội",None,None,supermarket,21.1702601,105.6753808
WinMart+,convenience,Hà Nội,"WinMart+, Đại Dương 8, Vinhomes Ocean Park, Xã Gia Lâm, Thành phố Hà Nội, 17710, Việt Nam",None,None,convenience,20.9906833,105.9427322
WinMart+,convenience,Hà Nội,"WinMart+, Đường Vũ Lăng, Cổ Điển A, Xã Thanh Trì, Thành phố Hà Nội, 12506, Việt Nam",None,None,convenience,20.9331206,105.85117
WinMart+,convenience,Hà Nội,"WinMart+, Đường Quang Lai, Xã Thanh Trì, Thành phố Hà Nội, 12506, Việt Nam",None,None,convenience,20.9320516,105.8504128
WinMart+,convenience,Hà Nội,Phố Võng Thị,None,None,convenience,21.0513769,105.8105127
WinMart+,convenience,Hà Nội,Đường Hoàng Mai,None,None,convenience,20.9865928,105.8607743
WinMart+,convenience,Hà Nội,"2, Phố Kỳ Vũ",None,None,convenience,21.0913833,105.732636
WinMart,supermarket,Hà Nội,"3, Phố Lương Yên",None,None,supermarket,21.0111335,105.8633466
WinMart+,convenience,Hà Nội,Ngõ 61 Ngụy Như Kon Tum,None,None,convenience,20.999891,105.8007106
WinMart+,convenience,Hà Nội,Đường Đại Việt,None,None,convenience,20.9995038,105.7399344
WinMart+,convenience,Hà Nội,Phố Cầu Am,None,None,convenience,20.9796004,105.7747296
WinMart+,convenience,Hà Nội,"WinMart+, đương 03, Vinhomes Ocean Park, Xã Gia Lâm, Thành phố Hà Nội, 17710, Việt Nam",None,None,convenience,21.0011447,105.9439429
AEON MaxValu,supermarket,Hà Nội,"345, Phố Đội Cấn",None,None,supermarket,21.0364155,105.8168794
WinMart+,convenience,Hà Nội,Phố Phúc La,None,None,convenience,20.9616436,105.7933913
GS25,convenience,Hà Nội,"GS25, Ngõ 6 Phố Nguyễn Văn Lộc, Phường Hà Đông, Thành phố Hà Nội, 12011, Việt Nam",None,None,convenience,20.98319,105.7887354
AEON MaxValu,supermarket,Hà Nội,"AEON MaxValu, Phố Nguyễn Thị Duệ, Khu đô thị Nam Trung Yên, Phường Yên Hòa, Thành phố Hà Nội, 10037, Việt Nam",None,None,supermarket,21.0183057,105.7879846
Honda,motorcycle_repair,Hà Nội,"Honda, Đường tỉnh 420, Xã Thạch Thất, Thành phố Hà Nội, Việt Nam",None,None,motorcycle_repair,21.0587055,105.5751504
WinMart+,convenience,Hà Nội,"WinMart+, Phố Hoàng Minh Giám, Phường Yên Hòa, Thành phố Hà Nội, 10055, Việt Nam",None,None,convenience,21.006507,105.7958819
WinMart+,convenience,Hà Nội,Ngõ 44 Nguyễn Cơ Thạch,None,None,convenience,21.031905,105.7602894
None,travel_agency,Hà Nội,"Phố Hàng Thiếc, Khu phố cổ, Phường Hoàn Kiếm, Thành phố Hà Nội, 11015, Việt Nam",None,None,travel_agency,21.0335359,105.847888
AEON MaxValu,supermarket,Hà Nội,"AEON MaxValu, 1, Đại lộ Thăng Long, Phường Đại Mỗ, Thành phố Hà Nội, 10161, Việt Nam",None,None,supermarket,21.00299,105.7932648
GS25,convenience,Hà Nội,"GS25, Lối vào sảnh toà P1 & P8, Vinhomes Times City, Phường Vĩnh Tuy, Thành phố Hà Nội, 11622, Việt Nam",None,None,convenience,20.992513,105.8682364
None,copyshop,Hà Nội,"Đường Hùng Nguyên, Xã Thường Tín, Thành phố Hà Nội, Việt Nam",None,None,copyshop,20.8660574,105.8658536
WinMart+,convenience,Hà Nội,Phố Gia Quất,None,None,convenience,21.0537846,105.877153
AEON MaxValu,supermarket,Hà Nội,"AEON MaxValu, Phố Nguyễn Hữu Liêu, Khu Ngoại giao đoàn, Phường Xuân Đỉnh, Thành phố Hà Nội, 10264, Việt Nam",None,None,supermarket,21.063478,105.7949624
Hanoi Motorbike,motorcycle_repair,Hà Nội,"Hanoi Motorbike, Phố Hàng Bút, Khu phố cổ, Phường Hoàn Kiếm, Thành phố Hà Nội, 11000, Việt Nam",None,None,motorcycle_repair,21.0350182,105.8475772
Workshop Candles - 81B Mai Hắc Đế,candles,Hà Nội,"81B, Phố Mai Hắc Đế, Hà Nội, 100000",None,None,candles,21.0137551,105.8510835
Workshop Candles - 268 Vũ Miên,candles,Hà Nội,"268, Phố Vũ Miên, Hà Nội, 100000",None,None,candles,21.0531914,105.8356506
Tropicana Nail Lab,beauty,Hà Nội,số 37D Ng.31 Đ. Xuân Diệu,None,None,beauty,21.0617647,105.8282321
WinMart+,convenience,Hà Nội,"WinMart+, Đường Lương Thế Vinh, Phường Thanh Xuân, Thành phố Hà Nội, 12011, Việt Nam",None,None,convenience,20.9893015,105.7981327
WinMart+,convenience,Hà Nội,"56, Ngõ 143 Phố Nguyễn Chính",None,None,convenience,20.977636,105.8496083
Trung Tâm Ảnh Kỹ Thuật Số Nguyễn Thành,photo,Hà Nội,Số 4 Đường Tây Hồ,None,None,photo,21.0661532,105.8259917
WinMart+,convenience,Hà Nội,"244, Phố Đội Cấn",None,None,convenience,21.0354616,105.818212
WinMart+,convenience,Hà Nội,"123, Đường Trâu Quỳ",None,None,convenience,21.008018,105.9367165
WinMart+,convenience,Hà Nội,Đường Kim Thìa,None,None,convenience,21.0472469,105.7040859
WinMart+,convenience,Hà Nội,Đường Vũ Lăng,None,None,convenience,20.925928,105.855683
WinMart+,convenience,Hà Nội,"104, Đường Phùng Hưng",None,None,convenience,20.9683984,105.7863411
WinMart,supermarket,Hà Nội,"8, Đường Quang Trung",None,None,supermarket,20.9725969,105.777435
AEON MaxValu,supermarket,Hà Nội,"AEON MaxValu, Hải Đăng 5, Vinhomes Ocean Park, Xã Gia Lâm, Thành phố Hà Nội, 17710, Việt Nam",None,None,supermarket,20.9932694,105.9442984
WinMart+,convenience,Hà Nội,"WinMart+, Phố Vĩnh Hoàng, Phường Hoàng Mai, Thành phố Hà Nội, 11622, Việt Nam",None,None,convenience,20.9820477,105.8705681
GS25,convenience,Hà Nội,"GS25, 36, Phố Hoàng Cầu, Phường Ô Chợ Dừa, Thành phố Hà Nội, 10265, Việt Nam",None,None,convenience,21.018958,105.8239435
WinMart+,convenience,Hà Nội,"WinMart+, Ngách 535/14 Đường Lạc Long Quân, Phường Tây Hồ, Thành phố Hà Nội, 10206, Việt Nam",None,None,convenience,21.0646276,105.8081019
Viettel Store,mobile_phone,Hà Nội,"49, Tổ 4 Thị trấn Đông Anh",None,None,mobile_phone,21.1402837,105.8450323
WinMart+,convenience,Hà Nội,Phố Trần Hữu Dực,None,None,convenience,21.0309364,105.7611207
GS25,convenience,Hà Nội,"GS25, Ngõ Phất Lộc, Khu phố cổ, Phường Hoàn Kiếm, Thành phố Hà Nội, 11011, Việt Nam",None,None,convenience,21.0344034,105.8542808
WinMart+,convenience,Hà Nội,"WinMart+, Đường Văn Lang, Vinhomes Smart City, Phường Tây Mỗ, Thành phố Hà Nội, 34000, Việt Nam",None,None,convenience,21.0030129,105.7353956
WinMart+,convenience,Hà Nội,Đường Đại Hưng,None,None,convenience,20.9237996,105.8347315
WinMart+,convenience,Hà Nội,"100, Đường Nguyễn Sơn",None,None,convenience,21.0473683,105.8770516
WinMart+,convenience,Hà Nội,"WinMart+, Biển Hồ 5, Vinhomes Ocean Park, Xã Gia Lâm, Thành phố Hà Nội, 17710, Việt Nam",None,None,convenience,21.0030776,105.9458265
WinMart+,convenience,Hà Nội,"9, Phố Trần Kim Xuyến",None,None,convenience,21.0185107,105.7948119
GS25,convenience,Hà Nội,"GS25, Đường Số 7 Times City, Vinhomes Times City, Phường Vĩnh Tuy, Thành phố Hà Nội, 11622, Việt Nam",None,None,convenience,20.9923199,105.8699567
WinMart+,convenience,Hà Nội,"155, Phố Vương Thừa Vũ",None,None,convenience,20.9966548,105.821904
Beard papa's,bakery,Hà Nội,"171, Phố Hàng Bông, 110220",None,None,bakery,21.0291223,105.8450682
Cửa hàng Lụa Hà Đông,clothes,Hà Nội,"Phố Lụa, Hà Nội, 100000",None,None,clothes,20.9795687,105.7743577
WinMart+,convenience,Hà Nội,"WinMart+, Đường Vũ Lăng, Xã Thanh Trì, Thành phố Hà Nội, 12506, Việt Nam",None,None,convenience,20.9293715,105.8527336
WinMart+,convenience,Hà Nội,"34, Phố Mạc Xá",None,None,convenience,21.0863565,105.7596966
Mr. Wash,laundry,Hà Nội,"72, Phố Hàng Quạt",None,None,laundry,21.0325443,105.8488128
WinMart+,convenience,Hà Nội,Ngõ 160 Ngọc Trì,None,None,convenience,21.0177798,105.9113726
WinMart+,convenience,Hà Nội,"WinMart+, Ngõ 85 Lĩnh Nam, Phường Vĩnh Tuy, Thành phố Hà Nội, 11622, Việt Nam",None,None,convenience,20.9895972,105.866702
WinMart+,convenience,Hà Nội,"153-155, Phố Thanh Am",None,None,convenience,21.0717025,105.9003779
WinMart+,convenience,Hà Nội,"WinMart+, Đường trục phía Nam, Khu đô thị Thanh Hà, Xã Bình Minh, Thành phố Hà Nội, 10189, Việt Nam",None,None,convenience,20.9301126,105.7847485
Sửa xe máy,motorcycle_repair,Hà Nội,"745, Đường Hồng Hà",None,None,motorcycle_repair,21.0293136,105.8578923
Tạp hoá Thanh Bình,convenience,Hà Nội,"3, Ngõ 101 Đường Gia Thượng",None,None,convenience,21.0743293,105.8886191
WinMart+,convenience,Hà Nội,Ngõ 477 Nguyễn Trãi,None,None,convenience,20.9887063,105.8012158
WinMart+,convenience,Hà Nội,Ngách 20 Ngõ Trại Cá,None,None,convenience,20.9950775,105.8458993
WinMart+,convenience,Hà Nội,107 Tổ 8,None,None,convenience,21.1547365,105.8508314
Cửa hàng Hi Beauty,beauty,Hà Nội,Ngõ 38 Yên Lãng,None,None,beauty,21.0131849,105.8172181
GS25,convenience,Hà Nội,"GS25, Phố Nguyễn Thanh Bình, Phường Dương Nội, Thành phố Hà Nội, 10189, Việt Nam",None,None,convenience,20.9732412,105.7575753
Chè Lộc Tài,tea,Hà Nội,"76, Phố Hàng Điếu",None,None,tea,21.0322773,105.846754
WinMart+,convenience,Hà Nội,Phố Chu Huy Mân,None,None,convenience,21.0420269,105.9050652
Tóc Huyền Trang - 2B ngõ 396 Thụy Khuê - Tây Hồ,hairdresser,Hà Nội,"Đường Thụy Khuê, Hà Nội",None,None,hairdresser,21.0469541,105.8116715
Ngọc Tâm An - Quà tặng cao cấp,gift,Hà Nội,"Số 80, Ngõ 68 Ngụy Như Kon Tum, Hà Nội, 11415",None,None,gift,20.9984531,105.8009381
Viettel,mobile_phone,Hà Nội,"Viettel, Đường Văn Cao, Phường Ngọc Hà, Thành phố Hà Nội, 10071, Việt Nam",None,None,mobile_phone,21.0385926,105.8151913
Eddy Barber Shop,hairdresser,Hà Nội,"Eddy Barber Shop, Ngõ 88 Trần Quý Cáp, Phường Văn Miếu - Quốc Tử Giám, Thành phố Hà Nội, 11018, Việt Nam",None,None,hairdresser,21.02176,105.8393173
WinMart+,convenience,Hà Nội,Đường Nguyễn Gia Bồng,None,None,convenience,21.0612952,105.8794992
Circle K,convenience,Hà Nội,"Circle K, Phố Cửa Nam, Phường Cửa Nam, Thành phố Hà Nội, 11060, Việt Nam",None,None,convenience,21.0275748,105.8422178
None,greengrocer,Hà Nội,"Phố Lương Yên, Phường Hai Bà Trưng, Thành phố Hà Nội, 10078, Việt Nam",None,None,greengrocer,21.0090293,105.8631457
WinMart+,convenience,Hà Nội,"WinMart+, Ngõ 321 Đường Phúc Lợi, Phường Phúc Lợi, Cổ Bi, Thành phố Hà Nội, 08443, Việt Nam",None,None,convenience,21.0363401,105.9329907
WinMart+,convenience,Hà Nội,Đường Phúc Lợi,None,None,convenience,21.0400462,105.9280938
WinMart+,convenience,Hà Nội,Phố Phan Đình Giót,None,None,convenience,20.9656525,105.7662344
WinMart+,convenience,Hà Nội,"WinMart+, Đường Số 3 Times City, Vinhomes Times City, Phường Vĩnh Tuy, Thành phố Hà Nội, 11622, Việt Nam",None,None,convenience,20.9921191,105.8662926
WinMart+,convenience,Hà Nội,"200-202, Phố Định Công Thượng",None,None,convenience,20.9846086,105.8229629
Lee Laundry self service 24/7,laundry,Hà Nội,"62, Phố Thuốc Bắc",None,None,laundry,21.0350405,105.8481595
WinMart+,convenience,Hà Nội,Ngõ 22 Đường Khuyến Lương,None,None,convenience,20.9687104,105.8800786
Sua Xe,motorcycle_repair,Hà Nội,"Sua Xe, Đường Đa Phúc, Xã Sóc Sơn, Thành phố Hà Nội, Việt Nam",None,None,motorcycle_repair,21.2562565,105.8379839
Sua Xe,motorcycle_repair,Hà Nội,"Sua Xe, Đường Đa Phúc, Xã Sóc Sơn, Thành phố Hà Nội, Việt Nam",None,None,motorcycle_repair,21.256905,105.8407791
Honda head,motorcycle_repair,Hà Nội,"Honda head, Quốc lộ 21, Xã Hòa Lạc, Thành phố Hà Nội, Việt Nam",None,None,motorcycle_repair,21.0299224,105.5173798
Sua Xe,motorcycle_repair,Hà Nội,"Sua Xe, Đường tỉnh 131, Xã Sóc Sơn, Thành phố Hà Nội, Việt Nam",None,None,motorcycle_repair,21.2421324,105.8231354
M2 Mobile- Sửa chữa điện thoại di động,mobile_phone,Hà Nội,"66, Phố Đại Từ, Hà Nội, 10000",None,None,mobile_phone,20.9717287,105.8368836
Rèm Màn Chăn ga gối đệm Quyền Lan,supermarket,Hà Nội,"Số 50 Ngõ 95, Đường tỉnh 418, Hà Nội, 12800",None,None,supermarket,21.1114033,105.5390884
Rèm Màn Chăn Ga Gối Đệm Quyền Lan,window_blind,Hà Nội,"Số 50 Ngõ 95, Đường tỉnh 418, Hà Nội, 12800",None,None,window_blind,21.1114012,105.5390823
WinMart+,convenience,Hà Nội,Phố Linh Đường,None,None,convenience,20.9633902,105.8261734
PNJ,jewelry,Hà Nội,Đường Cầu Giấy,None,None,jewelry,21.0319263,105.7996396
WinMart+,convenience,Hà Nội,"WinMart+, Đường Tân Xuân, Phường Đông Ngạc, Thành phố Hà Nội, 11909, Việt Nam",None,None,convenience,21.0833703,105.7847462
Nhà tang lễ Hà Đông,funeral_directors,Hà Nội,Phố Nguyễn Viết Xuân,None,None,funeral_directors,20.9712016,105.773052
WinMart+,convenience,Hà Nội,"WinMart+, Phố Hưng Thịnh, Phường Yên Sở, Yên Mỹ, Thành phố Hà Nội, 12506, Việt Nam",None,None,convenience,20.9623445,105.8644825
Cửa hàng Xe máy điện VinFast Tây Mỗ,motorcycle,Hà Nội,"91-93, Đường Hữu Hưng",None,None,motorcycle,20.9957519,105.7476111
Cửa hàng Xe máy điện VinFast Phan Anh,motorcycle,Hà Nội,Phố Lê Giản,None,None,motorcycle,20.9859034,105.7591266
Cửa hàng Xe máy điện VinFast An Khánh,motorcycle,Hà Nội,"39, Lô 10, Geleximco A",None,None,motorcycle,21.0044851,105.731986
Cửa hàng Xe máy điện VinFast Phú Thành Hà Đông,motorcycle,Hà Nội,"29, Đường Lê Trọng Tấn",None,None,motorcycle,20.9634546,105.7627931
Cửa hàng Xe máy điện VinFast Phúc Khánh,motorcycle,Hà Nội,"226, Phố Xốm",None,None,motorcycle,20.939972,105.7571597
Cửa hàng Xe máy điện VinFast Tràng An 2,motorcycle,Hà Nội,"38, Đường Phùng Hưng",None,None,motorcycle,20.9709174,105.783728
Cửa hàng Xe máy điện VinFast Vĩnh Thành 1,motorcycle,Hà Nội,"42, Đường Cầu Bươu",None,None,motorcycle,20.9597386,105.8029842
Cửa hàng Xe máy điện VinFast Huy Hiệu 3,motorcycle,Hà Nội,"9, Đường Ngọc Hồi",None,None,motorcycle,20.9625668,105.8423055
Cửa hàng Xe máy điện VinFast Vĩnh Thành 2,motorcycle,Hà Nội,"27, Phố Định Công",None,None,motorcycle,20.983117,105.8355066
Cửa hàng Xe máy điện VinFast Huy Hiệu 2,motorcycle,Hà Nội,"109, Phố Đại La",None,None,motorcycle,20.9961008,105.8471948
Cửa hàng Xe máy điện VinFast Tràng An 4,motorcycle,Hà Nội,"365, Phố Minh Khai",None,None,motorcycle,20.9987124,105.8683712
Cửa hàng Xe máy điện VinFast Bắc Việt Hoàng Mai,motorcycle,Hà Nội,Phố Vĩnh Hoàng,None,None,motorcycle,20.9835038,105.8655356
Cửa hàng Xe máy điện VinFast TKT,motorcycle,Hà Nội,"98B, Phố Trần Hưng Đạo",None,None,motorcycle,21.0238406,105.842917
Cửa hàng Xe máy điện VinFast Bách Hóa Xe Taya,motorcycle,Hà Nội,"28A4, Phố Phạm Hồng Thái",None,None,motorcycle,21.0435556,105.8452877
Cửa hàng Xe máy điện VinFast Tràng An 3,motorcycle,Hà Nội,"162E, Phố Tôn Đức Thắng",None,None,motorcycle,21.0242655,105.8324643
Cửa hàng Xe máy điện VinFast Huy Hiệu 1,motorcycle,Hà Nội,"85, Phố Ô Chợ Dừa",None,None,motorcycle,21.0198796,105.8270119
Cửa hàng Xe máy điện VinFast GMS Nguyễn Xiển,motorcycle,Hà Nội,"9C, Đường Nguyễn Xiển",None,None,motorcycle,20.9903518,105.8043688
Cửa hàng Xe máy điện VinFast Tràng An 1,motorcycle,Hà Nội,"66, Đường Lê Văn Lương",None,None,motorcycle,21.0005012,105.7981055
Cửa hàng Xe máy điện VinFast Minh Hưng Phát,motorcycle,Hà Nội,"670, Đường Kim Giang",None,None,motorcycle,20.9660198,105.8208329
Cửa hàng Xe máy điện VinFast Thu Anh 2,motorcycle,Hà Nội,"193, Phố Trung Kính",None,None,motorcycle,21.0179769,105.7930684
Cửa hàng Xe máy điện VinFast Việt Thanh,motorcycle,Hà Nội,"99, Đường Phạm Văn Đồng",None,None,motorcycle,21.0439187,105.7808388
Cửa hàng Xe máy điện VinFast Võ Chí Công,motorcycle,Hà Nội,"73, Đường Võ Chí Công",None,None,motorcycle,21.0512151,105.8042444
Cửa hàng Xe máy điện VinFast Eco 247,motorcycle,Hà Nội,"369, Đường Xuân Đỉnh",None,None,motorcycle,21.0719191,105.7899337
Cửa hàng Xe máy điện VinFast Huy Hiệu 4,motorcycle,Hà Nội,"281, Đường Vạn Xuân",None,None,motorcycle,21.0638099,105.7184807
Xưởng dịch vụ Xe máy điện VinFast Huy Hiệu 3,motorcycle_repair,Hà Nội,"1H, Phố Trần Quang Diệu",None,None,motorcycle_repair,21.0170839,105.8254862
Xưởng dịch vụ Xe máy điện VinFast Huy Hiệu 2,motorcycle_repair,Hà Nội,"111, Phố Đại La",None,None,motorcycle_repair,20.996103,105.8471785
Xưởng dịch vụ Xe máy điện VinFast Huy Hiệu 4,motorcycle_repair,Hà Nội,"116, Phố Đông Các",None,None,motorcycle_repair,21.0196777,105.8268468
Xưởng dịch vụ Xe máy điện VinFast CarOn Mễ Trì,motorcycle_repair,Hà Nội,"Xưởng dịch vụ Xe máy điện VinFast CarOn Mễ Trì, Đường Lương Thế Vinh, Vinhomes Green Bay, Phường Đại Mỗ, Thành phố Hà Nội, 12011, Việt Nam",None,None,motorcycle_repair,20.9978242,105.7867203
Xưởng dịch vụ Xe máy điện VinFast GMS Tân Triều,motorcycle_repair,Hà Nội,"Xưởng dịch vụ Xe máy điện VinFast GMS Tân Triều, Đường Yên Xá, Phường Thanh Liệt, Thành phố Hà Nội, 12100, Việt Nam",None,None,motorcycle_repair,20.9686011,105.7995132
Cửa hàng Xe máy điện VinFast Hà Thành,motorcycle,Hà Nội,"14, Phố Liễu Giai",None,None,motorcycle,21.0364967,105.814606
Cửa hàng Xe máy điện VinFast CarOn Hai Bà Trưng,motorcycle,Hà Nội,"456, Đường Trần Khát Chân",None,None,motorcycle,21.0090546,105.8542293
Cửa hàng Xe máy điện VinFast HKN Hoài Đức,motorcycle,Hà Nội,"59, Đường Quế Dương",None,None,motorcycle,21.0467636,105.6763786
Cửa hàng Xe máy điện VinFast Hoàng Anh Thạch Thất,motorcycle,Hà Nội,"78-80, Đường tỉnh 419",None,None,motorcycle,21.0121849,105.6197639
Cửa hàng Xe máy điện VinFast Hoàng Anh Hòa Lạc,motorcycle,Hà Nội,"97, Quốc lộ 21",None,None,motorcycle,21.0262866,105.5194184
Cửa hàng Xe máy điện VinFast Lý Tưởng 1,motorcycle,Hà Nội,"216, Đường Phủ Quốc",None,None,motorcycle,20.9877362,105.6362318
Cửa hàng Xe máy điện VinFast Khoa Tiến,motorcycle,Hà Nội,"89, Đường Vạn Xuân",None,None,motorcycle,21.0821913,105.6748309
Cửa hàng Xe máy điện VinFast Thanh Tâm 1,motorcycle,Hà Nội,"86, Đường Quảng Oai",None,None,motorcycle,21.2035247,105.4179995
Cửa hàng Xe máy điện VinFast Toàn Thắng,motorcycle,Hà Nội,Đường tỉnh 414,None,None,motorcycle,21.1160603,105.4025555
Cửa hàng Xe máy điện VinFast Đoàn Gia Trang,motorcycle,Hà Nội,Đường Chúc Sơn,None,None,motorcycle,20.9272515,105.7117442
Cửa hàng Xe máy điện VinFast Xanh Hà Nội,motorcycle,Hà Nội,"50, Đường Giáp Hải",None,None,motorcycle,21.002969,105.9130545
Cửa hàng Xe máy điện VinFast Taya,motorcycle,Hà Nội,"601-603, Đường Nguyễn Văn Cừ",None,None,motorcycle,21.0528627,105.8861238
Cửa hàng Xe máy điện VinFast Mạnh Phát,motorcycle,Hà Nội,"345, Đường Hà Huy Tập",None,None,motorcycle,21.0867033,105.9185304
Cửa hàng Xe máy điện VinFast Lâm Hưng,motorcycle,Hà Nội,"1061-1063, Đường Ngô Gia Tự",None,None,motorcycle,21.0741346,105.9061067
Cửa hàng Xe máy điện VinFast Bắc Việt Gia Lâm,motorcycle,Hà Nội,"TT13-19, Phố Thành Trung",None,None,motorcycle,21.0102199,105.9391165
Cửa hàng Xe máy điện VinFast Ecoxe 3,motorcycle,Hà Nội,Đường Anh Dũng,None,None,motorcycle,21.1162556,105.7880657
Cửa hàng Xe máy điện VinFast Ecoxe 1,motorcycle,Hà Nội,Quốc lộ 3,None,None,motorcycle,21.1045039,105.856195
Cửa hàng Xe máy điện VinFast Ecoxe 2,motorcycle,Hà Nội,Đường tỉnh 301,None,None,motorcycle,21.156408,105.7619236
Cửa hàng Xe máy điện VinFast Đức Nghĩa,motorcycle,Hà Nội,"576, Đường Lạc Long Quân",None,None,motorcycle,21.0754385,105.8139708
Cửa hàng Xe máy điện VinFast Ecoxe 4,motorcycle,Hà Nội,Đường Liên Hà,None,None,motorcycle,21.1539038,105.8959217
Cửa hàng Xe máy điện VinFast Đông Anh,motorcycle,Hà Nội,Số 6 - Tổ 3 - Thị trấn Đông Anh,None,None,motorcycle,21.1367823,105.8436711
Cửa hàng Xe máy điện VinFast Phù Lỗ,motorcycle,Hà Nội,"24, Quốc lộ 3",None,None,motorcycle,21.2006833,105.8488143
Cửa hàng Xe máy điện VinFast Sóc Sơn,motorcycle,Hà Nội,Đường Ngô Chi Lan,None,None,motorcycle,21.2503987,105.8483488
Cửa hàng Xe máy điện VinFast Mê Linh,motorcycle,Hà Nội,Đường Đại Thịnh,None,None,motorcycle,21.186432,105.7205796
Cửa hàng Xe máy điện VinFast Phạm Văn Đồng,motorcycle,Hà Nội,"459, Đường Phạm Văn Đồng",None,None,motorcycle,21.0593095,105.7833699
Cửa hàng Xe máy điện VinFast Mạnh Đức,motorcycle,Hà Nội,"89, Đường Chi Đông",None,None,motorcycle,21.2069294,105.7523888
Cửa hàng Xe máy điện VinFast Tây Hồ,motorcycle,Hà Nội,"147, Đường Nghi Tàm",None,None,motorcycle,21.0543477,105.8370356
Cửa hàng Xe máy điện VinFast Quang Vinh 10,motorcycle,Hà Nội,"201, Đường Cầu Diễn",None,None,motorcycle,21.0465789,105.7475754
Cửa hàng Xe máy điện VinFast HQ2 Thanh Trì,motorcycle,Hà Nội,Đường Ngọc Hồi,None,None,motorcycle,20.9279518,105.8491194
Cửa hàng Xe máy điện VinFast HQ Thường Tín,motorcycle,Hà Nội,"24, Phố Vồi",None,None,motorcycle,20.8669574,105.8659654
Cửa hàng Xe máy điện VinFast Khánh Toàn,motorcycle,Hà Nội,"20, phố Tía",None,None,motorcycle,20.807809,105.8840601
Cửa hàng Xe máy điện VinFast Đức Thịnh,motorcycle,Hà Nội,Thôn Dư Dụ,None,None,motorcycle,20.8691534,105.8138378
Cửa hàng Xe máy điện VinFast Duy Mạnh,motorcycle,Hà Nội,"1, Khu Ba Cây",None,None,motorcycle,20.9006018,105.7628492
Cửa hàng Xe máy điện VinFast Mỹ Đức 2,motorcycle,Hà Nội,"198, Đường tỉnh 419",None,None,motorcycle,20.6189255,105.7818302
Cửa hàng Xe máy điện VinFast Mỹ Đức 3,motorcycle,Hà Nội,Đường Tỉnh 419,None,None,motorcycle,20.8084516,105.7043055
Cửa hàng Xe máy điện VinFast Mỹ Đức 1,motorcycle,Hà Nội,"5A, Đường tỉnh 419",None,None,motorcycle,20.6951706,105.7385079
Cửa hàng Xe máy điện VinFast CSM Phú Xuyên,motorcycle,Hà Nội,"113, Tiểu khu Mỹ Lâm",None,None,motorcycle,20.7352216,105.9127866
Cửa hàng Xe máy điện VinFast Vân Đình,motorcycle,Hà Nội,"21, Lê Lợi",None,None,motorcycle,20.7390974,105.7702744
Cửa hàng Xe máy điện VinFast Hà Quỳnh 1,motorcycle,Hà Nội,"575, Phố Vũ Tông Phan",None,None,motorcycle,20.9842146,105.8153946
Cửa hàng Xe máy điện VinFast Hà Quỳnh 2,motorcycle,Hà Nội,"14, Dãy B1, Khu TMDV Vạn Phúc, đường Tố Hữu",None,None,motorcycle,20.9834538,105.7712335
Cửa hàng Xe máy điện VinFast Đức Thiện,motorcycle,Hà Nội,"61, Tổ 1, Khu Xuân Hà, Thị trấn Xuân Mai",None,None,motorcycle,20.9027217,105.5836359
Cửa hàng Xe máy điện VinFast Phố Nỷ,motorcycle,Hà Nội,"85, Phố Nỷ",None,None,motorcycle,21.3110984,105.867119
Cửa hàng Xe máy điện VinFast Thanh Tâm 2,motorcycle,Hà Nội,"354, Đường La Thành",None,None,motorcycle,21.1370661,105.5108338
Cửa hàng Xe máy điện VinFast Thanh Tâm 3,motorcycle,Hà Nội,"138, Phố Phùng Khắc Khoan",None,None,motorcycle,21.1326463,105.5109056
Sửa xe 247,motorcycle_repair,Hà Nội,"57, Phố Chùa Quỳnh",None,None,motorcycle_repair,21.0005383,105.8580815
Sửa xe 247,motorcycle_repair,Hà Nội,"116-C1, Phố Lương Định Của",None,None,motorcycle_repair,21.0048925,105.8357016
Sửa xe 247,motorcycle_repair,Hà Nội,"134, Phố Lê Thanh Nghị",None,None,motorcycle_repair,21.0018926,105.8455043
Sửa xe 247,motorcycle_repair,Hà Nội,"176, Phố Định Công",None,None,motorcycle_repair,20.9832958,105.8358907
Sửa xe 247,motorcycle_repair,Hà Nội,"682, Đường Ngọc Lâm",None,None,motorcycle_repair,21.0503493,105.8830718
Sửa xe 247,motorcycle_repair,Hà Nội,"89, Đường Tân Xuân",None,None,motorcycle_repair,21.0806236,105.7849632
Sửa xe 247,motorcycle_repair,Hà Nội,"572, Đường Kim Giang",None,None,motorcycle_repair,20.9680859,105.8227792
Xưởng sửa xe máy Aki Motor Nguyễn Xiển,motorcycle_repair,Hà Nội,Ngõ 286 Nguyễn Xiển,None,None,motorcycle_repair,20.9825703,105.8056046
Cửa hàng Xe máy điện VinFast Lý Tưởng 2,motorcycle,Hà Nội,"Xóm 1, thôn Long Phú",None,None,motorcycle,20.9443312,105.5510874
Cửa hàng Xe máy điện VinFast Đạt Thắng,motorcycle,Hà Nội,"39, Yên Tàng",None,None,motorcycle,21.2770119,105.8932953
Cửa hàng Xe máy điện VinFast Xuân Huy,motorcycle,Hà Nội,"Cửa hàng Xe máy điện VinFast Xuân Huy, Đường tỉnh 429, Xóm 11, Đồng Mít, Xã Phúc Sơn, Thành phố Hà Nội, Việt Nam",None,None,motorcycle,20.8087616,105.6760178
Cửa hàng Xe máy điện VinFast Minh Khánh,motorcycle,Hà Nội,"140, Phố Giảng Võ",None,None,motorcycle,21.0274267,105.8239707
Cửa hàng Xe máy điện VinFast Thu Anh 1,motorcycle,Hà Nội,"63C, Phố Nguyễn Hoàng",None,None,motorcycle,21.0326921,105.7725749
Gara Ôtô Hoàng Linh,car_repair,Hà Nội,"Gara Ôtô Hoàng Linh, Ngõ 543 Đường Giải Phóng, Phường Tương Mai, Thành phố Hà Nội, 11617, Việt Nam",None,None,car_repair,20.9898559,105.8434815
WinMart+,convenience,Hà Nội,"53, Phố Hàng Lược",None,None,convenience,21.0375574,105.8480985
GS25,convenience,Hà Nội,phố Nguyễn Khuyến,None,None,convenience,20.9696955,105.792017
Tara Spa,massage,Hà Nội,"2, Phố Cổng Đục, Hà Nội, 11000",None,None,massage,21.0364864,105.8466232
None,supermarket,Hà Nội,"Fujimart, Phố Hoa Lư, Phường Hai Bà Trưng, Thành phố Hà Nội, 10058, Việt Nam",None,None,supermarket,21.0116782,105.8477414
None,supermarket,Hà Nội,"67, Tran Phu Street",None,None,supermarket,21.0322095,105.8321394
Cửa hàng Xe máy điện VinFast Thịnh Phát,motorcycle,Hà Nội,"15-17 Lô 4, Đường Nguyễn Khánh Toàn",None,None,motorcycle,21.03571,105.8032118
WinMart+,convenience,Hà Nội,"WinMart+, Đường Văn Lang, Vinhomes Smart City, Phường Tây Mỗ, Thành phố Hà Nội, 34000, Việt Nam",None,None,convenience,21.0041225,105.7359468
GS25,convenience,Hà Nội,"GS25, Đường Trần Duy Hưng, Phường Yên Hòa, Thành phố Hà Nội, 10161, Việt Nam",None,None,convenience,21.0049689,105.7941881
K-market,convenience,Hà Nội,"K-market, Đường Khuất Duy Tiến, Phường Yên Hòa, Thành phố Hà Nội, 10055, Việt Nam",None,None,convenience,21.0043439,105.7938811
Wash Friends,laundry,Hà Nội,"Wash Friends, Đường Khuất Duy Tiến, Phường Yên Hòa, Thành phố Hà Nội, 10055, Việt Nam",None,None,laundry,21.004395,105.7939607
Bread Factory,bakery,Hà Nội,"Bread Factory, Đường Trần Duy Hưng, Phường Yên Hòa, Thành phố Hà Nội, 10055, Việt Nam",None,None,bakery,21.005897,105.7949451
K-Market,convenience,Hà Nội,"K-Market, Đường Trần Duy Hưng, Phường Yên Hòa, Thành phố Hà Nội, 10055, Việt Nam",None,None,convenience,21.006028,105.7951733
Muji,department_store,Hà Nội,"Muji, Phố Hoàng Minh Giám, Phường Yên Hòa, Thành phố Hà Nội, 10055, Việt Nam",None,None,department_store,21.0068652,105.796182
Meat Farm Thực Phẩm Sạch,butcher,Hà Nội,"Meat Farm Thực Phẩm Sạch, Đường Trần Duy Hưng, Phường Yên Hòa, Thành phố Hà Nội, 10055, Việt Nam",None,None,butcher,21.0062901,105.7955156
Vincom Phạm Ngọc Thạch,mall,Hà Nội,"2, Phố Phạm Ngọc Thạch, Hà Nội",None,None,mall,21.0062846,105.8319822
Fivimart,supermarket,Hà Nội,"Toà A - Chung cư 671 Hoàng Hoa Thám, 671, Đường Hoàng Hoa Thám, Phường Ngọc Hà, Thành phố Hà Nội, 10072, Việt Nam",None,None,supermarket,21.0470781,105.8078232
Vincom Plaza Long Biên,mall,Hà Nội,"Vincom Plaza Long Biên, Phố Chu Huy Mân, Vinhomes Riverside, Phường Phúc Lợi, Thành phố Hà Nội, 08443, Việt Nam",None,None,mall,21.0509278,105.9163608
Gốm Bát Tràng,department_store,Hà Nội,"Gia Lâm, Hà Nội",None,None,department_store,20.9789911,105.9136655
WinMart,supermarket,Hà Nội,"Đường Hoàng Quốc Việt, Hà Nội",None,None,supermarket,21.0468146,105.7964721
Nhà tang lễ Phùng Hưng,funeral_directors,Hà Nội,"125, Phố Phùng Hưng",None,None,funeral_directors,21.0330083,105.8456202
EMTC,wholesale,Hà Nội,"Lot 15A, Hanoi",None,None,wholesale,21.1853839,105.7725496
Thanh Quý Hair Salon,hairdresser,Hà Nội,"58, Ngõ 83, Hà nội, 100000",None,None,hairdresser,20.9779985,105.8031807
Hapro Thanh Xuân,supermarket,Hà Nội,"Nguyễn Trãi, Hà Nội",None,None,supermarket,20.9908724,105.8015612
Trung tâm thương mại The Garden,mall,Hà Nội,"Đường Mễ Trì, Hà Nội",None,None,mall,21.0151623,105.7776877
Tràng Tiền Plaza,mall,Hà Nội,"24, Phố Hai Bà Trưng, Hà Nội",None,None,mall,21.0247575,105.8533447
WinMart,supermarket,Hà Nội,"163A, Phố Đại La, Hà Nội, 10000",None,None,supermarket,20.9963876,105.8444399
Vincom Nguyễn Chí Thanh,mall,Hà Nội,"54A, Đường Nguyễn Chí Thanh, Hà Nội",None,None,mall,21.0234732,105.8093275
Trung tâm thương mại Chợ Mơ,mall,Hà Nội,"459C, Bạch Mai, Hà Nội",None,None,mall,20.9968214,105.8505976
BMW Cars & Motorcycles,motorcycle,Hà Nội,"BMW Cars & Motorcycles, Ngõ 1 Đường Ngô Gia Tự, Phường Bồ Đề, Thành phố Hà Nội, 11810, Việt Nam",None,None,motorcycle,21.0544526,105.8868634
Chợ Vĩnh Phát,mall,Hà Nội,"Chợ Vĩnh Phát, Ngách 505/8 Đường Ninh Hiệp, Xã Phù Đổng, Thành phố Hà Nội, 10165, Việt Nam",None,None,mall,21.0781044,105.9472119
Chợ Vải Ninh Hiệp,mall,Hà Nội,"Chợ Vải Ninh Hiệp, Hẻm 503/54/40/47 Đường Ninh Hiệp, Xã Phù Đổng, Thành phố Hà Nội, 10165, Việt Nam",None,None,mall,21.0778155,105.9485365
Chợ Phú Điền,mall,Hà Nội,"Chợ Phú Điền, Ngõ 515 Đường Ninh Hiệp, Xã Phù Đổng, Thành phố Hà Nội, 10165, Việt Nam",None,None,mall,21.0773386,105.9480232
Quỹ tín dụng Nhân dân xã Cổ Nhuế,money_lender,Hà Nội,"Quỹ tín dụng Nhân dân xã Cổ Nhuế, Ngõ 103 Đường Cổ Nhuế, Phường Đông Ngạc, Thành phố Hà Nội, 12500, Việt Nam",None,None,money_lender,21.0608403,105.7813496
Mercedes-Benz Vietnam Star,car,Hà Nội,"2, Phố Ngô Quyền, Hà Nội",None,None,car,21.0294921,105.8563448
Nguyễn Kim,electronics,Hà Nội,"10, Phố Tràng Thi",None,None,electronics,21.0269208,105.8491955
Thùy Dương Hair & Beauty,beauty,Hà Nội,"174, Phố Tân Mai",None,None,beauty,20.9829227,105.8498676
None,car_repair,Hà Nội,"25, Đường Nguyễn Hoàng Tôn",None,None,car_repair,21.0699483,105.8095989
Hakyo Fusion Bakery,bakery,Hà Nội,"84, Phố Thợ Nhuộm, Hà Nội",None,None,bakery,21.0229768,105.8481229
Siêu thị điện máy HC Long Biên,electronics,Hà Nội,"Siêu thị điện máy HC Long Biên, Đường Nguyễn Văn Cừ, Phường Bồ Đề, Thành phố Hà Nội, 11810, Việt Nam",None,None,electronics,21.0498439,105.8831845
Format,clothes,Hà Nội,"341, Đường Nguyễn Văn Cừ",None,None,clothes,21.0464505,105.8764889
WinMart+,convenience,Hà Nội,"102, Phố Lê Thanh Nghị, Hà Nội",None,None,convenience,21.0020661,105.8464101
Đồng Tâm Mart,supermarket,Hà Nội,"238, Phố Lê Thanh Nghị",None,None,supermarket,21.0019479,105.8425582
DOJI,jewelry,Hà Nội,"476, Phố Xã Đàn, Hà Nội",None,None,jewelry,21.0167988,105.83188
AEON Mall Hà Đông,mall,Hà Nội,Hà Nội,None,None,mall,20.9894327,105.7512147
Mê Linh Plaza Hà Đông,mall,Hà Nội,"Mê Linh Plaza Hà Đông, Phố Hà Cầu, Phường Hà Đông, Thành phố Hà Nội, 10189, Việt Nam",None,None,mall,20.964091,105.7719333
Vincom Mega Mall Smart City,mall,Hà Nội,Hà Nội,None,None,mall,21.0058916,105.7543896
GO! Thăng Long,mall,Hà Nội,"222, Đường Trần Duy Hưng, Hà Nội",None,None,mall,21.0073711,105.7930991
AEON Mall Long Biên,mall,Hà Nội,"27, Đường Cổ Linh, Hà Nội",None,None,mall,21.0271274,105.899376
Vincom Center Trần Duy Hưng,mall,Hà Nội,"119, Đường Trần Duy Hưng, Hà Nội",None,None,mall,21.0066295,105.7955052
Trung tâm thương mại Artemis,mall,Hà Nội,"3, Phó Lê Trọng Tấn, Hà Nội",None,None,mall,20.9998359,105.8283792
Lexus Thăng Long,car,Hà Nội,"Lexus Thăng Long, Phố Dương Đình Nghệ, Phường Cầu Giấy, Thành phố Hà Nội, 10074, Việt Nam",None,None,car,21.0188008,105.7826369
JYSK,furniture,Hà Nội,"3C-3D, Phố Láng Hạ, Hà Nội",None,None,furniture,21.0221739,105.8192624
BRG Mart,supermarket,Hà Nội,"8, Phố Phạm Ngọc Thạch, Hà Nội",None,None,supermarket,21.0074827,105.8333111
Viet Brothers,clothes,Hà Nội,"10, Phố Phạm Ngọc Thạch, Hà Nội",None,None,clothes,21.0078716,105.8336313
M2,clothes,Hà Nội,"10B, Phố Phạm Ngọc Thạch",None,None,clothes,21.0077558,105.8335572
Maison Marou Hanoi,chocolate,Hà Nội,"91A, Phố Thợ Nhuộm, Hà Nội",None,None,chocolate,21.0220281,105.8498468
Trung tâm Ảnh TTXVN,photo,Hà Nội,"18, Phố Trần Hưng Đạo, Hà Nội",None,None,photo,21.0196348,105.8574114
Trương Định Plaza,mall,Hà Nội,"461, Đường Trương Định, Hà Nội",None,None,mall,20.9849875,105.8467184
Charles & Keith,clothes,Hà Nội,"XTEP Sports, Ngõ 72 Nguyễn Trãi, Phường Thanh Xuân, Thành phố Hà Nội, 10167, Việt Nam",None,None,clothes,21.0017616,105.8161813
Miana,clothes,Hà Nội,"Miana, Ngõ 72 Nguyễn Trãi, Phường Thanh Xuân, Thành phố Hà Nội, 10167, Việt Nam",None,None,clothes,21.0018169,105.8159509
None,kiosk,Hà Nội,"Miana, Ngõ 72 Nguyễn Trãi, Phường Thanh Xuân, Thành phố Hà Nội, 10167, Việt Nam",None,None,kiosk,21.0018472,105.8159252
MiniGood,department_store,Hà Nội,"Trung tâm nghệ thuật VCCA, Hẻm 101 Ngách 1 Ngõ 72 Nguyễn Trãi, Vinhomes Royal City, Phường Thanh Xuân, Thành phố Hà Nội, 10167, Việt Nam",None,None,department_store,21.0034352,105.8147008
None,kiosk,Hà Nội,"HERO WORLD, Phố Cự Lộc, Phường Thanh Xuân, Thành phố Hà Nội, 10167, Việt Nam",None,None,kiosk,21.0029861,105.8142459
KNQT,watches,Hà Nội,"Lemino, Phố Cự Lộc, Phường Thanh Xuân, Thành phố Hà Nội, 10167, Việt Nam",None,None,watches,21.0019696,105.8156287
Kymdan,furniture,Hà Nội,"HERO WORLD, Phố Cự Lộc, Phường Thanh Xuân, Thành phố Hà Nội, 10167, Việt Nam",None,None,furniture,21.0033194,105.8145134
The Blues,clothes,Hà Nội,"The Blues, Phố Cự Lộc, Phường Thanh Xuân, Thành phố Hà Nội, 10167, Việt Nam",None,None,clothes,21.0024805,105.8149188
None,kiosk,Hà Nội,"Đường Nguyễn Trãi, Phường Thanh Xuân, Thành phố Hà Nội, 10165, Việt Nam",None,None,kiosk,21.0014493,105.8159365
BOO,clothes,Hà Nội,"BOO, Ngõ 72 Nguyễn Trãi, Phường Thanh Xuân, Thành phố Hà Nội, 10167, Việt Nam",None,None,clothes,21.0020431,105.8160496
Lemino,clothes,Hà Nội,"KNQT, Phố Cự Lộc, Phường Thanh Xuân, Thành phố Hà Nội, 10167, Việt Nam",None,None,clothes,21.0020257,105.8155813
Vua Nệm,furniture,Hà Nội,"Vua Nệm, Phố Cự Lộc, Phường Thanh Xuân, Thành phố Hà Nội, 10167, Việt Nam",None,None,furniture,21.0030302,105.8143168
Super Sports,clothes,Hà Nội,"Super Sports, Đường Nguyễn Trãi, Phường Thanh Xuân, Thành phố Hà Nội, 10167, Việt Nam",None,None,clothes,21.0010644,105.8167252
Adidas,sports,Hà Nội,"Adidas, Ngõ 72 Đường Nguyễn Trãi, Phường Thanh Xuân, Thành phố Hà Nội, 10167, Việt Nam",None,None,sports,21.0024915,105.8157119
Dunlopillo,furniture,Hà Nội,"HERO WORLD, Phố Cự Lộc, Phường Thanh Xuân, Thành phố Hà Nội, 10167, Việt Nam",None,None,furniture,21.0030749,105.8143885
None,kiosk,Hà Nội,"IVY Moda, Đường Nguyễn Trãi, Phường Thanh Xuân, Thành phố Hà Nội, 10167, Việt Nam",None,None,kiosk,21.0013834,105.815985
Viet Thuong Music School,musical_instrument,Hà Nội,"TTD Group, Đường Nguyễn Trãi, Phường Thanh Xuân, Thành phố Hà Nội, 10167, Việt Nam",None,None,musical_instrument,21.0006404,105.8160814
Lisa Medi,beauty,Hà Nội,"Lisa Medi, Đường Nguyễn Trãi, Phường Thanh Xuân, Thành phố Hà Nội, 10167, Việt Nam",None,None,beauty,21.0008391,105.8163984
None,kiosk,Hà Nội,"Phố Cự Lộc, Phường Thanh Xuân, Thành phố Hà Nội, 10165, Việt Nam",None,None,kiosk,21.0024383,105.8145859
Li-Ning,clothes,Hà Nội,"Mango, Ngõ 72 Đường Nguyễn Trãi, Phường Thanh Xuân, Thành phố Hà Nội, 10167, Việt Nam",None,None,clothes,21.0025744,105.8155602
None,kiosk,Hà Nội,"Ngõ 72 Đường Nguyễn Trãi, Phường Thanh Xuân, Thành phố Hà Nội, 10165, Việt Nam",None,None,kiosk,21.0027511,105.8164016
Geox,shoes,Hà Nội,"Geox, Đường Nguyễn Trãi, Phường Thanh Xuân, Thành phố Hà Nội, 10167, Việt Nam",None,None,shoes,21.0016695,105.8158816
None,kiosk,Hà Nội,"Đường Nguyễn Trãi, Phường Thanh Xuân, Thành phố Hà Nội, 10165, Việt Nam",None,None,kiosk,21.0016024,105.8161018
Jang In,furniture,Hà Nội,"Jang In, Phố Cự Lộc, Phường Thanh Xuân, Thành phố Hà Nội, 10167, Việt Nam",None,None,furniture,21.0023545,105.8147219
None,kiosk,Hà Nội,"Đường Nguyễn Trãi, Phường Thanh Xuân, Thành phố Hà Nội, 10165, Việt Nam",None,None,kiosk,21.0011365,105.8161525
Lock&Lock,furniture,Hà Nội,"Lock&Lock, Phố Cự Lộc, Phường Thanh Xuân, Thành phố Hà Nội, 10167, Việt Nam",None,None,furniture,21.0023328,105.8152041
None,kiosk,Hà Nội,"Đường Nguyễn Trãi, Phường Thanh Xuân, Thành phố Hà Nội, 10165, Việt Nam",None,None,kiosk,21.0011276,105.8165924
Ecco,shoes,Hà Nội,"Ecco, Đường Nguyễn Trãi, Phường Thanh Xuân, Thành phố Hà Nội, 10167, Việt Nam",None,None,shoes,21.001405,105.8164384
Reebok,clothes,Hà Nội,"Skyline, Ngõ 72 Đường Nguyễn Trãi, Phường Thanh Xuân, Thành phố Hà Nội, 10167, Việt Nam",None,None,clothes,21.002877,105.8153793
Luxjy,jewelry,Hà Nội,"Luxjy, Ngõ 72 Đường Nguyễn Trãi, Phường Thanh Xuân, Thành phố Hà Nội, 10167, Việt Nam",None,None,jewelry,21.0022836,105.8156472
None,kiosk,Hà Nội,"Đường Nguyễn Trãi, Phường Thanh Xuân, Thành phố Hà Nội, 10165, Việt Nam",None,None,kiosk,21.0011784,105.8161907
Elise,clothes,Hà Nội,"Elise, Đường Nguyễn Trãi, Phường Thanh Xuân, Thành phố Hà Nội, 10167, Việt Nam",None,None,clothes,21.0012549,105.8161007
None,kiosk,Hà Nội,"Đường Nguyễn Trãi, Phường Thanh Xuân, Thành phố Hà Nội, 10165, Việt Nam",None,None,kiosk,21.0016479,105.8162636
Apple Family,furniture,Hà Nội,"Phố Cự Lộc, Phường Thanh Xuân, Thành phố Hà Nội, 10165, Việt Nam",None,None,furniture,21.0025209,105.8142616
V-SIXTYFOUR,clothes,Hà Nội,"TTD Group, Đường Nguyễn Trãi, Phường Thanh Xuân, Thành phố Hà Nội, 10167, Việt Nam",None,None,clothes,21.001046,105.8163063
None,kiosk,Hà Nội,"Phố Cự Lộc, Phường Thanh Xuân, Thành phố Hà Nội, 10165, Việt Nam",None,None,kiosk,21.0022709,105.8144188
None,kiosk,Hà Nội,"Hẻm 101 Ngách 1 Ngõ 72 Nguyễn Trãi, Phường Thanh Xuân, Thành phố Hà Nội, 10165, Việt Nam",None,None,kiosk,21.0037138,105.815082
None,kiosk,Hà Nội,"Phố Cự Lộc, Phường Thanh Xuân, Thành phố Hà Nội, 10165, Việt Nam",None,None,kiosk,21.0023243,105.8144039
Aldo,shoes,Hà Nội,"Nét Huế, Đường Nguyễn Trãi, Phường Thanh Xuân, Thành phố Hà Nội, 10167, Việt Nam",None,None,shoes,21.0014668,105.8163952
Oppo,mobile_phone,Hà Nội,"Robins, Đường Nguyễn Trãi, Phường Thanh Xuân, Thành phố Hà Nội, 10167, Việt Nam",None,None,mobile_phone,21.0016975,105.8160012
None,kiosk,Hà Nội,"Phố Cự Lộc, Phường Thanh Xuân, Thành phố Hà Nội, 10165, Việt Nam",None,None,kiosk,21.00246,105.8146167
Chất và Nhất,jewelry,Hà Nội,"Vinhomes Royal City, Phường Thanh Xuân, Thành phố Hà Nội, 10167, Việt Nam",None,None,jewelry,21.0024205,105.81555
Lacoste,clothes,Hà Nội,"Vinhomes Royal City, Phường Thanh Xuân, Thành phố Hà Nội, 10167, Việt Nam",None,None,clothes,21.0025493,105.8152358
My Kingdom,toys,Hà Nội,"HERO WORLD, Phố Cự Lộc, Phường Thanh Xuân, Thành phố Hà Nội, 10167, Việt Nam",None,None,toys,21.0028918,105.8142575
Oxgn,clothes,Hà Nội,"Oxgn, Hẻm 101 Ngách 1 Ngõ 72 Nguyễn Trãi, Phường Thanh Xuân, Thành phố Hà Nội, 10167, Việt Nam",None,None,clothes,21.0033667,105.8150351
Cole Haan,shoes,Hà Nội,"Cole Haan, Ngõ 72 Nguyễn Trãi, Phường Thanh Xuân, Thành phố Hà Nội, 10167, Việt Nam",None,None,shoes,21.0016995,105.8162272
I - Decor,interior_decoration,Hà Nội,"HERO WORLD, Phố Cự Lộc, Phường Thanh Xuân, Thành phố Hà Nội, 10167, Việt Nam",None,None,interior_decoration,21.0031904,105.8143091
LiOA,lighting,Hà Nội,"Phố Cự Lộc, Phường Thanh Xuân, Thành phố Hà Nội, 10165, Việt Nam",None,None,lighting,21.0022576,105.8144521
None,mall,Hà Nội,"Vinhomes Royal City, Phường Thanh Xuân, Thành phố Hà Nội, 10167, Việt Nam",None,None,mall,21.0024721,105.8155097
Longines,watches,Hà Nội,"Vinhomes Royal City, Phường Thanh Xuân, Thành phố Hà Nội, 10167, Việt Nam",None,None,watches,21.0024885,105.8154353
None,kiosk,Hà Nội,"TTD Group, Đường Nguyễn Trãi, Phường Thanh Xuân, Thành phố Hà Nội, 10167, Việt Nam",None,None,kiosk,21.0005842,105.8159905
None,kiosk,Hà Nội,"Đường Nguyễn Trãi, Phường Thanh Xuân, Thành phố Hà Nội, 10165, Việt Nam",None,None,kiosk,21.0017638,105.8159207
None,kiosk,Hà Nội,"Đèn trang trí và giải pháp chiếu sáng, Đường Nguyễn Trãi, Phường Thanh Xuân, Thành phố Hà Nội, 10167, Việt Nam",None,None,kiosk,21.0010828,105.8160679
Gio Bernini,clothes,Hà Nội,"Trung tâm nghệ thuật VCCA, Hẻm 101 Ngách 1 Ngõ 72 Nguyễn Trãi, Vinhomes Royal City, Phường Thanh Xuân, Thành phố Hà Nội, 10167, Việt Nam",None,None,clothes,21.0030607,105.8149111
The Face Shop,cosmetics,Hà Nội,"The Face Shop, Phố Cự Lộc, Phường Thanh Xuân, Thành phố Hà Nội, 10167, Việt Nam",None,None,cosmetics,21.0018523,105.8157059
None,kiosk,Hà Nội,"Ngõ 72 Đường Nguyễn Trãi, Phường Thanh Xuân, Thành phố Hà Nội, 10165, Việt Nam",None,None,kiosk,21.0022206,105.8158177
Robins,clothes,Hà Nội,"Robins, Ngách 50 Ngõ 72 Nguyễn Trãi, Phường Thanh Xuân, Thành phố Hà Nội, 10167, Việt Nam",None,None,clothes,21.0017986,105.8165324
None,mobile_phone,Hà Nội,"Ngõ 72 Đường Nguyễn Trãi, Phường Thanh Xuân, Thành phố Hà Nội, 10165, Việt Nam",None,None,mobile_phone,21.0028752,105.8158639
Chlo.D,clothes,Hà Nội,"Chlo.D, Đường Nguyễn Trãi, Phường Thanh Xuân, Thành phố Hà Nội, 10167, Việt Nam",None,None,clothes,21.0016082,105.8159233
Adidas,sports,Hà Nội,"Highlands Coffee, Hẻm 101 Ngách 1 Ngõ 72 Nguyễn Trãi, Phường Thanh Xuân, Thành phố Hà Nội, 10167, Việt Nam",None,None,sports,21.0029534,105.8153252
HLA,clothes,Hà Nội,"HLA, Đường Nguyễn Trãi, Phường Thanh Xuân, Thành phố Hà Nội, 10167, Việt Nam",None,None,clothes,21.0010789,105.8162051
Calvin Klein,clothes,Hà Nội,"Calvin Klein, Phố Cự Lộc, Phường Thanh Xuân, Thành phố Hà Nội, 10167, Việt Nam",None,None,clothes,21.002746,105.8150599
San Kelloff,clothes,Hà Nội,"San Kelloff, Phố Cự Lộc, Phường Thanh Xuân, Thành phố Hà Nội, 10167, Việt Nam",None,None,clothes,21.0026043,105.8151569
361,clothes,Hà Nội,"Vinhomes Royal City, Phường Thanh Xuân, Thành phố Hà Nội, 10167, Việt Nam",None,None,clothes,21.0024836,105.8156238
Lare Boss,clothes,Hà Nội,"Vinhomes Royal City, Phường Thanh Xuân, Thành phố Hà Nội, 10167, Việt Nam",None,None,clothes,21.00254,105.8152028
Ogawa,furniture,Hà Nội,"R5, Đường Nguyễn Trãi, Phường Thanh Xuân, Thành phố Hà Nội, 10167, Việt Nam",None,None,furniture,21.002125,105.8145349
None,kiosk,Hà Nội,"Decathlon, Ngõ 72 Đường Nguyễn Trãi, Phường Thanh Xuân, Thành phố Hà Nội, 10167, Việt Nam",None,None,kiosk,21.0029206,105.8162203
Zip,furniture,Hà Nội,"R5, Đường Nguyễn Trãi, Phường Thanh Xuân, Thành phố Hà Nội, 10167, Việt Nam",None,None,furniture,21.002083,105.8147968
None,kiosk,Hà Nội,"Đường Nguyễn Trãi, Phường Thanh Xuân, Thành phố Hà Nội, 10165, Việt Nam",None,None,kiosk,21.0015742,105.8161284
None,kiosk,Hà Nội,"Decathlon, Ngõ 72 Đường Nguyễn Trãi, Phường Thanh Xuân, Thành phố Hà Nội, 10167, Việt Nam",None,None,kiosk,21.0023901,105.8163865
Rabity,clothes,Hà Nội,"HERO WORLD, Phố Cự Lộc, Phường Thanh Xuân, Thành phố Hà Nội, 10167, Việt Nam",None,None,clothes,21.0029388,105.8141698
Casio,watches,Hà Nội,"Casio, Đường Nguyễn Trãi, Phường Thanh Xuân, Thành phố Hà Nội, 10167, Việt Nam",None,None,watches,21.0006971,105.8161684
Pedro,clothes,Hà Nội,"The Face Shop, Phố Cự Lộc, Phường Thanh Xuân, Thành phố Hà Nội, 10167, Việt Nam",None,None,clothes,21.0018543,105.8157154
None,kiosk,Hà Nội,"Đường Nguyễn Trãi, Phường Thanh Xuân, Thành phố Hà Nội, 10165, Việt Nam",None,None,kiosk,21.0010077,105.8159491
EmSpo,clothes,Hà Nội,"EmSpo, Đường Nguyễn Trãi, Phường Thanh Xuân, Thành phố Hà Nội, 10167, Việt Nam",None,None,clothes,21.0016666,105.8157984
Casio,watches,Hà Nội,"Vinhomes Royal City, Phường Thanh Xuân, Thành phố Hà Nội, 10167, Việt Nam",None,None,watches,21.0024428,105.8154655
Nike,clothes,Hà Nội,"Nike, Ngõ 72 Đường Nguyễn Trãi, Phường Thanh Xuân, Thành phố Hà Nội, 10167, Việt Nam",None,None,clothes,21.0024201,105.8157645
None,kiosk,Hà Nội,"Ngõ 72 Đường Nguyễn Trãi, Phường Thanh Xuân, Thành phố Hà Nội, 10165, Việt Nam",None,None,kiosk,21.0030391,105.8154028
Akemi Uchi,furniture,Hà Nội,"Akemi Uchi, Hẻm 101 Ngách 1 Ngõ 72 Nguyễn Trãi, Vinhomes Royal City, Phường Thanh Xuân, Thành phố Hà Nội, 10167, Việt Nam",None,None,furniture,21.0031434,105.8144956
None,kiosk,Hà Nội,"Dookki, Ngõ 72 Đường Nguyễn Trãi, Phường Thanh Xuân, Thành phố Hà Nội, 10167, Việt Nam",None,None,kiosk,21.003282,105.8154723
3 Cá Bống,pastry,Hà Nội,"Robins, Ngõ 72 Nguyễn Trãi, Phường Thanh Xuân, Thành phố Hà Nội, 10167, Việt Nam",None,None,pastry,21.0014124,105.816667
Delta,clothes,Hà Nội,"Adidas, Ngõ 72 Đường Nguyễn Trãi, Phường Thanh Xuân, Thành phố Hà Nội, 10167, Việt Nam",None,None,clothes,21.0024239,105.8156688
VicLuxy,clothes,Hà Nội,"VicLuxy, Hẻm 101 Ngách 1 Ngõ 72 Nguyễn Trãi, Vinhomes Royal City, Phường Thanh Xuân, Thành phố Hà Nội, 10167, Việt Nam",None,None,clothes,21.0030138,105.815075
WinMart,supermarket,Hà Nội,"Vsmart, Ngõ 72 Đường Nguyễn Trãi, Phường Thanh Xuân, Thành phố Hà Nội, 10167, Việt Nam",None,None,supermarket,21.003404,105.8162266
Daiso Japan,department_store,Hà Nội,"The Blues, Phố Cự Lộc, Phường Thanh Xuân, Thành phố Hà Nội, 10167, Việt Nam",None,None,department_store,21.0024451,105.8149029
Vàng Kim Hương,jewelry,Hà Nội,"Vàng Kim Hương, Phố Cự Lộc, Phường Thanh Xuân, Thành phố Hà Nội, 10167, Việt Nam",None,None,jewelry,21.0022547,105.8156034
Decathlon,sports,Hà Nội,"Trường Quốc tế Anh Việt Hà Nội, Ngõ 72 Đường Nguyễn Trãi, Phường Thanh Xuân, Thành phố Hà Nội, 10167, Việt Nam",None,None,sports,21.0025164,105.8162927
None,kiosk,Hà Nội,"Hoàng Phúc, Phố Cự Lộc, Phường Thanh Xuân, Thành phố Hà Nội, 10167, Việt Nam",None,None,kiosk,21.0030058,105.8150146
Pizza - Pasta,bakery,Hà Nội,"Pizza - Pasta, Đường Nguyễn Trãi, Phường Thanh Xuân, Thành phố Hà Nội, 10167, Việt Nam",None,None,bakery,21.0012721,105.8166422
Tommy & Hilfiger,clothes,Hà Nội,"Tommy & Hilfiger, Đường Nguyễn Trãi, Phường Thanh Xuân, Thành phố Hà Nội, 10167, Việt Nam",None,None,clothes,21.0017292,105.815836
MUJOSH,clothes,Hà Nội,"Ngõ 72 Đường Nguyễn Trãi, Phường Thanh Xuân, Thành phố Hà Nội, 10165, Việt Nam",None,None,clothes,21.0026674,105.8155313
None,kiosk,Hà Nội,"Decathlon, Ngõ 72 Đường Nguyễn Trãi, Phường Thanh Xuân, Thành phố Hà Nội, 10167, Việt Nam",None,None,kiosk,21.0026058,105.8166661
Kelly Bui,clothes,Hà Nội,"Kelly Bui, Đường Nguyễn Trãi, Phường Thanh Xuân, Thành phố Hà Nội, 10167, Việt Nam",None,None,clothes,21.0013463,105.8164221
None,kiosk,Hà Nội,"Đường Nguyễn Trãi, Phường Thanh Xuân, Thành phố Hà Nội, 10165, Việt Nam",None,None,kiosk,21.0016415,105.8160731
None,kiosk,Hà Nội,"Phố Cự Lộc, Phường Thanh Xuân, Thành phố Hà Nội, 10165, Việt Nam",None,None,kiosk,21.002138,105.8146023
None,mall,Hà Nội,"Vinhomes Royal City, Phường Thanh Xuân, Thành phố Hà Nội, 10167, Việt Nam",None,None,mall,21.0023934,105.8155047
Black Pearl,jewelry,Hà Nội,"Black Pearl, Đường Nguyễn Trãi, Phường Thanh Xuân, Thành phố Hà Nội, 10167, Việt Nam",None,None,jewelry,21.0014257,105.8160532
Trang sức,jewelry,Hà Nội,"Trang sức, Phố Cự Lộc, Phường Thanh Xuân, Thành phố Hà Nội, 10167, Việt Nam",None,None,jewelry,21.0022979,105.8155743
XTEP Sports,clothes,Hà Nội,"Robins, Ngõ 72 Nguyễn Trãi, Phường Thanh Xuân, Thành phố Hà Nội, 10167, Việt Nam",None,None,clothes,21.0018338,105.8162675
Havaianas,shoes,Hà Nội,"Havaianas, Ngõ 72 Đường Nguyễn Trãi, Phường Thanh Xuân, Thành phố Hà Nội, 10167, Việt Nam",None,None,shoes,21.0027549,105.8156935
None,kiosk,Hà Nội,"Trung tâm nghệ thuật VCCA, Hẻm 101 Ngách 1 Ngõ 72 Nguyễn Trãi, Vinhomes Royal City, Phường Thanh Xuân, Thành phố Hà Nội, 10167, Việt Nam",None,None,kiosk,21.0036697,105.8150118
amPrin,clothes,Hà Nội,"R5, Đường Nguyễn Trãi, Phường Thanh Xuân, Thành phố Hà Nội, 10167, Việt Nam",None,None,clothes,21.002165,105.8148556
None,kiosk,Hà Nội,"KizCiti, Ngõ 72 Đường Nguyễn Trãi, Phường Thanh Xuân, Thành phố Hà Nội, 10167, Việt Nam",None,None,kiosk,21.0038449,105.815292
Skechers,shoes,Hà Nội,"Pozaa, Ngõ 72 Đường Nguyễn Trãi, Phường Thanh Xuân, Thành phố Hà Nội, 10167, Việt Nam",None,None,shoes,21.0027369,105.8154776
None,kiosk,Hà Nội,"Ngõ 72 Nguyễn Trãi, Phường Thanh Xuân, Thành phố Hà Nội, 10165, Việt Nam",None,None,kiosk,21.0017908,105.8159636
None,kiosk,Hà Nội,"Đường Nguyễn Trãi, Phường Thanh Xuân, Thành phố Hà Nội, 10165, Việt Nam",None,None,kiosk,21.0015752,105.8160563
None,kiosk,Hà Nội,"Trung tâm nghệ thuật VCCA, Hẻm 101 Ngách 1 Ngõ 72 Nguyễn Trãi, Vinhomes Royal City, Phường Thanh Xuân, Thành phố Hà Nội, 10167, Việt Nam",None,None,kiosk,21.003126,105.8150005
Duoyi,clothes,Hà Nội,"Duoyi, Phố Cự Lộc, Phường Thanh Xuân, Thành phố Hà Nội, 10167, Việt Nam",None,None,clothes,21.0026652,105.8151103
Adore Dress,clothes,Hà Nội,"Adore Dress, Phố Cự Lộc, Phường Thanh Xuân, Thành phố Hà Nội, 10167, Việt Nam",None,None,clothes,21.002828,105.8149967
None,kiosk,Hà Nội,"Ngõ 72 Nguyễn Trãi, Phường Thanh Xuân, Thành phố Hà Nội, 10165, Việt Nam",None,None,kiosk,21.001821,105.8158786
Vsmart,mobile_phone,Hà Nội,"WinMart, Ngõ 72 Đường Nguyễn Trãi, Phường Thanh Xuân, Thành phố Hà Nội, 10167, Việt Nam",None,None,mobile_phone,21.0033335,105.8163459
Condotti,clothes,Hà Nội,"Condotti, Đường Nguyễn Trãi, Phường Thanh Xuân, Thành phố Hà Nội, 10167, Việt Nam",None,None,clothes,21.0009243,105.816536
None,kiosk,Hà Nội,"Vsmart, Ngõ 72 Đường Nguyễn Trãi, Phường Thanh Xuân, Thành phố Hà Nội, 10167, Việt Nam",None,None,kiosk,21.0032156,105.8160179
None,kiosk,Hà Nội,"HERO WORLD, Phố Cự Lộc, Phường Thanh Xuân, Thành phố Hà Nội, 10167, Việt Nam",None,None,kiosk,21.0025877,105.8142175
Aokang,clothes,Hà Nội,"Aokang, Phố Cự Lộc, Phường Thanh Xuân, Thành phố Hà Nội, 10167, Việt Nam",None,None,clothes,21.0019305,105.8156518
G2000,clothes,Hà Nội,"Top&Top, Phố Cự Lộc, Phường Thanh Xuân, Thành phố Hà Nội, 10167, Việt Nam",None,None,clothes,21.0019024,105.8156831
Forever,furniture,Hà Nội,"Forever, Hẻm 101 Ngách 1 Ngõ 72 Nguyễn Trãi, Vinhomes Royal City, Phường Thanh Xuân, Thành phố Hà Nội, 10167, Việt Nam",None,None,furniture,21.0032524,105.814409
Gỗ Việt,furniture,Hà Nội,"Phố Cự Lộc, Phường Thanh Xuân, Thành phố Hà Nội, 10165, Việt Nam",None,None,furniture,21.0019913,105.8148723
None,kiosk,Hà Nội,"Robins, Ngõ 72 Nguyễn Trãi, Phường Thanh Xuân, Thành phố Hà Nội, 10167, Việt Nam",None,None,kiosk,21.0017559,105.8165115
Galle Watch,watches,Hà Nội,"Vinhomes Royal City, Phường Thanh Xuân, Thành phố Hà Nội, 10167, Việt Nam",None,None,watches,21.0023784,105.8155814
Grand Bois,furniture,Hà Nội,"The Blues, Phố Cự Lộc, Phường Thanh Xuân, Thành phố Hà Nội, 10167, Việt Nam",None,None,furniture,21.0025606,105.8150546
Clarks,shoes,Hà Nội,"Clarks, Đường Nguyễn Trãi, Phường Thanh Xuân, Thành phố Hà Nội, 10167, Việt Nam",None,None,shoes,21.0017924,105.8157923
None,kiosk,Hà Nội,"Đường Nguyễn Trãi, Phường Thanh Xuân, Thành phố Hà Nội, 10165, Việt Nam",None,None,kiosk,21.0013366,105.8162597
Đồng hồ tốt,watches,Hà Nội,"Đồng hồ tốt, Phố Cự Lộc, Phường Thanh Xuân, Thành phố Hà Nội, 10167, Việt Nam",None,None,watches,21.0025178,105.8154803
Labella,clothes,Hà Nội,"Labella, Đường Nguyễn Trãi, Phường Thanh Xuân, Thành phố Hà Nội, 10167, Việt Nam",None,None,clothes,21.0011479,105.8162118
Giordano,clothes,Hà Nội,"Decathlon, Ngõ 72 Đường Nguyễn Trãi, Phường Thanh Xuân, Thành phố Hà Nội, 10167, Việt Nam",None,None,clothes,21.0021586,105.8158601
IVY Moda,clothes,Hà Nội,"Đường Nguyễn Trãi, Phường Thanh Xuân, Thành phố Hà Nội, 10165, Việt Nam",None,None,clothes,21.0014524,105.8159577
Puma,clothes,Hà Nội,"Hokaido Bake Cheese Tart, Ngõ 72 Đường Nguyễn Trãi, Phường Thanh Xuân, Thành phố Hà Nội, 10167, Việt Nam",None,None,clothes,21.0028104,105.8154246
None,kiosk,Hà Nội,"Robins, Ngõ 72 Nguyễn Trãi, Phường Thanh Xuân, Thành phố Hà Nội, 10167, Việt Nam",None,None,kiosk,21.0021274,105.8163261
Mắt Việt,jewelry,Hà Nội,"Mắt Việt, Phố Cự Lộc, Phường Thanh Xuân, Thành phố Hà Nội, 10167, Việt Nam",None,None,jewelry,21.0023535,105.8155379
None,kiosk,Hà Nội,"Đường Nguyễn Trãi, Phường Thanh Xuân, Thành phố Hà Nội, 10165, Việt Nam",None,None,kiosk,21.0013183,105.8160297
House of Samsonite,clothes,Hà Nội,"Decathlon, Ngõ 72 Đường Nguyễn Trãi, Phường Thanh Xuân, Thành phố Hà Nội, 10167, Việt Nam",None,None,clothes,21.0022802,105.8157724
Shiseido,clothes,Hà Nội,"Shiseido, Đường Nguyễn Trãi, Phường Thanh Xuân, Thành phố Hà Nội, 10167, Việt Nam",None,None,clothes,21.0013611,105.8160999
None,kiosk,Hà Nội,"R5, Đường Nguyễn Trãi, Phường Thanh Xuân, Thành phố Hà Nội, 10167, Việt Nam",None,None,kiosk,21.0021944,105.8144974
Hoàng Phúc,clothes,Hà Nội,"Hoàng Phúc, Phố Cự Lộc, Phường Thanh Xuân, Thành phố Hà Nội, 10167, Việt Nam",None,None,clothes,21.0029581,105.8149902
Gumac,clothes,Hà Nội,"Nike, Ngõ 72 Đường Nguyễn Trãi, Phường Thanh Xuân, Thành phố Hà Nội, 10167, Việt Nam",None,None,clothes,21.0023551,105.8157169
None,kiosk,Hà Nội,"Trường Quốc tế Anh Việt Hà Nội, Ngõ 72 Đường Nguyễn Trãi, Phường Thanh Xuân, Thành phố Hà Nội, 10167, Việt Nam",None,None,kiosk,21.0024736,105.8163751
Mango,clothes,Hà Nội,"Mango, Ngõ 72 Đường Nguyễn Trãi, Phường Thanh Xuân, Thành phố Hà Nội, 10167, Việt Nam",None,None,clothes,21.0026455,105.8158026
NaMat,furniture,Hà Nội,"NaMat, Phố Cự Lộc, Phường Thanh Xuân, Thành phố Hà Nội, 10167, Việt Nam",None,None,furniture,21.0027622,105.8143516
None,kiosk,Hà Nội,"Hẻm 101 Ngách 1 Ngõ 72 Nguyễn Trãi, Phường Thanh Xuân, Thành phố Hà Nội, 10165, Việt Nam",None,None,kiosk,21.003647,105.8153177
Anta Sports,clothes,Hà Nội,"Robins, Ngõ 72 Nguyễn Trãi, Phường Thanh Xuân, Thành phố Hà Nội, 10167, Việt Nam",None,None,clothes,21.0019223,105.8161382
TTD Group,houseware,Hà Nội,"TTD Group, Đường Nguyễn Trãi, Phường Thanh Xuân, Thành phố Hà Nội, 10167, Việt Nam",None,None,houseware,21.0007664,105.8161485
Nam & co.,clothes,Hà Nội,"Nam & co., Đường Nguyễn Trãi, Phường Thanh Xuân, Thành phố Hà Nội, 10167, Việt Nam",None,None,clothes,21.0014112,105.8163723
None,kiosk,Hà Nội,"Phố Cự Lộc, Phường Thanh Xuân, Thành phố Hà Nội, 10165, Việt Nam",None,None,kiosk,21.0022258,105.8153779
None,kiosk,Hà Nội,"Ngõ 72 Đường Nguyễn Trãi, Phường Thanh Xuân, Thành phố Hà Nội, 10165, Việt Nam",None,None,kiosk,21.0028122,105.8162961
None,kiosk,Hà Nội,"Phố Cự Lộc, Phường Thanh Xuân, Thành phố Hà Nội, 10165, Việt Nam",None,None,kiosk,21.0022639,105.8145364
MamaBebe,clothes,Hà Nội,"HERO WORLD, Phố Cự Lộc, Phường Thanh Xuân, Thành phố Hà Nội, 10167, Việt Nam",None,None,clothes,21.0024545,105.8143104
Lebon Skin Lab,beauty,Hà Nội,"TTD Group, Đường Nguyễn Trãi, Phường Thanh Xuân, Thành phố Hà Nội, 10167, Việt Nam",None,None,beauty,21.0007583,105.8162695
None,kiosk,Hà Nội,"Phố Cự Lộc, Phường Thanh Xuân, Thành phố Hà Nội, 10165, Việt Nam",None,None,kiosk,21.0028286,105.8143038
Skin Clinic,cosmetics,Hà Nội,"TTD Group, Đường Nguyễn Trãi, Phường Thanh Xuân, Thành phố Hà Nội, 10167, Việt Nam",None,None,cosmetics,21.0009741,105.8163594
Đèn trang trí và giải pháp chiếu sáng,houseware,Hà Nội,"Up Fitness & Yoga, Đường Nguyễn Trãi, Phường Thanh Xuân, Thành phố Hà Nội, 10167, Việt Nam",None,None,houseware,21.0008534,105.8158737
TTD Group,houseware,Hà Nội,"V-SIXTYFOUR, Đường Nguyễn Trãi, Phường Thanh Xuân, Thành phố Hà Nội, 10167, Việt Nam",None,None,houseware,21.0010679,105.8162946
Rylko,clothes,Hà Nội,"Rylko, Đường Nguyễn Trãi, Phường Thanh Xuân, Thành phố Hà Nội, 10167, Việt Nam",None,None,clothes,21.0013077,105.816507
None,kiosk,Hà Nội,"Đường Nguyễn Trãi, Phường Thanh Xuân, Thành phố Hà Nội, 10165, Việt Nam",None,None,kiosk,21.0016138,105.8160237
Pabini,clothes,Hà Nội,"Pabini, Phố Cự Lộc, Phường Thanh Xuân, Thành phố Hà Nội, 10167, Việt Nam",None,None,clothes,21.0029374,105.8149155
LYN,clothes,Hà Nội,"LYN, Đường Nguyễn Trãi, Phường Thanh Xuân, Thành phố Hà Nội, 10167, Việt Nam",None,None,clothes,21.0014933,105.8160067
Okia,furniture,Hà Nội,"R4, 72, R4, Đường Nguyễn Trãi, Phường Thanh Xuân, Thành phố Hà Nội, 10167, Việt Nam",None,None,furniture,21.0029706,105.8164183
Valention Creations,clothes,Hà Nội,"H&M, Phố Cự Lộc, Phường Thanh Xuân, Thành phố Hà Nội, 10167, Việt Nam",None,None,clothes,21.00214,105.8154421
None,kiosk,Hà Nội,"Hẻm 101 Ngách 1 Ngõ 72 Nguyễn Trãi, Vinhomes Royal City, Phường Thanh Xuân, Thành phố Hà Nội, 10165, Việt Nam",None,None,kiosk,21.0032207,105.8146989
Tat Golf,sports,Hà Nội,"Tat Golf, Hẻm 101 Ngách 1 Ngõ 72 Nguyễn Trãi, Phường Thanh Xuân, Thành phố Hà Nội, 10167, Việt Nam",None,None,sports,21.0032115,105.8151012
JM Dress Design,clothes,Hà Nội,"JM Dress Design, Đường Nguyễn Trãi, Phường Thanh Xuân, Thành phố Hà Nội, 10167, Việt Nam",None,None,clothes,21.001358,105.8160226
None,kiosk,Hà Nội,"Đường Nguyễn Trãi, Phường Thanh Xuân, Thành phố Hà Nội, 10165, Việt Nam",None,None,kiosk,21.0011952,105.8161833
Vsmart,mobile_phone,Hà Nội,"Gogi, Ngõ 72 Đường Nguyễn Trãi, Phường Thanh Xuân, Thành phố Hà Nội, 10167, Việt Nam",None,None,mobile_phone,21.0030705,105.8158228
Sony,electronics,Hà Nội,"Sony, Ngõ 72 Đường Nguyễn Trãi, Phường Thanh Xuân, Thành phố Hà Nội, 10167, Việt Nam",None,None,electronics,21.0032216,105.8158346
H&M,clothes,Hà Nội,"H&M, Phố Cự Lộc, Phường Thanh Xuân, Thành phố Hà Nội, 10167, Việt Nam",None,None,clothes,21.0020722,105.8151743
None,kiosk,Hà Nội,"Canifa, Đường Nguyễn Trãi, Phường Thanh Xuân, Thành phố Hà Nội, 10167, Việt Nam",None,None,kiosk,21.0016029,105.8162954
None,kiosk,Hà Nội,"Calvin Klein, Phố Cự Lộc, Phường Thanh Xuân, Thành phố Hà Nội, 10167, Việt Nam",None,None,kiosk,21.0027311,105.8150687
vascara,clothes,Hà Nội,"vascara, Đường Nguyễn Trãi, Phường Thanh Xuân, Thành phố Hà Nội, 10167, Việt Nam",None,None,clothes,21.0009909,105.8166413
None,kiosk,Hà Nội,"R5, Đường Nguyễn Trãi, Phường Thanh Xuân, Thành phố Hà Nội, 10167, Việt Nam",None,None,kiosk,21.0023878,105.8143545
None,kiosk,Hà Nội,"Phố Cự Lộc, Phường Thanh Xuân, Thành phố Hà Nội, 10165, Việt Nam",None,None,kiosk,21.0024065,105.8144365
Churros Box,pastry,Hà Nội,"Trung tâm nghệ thuật VCCA, Hẻm 101 Ngách 1 Ngõ 72 Nguyễn Trãi, Vinhomes Royal City, Phường Thanh Xuân, Thành phố Hà Nội, 10167, Việt Nam",None,None,pastry,21.003183,105.8149643
Robins,clothes,Hà Nội,"Robins, Đường Nguyễn Trãi, Phường Thanh Xuân, Thành phố Hà Nội, 10167, Việt Nam",None,None,clothes,21.0017104,105.8160296
Hallyu,clothes,Hà Nội,"Hoàng Phúc, Phố Cự Lộc, Phường Thanh Xuân, Thành phố Hà Nội, 10167, Việt Nam",None,None,clothes,21.0029646,105.8150454
None,mall,Hà Nội,"Phố Cự Lộc, Phường Thanh Xuân, Thành phố Hà Nội, 10165, Việt Nam",None,None,mall,21.0026429,105.8151492
Pantio,clothes,Hà Nội,"Clarks, Đường Nguyễn Trãi, Phường Thanh Xuân, Thành phố Hà Nội, 10167, Việt Nam",None,None,clothes,21.0017591,105.815767
None,kiosk,Hà Nội,"Ngõ 72 Nguyễn Trãi, Phường Thanh Xuân, Thành phố Hà Nội, 10165, Việt Nam",None,None,kiosk,21.0018893,105.8158931
Canifa,clothes,Hà Nội,"Canifa, Đường Nguyễn Trãi, Phường Thanh Xuân, Thành phố Hà Nội, 10167, Việt Nam",None,None,clothes,21.0016207,105.8163157
None,kiosk,Hà Nội,"Phố Cự Lộc, Phường Thanh Xuân, Thành phố Hà Nội, 10165, Việt Nam",None,None,kiosk,21.0026669,105.8141581
Katana,kitchen,Hà Nội,"Katana, Hẻm 101 Ngách 1 Ngõ 72 Nguyễn Trãi, Vinhomes Royal City, Phường Thanh Xuân, Thành phố Hà Nội, 10167, Việt Nam",None,None,kitchen,21.0031198,105.8141949
None,kiosk,Hà Nội,"Canifa, Đường Nguyễn Trãi, Phường Thanh Xuân, Thành phố Hà Nội, 10167, Việt Nam",None,None,kiosk,21.0015707,105.8163169
Top&Top,clothes,Hà Nội,"Top&Top, Phố Cự Lộc, Phường Thanh Xuân, Thành phố Hà Nội, 10167, Việt Nam",None,None,clothes,21.0018859,105.8156817
None,kiosk,Hà Nội,"Ngõ 72 Nguyễn Trãi, Phường Thanh Xuân, Thành phố Hà Nội, 10165, Việt Nam",None,None,kiosk,21.0018587,105.815849
Nhà sách Phương Nam,books,Hà Nội,"HERO WORLD, Phố Cự Lộc, Phường Thanh Xuân, Thành phố Hà Nội, 10167, Việt Nam",None,None,books,21.0026632,105.8144238
None,kiosk,Hà Nội,"Ngõ 72 Đường Nguyễn Trãi, Phường Thanh Xuân, Thành phố Hà Nội, 10165, Việt Nam",None,None,kiosk,21.0032197,105.8153719
Aqua Mineral,clothes,Hà Nội,"Nét Huế, Đường Nguyễn Trãi, Phường Thanh Xuân, Thành phố Hà Nội, 10167, Việt Nam",None,None,clothes,21.0013523,105.816476
Levi's,clothes,Hà Nội,"Levi's, Phố Cự Lộc, Phường Thanh Xuân, Thành phố Hà Nội, 10167, Việt Nam",None,None,clothes,21.0026978,105.8151101
Cheers,furniture,Hà Nội,"Cheers, Phố Cự Lộc, Phường Thanh Xuân, Thành phố Hà Nội, 10167, Việt Nam",None,None,furniture,21.0025262,105.8145217
None,mall,Hà Nội,"Ngõ 72 Đường Nguyễn Trãi, Phường Thanh Xuân, Thành phố Hà Nội, 10165, Việt Nam",None,None,mall,21.002328,105.8156182
Leka,clothes,Hà Nội,"Leka, Đường Nguyễn Trãi, Phường Thanh Xuân, Thành phố Hà Nội, 10167, Việt Nam",None,None,clothes,21.0016336,105.8158763
VinFast,car,Hà Nội,"Đường Nguyễn Trãi, Phường Thanh Xuân, Thành phố Hà Nội, 10165, Việt Nam",None,None,car,21.0014659,105.8161696
Penshoppe,clothes,Hà Nội,"Penshoppe, Hẻm 101 Ngách 1 Ngõ 72 Nguyễn Trãi, Phường Thanh Xuân, Thành phố Hà Nội, 10167, Việt Nam",None,None,clothes,21.0032773,105.8150553
None,kiosk,Hà Nội,"Ngõ 72 Đường Nguyễn Trãi, Phường Thanh Xuân, Thành phố Hà Nội, 10165, Việt Nam",None,None,kiosk,21.0031016,105.8155109
None,kiosk,Hà Nội,"Đường Nguyễn Trãi, Phường Thanh Xuân, Thành phố Hà Nội, 10165, Việt Nam",None,None,kiosk,21.0012335,105.8161557
Maxx Sport,clothes,Hà Nội,"KOI Thé, Hẻm 101 Ngách 1 Ngõ 72 Nguyễn Trãi, Phường Thanh Xuân, Thành phố Hà Nội, 10167, Việt Nam",None,None,clothes,21.003111,105.8151726
Kore,furniture,Hà Nội,"Kore, Hẻm 101 Ngách 1 Ngõ 72 Nguyễn Trãi, Vinhomes Royal City, Phường Thanh Xuân, Thành phố Hà Nội, 10167, Việt Nam",None,None,furniture,21.0033655,105.8145906
None,kiosk,Hà Nội,"Phố Cự Lộc, Phường Thanh Xuân, Thành phố Hà Nội, 10165, Việt Nam",None,None,kiosk,21.0023268,105.8144909
None,kiosk,Hà Nội,"Đường Nguyễn Trãi, Phường Thanh Xuân, Thành phố Hà Nội, 10165, Việt Nam",None,None,kiosk,21.0013991,105.8162545
Efora,clothes,Hà Nội,"Canifa, Đường Nguyễn Trãi, Phường Thanh Xuân, Thành phố Hà Nội, 10167, Việt Nam",None,None,clothes,21.001525,105.8163502
Menard,cosmetics,Hà Nội,"Menard, Đường Nguyễn Trãi, Phường Thanh Xuân, Thành phố Hà Nội, 10167, Việt Nam",None,None,cosmetics,21.0009157,105.8161523
Bánh ngọt hoàn trần 1,pastry,Hà Nội,20 Sông nhuệ p đức thắng,None,None,pastry,21.0757544,105.7721779
Giặt là cô Ánh,dry_cleaning,Hà Nội,Sông nhuệ p đức thắng,None,None,dry_cleaning,21.0756028,105.7719842
Ánh Thoa,clothes,Hà Nội,Sông nhuệ p đức thắng,None,None,clothes,21.0755332,105.7719797
tạp hóa mạnh cường,variety_store,Hà Nội,Sông nhuệ p đức thắng,None,None,variety_store,21.0754815,105.7719799
Quán quần áo Mishop,clothes,Hà Nội,117 Sông nhuệ p đức thắng,None,None,clothes,21.0760606,105.7720065
Quần áo,clothes,Hà Nội,"117 Sông nhuệ p đức thắng, Sông Nhuệ, Phường Đức Thắng",None,None,clothes,21.0760029,105.7719969
None,furniture,Hà Nội,"Xóm 19, Đường Cổ Nhuế, Hà Nội",None,None,furniture,21.0675802,105.778604
Siêu thị AEON,supermarket,Hà Nội,"Bãi đỗ xe ô tô trên cao, Phường Long Biên, Thành phố Hà Nội, 08443, Việt Nam",None,None,supermarket,21.0280364,105.8981925
AEON Bicycle Shop,bicycle,Hà Nội,"Bãi đỗ xe ô tô trên cao, Phường Long Biên, Thành phố Hà Nội, 08443, Việt Nam",None,None,bicycle,21.027591,105.8985569
Yves Rocher,cosmetics,Hà Nội,"Bãi đỗ xe ô tô trên cao, Phường Long Biên, Thành phố Hà Nội, 08443, Việt Nam",None,None,cosmetics,21.027691,105.898588
Club Cilo,cosmetics,Hà Nội,"Bãi đỗ xe ô tô trên cao, Phường Long Biên, Thành phố Hà Nội, 08443, Việt Nam",None,None,cosmetics,21.0276676,105.8986379
Thefaceshop,cosmetics,Hà Nội,"Bãi đỗ xe ô tô trên cao, Phường Long Biên, Thành phố Hà Nội, 08443, Việt Nam",None,None,cosmetics,21.0276252,105.8986834
The Body Shop,cosmetics,Hà Nội,"Bãi đỗ xe ô tô trên cao, Phường Long Biên, Thành phố Hà Nội, 08443, Việt Nam",None,None,cosmetics,21.0275988,105.8987397
Giặt là SAKURA,dry_cleaning,Hà Nội,"Giặt là SAKURA, Bãi đỗ xe ô tô trên cao, Phường Long Biên, Thành phố Hà Nội, 08443, Việt Nam",None,None,dry_cleaning,21.0279934,105.8987391
Mochi Sweets,bakery,Hà Nội,"Mochi Sweets, Bãi đỗ xe ô tô trên cao, Phường Long Biên, Thành phố Hà Nội, 08443, Việt Nam",None,None,bakery,21.0279322,105.898712
Ding Tea,beverages,Hà Nội,"Gyu-Kaku, Bãi đỗ xe ô tô trên cao, Phường Long Biên, Thành phố Hà Nội, 08443, Việt Nam",None,None,beverages,21.0279232,105.8987656
BreadTalk,bakery,Hà Nội,"NEM, Bãi đỗ xe ô tô trên cao, Phường Long Biên, Thành phố Hà Nội, 08443, Việt Nam",None,None,bakery,21.0278581,105.8988918
L'angfarm,farm,Hà Nội,"Gyu-Kaku, Bãi đỗ xe ô tô trên cao, Phường Long Biên, Thành phố Hà Nội, 08443, Việt Nam",None,None,farm,21.0278929,105.8988223
Beauty Box,cosmetics,Hà Nội,"Medicare, Lối ra Ô tô, Phường Long Biên, Thành phố Hà Nội, 08443, Việt Nam",None,None,cosmetics,21.0275769,105.8988535
ANTA,clothes,Hà Nội,"ANTA, Lối ra Ô tô, Phường Long Biên, Thành phố Hà Nội, 08443, Việt Nam",None,None,clothes,21.0278061,105.8990288
Adidas,sports,Hà Nội,"Adidas, Lối ra Ô tô, Phường Long Biên, Thành phố Hà Nội, 08443, Việt Nam",None,None,sports,21.0277154,105.8990963
Li-Ning,clothes,Hà Nội,"Vina-Giầy, Lối ra Ô tô, Phường Long Biên, Thành phố Hà Nội, 08443, Việt Nam",None,None,clothes,21.0276759,105.8992012
Reebok,clothes,Hà Nội,"Reebok, Lối ra Ô tô, Phường Long Biên, Thành phố Hà Nội, 08443, Việt Nam",None,None,clothes,21.0275385,105.8989402
Nike,clothes,Hà Nội,"Lối ra Ô tô, Phường Long Biên, Thành phố Hà Nội, 08443, Việt Nam",None,None,clothes,21.027502,105.8990202
Timberland,clothes,Hà Nội,"Wrap&Roll, Lối ra Ô tô, Phường Long Biên, Thành phố Hà Nội, 08443, Việt Nam",None,None,clothes,21.0274771,105.8991068
Bata,shoes,Hà Nội,"NINOMAXX concept, Lối vào Ô tô, Phường Long Biên, Thành phố Hà Nội, 08443, Việt Nam",None,None,shoes,21.0274402,105.8991872
Giordano,clothes,Hà Nội,"NINOMAXX concept, Lối vào Ô tô, Phường Long Biên, Thành phố Hà Nội, 08443, Việt Nam",None,None,clothes,21.0273771,105.8993272
Aldo,shoes,Hà Nội,"Boo, Lối vào Ô tô, Phường Long Biên, Thành phố Hà Nội, 08443, Việt Nam",None,None,shoes,21.0273549,105.8994342
Skechers,shoes,Hà Nội,"KB, Lối vào Ô tô, Phường Long Biên, Thành phố Hà Nội, 08443, Việt Nam",None,None,shoes,21.0276173,105.8992997
Charles & Keith,clothes,Hà Nội,"AEON Mall Long Biên, 27, Đường Cổ Linh, Phường Long Biên, Thành phố Hà Nội, 08443, Việt Nam",None,None,clothes,21.0275977,105.8993665
LYN,clothes,Hà Nội,"AEON Mall Long Biên, 27, Đường Cổ Linh, Phường Long Biên, Thành phố Hà Nội, 08443, Việt Nam",None,None,clothes,21.0275664,105.8994475
None,kiosk,Hà Nội,"AEON Mall Long Biên, 27, Đường Cổ Linh, Phường Long Biên, Thành phố Hà Nội, 08443, Việt Nam",None,None,kiosk,21.0275736,105.8996541
Share Tea,tea,Hà Nội,"Boo, Lối vào Ô tô, Phường Long Biên, Thành phố Hà Nội, 08443, Việt Nam",None,None,tea,21.0272184,105.8993483
Donghochinhhang.com,watches,Hà Nội,"GoGi House, Lối vào Ô tô, Phường Long Biên, Thành phố Hà Nội, 08443, Việt Nam",None,None,watches,21.0271904,105.899591
Mango,clothes,Hà Nội,"Mango, Lối vào Ô tô, Phường Long Biên, Thành phố Hà Nội, 08443, Việt Nam",None,None,clothes,21.027141,105.8997983
Ecco,shoes,Hà Nội,"Ecco, Lối vào Ô tô, Phường Long Biên, Thành phố Hà Nội, 08443, Việt Nam",None,None,shoes,21.0271299,105.8999142
G2000,clothes,Hà Nội,"G2000, Lối vào Ô tô, Phường Long Biên, Thành phố Hà Nội, 08443, Việt Nam",None,None,clothes,21.0270723,105.899986
Dr. Martens,shoes,Hà Nội,"AEON Mall Long Biên, 27, Đường Cổ Linh, Phường Long Biên, Thành phố Hà Nội, 08443, Việt Nam",None,None,shoes,21.0273483,105.8998406
ShooZ,shoes,Hà Nội,"ShooZ, Lối vào Ô tô, Phường Long Biên, Thành phố Hà Nội, 08443, Việt Nam",None,None,shoes,21.0273068,105.8999141
HLA,clothes,Hà Nội,"HLA, Lối vào Ô tô, Phường Long Biên, Thành phố Hà Nội, 08443, Việt Nam",None,None,clothes,21.027267,105.9000285
PNJ,jewelry,Hà Nội,"Quán Ăn Ngon - Ngon Phố - LyS, Lối vào Ô tô, Phường Long Biên, Thành phố Hà Nội, 08443, Việt Nam",None,None,jewelry,21.0270244,105.9000455
Owndays,optician,Hà Nội,"Owndays, Lối vào Ô tô, Phường Long Biên, Thành phố Hà Nội, 08443, Việt Nam",None,None,optician,21.026974,105.9001454
Crocs,shoes,Hà Nội,"Crocs, Lối vào Ô tô, Phường Long Biên, Thành phố Hà Nội, 08443, Việt Nam",None,None,shoes,21.0269081,105.9001664
Valentino,clothes,Hà Nội,"Adidas, Lối vào Ô tô, Phường Long Biên, Thành phố Hà Nội, 08443, Việt Nam",None,None,clothes,21.027204,105.9001609
Giovanni,clothes,Hà Nội,"Giovanni, Phố Nguyễn Ngọc Chân, Khu công nghiệp Sài Đồng B, Phường Long Biên, Thành phố Hà Nội, 08443, Việt Nam",None,None,clothes,21.0271676,105.900239
Daiso Japan,department_store,Hà Nội,"AEON Mall Long Biên, 27, Đường Cổ Linh, Phường Long Biên, Thành phố Hà Nội, 08443, Việt Nam",None,None,department_store,21.0271557,105.9003837
Uniqlo,clothes,Hà Nội,"Uniqlo, Phố Nguyễn Ngọc Chân, Khu công nghiệp Sài Đồng B, Phường Long Biên, Thành phố Hà Nội, 08443, Việt Nam",None,None,clothes,21.0268066,105.9006551
Châteraisé,bakery,Hà Nội,"Quán Ăn Ngon - Ngon Phố - LyS, Lối vào Ô tô, Phường Long Biên, Thành phố Hà Nội, 08443, Việt Nam",None,None,bakery,21.0266801,105.9000556
As-me Estelle Japan,jewelry,Hà Nội,"Phố Nguyễn Ngọc Chân, Khu công nghiệp Sài Đồng B, Phường Long Biên, Thành phố Hà Nội, 08443, Việt Nam",None,None,jewelry,21.0267871,105.9002268
Megane Prince,optician,Hà Nội,"Quán Ăn Ngon - Ngon Phố - LyS, Lối vào Ô tô, Phường Long Biên, Thành phố Hà Nội, 08443, Việt Nam",None,None,optician,21.026763,105.9002626
Time Station Neo,watches,Hà Nội,"Quán Ăn Ngon - Ngon Phố - LyS, Lối vào Ô tô, Phường Long Biên, Thành phố Hà Nội, 08443, Việt Nam",None,None,watches,21.0267044,105.9003434
Kappa,clothes,Hà Nội,"Quán Ăn Ngon - Ngon Phố - LyS, Lối vào Ô tô, Phường Long Biên, Thành phố Hà Nội, 08443, Việt Nam",None,None,clothes,21.0266599,105.9003379
SUPERsports,sports,Hà Nội,"SUPERsports, Lối vào Xe máy, Phường Long Biên, Thành phố Hà Nội, 08443, Việt Nam",None,None,sports,21.0265286,105.9002749
MUJI,department_store,Hà Nội,"Kidzooona, Phố Nguyễn Ngọc Chân, Khu công nghiệp Sài Đồng B, Phường Long Biên, Thành phố Hà Nội, 08443, Việt Nam",None,None,department_store,21.0262445,105.9004902
Siêu thị AEON,department_store,Hà Nội,"Bãi đỗ xe ô tô trên cao, Phường Long Biên, Thành phố Hà Nội, 08443, Việt Nam",None,None,department_store,21.0280139,105.8981799
OKIA,medical_supply,Hà Nội,"OKIA, Bãi đỗ xe ô tô trên cao, Phường Long Biên, Thành phố Hà Nội, 08443, Việt Nam",None,None,medical_supply,21.0281041,105.8987898
NEM,clothes,Hà Nội,"Gyu-Kaku, Bãi đỗ xe ô tô trên cao, Phường Long Biên, Thành phố Hà Nội, 08443, Việt Nam",None,None,clothes,21.0279079,105.8988464
Canifa,clothes,Hà Nội,"Bãi đỗ xe ô tô trên cao, Phường Long Biên, Thành phố Hà Nội, 08443, Việt Nam",None,None,clothes,21.0275122,105.8986422
Medicare,medical_supply,Hà Nội,"Medicare, Lối ra Ô tô, Phường Long Biên, Thành phố Hà Nội, 08443, Việt Nam",None,None,medical_supply,21.0275371,105.8988738
Up to Seconds,clothes,Hà Nội,"Reebok, Lối ra Ô tô, Phường Long Biên, Thành phố Hà Nội, 08443, Việt Nam",None,None,clothes,21.0275478,105.8989369
IVY Moda,clothes,Hà Nội,"Wrap&Roll, Lối ra Ô tô, Phường Long Biên, Thành phố Hà Nội, 08443, Việt Nam",None,None,clothes,21.0274751,105.8990218
20 Again,clothes,Hà Nội,"20 Again, Lối ra Ô tô, Phường Long Biên, Thành phố Hà Nội, 08443, Việt Nam",None,None,clothes,21.0274145,105.8991366
NINOMAXX concept,clothes,Hà Nội,"NINOMAXX concept, Lối vào Ô tô, Phường Long Biên, Thành phố Hà Nội, 08443, Việt Nam",None,None,clothes,21.0273536,105.899242
Routine,clothes,Hà Nội,"Giordano, Lối vào Ô tô, Phường Long Biên, Thành phố Hà Nội, 08443, Việt Nam",None,None,clothes,21.0273089,105.8993453
Boo,clothes,Hà Nội,"Pepper Lunch, Lối vào Ô tô, Phường Long Biên, Thành phố Hà Nội, 08443, Việt Nam",None,None,clothes,21.0272207,105.8994848
Scorpion,shoes,Hà Nội,"Le Monde Steak, Lối ra Ô tô, Phường Long Biên, Thành phố Hà Nội, 08443, Việt Nam",None,None,shoes,21.0278188,105.8989706
Aristino,clothes,Hà Nội,"Adidas, Lối ra Ô tô, Phường Long Biên, Thành phố Hà Nội, 08443, Việt Nam",None,None,clothes,21.027783,105.8990305
Owen,clothes,Hà Nội,"Adidas, Lối ra Ô tô, Phường Long Biên, Thành phố Hà Nội, 08443, Việt Nam",None,None,clothes,21.0277455,105.8990987
Vina-Giầy,shoes,Hà Nội,"Adidas, Lối ra Ô tô, Phường Long Biên, Thành phố Hà Nội, 08443, Việt Nam",None,None,shoes,21.0277051,105.8991738
Labella,clothes,Hà Nội,"King BBQ, Lối ra Ô tô, Phường Long Biên, Thành phố Hà Nội, 08443, Việt Nam",None,None,clothes,21.0276738,105.8992401
KB,clothes,Hà Nội,"AEON Mall Long Biên, 27, Đường Cổ Linh, Phường Long Biên, Thành phố Hà Nội, 08443, Việt Nam",None,None,clothes,21.0276254,105.8993263
Lemino,clothes,Hà Nội,"Hongkong Cuisine, Lối vào Ô tô, Phường Long Biên, Thành phố Hà Nội, 08443, Việt Nam",None,None,clothes,21.0276003,105.8994125
GrusZ,clothes,Hà Nội,"LYN, Lối vào Ô tô, Phường Long Biên, Thành phố Hà Nội, 08443, Việt Nam",None,None,clothes,21.0275697,105.899494
Mắt Việt,optician,Hà Nội,"Al Fresco's, Lối vào Ô tô, Phường Long Biên, Thành phố Hà Nội, 08443, Việt Nam",None,None,optician,21.0275297,105.8996127
Aokang,clothes,Hà Nội,"Sushi Kei, Lối vào Ô tô, Phường Long Biên, Thành phố Hà Nội, 08443, Việt Nam",None,None,clothes,21.0275205,105.8997545
None,kiosk,Hà Nội,"Phố Nguyễn Ngọc Chân, Khu công nghiệp Sài Đồng B, Phường Long Biên, Thành phố Hà Nội, 08443, Việt Nam",None,None,kiosk,21.0275934,105.8998373
Lock&Lock,houseware,Hà Nội,"AEON Mall Long Biên, 27, Đường Cổ Linh, Phường Long Biên, Thành phố Hà Nội, 08443, Việt Nam",None,None,houseware,21.0271147,105.8997758
Modern Life,furniture,Hà Nội,"AEON Mall Long Biên, 27, Đường Cổ Linh, Phường Long Biên, Thành phố Hà Nội, 08443, Việt Nam",None,None,furniture,21.0273863,105.8999034
Miniso,department_store,Hà Nội,"AEON Mall Long Biên, 27, Đường Cổ Linh, Phường Long Biên, Thành phố Hà Nội, 08443, Việt Nam",None,None,department_store,21.0273268,105.8999761
Couple TX,clothes,Hà Nội,"Phố Nguyễn Ngọc Chân, Khu công nghiệp Sài Đồng B, Phường Long Biên, Thành phố Hà Nội, 08443, Việt Nam",None,None,clothes,21.0272774,105.9000647
Adidas,sports,Hà Nội,"Valentino, Lối vào Ô tô, Phường Long Biên, Thành phố Hà Nội, 08443, Việt Nam",None,None,sports,21.0272033,105.900187
Fahasa,books,Hà Nội,"Fahasa, Phố Nguyễn Ngọc Chân, Khu công nghiệp Sài Đồng B, Phường Long Biên, Thành phố Hà Nội, 08443, Việt Nam",None,None,books,21.0271737,105.9004096
LUG.vn,outdoor,Hà Nội,"Ecco, Lối vào Ô tô, Phường Long Biên, Thành phố Hà Nội, 08443, Việt Nam",None,None,outdoor,21.0270757,105.8999391
Jeanswear,clothes,Hà Nội,"G2000, Lối vào Ô tô, Phường Long Biên, Thành phố Hà Nội, 08443, Việt Nam",None,None,clothes,21.0270426,105.8999996
GENVIET,clothes,Hà Nội,"Owndays, Lối vào Ô tô, Phường Long Biên, Thành phố Hà Nội, 08443, Việt Nam",None,None,clothes,21.0269577,105.9001044
JYSK,furniture,Hà Nội,"JYSK, Lối vào Ô tô, Phường Long Biên, Thành phố Hà Nội, 08443, Việt Nam",None,None,furniture,21.0269007,105.8999295
JYSK,furniture,Hà Nội,"AEON Mall Long Biên, 27, Đường Cổ Linh, Phường Long Biên, Thành phố Hà Nội, 08443, Việt Nam",None,None,furniture,21.0266777,105.9001564
None,supermarket,Hà Nội,"Ngách 401/20 Cổ Nhuế, Phường Đông Ngạc, Thành phố Hà Nội, 12500, Việt Nam",None,None,supermarket,21.0671922,105.7768756
Tóc mỏ tài chính,hairdresser,Hà Nội,121 Sông nhuệ p đức thắng,None,None,hairdresser,21.0762673,105.7721033
Soya Garden,beverages,Hà Nội,"Soya Garden, Phố Nguyễn Ngọc Chân, Khu công nghiệp Sài Đồng B, Phường Long Biên, Thành phố Hà Nội, 08443, Việt Nam",None,None,beverages,21.0270307,105.9003855
None,kiosk,Hà Nội,"AEON Mall Long Biên, 27, Đường Cổ Linh, Phường Long Biên, Thành phố Hà Nội, 08443, Việt Nam",None,None,kiosk,21.0270547,105.9003141
None,kiosk,Hà Nội,"AEON Mall Long Biên, 27, Đường Cổ Linh, Phường Long Biên, Thành phố Hà Nội, 08443, Việt Nam",None,None,kiosk,21.0266379,105.900176
None,kiosk,Hà Nội,"Phố Nguyễn Ngọc Chân, Khu công nghiệp Sài Đồng B, Phường Long Biên, Thành phố Hà Nội, 08443, Việt Nam",None,None,kiosk,21.0266131,105.9003241
My Kingdom,toys,Hà Nội,"Uniqlo, Phố Nguyễn Ngọc Chân, Khu công nghiệp Sài Đồng B, Phường Long Biên, Thành phố Hà Nội, 08443, Việt Nam",None,None,toys,21.0269962,105.9005643
Funnyland,toys,Hà Nội,"Uniqlo, Phố Nguyễn Ngọc Chân, Khu công nghiệp Sài Đồng B, Phường Long Biên, Thành phố Hà Nội, 08443, Việt Nam",None,None,toys,21.0269507,105.9006588
ANTA kids,clothes,Hà Nội,"AEON Mall Long Biên, 27, Đường Cổ Linh, Phường Long Biên, Thành phố Hà Nội, 08443, Việt Nam",None,None,clothes,21.0266743,105.9007378
Tân Phú,clothes,Hà Nội,"Uniqlo, Phố Nguyễn Ngọc Chân, Khu công nghiệp Sài Đồng B, Phường Long Biên, Thành phố Hà Nội, 08443, Việt Nam",None,None,clothes,21.0265324,105.9006633
Balabala,clothes,Hà Nội,"MUJI, Phố Nguyễn Ngọc Chân, Khu công nghiệp Sài Đồng B, Phường Long Biên, Thành phố Hà Nội, 08443, Việt Nam",None,None,clothes,21.0263481,105.9006703
None,kiosk,Hà Nội,"Uniqlo, Phố Nguyễn Ngọc Chân, Khu công nghiệp Sài Đồng B, Phường Long Biên, Thành phố Hà Nội, 08443, Việt Nam",None,None,kiosk,21.0267011,105.900546
Những bông hoa nhỏ,clothes,Hà Nội,"Uniqlo, Phố Nguyễn Ngọc Chân, Khu công nghiệp Sài Đồng B, Phường Long Biên, Thành phố Hà Nội, 08443, Việt Nam",None,None,clothes,21.0268491,105.9004874
Baby Point,clothes,Hà Nội,"Uniqlo, Phố Nguyễn Ngọc Chân, Khu công nghiệp Sài Đồng B, Phường Long Biên, Thành phố Hà Nội, 08443, Việt Nam",None,None,clothes,21.0268564,105.9005508
Beekids,clothes,Hà Nội,"Uniqlo, Phố Nguyễn Ngọc Chân, Khu công nghiệp Sài Đồng B, Phường Long Biên, Thành phố Hà Nội, 08443, Việt Nam",None,None,clothes,21.0267877,105.9005928
Siêu thị AEON,department_store,Hà Nội,"Lối vào Ô tô, Phường Long Biên, Thành phố Hà Nội, 08443, Việt Nam",None,None,department_store,21.0280189,105.8982078
Kitchmate,kitchen,Hà Nội,"OKIA, Bãi đỗ xe ô tô trên cao, Phường Long Biên, Thành phố Hà Nội, 08443, Việt Nam",None,None,kitchen,21.0280998,105.8987855
None,kiosk,Hà Nội,"Nike, Lối ra Ô tô, Phường Long Biên, Thành phố Hà Nội, 08443, Việt Nam",None,None,kiosk,21.0275002,105.8989701
None,kiosk,Hà Nội,"Lối ra Ô tô, Phường Long Biên, Thành phố Hà Nội, 08443, Việt Nam",None,None,kiosk,21.0276143,105.8989764
None,kiosk,Hà Nội,"Lối vào Ô tô, Phường Long Biên, Thành phố Hà Nội, 08443, Việt Nam",None,None,kiosk,21.0275763,105.8991556
Yifang Tea,beverages,Hà Nội,"AEON Mall Long Biên, 27, Đường Cổ Linh, Phường Long Biên, Thành phố Hà Nội, 08443, Việt Nam",None,None,beverages,21.0273951,105.8994506
None,variety_store,Hà Nội,Đường Cổ Nhuế,None,None,variety_store,21.0685201,105.7785796
MediaMarkt,electronics,Hà Nội,"72, Đường Trường Chinh, Hà Nội",None,None,electronics,20.9985626,105.8399908
Interserco,mall,Hà Nội,"Nhất Huy Auto, Phố Tôn Thất Thuyết, Phường Cầu Giấy, Thành phố Hà Nội, 10085, Việt Nam",None,None,mall,21.0282412,105.7806959
Cửa hàng điện thoại,mobile_phone,Hà Nội,82/Tân Nhuệ/Thụy Phương,None,None,mobile_phone,21.0842504,105.7714248
Tôm Mart,supermarket,Hà Nội,"74, Phố Nam Đồng, Hà Nội",None,None,supermarket,21.0129038,105.8324625
Arina Clinic,beauty,Hà Nội,"42, Phố Lê Đại Hành, Hà Nội",None,None,beauty,21.0115098,105.8484904
Zenila,beauty,Hà Nội,"42, Phố Lê Đại Hành, Hà Nội",None,None,beauty,21.0115519,105.8484474
Boo,clothes,Hà Nội,"308, Phố Bà Triệu, Hà Nội",None,None,clothes,21.0117275,105.8489031
Hair Salon Hoài An,hairdresser,Hà Nội,"17, Phố Đoàn Trần Nghiệp, Hà Nội",None,None,hairdresser,21.0117519,105.848572
Oishii Fruits,farm,Hà Nội,"23, Phố Đoàn Trần Nghiệp, Hà Nội",None,None,farm,21.0117586,105.8483537
Family,clothes,Hà Nội,"50, Phố Lê Đại Hành, Hà Nội",None,None,clothes,21.01175,105.8482377
MiAnh Minimart,convenience,Hà Nội,"44, Phố Lê Đại Hành, Hà Nội",None,None,convenience,21.0116095,105.8483654
Giầy Xuất Khẩu,shoes,Hà Nội,"44, Phố Lê Đại Hành, Hà Nội",None,None,shoes,21.0115727,105.8484222
Bác Tôm,farm,Hà Nội,"50, Phố Lê Đại Hành, Hà Nội",None,None,farm,21.0117256,105.8482463
gofood.vn,deli,Hà Nội,"48, Phố Lê Đại Hành, Hà Nội",None,None,deli,21.0116714,105.8483002
Thanh Ha Nguyen,clothes,Hà Nội,"46, Phố Lê Đại Hành, Hà Nội",None,None,clothes,21.0116324,105.848341
Siêu thị điện máy HC,supermarket,Hà Nội,"765A, Nguyễn Văn Linh, Hà Nội",None,None,supermarket,21.028944,105.9188806
Vincom Mega Mall Ocean Park,mall,Hà Nội,Hà Nội,None,None,mall,20.9939227,105.9595465
None,mobile_phone,Hà Nội,"30, Đường 69 Nông Lâm, Hà Nội",None,None,mobile_phone,21.0743116,105.777257
None,electronics,Hà Nội,"2, Đường Lê Văn Hiến, Hà Nội",None,None,electronics,21.0743151,105.7771336
None,electronics,Hà Nội,"6, Đường Lê Văn Hiến, Hà Nội",None,None,electronics,21.0743119,105.7770009
None,beauty,Hà Nội,"56, Đường Lê Văn Hiến",None,None,beauty,21.0742093,105.7741319
None,clothes,Hà Nội,"69, Đường Lê Văn Hiến",None,None,clothes,21.0741392,105.7740642
None,cosmetics,Hà Nội,Đường Lê Văn Hiến,None,None,cosmetics,21.0741477,105.7741373
None,clothes,Hà Nội,Đường Lê Văn Hiến,None,None,clothes,21.0741573,105.7746937
None,mobile_phone,Hà Nội,Đường Lê Văn Hiến,None,None,mobile_phone,21.0741521,105.7743775
None,variety_store,Hà Nội,Đường Lê Văn Hiến,None,None,variety_store,21.0741504,105.7743333
None,variety_store,Hà Nội,"51, Đường Lê Văn Hiến",None,None,variety_store,21.0741439,105.7745637
None,clothes,Hà Nội,"17, Đường Lê Văn Hiến",None,None,clothes,21.074166,105.7756351
None,clothes,Hà Nội,"Lê Văn Hiến, Phường Đông Ngạc, Thành phố Hà Nội, 12500, Việt Nam",None,None,clothes,21.0741649,105.77555
None,tailor,Hà Nội,"Viện Thổ nhưỡng Nông hoá, 10, Đường Đức Thắng, Phường Đông Ngạc, Thành phố Hà Nội, 12500, Việt Nam",None,None,tailor,21.0743617,105.7764268
None,seafood,Hà Nội,Đường Lê Văn Hiến,None,None,seafood,21.0742205,105.7763281
None,farm,Hà Nội,Đường Lê Văn Hiến,None,None,farm,21.0742193,105.7762793
None,hairdresser,Hà Nội,Đường Lê Văn Hiến,None,None,hairdresser,21.0741808,105.7759023
None,clothes,Hà Nội,"19, Đường Lê Văn Hiến",None,None,clothes,21.0741308,105.7752041
None,computer,Hà Nội,Đường Lê Văn Hiến,None,None,computer,21.0741674,105.7750217
None,clothes,Hà Nội,"33, Đường Lê Văn Hiến",None,None,clothes,21.074165,105.7749621
None,mobile_phone,Hà Nội,Đường Lê Văn Hiến,None,None,mobile_phone,21.0741957,105.7760307
None,tailor,Hà Nội,Đường Lê Văn Hiến,None,None,tailor,21.0741584,105.7747978
None,clothes,Hà Nội,"12, Đường Lê Văn Hiến, Hà Nội",None,None,clothes,21.0743116,105.7768382
None,clothes,Hà Nội,"14, Đường Lê Văn Hiến, Hà Nội",None,None,clothes,21.0743069,105.776756
None,beauty,Hà Nội,"7, Đường Lê Văn Hiến, Hà Nội",None,None,beauty,21.0742458,105.7770898
None,health_food,Hà Nội,"16, Đường Lê Văn Hiến, Hà Nội",None,None,health_food,21.0743003,105.7766807
None,car_repair,Hà Nội,"20, Đường Lê Văn Hiến, Hà Nội",None,None,car_repair,21.074298,105.7765395
None,pastry,Hà Nội,"Lê Văn Hiến, Phường Đông Ngạc, Thành phố Hà Nội, 12500, Việt Nam",None,None,pastry,21.0742122,105.7762349
None,farm,Hà Nội,Đường Lê Văn Hiến,None,None,farm,21.0742122,105.7761901
None,seafood,Hà Nội,Đường Lê Văn Hiến,None,None,seafood,21.0742034,105.7761375
None,farm,Hà Nội,Đường Lê Văn Hiến,None,None,farm,21.074199,105.7760826
None,beauty,Hà Nội,Đường Lê Văn Hiến,None,None,beauty,21.0741922,105.7759866
None,copyshop,Hà Nội,Đường Lê Văn Hiến,None,None,copyshop,21.0741232,105.7754448
None,mobile_phone,Hà Nội,Đường Lê Văn Hiến,None,None,mobile_phone,21.074163,105.774904
None,beauty,Hà Nội,Đường Lê Văn Hiến,None,None,beauty,21.0741531,105.7746503
None,clothes,Hà Nội,"Lê Văn Hiến, Phường Đông Ngạc, Thành phố Hà Nội, 12500, Việt Nam",None,None,clothes,21.0741479,105.7746094
None,variety_store,Hà Nội,Đường Lê Văn Hiến,None,None,variety_store,21.0742635,105.7753986
None,shoes,Hà Nội,Đường Lê Văn Hiến,None,None,shoes,21.0742623,105.7753485
None,clothes,Hà Nội,Đường Lê Văn Hiến,None,None,clothes,21.0742624,105.7752979
None,mobile_phone,Hà Nội,Đường Lê Văn Hiến,None,None,mobile_phone,21.0742622,105.7752482
None,pastry,Hà Nội,Đường Lê Văn Hiến,None,None,pastry,21.074263,105.7752009
None,variety_store,Hà Nội,Đường Lê Văn Hiến,None,None,variety_store,21.0742616,105.7751161
None,hairdresser,Hà Nội,"Lê Văn Hiến, Phường Đông Ngạc, Thành phố Hà Nội, 12500, Việt Nam",None,None,hairdresser,21.0742584,105.7750798
None,pastry,Hà Nội,Đường Lê Văn Hiến,None,None,pastry,21.0742561,105.7750423
None,clothes,Hà Nội,Đường Lê Văn Hiến,None,None,clothes,21.0742562,105.7750017
None,optician,Hà Nội,Đường Lê Văn Hiến,None,None,optician,21.0742341,105.7749113
None,beauty,Hà Nội,Đường Lê Văn Hiến,None,None,beauty,21.0742319,105.7748669
None,clothes,Hà Nội,Đường Lê Văn Hiến,None,None,clothes,21.0742346,105.7748323
None,beauty,Hà Nội,Đường Lê Văn Hiến,None,None,beauty,21.0742329,105.7747997
None,clothes,Hà Nội,Đường Lê Văn Hiến,None,None,clothes,21.0742351,105.7747347
None,optician,Hà Nội,Đường Lê Văn Hiến,None,None,optician,21.0742418,105.774605
None,clothes,Hà Nội,Đường Lê Văn Hiến,None,None,clothes,21.0741375,105.7739629
None,jewelry,Hà Nội,Đường Lê Văn Hiến,None,None,jewelry,21.0742121,105.7742445
None,copyshop,Hà Nội,Đường Lê Văn Hiến,None,None,copyshop,21.0742977,105.7762699
None,clothes,Hà Nội,Đường Lê Văn Hiến,None,None,clothes,21.0742882,105.7764191
None,clothes,Hà Nội,Đường Lê Văn Hiến,None,None,clothes,21.0742933,105.7763523
None,clothes,Hà Nội,Đường Lê Văn Hiến,None,None,clothes,21.074289,105.7761976
None,beauty,Hà Nội,Đường Lê Văn Hiến,None,None,beauty,21.0742828,105.7760935
None,printer_ink,Hà Nội,Đường Lê Văn Hiến,None,None,printer_ink,21.074294,105.7764852
None,variety_store,Hà Nội,Đường Lê Văn Hiến,None,None,variety_store,21.074278,105.7759817
Tiệm quần áo,clothes,Hà Nội,65 Tân Nhuệ/Thụy Phương,None,None,clothes,21.085306,105.7715429
tiệm tạp hóa,variety_store,Hà Nội,"54 Tân Nhuệ/Thụy Phương, Phường Thụy Phương",None,None,variety_store,21.0854274,105.7714167
Tạp hóa chị Huyền,variety_store,Hà Nội,61 Tân Nhuệ/Thụy Phương,None,None,variety_store,21.0853692,105.771537
Cửa hàng trang sức,jewelry,Hà Nội,43 Tân Nhuệ/Thụy Phương,None,None,jewelry,21.0857549,105.7714922
Tiệm sửa xe,car_repair,Hà Nội,105/Tân Nhuệ/Thụy Phương,None,None,car_repair,21.0836418,105.7716781
Tiệm sửa xe,car_repair,Hà Nội,117/Tân Nhuệ/Thụy Phương,None,None,car_repair,21.0834199,105.7716865
Tiệm bánh ngọt,pastry,Hà Nội,119/Tân Nhuệ/Thụy Phương,None,None,pastry,21.0833613,105.7716899
Tiệm làm tóc,hairdresser,Hà Nội,140/Hoàng Tăng Bí,None,None,hairdresser,21.0833618,105.7717503
WinMart+,convenience,Hà Nội,"134, Đường Hoàng Tăng Bí",None,None,convenience,21.0833724,105.7718703
Tiệm cắt tóc Hoàng Long,hairdresser,Hà Nội,197 Sông Nhuệ/ Đức Thắng,None,None,hairdresser,21.0808974,105.7718325
Tiệm làm tóc 360 Shine,hairdresser,Hà Nội,195 Sông Nhuệ/Đức Thắng,None,None,hairdresser,21.0808479,105.7718322
Quán pes,video_games,Hà Nội,18 ngõ 75 Văn Hội/ Đức Thắng,None,None,video_games,21.0809859,105.7719836
Tiệm giặt là,dry_cleaning,Hà Nội,20 Ngõ 75 Văn Hội/ Đức Thắng,None,None,dry_cleaning,21.0809977,105.7720624
Tiệm tạm hóa,variety_store,Hà Nội,104/Tân Nhuệ/Thụy Phương,None,None,variety_store,21.0834703,105.7716054
Cửa hàng sửa chữa máy tính,computer,Hà Nội,32/Tân Nhuệ/Thụy Phương,None,None,computer,21.0829888,105.7716647
Cửa hàng sửa xe,car_repair,Hà Nội,69 Tân Phong/ Thụy Phương,None,None,car_repair,21.0831381,105.7704981
None,paint,Hà Nội,"Phố Văn Miếu, Phường Văn Miếu - Quốc Tử Giám, Thành phố Hà Nội, 10346, Việt Nam",None,None,paint,21.0285855,105.8365199
Nhà thuốc tư nhân,chemist,Hà Nội,"32B, Phố Văn Miếu, Hà Nội",None,None,chemist,21.0284875,105.836481
Nhà thuốc Phượng,chemist,Hà Nội,"53, Phố Văn Miếu, Hà Nội",None,None,chemist,21.0277768,105.8362091
Mê Linh Plaza,mall,Hà Nội,"Km8, Đường Võ Văn Kiệt, Thành phố Hà Nội",None,None,mall,21.1867319,105.782831
Mega Market,supermarket,Hà Nội,"126, Đường Tam Trinh, Hà Nội",None,None,supermarket,20.9695151,105.8660782
Mazda,car,Hà Nội,"1, Phố Mạc Thái Tông, Hà Nội, 0000000",None,None,car,21.0131529,105.7948731
Hyundai,car,Hà Nội,"10, Phố Trung Kính, Hà Nội",None,None,car,21.0136551,105.8002503
None,motorcycle_repair,Hà Nội,"2, Phố Trung Kính, Hà Nội",None,None,motorcycle_repair,21.0133958,105.80063
Circle K,convenience,Hà Nội,"Circle K, Phố Nguyên Hồng, Phường Láng, Thành phố Hà Nội, 10167, Việt Nam",None,None,convenience,21.0166307,105.8110901
WinMart,supermarket,Hà Nội,"19, Phố Trúc Khê, Hà Nội",None,None,supermarket,21.0157889,105.8081843
FPT Shop,electronics,Hà Nội,"173, Đường Trường Chinh, Hà Nội",None,None,electronics,20.9999851,105.8300569
Viet Brothers,clothes,Hà Nội,"173B, Đường Trường Chinh, Hà Nội",None,None,clothes,20.9999671,105.8301704
Pico Lê Trọng Tấn,electronics,Hà Nội,"8, Phố Lê Trọng Tấn, Hà Nội",None,None,electronics,20.9918098,105.833365
MM Mega Market Thăng Long,supermarket,Hà Nội,"236, Đường Phạm Văn Đồng, Hà Nội",None,None,supermarket,21.0543348,105.7801036
Transerco - vé tháng,ticket,Hà Nội,"Đường Hoàng Quốc Việt, Hà Nội",None,None,ticket,21.0461674,105.783986
Peugeot,car,Hà Nội,"Peugeot, Đường Trường Chinh, Phường Kim Liên, Thành phố Hà Nội, 11415, Việt Nam",None,None,car,20.999704,105.8339845
Circle K,convenience,Hà Nội,"33, Phố Chùa Láng, Hà Nội",None,None,convenience,21.0229945,105.8077323
Pico,electronics,Hà Nội,"Pico, Đường Nguyễn Trãi, Phường Thanh Xuân, Thành phố Hà Nội, 10167, Việt Nam",None,None,electronics,21.0007344,105.8152044
Volvo,car,Hà Nội,"7-9, Đường Nguyễn Văn Linh, Hà Nội",None,None,car,21.0509434,105.8924014
"Chimi Farm 4 Cầu Nhật Tân, Đông Anh",farm,Hà Nội,"1, Đê Tả Sông Hồng, Hà Nội, 12323",None,None,farm,21.1084028,105.8371064
Pico,electronics,Hà Nội,"240, Phố Tôn Đức Thắng, Hà Nội",None,None,electronics,21.02124,105.8308811
None,beauty,Hà Nội,"Phố Đỗ Đức Dục, Phường Từ Liêm, Thành phố Hà Nội, 10161, Việt Nam",None,None,beauty,21.0095769,105.783293
TASCO Mall,mall,Hà Nội,"7-9, Đường Nguyễn Văn Linh, Hà Nội",None,None,mall,21.0508502,105.8934872
Toyota,car,Hà Nội,"Toyota, Phố Việt Hưng, Phường Việt Hưng, Thành phố Hà Nội, 08443, Việt Nam",None,None,car,21.0501068,105.8939137
Honda,car,Hà Nội,"Km9 Quốc lộ 1A, Hà Nội",None,None,car,20.9615075,105.8428093
Enic,bathroom_furnishing,Hà Nội,"502, Phố Xã Đàn, Hà Nội",None,None,bathroom_furnishing,21.017608,105.8311032
Viettel Store,mobile_phone,Hà Nội,"498, Phố Xã Đàn, Hà Nội",None,None,mobile_phone,21.0173381,105.8312622
TopZone by thegioididong,electronics,Hà Nội,"498, Phố Xã Đàn, Hà Nội",None,None,electronics,21.0174123,105.8312097
Cửa Hàng Xe Đạp Dũng Ngọc,bicycle,Hà Nội,"Đường Cầu Noi, Hà Nội",None,None,bicycle,21.0618881,105.7788887
thơi trang bé,mall,Hà Nội,"Ngách 145/93 Cổ Nhuế, Hà Nội",None,None,mall,21.0611453,105.7782198
shop moon,yes,Hà Nội,"Ngách 119/38 Cổ Nhuế, Hà Nội",None,None,yes,21.0609567,105.7790665
công ty giao thông vận tại số 1,mall,Hà Nội,"Ngách 119/38 Cổ Nhuế, Hà Nội",None,None,mall,21.0608895,105.7791118
công ty công nghệ onelike,mall,Hà Nội,"Ngách 119/38 Cổ Nhuế, Hà Nội",None,None,mall,21.0606953,105.7792455
tap hóa chú công,yes,Hà Nội,"Ngách 119/38 Cổ Nhuế, Hà Nội",None,None,yes,21.0606526,105.7792852
shop bà bầu,mall,Hà Nội,"Ngách 119/38 Cổ Nhuế, Hà Nội",None,None,mall,21.060799,105.7791726
xưởng sản xuất đồ gỗ,yes,Hà Nội,"xưởng sản xuất đồ gỗ, Ngách 119/38 Đường Cổ Nhuế, Phường Đông Ngạc, Thành phố Hà Nội, 12500, Việt Nam",None,None,yes,21.0609064,105.779285
cửa hàng đô gia dung,mall,Hà Nội,Ngách 119/38 Cổ Nhuế,None,None,mall,21.0607771,105.7793851
gian hàng trưng bày đồ gia dụng,mall,Hà Nội,"Ngách 119/38 Cổ Nhuế, Hà Nội",None,None,mall,21.0606783,105.7795227
công ty trách nhiệm hữu hạn 1 thành viên lâm nghi,mall,Hà Nội,"công ty trách nhiệm hữu hạn 1 thành viên lâm nghi, Ngách 119/38 Đường Cổ Nhuế, Phường Đông Ngạc, Thành phố Hà Nội, 12500, Việt Nam",None,None,mall,21.0606053,105.7795943
quán cafe,mall,Hà Nội,"Ngách 119/38 Cổ Nhuế, Hà Nội",None,None,mall,21.0605303,105.7794255
xưởng sản xuất inox,yes,Hà Nội,"Ngách 145/93 Cổ Nhuế, Hà Nội",None,None,yes,21.0608917,105.7789994
Cửa Hàng Thu Hương Bakery,bakery,Hà Nội,"45 Đ. Cổ Nhuế, Cổ Nhuế, Từ Liêm, Hà Nội, Việt Nam, Hà Nội",None,None,bakery,21.0628169,105.7789546
Seven Shop,clothes,Hà Nội,"41/145, Cổ Nhuế, Phường Cổ Nhuế 2, Quận Bắc Từ Liêm, Thành Phố Hà Nội, Cổ Nhuế, Hà Nội, Việt Nam",None,None,clothes,21.0629167,105.778757
Rèm Cửa ArT,furniture,Hà Nội,"Ngõ 74 Đ. Cầu Noi, Cổ Nhuế, Bắc Từ Liêm, Hà Nội, Việt Nam, Hà Nội",None,None,furniture,21.0619335,105.7780323
Thang Máy Đức Nhân,general,Hà Nội,"3Q6H+X92, Cổ Nhuế, Từ Liêm, Hà Nội, Việt Nam, Hà Nội",None,None,general,21.0620211,105.7779437
nhà thuốc 24h,chemist,Hà Nội,"Ngách 145/93 Cổ Nhuế, Hà Nội",None,None,chemist,21.0605864,105.7791428
quán trà sữa Toco,yes,Hà Nội,"Ngách 119/38 Cổ Nhuế, Hà Nội",None,None,yes,21.0613497,105.7788593
xưởng sản xuất nước thăng long,yes,Hà Nội,"Ngách 119/38 Cổ Nhuế, Hà Nội",None,None,yes,21.0612331,105.7790149
cửa hàng tiện lợi 24/7,yes,Hà Nội,"Ngách 119/64 Cổ Nhuế, Hà Nội",None,None,yes,21.0609735,105.7783769
CTY trach nhiệm và hữu hạn xuất nhập khẩu Tân xuân,yes,Hà Nội,"Ngách 120/64 Cổ Nhuế, Hà Nội",None,None,yes,21.0607749,105.7782922
None,yes,Hà Nội,"Ngách 120/64 Cổ Nhuế, Hà Nội",None,None,yes,21.0606995,105.778305
công ty may thiên kiêu,wigs,Hà Nội,"Ngách 120/64 Cổ Nhuế, Hà Nội",None,None,wigs,21.0605531,105.7783721
nhà sách cô na,wigs,Hà Nội,"Ngách 120/64 Đường Cổ Nhuế, Hà Nội",None,None,wigs,21.0601494,105.7785449
Đồ thể thao shop,wigs,Hà Nội,"Ngách 120/64 Đường Cổ Nhuế, Hà Nội",None,None,wigs,21.0603924,105.778245
bún bò Nam Định,wigs,Hà Nội,"Ngách 146 Đường Cổ Nhuế, Hà Nội",None,None,wigs,21.0602395,105.7787345
Nhà sách Vạn Hoa,books,Hà Nội,"246 Đ. Cổ Nhuế, Phường, Bắc Từ Liêm, Hà Nội, Việt Nam, Hà Nội",None,None,books,21.0627408,105.7785866
Shop Sóc bư ( bỉm sữa ),yes,Hà Nội,"142 Đ. Cổ Nhuế, Cổ Nhuế, Từ Liêm, Hà Nội, Việt Nam, Hà Nội",None,None,yes,21.0625865,105.7801022
Thế Giới Sữa Cổ Nhuế,mall,Hà Nội,"122 Đ. Cổ Nhuế, Cổ Nhuế, Từ Liêm, Hà Nội 29000, Việt Nam, Hà Nội",None,None,mall,21.0622642,105.7800109
Hiệu May Hoàng Nụ,tailor,Hà Nội,"19/145, Cổ Nhuế, Phường Cổ Nhuế 2, Quận Bắc Từ Liêm, Thành Phố Hà Nội, Cổ Nhuế, Hà Nội, Việt Nam, Hà Nội",None,None,tailor,21.0623305,105.7798082
Phú Qúy Audio,hifi,Hà Nội,"Số 76, Ngõ 119 Cổ Nhuế, Cổ Nhuế, Bắc Từ Liêm, Hà Nội, Việt Nam, Hà Nội",None,None,hifi,21.0610351,105.7785769
Tiệm Nhớt Xe -  Nhớt Bao Chuẩn,motorcycle_repair,Hà Nội,"Số 46 Ng. 72, Đ. Cầu Noi, Cổ Nhuế, Bắc Từ Liêm, Hà Nội, Việt Nam, Hà Nội",None,None,motorcycle_repair,21.0622771,105.7777586
Đổ Mực Máy In Tại Bắc Từ Liêm,copyshop,Hà Nội,"37 Ng. 142 Đ. Cổ Nhuế, Cổ Nhuế, Từ Liêm, Hà Nội 10000, Việt Nam, Hà Nội",None,None,copyshop,21.0620148,105.7791648
Công Ty Cp Kiến Trúc Nội Thất Archstyle Hà Nội,furniture,Hà Nội,"8 Đ. Cổ Nhuế, Cổ Nhuế, Bắc Từ Liêm, Hà Nội, Việt Nam, Hà Nội",None,None,furniture,21.0619649,105.7790281
cty dệt may việt nam,wigs,Hà Nội,"Ngõ 43/9 Cổ Nhuế, Hà Nội",None,None,wigs,21.0590958,105.7778852
xưởng sản xuất đồ thủ công mĩ nghê,wigs,Hà Nội,"Ngõ 43/9 Cổ Nhuế, Hà Nội",None,None,wigs,21.0589566,105.7779537
thơi trang moon,wigs,Hà Nội,"Ngõ 43/9 Cổ Nhuế, Hà Nội",None,None,wigs,21.0587446,105.7780857
chợ dân sinh cổ nhuế,wigs,Hà Nội,"Ngách 43/128 Đường Cổ Nhuế, Hà Nội",None,None,wigs,21.0595648,105.7786662
shop quần áo,wigs,Hà Nội,"Ngách 43/128 Đường Cổ Nhuế, Hà Nội",None,None,wigs,21.0593481,105.7787332
cắt tóc,wigs,Hà Nội,"Ngách 43/128 Đường Cổ Nhuế, Hà Nội",None,None,wigs,21.0592862,105.7787421
WinMart,supermarket,Hà Nội,"18, Phố Trần Đăng Ninh, Hà Nội",None,None,supermarket,21.0382695,105.7940253
may đo quần áo dài,wigs,Hà Nội,"Ngách 43/128 Đường Cổ Nhuế, Hà Nội",None,None,wigs,21.0592397,105.7787648
quán cắt tóc,wigs,Hà Nội,"Ngách 43/128 Đường Cổ Nhuế, Hà Nội",None,None,wigs,21.0591836,105.7787783
kính mắt quang minh,wigs,Hà Nội,"Ngách 43/128 Đường Cổ Nhuế, Hà Nội",None,None,wigs,21.0591334,105.7787923
hiệu thuốc 24h,wigs,Hà Nội,"Ngách 43/128 Đường Cổ Nhuế, Hà Nội",None,None,wigs,21.0589587,105.7788879
thế giới dày da,wigs,Hà Nội,"Ngách 43/128 Đường Cổ Nhuế, Hà Nội",None,None,wigs,21.0588388,105.7789136
hiệu thuốc minh hiển,wigs,Hà Nội,"Ngách 43/128 Đường Cổ Nhuế, Hà Nội",None,None,wigs,21.0597994,105.7787361
chụp ảnh váy cưới minh minh,wigs,Hà Nội,"Ngách 43/128 Đường Cổ Nhuế, Hà Nội",None,None,wigs,21.0595468,105.7788437
phở bò tái chanh,wigs,Hà Nội,"Ngách 43/128 Đường Cổ Nhuế, Hà Nội",None,None,wigs,21.0594487,105.7788252
quán tạp hóa,wigs,Hà Nội,"Ngách 43/128 Đường Cổ Nhuế, Hà Nội",None,None,wigs,21.0593164,105.7788631
bán vật liệu xây dựng,wigs,Hà Nội,"Ngách 43/128 Đường Cổ Nhuế, Hà Nội",None,None,wigs,21.0590853,105.7789798
thời trang mẹ và bé,wigs,Hà Nội,"Ngách 43/128 Đường Cổ Nhuế, Hà Nội",None,None,wigs,21.0589934,105.7790184
thổ dân shop,wigs,Hà Nội,"Ngách 43/128 Đường Cổ Nhuế, Hà Nội",None,None,wigs,21.0588782,105.7790403
tiệm váy cưới cô nga,wigs,Hà Nội,"Ngách 43/86 Cổ Nhuế, Hà Nội",None,None,wigs,21.0599637,105.779385
Cty trach nhiệm song long,wigs,Hà Nội,"Ngách 43/86 Cổ Nhuế, Hà Nội",None,None,wigs,21.0597366,105.7794439
văn phòng mô giới bất động sản tùng minh,wigs,Hà Nội,"Ngách 43/86 Cổ Nhuế, Hà Nội",None,None,wigs,21.0595627,105.7795493
khách sạn cổ nhuế,wigs,Hà Nội,"Ngách 43/86 Cổ Nhuế, Hà Nội",None,None,wigs,21.0593473,105.7795758
bún bò huế,wigs,Hà Nội,"Ngách 43/86 Cổ Nhuế, Phường Cổ Nhuế 2",None,None,wigs,21.0591574,105.7796477
cty trach nhiệm hữu hạn 1 thành viên toàn thắng,wigs,Hà Nội,"Ngách 43/86 Cổ Nhuế, Hà Nội",None,None,wigs,21.0589759,105.7797035
gaoj ngon Thái Bình,wigs,Hà Nội,"Ngách 43/86 Cổ Nhuế, Hà Nội",None,None,wigs,21.0601735,105.7794861
24/7,wigs,Hà Nội,"Ngách 43/86 Cổ Nhuế, Hà Nội",None,None,wigs,21.0600337,105.7795187
mimi shop,wigs,Hà Nội,"Ngách 43/86 Cổ Nhuế, Hà Nội",None,None,wigs,21.0590333,105.7798218
kho shopee,wigs,Hà Nội,"Ngách 43/86 Cổ Nhuế, Hà Nội",None,None,wigs,21.0592828,105.7797758
Bưu cục J&T,wigs,Hà Nội,"Ngách 43/86 Cổ Nhuế, Hà Nội",None,None,wigs,21.0593639,105.7797504
kho lazada,wigs,Hà Nội,"Ngách 43/86 Cổ Nhuế, Hà Nội",None,None,wigs,21.0594617,105.7797274
Bưu cục giao hang tiết kiệm,wigs,Hà Nội,"Ngách 43/86 Cổ Nhuế, Hà Nội",None,None,wigs,21.059542,105.7796858
kho sen đỏ,wigs,Hà Nội,"Ngách 43/86 Cổ Nhuế, Hà Nội",None,None,wigs,21.0596299,105.7796571
quán tạp hóa bà mai,wigs,Hà Nội,"Ngõ 105 Cổ Nhuế, Hà Nội",None,None,wigs,21.0604347,105.7802281
VinFast,car,Hà Nội,"183, Phố Yên Lãng, Hà Nội",None,None,car,21.0089889,105.8150141
nhà trẻ sao mai,wigs,Hà Nội,"Ngõ 105 Cổ Nhuế, Hà Nội",None,None,wigs,21.0604021,105.7800629
None,wigs,Hà Nội,"Ngõ 105 Cổ Nhuế, Hà Nội",None,None,wigs,21.0606989,105.7805166
Nội thất Ricco,furniture,Hà Nội,"26, Đường Phạm Văn Đồng, Hà Nội",None,None,furniture,21.0421107,105.7815754
None,plumbing,Hà Nội,"235, Phố Trần Quốc Hoàn, Hà Nội",None,None,plumbing,21.0416348,105.7823086
For Girls Fashion Shop,clothes,Hà Nội,"106 P. Lê Văn Hiến, Đông Ngạc, Từ Liêm, Hà Nội, Việt Nam",None,None,clothes,21.0742609,105.7758735
Siêu thị Điện máy HC,electronics,Hà Nội,"36, Đường Phạm Văn Đồng",None,None,electronics,21.0521539,105.782185
Đồ mặc nhà cao cấp PALTAL,clothes,Hà Nội,"48 P. Lê Văn Hiến, Đông Ngạc, Từ Liêm, Hà Nội, Việt Nam",None,None,clothes,21.0742562,105.7749702
Cửa Hàng Trang Phục Biểu Diễn Hà Phương,clothes,Hà Nội,"144, Đức Thắng, Quận, Bắc Từ Liêm, Hà Nội, Việt Nam",None,None,clothes,21.0751374,105.7736743
Tổng kho Quảng Châu,variety_store,Hà Nội,"Ngõ 32 P. Viên, Đông Ngạc, Từ Liêm, Hà Nội, Việt Nam",None,None,variety_store,21.0773493,105.773941
Hải sản Vân,seafood,Hà Nội,"P. Văn Hội,Đông Ngạc, Từ Liêm, Hà Nội",None,None,seafood,21.0807283,105.7720291
Peace Shop,general,Hà Nội,"20, Đường Thụy Khuê, Hà Nội",None,None,general,21.0409979,105.8279493
Siêu thị Lan Chi,supermarket,Hà Nội,Quốc lộ 32,None,None,supermarket,21.2061525,105.4159504
Siêu thị Long Bình,supermarket,Hà Nội,"Siêu thị Long Bình, Đường Trần Trọng Liêu, Xã Thường Tín, Thành phố Hà Nội, Việt Nam",None,None,supermarket,20.8727364,105.8693347
Siêu thị Lan Chi Thường Tín,supermarket,Hà Nội,"Siêu thị Lan Chi Thường Tín, Đường Trần Trọng Liêu, Xã Hồng Vân, Thành phố Hà Nội, Việt Nam",None,None,supermarket,20.8704053,105.8737267
None,florist,Hà Nội,"Đường Lý Tử Tấn, Xã Thường Tín, Thành phố Hà Nội, Việt Nam",None,None,florist,20.86804,105.8599014
Lotte Mall West Lake Hanoi,mall,Hà Nội,"272, Đường Võ Chí Công, Hà Nội",None,None,mall,21.0759904,105.812676
Trung tâm Dịch vụ Thương mại Thanh Trì,mall,Hà Nội,"Trung tâm Dịch vụ Thương mại Thanh Trì, Đường Tứ Hiệp, Cương Ngô, Xã Thanh Trì, Thành phố Hà Nội, 12506, Việt Nam",None,None,mall,20.9493515,105.8452155
Thu Cúc,beauty,Hà Nội,"Thu Cúc, Ngõ 68 Đường Cầu Giấy, Phường Nghĩa Đô, Thành phố Hà Nội, 10198, Việt Nam",None,None,beauty,21.0311882,105.8004931
AEON Xuân Thủy,department_store,Hà Nội,"122-124, Đường Xuân Thủy, Hà Nội",None,None,department_store,21.0372586,105.7864527
Honda Ôtô Mỹ Đình,car,Hà Nội,"Honda Ôtô Mỹ Đình, Lê Đức Thọ, Phường Từ Liêm, Thành phố Hà Nội, 10085, Việt Nam",None,None,car,21.0366236,105.7703758
None,gift,Hà Nội,"Bảo tàng Dân tộc học Việt Nam, Đường Nguyễn Văn Huyên, Phường Nghĩa Đô, Thành phố Hà Nội, 10141, Việt Nam",None,None,gift,21.040629,105.7980414
None,ticket,Hà Nội,"Bảo tàng Dân tộc học Việt Nam, Đường Nguyễn Văn Huyên, Phường Nghĩa Đô, Thành phố Hà Nội, 10141, Việt Nam",None,None,ticket,21.0404003,105.7980827
Tổng đại lý Everon,bed,Hà Nội,"379, Phố Bạch Mai, Hà Nội",None,None,bed,20.9998387,105.8506132
Hyundai,car,Hà Nội,"16A, Đường Phạm Hùng, Hà Nội",None,None,car,21.03345,105.7795239
ADCBook,books,Hà Nội,"75A, Phố Trần Đại Nghĩa, Hà Nội",None,None,books,21.0046616,105.8458244
Huy Thanh,jewelry,Hà Nội,"209, Phố Xã Đàn, Hà Nội",None,None,jewelry,21.0156805,105.8323102
Quạt điện Phú Hải - Sơn Thủy,appliance,Hà Nội,"16-18, Phố Đông Các, Hà Nội",None,None,appliance,21.0181487,105.8290756
Sivimart,convenience,Hà Nội,"2A, Phố Trần Đại Nghĩa, Hà Nội",None,None,convenience,21.0035746,105.8445287
Paris Gâteaux,pastry,Hà Nội,"2A, Phố Trần Đại Nghĩa, Hà Nội",None,None,pastry,21.0034386,105.8445051
Renewal Barbershop,hairdresser,Hà Nội,"2, Phố Trần Đại Nghĩa, Hà Nội",None,None,hairdresser,21.0033036,105.8444868
Nhất Huy Auto,car,Hà Nội,"Nhất Huy Auto, Phố Tôn Thất Thuyết, Phường Cầu Giấy, Thành phố Hà Nội, 10085, Việt Nam",None,None,car,21.0274869,105.7805424
Chợ xe máy Dịch Vọng,motorcycle,Hà Nội,"Chợ xe máy Dịch Vọng, Ngõ 48 Phố Chùa Hà, Phường Cầu Giấy, Thành phố Hà Nội, 10141, Việt Nam",None,None,motorcycle,21.0361739,105.7945838
Toyota Thăng Long,car,Hà Nội,"Toyota Thăng Long, Ngõ 2 Phố Trần Quý Kiên, Phường Cầu Giấy, Thành phố Hà Nội, 10141, Việt Nam",None,None,car,21.0357316,105.7933133
Furniland,furniture,Hà Nội,"126, Đường Lê Duẩn, Hà Nội",None,None,furniture,21.0213512,105.8412072
None,variety_store,Hà Nội,"107, Ngõ Xã Đàn 2, Hà Nội",None,None,variety_store,21.0157365,105.8310936
None,variety_store,Hà Nội,"Ngách 106 Ngõ Xã Đàn 2, Phường Đống Đa, Thành phố Hà Nội, 10306, Việt Nam",None,None,variety_store,21.0156568,105.8310099
Paris Gâteaux,bakery,Hà Nội,"213, Phố Xã Đàn, Hà Nội",None,None,bakery,21.0159892,105.8320739
Shinko,shoes,Hà Nội,"Shinko, Phố Xã Đàn, Phường Đống Đa, Thành phố Hà Nội, 10306, Việt Nam",None,None,shoes,21.0159206,105.8321771
None,variety_store,Hà Nội,"157, Ngõ Xã Đàn 2, Hà Nội",None,None,variety_store,21.0146596,105.8313191
Laptop Đức Việt,computer,Hà Nội,"233, Phố Xã Đàn, Hà Nội",None,None,computer,21.0164415,105.8315161
WinMart+,convenience,Hà Nội,"153-155, Đường Đê La Thành, Hà Nội",None,None,convenience,21.0175107,105.8313715
Đại lý Thảo Hiệp,rice,Hà Nội,"Đại lý Thảo Hiệp, Đường Đê La Thành, Phường Văn Miếu - Quốc Tử Giám, Thành phố Hà Nội, 10306, Việt Nam",None,None,rice,21.0176497,105.8313266
Charlie International Clinic,beauty,Hà Nội,"480, Phố Xã Đàn, Hà Nội",None,None,beauty,21.0169314,105.8317321
Photo Digital Lab,photo,Hà Nội,"2A, Phố Ông Ích Khiêm, Hà Nội",None,None,photo,21.035507,105.8339794
Quà tặng Tháng Năm,gift,Hà Nội,"Quà tặng Tháng Năm, Phố Ông Ích Khiêm, Phường Ba Đình, Thành phố Hà Nội, 10232, Việt Nam",None,None,gift,21.035796,105.834003
Quà tặng Tháng Năm,gift,Hà Nội,"Quà tặng Tháng Năm, Phố Ông Ích Khiêm, Phường Ba Đình, Thành phố Hà Nội, 10232, Việt Nam",None,None,gift,21.0360683,105.8340619
Bee Bridal,clothes,Hà Nội,"462, Phố Xã Đàn, Hà Nội",None,None,clothes,21.0165435,105.8323167
Adidas,sports,Hà Nội,"460, Phố Xã Đàn, Hà Nội",None,None,sports,21.0164793,105.8324012
Phòng khám thẩm mỹ quốc tế Mega Gangnam,beauty,Hà Nội,"454, Phố Xã Đàn, Hà Nội",None,None,beauty,21.0163079,105.8324942
CellphoneS,mobile_phone,Hà Nội,"384, Phố Xã Đàn, Hà Nội",None,None,mobile_phone,21.0149836,105.8337959
Hoa quả sạch Fuji,farm,Hà Nội,"362, Phố Xã Đàn, Hà Nội",None,None,farm,21.0146054,105.8341901
None,agrarian,Hà Nội,"Cầu B1-01, Xã Gia Lâm, Thành phố Hà Nội, 08443, Việt Nam",None,None,agrarian,21.0035646,105.9267383
"Điểm bán cây giống, vật tư nông nghiệp",agrarian,Hà Nội,"Điểm bán cây giống, vật tư nông nghiệp, Đường Tiên Dung, Xã Gia Lâm, Thành phố Hà Nội, 08443, Việt Nam",None,None,agrarian,21.0034248,105.927718
None,agrarian,Hà Nội,"Điểm bán cây giống, vật tư nông nghiệp, Đường Tiên Dung, Xã Gia Lâm, Thành phố Hà Nội, 08443, Việt Nam",None,None,agrarian,21.0033025,105.9284493
Chic-Land,clothes,Hà Nội,"30, Phố Lý Thái Tổ, Hà Nội",None,None,clothes,21.0294682,105.8551306
Viettel Store,mobile_phone,Hà Nội,"Viettel Store, Đường Nguyễn Đức Thuận, Voi Phục, Xã Gia Lâm, Thành phố Hà Nội, 08443, Việt Nam",None,None,mobile_phone,21.0214318,105.9377358
None,kiosk,Hà Nội,"Phố Cầu Bây, Phường Phúc Lợi, Trâu Quỳ, Thành phố Hà Nội, 08443, Việt Nam",None,None,kiosk,21.0333593,105.9181849
None,trade,Hà Nội,Hà Nội,None,None,trade,21.0097786,105.7312931
Nội thất Daiko,furniture,Hà Nội,Hà Nội,None,None,furniture,21.0097594,105.7316004
Torano,clothes,Hà Nội,"2, Phố Chùa Bộc, Hà Nội",None,None,clothes,21.0064977,105.8310776
Pha lê Ánh Sao,pottery,Hà Nội,"104, Phố Phạm Ngọc Thạch, Hà Nội",None,None,pottery,21.006648,105.8313885
Túi Đẹp,fashion_accessories,Hà Nội,"104A, Phố Phạm Ngọc Thạch, Hà Nội",None,None,fashion_accessories,21.0066944,105.8314272
"Điểm trưng bày, giới thiệu và quảng bá sản phẩm OCOP Thủ đô",yes,Hà Nội,"176, Đường Quang Trung",None,None,yes,20.9680931,105.7718939
Vino Fino,wine,Hà Nội,"63, Phố Huỳnh Thúc Kháng, Hà Nội",None,None,wine,21.0195158,105.8086059
Miniso,variety_store,Hà Nội,"59, Phố Huỳnh Thúc Kháng, Hà Nội",None,None,variety_store,21.0194217,105.8083337
Kính mắt Quang Anh,optician,Hà Nội,"Kính mắt Quang Anh, Đường Nguyễn Chí Thanh, Phường Láng, Thành phố Hà Nội, 11513, Việt Nam",None,None,optician,21.019369,105.8082653
My Kingdom,toys,Hà Nội,"95, Đường Nguyễn Chí Thanh, Hà Nội",None,None,toys,21.0192906,105.8082223
Circle K,convenience,Hà Nội,Phố Tràng Tiền,None,None,convenience,21.0251257,105.8548895
Rue Des Chats,clothes,Hà Nội,"2, Phố Cổ Tân, Hà Nội",None,None,clothes,21.025132,105.8574559
Habanos Specialist,tobacco,Hà Nội,"2, Phố Cổ Tân, Hà Nội",None,None,tobacco,21.0251788,105.8575076
Mom's Juice Bar,beverages,Hà Nội,"8B, Phố Ngô Quyền, Hà Nội",None,None,beverages,21.0282586,105.8561032
Thanh Veston,clothes,Hà Nội,"7A, Phố Trần Nguyên Hãn, Hà Nội",None,None,clothes,21.0289207,105.8562384
Cửa hàng gạo Đồng Tháp,farm,Hà Nội,"Cửa hàng gạo Đồng Tháp, Phố Trần Nguyên Hãn, Phường Hoàn Kiếm, Thành phố Hà Nội, 10207, Việt Nam",None,None,farm,21.0289279,105.8563529
Hà Anh Health & Beauty,beauty,Hà Nội,"8, Phố Lý Đạo Thành, Hà Nội",None,None,beauty,21.0253737,105.8571654
Quân Nguyễn Hair Salon,hairdresser,Hà Nội,"175, Phố Bùi Thị Xuân, Hà Nội",None,None,hairdresser,21.0123721,105.8499101
Siêu thị Hapromart,supermarket,Hà Nội,"Siêu thị Hapromart, Phố Ngô Xuân Quảng, Voi Phục, Xã Gia Lâm, Thành phố Hà Nội, 08443, Việt Nam",None,None,supermarket,21.020468,105.9375658
Tóc Đẹp H&H,hairdresser,Hà Nội,"112E, Phố Mai Hắc Đế, Hà Nội",None,None,hairdresser,21.0119033,105.8508851
Thái Linh Boutique,clothes,Hà Nội,"112D, Phố Mai Hắc Đế, Hà Nội",None,None,clothes,21.0119342,105.8508862
Charm by Cham Clinic,beauty,Hà Nội,"149, Phố Triệu Việt Vương, Hà Nội",None,None,beauty,21.0125859,105.8505395
Minh Long I,pottery,Hà Nội,"90, Phố Mai Hắc Đế, Hà Nội",None,None,pottery,21.0128657,105.8508994
Lotus Mart,supermarket,Hà Nội,"21, Phố Tô Hiến Thành, Hà Nội",None,None,supermarket,21.0134105,105.8506592
PNJ,jewelry,Hà Nội,"189, Phố Bà Triệu, Hà Nội",None,None,jewelry,21.0119739,105.8493101
Shynh Premium,beauty,Hà Nội,"99, Phố Triệu Việt Vương, Hà Nội",None,None,beauty,21.0144252,105.850597
Lobbster,clothes,Hà Nội,"36A, Phố Mai Hắc Đế, Hà Nội",None,None,clothes,21.015052,105.8508691
Jade Store,jewelry,Hà Nội,"153, Phố Bà Triệu, Hà Nội",None,None,jewelry,21.0139025,105.8492902
Trung tâm sách,books,Hà Nội,"Học viện Chính trị Quốc gia Hồ Chí Minh, 419, Đường Hoàng Quốc Việt, Phường Nghĩa Đô, Thành phố Hà Nội, 10065, Việt Nam",None,None,books,21.0443041,105.788831
Harley-Davidson,motorcycle,Hà Nội,"Harley-Davidson, Đường Ngô Gia Tự, Phường Việt Hưng, Thành phố Hà Nội, 11810, Việt Nam",None,None,motorcycle,21.0575174,105.8907809
Uyen Beauty,beauty,Hà Nội,"76, Phố Bùi Thị Xuân, Hà Nội",None,None,beauty,21.0154675,105.8496947
PT2000,clothes,Hà Nội,"101, Phố Bà Triệu, Hà Nội",None,None,clothes,21.0163545,105.8494398
Giấc mơ sữa Việt,dairy,Hà Nội,"41, Phố Trần Nhân Tông, Hà Nội",None,None,dairy,21.0168209,105.8498862
Viện thẩm mỹ Kang Jin,beauty,Hà Nội,"14-16, Phố Mai Hắc Đế, Hà Nội",None,None,beauty,21.0160947,105.8507443
Porsche,car,Hà Nội,"Porsche, Ngách 564/5 Đường Nguyễn Văn Cừ, Phường Bồ Đề, Thành phố Hà Nội, 11810, Việt Nam",None,None,car,21.0504357,105.8849225
Ulux Golf Phương Đông,clothes,Hà Nội,"Tầng 3 Sân tập golf Phương Đông, Phố Tân Mỹ, Phường Mỹ Đình 1, 100000",None,None,clothes,21.0256862,105.7588161
Thẩm mỹ Karena,beauty,Hà Nội,"62, Đường Cao Lỗ",None,None,beauty,21.1403365,105.8487049
None,gift,Hà Nội,"Đường Hùng Vương, Phường Ba Đình, Thành phố Hà Nội, 10044, Việt Nam",None,None,gift,21.0383711,105.8350966
S1,ticket,Hà Nội,"S1, Đường Nguyễn Tri Phương, Phường Ba Đình, Thành phố Hà Nội, 10061, Việt Nam",None,None,ticket,21.0318195,105.8402509
T8 Car Park,ticket,Hà Nội,"T8 Car Park, Ngách 541/40 Đường Bát Khối, Phường Long Biên, Thành phố Hà Nội, 08443, Việt Nam",None,None,ticket,21.0143906,105.9078454
Linen by Giang,clothes,Hà Nội,"296, Phố Bà Triệu, Hà Nội",None,None,clothes,21.0123446,105.8489828
Momoco,clothes,Hà Nội,"294, Phố Bà Triệu, Hà Nội",None,None,clothes,21.0123866,105.8489923
The LINC @ ParkCity Hanoi,mall,Hà Nội,"Đường Lê Trọng Tấn, Hà Nội",None,None,mall,20.9656551,105.7567116
Cocolux,cosmetics,Hà Nội,"Vinhomes, Trục chính khu đô thị Smart City, Vinhomes Smart City, Phường Tây Mỗ, Thành phố Hà Nội, 10070, Việt Nam",None,None,cosmetics,21.0063044,105.7536865
Sammi Shop,cosmetics,Hà Nội,"Sammi Shop, Trục chính khu đô thị Smart City, Vinhomes Smart City, Phường Tây Mỗ, Thành phố Hà Nội, 10070, Việt Nam",None,None,cosmetics,21.0062557,105.7538583
WinMart,supermarket,Hà Nội,"Vincom Mega Mall Smart City, Trục chính khu đô thị Smart City, Vinhomes Smart City, Phường Tây Mỗ, Thành phố Hà Nội, 10070, Việt Nam",None,None,supermarket,21.0061313,105.754367
Levi's,clothes,Hà Nội,"Levi's, Trục chính khu đô thị Smart City, Vinhomes Smart City, Phường Tây Mỗ, Thành phố Hà Nội, 10070, Việt Nam",None,None,clothes,21.0058202,105.7537892
PNJ,jewelry,Hà Nội,"Photo Easel, Trục chính khu đô thị Smart City, Vinhomes Smart City, Phường Tây Mỗ, Thành phố Hà Nội, 10070, Việt Nam",None,None,jewelry,21.0057689,105.753935
VinFast,car_repair,Hà Nội,"VinFast, Trục chính khu đô thị Smart City, Vinhomes Smart City, Phường Tây Mỗ, Thành phố Hà Nội, 10070, Việt Nam",None,None,car_repair,21.0060327,105.7550291
Opatra,beauty,Hà Nội,"Vincom Mega Mall Smart City, Trục chính khu đô thị Smart City, Vinhomes Smart City, Phường Tây Mỗ, Thành phố Hà Nội, 10070, Việt Nam",None,None,beauty,21.0059863,105.7543322
Megane Prince,optician,Hà Nội,"Megane Prince, Trục chính khu đô thị Smart City, Vinhomes Smart City, Phường Tây Mỗ, Thành phố Hà Nội, 10070, Việt Nam",None,None,optician,21.0059609,105.7544146
Beverly Hills Polo Club,clothes,Hà Nội,"Beverly Hills Polo Club, Trục chính khu đô thị Smart City, Vinhomes Smart City, Phường Tây Mỗ, Thành phố Hà Nội, 10070, Việt Nam",None,None,clothes,21.0058982,105.754581
Li-Ning,sports,Hà Nội,"Vincom Mega Mall Smart City, Trục chính khu đô thị Smart City, Vinhomes Smart City, Phường Tây Mỗ, Thành phố Hà Nội, 10070, Việt Nam",None,None,sports,21.0058667,105.7546613
Xtep,sports,Hà Nội,"Vincom Mega Mall Smart City, Trục chính khu đô thị Smart City, Vinhomes Smart City, Phường Tây Mỗ, Thành phố Hà Nội, 10070, Việt Nam",None,None,sports,21.0058281,105.7548158
Pierre Cardin,clothes,Hà Nội,"Wacoal, Trục chính khu đô thị Smart City, Vinhomes Smart City, Phường Tây Mỗ, Thành phố Hà Nội, 10070, Việt Nam",None,None,clothes,21.0057778,105.7540178
LYN,clothes,Hà Nội,"LYN, Trục chính khu đô thị Smart City, Vinhomes Smart City, Phường Tây Mỗ, Thành phố Hà Nội, 10070, Việt Nam",None,None,clothes,21.0056991,105.7541111
Adidas,sports,Hà Nội,"Lemino, Trục chính khu đô thị Smart City, Vinhomes Smart City, Phường Tây Mỗ, Thành phố Hà Nội, 10070, Việt Nam",None,None,sports,21.0056536,105.7542153
Beauty Box,cosmetics,Hà Nội,"Vincom Mega Mall Smart City, Trục chính khu đô thị Smart City, Vinhomes Smart City, Phường Tây Mỗ, Thành phố Hà Nội, 10070, Việt Nam",None,None,cosmetics,21.0056001,105.7543246
VinFast,car,Hà Nội,"VinFast, Trục chính khu đô thị Smart City, Vinhomes Smart City, Phường Tây Mỗ, Thành phố Hà Nội, 10070, Việt Nam",None,None,car,21.0057112,105.7545068
Anta,sports,Hà Nội,"Phở Cuốn Hương Mai, Trục chính khu đô thị Smart City, Vinhomes Smart City, Phường Tây Mỗ, Thành phố Hà Nội, 10070, Việt Nam",None,None,sports,21.0058183,105.7549056
Crocs,shoes,Hà Nội,"Hachidori, Trục chính khu đô thị Smart City, Vinhomes Smart City, Phường Tây Mỗ, Thành phố Hà Nội, 10070, Việt Nam",None,None,shoes,21.0058092,105.7550827
Samsonite,bag,Hà Nội,"Samsonite, Trục chính khu đô thị Smart City, Vinhomes Smart City, Phường Tây Mỗ, Thành phố Hà Nội, 10070, Việt Nam",None,None,bag,21.0057854,105.7551992
AMM,clothes,Hà Nội,"Vinhomes, Trục chính khu đô thị Smart City, Vinhomes Smart City, Phường Tây Mỗ, Thành phố Hà Nội, 10070, Việt Nam",None,None,clothes,21.0054969,105.755405
Mipa Golf,sports,Hà Nội,"Vietbrothers, Trục chính khu đô thị Smart City, Vinhomes Smart City, Phường Tây Mỗ, Thành phố Hà Nội, 10070, Việt Nam",None,None,sports,21.005438,105.7548657
Hoang Phuc,clothes,Hà Nội,"Hoang Phuc, Trục chính khu đô thị Smart City, Vinhomes Smart City, Phường Tây Mỗ, Thành phố Hà Nội, 10070, Việt Nam",None,None,clothes,21.0054902,105.7547417
HLA,clothes,Hà Nội,"Vincom Mega Mall Smart City, Trục chính khu đô thị Smart City, Vinhomes Smart City, Phường Tây Mỗ, Thành phố Hà Nội, 10070, Việt Nam",None,None,clothes,21.0055111,105.7545864
Innisfree,cosmetics,Hà Nội,"Vincom Mega Mall Smart City, Trục chính khu đô thị Smart City, Vinhomes Smart City, Phường Tây Mỗ, Thành phố Hà Nội, 10070, Việt Nam",None,None,cosmetics,21.0055199,105.7544965
Sony,electronics,Hà Nội,"Sony, Trục chính khu đô thị Smart City, Vinhomes Smart City, Phường Tây Mỗ, Thành phố Hà Nội, 10070, Việt Nam",None,None,electronics,21.0056589,105.754886
Kedma,cosmetics,Hà Nội,"Kedma, Trục chính khu đô thị Smart City, Vinhomes Smart City, Phường Tây Mỗ, Thành phố Hà Nội, 10070, Việt Nam",None,None,cosmetics,21.0056465,105.7547503
Kenko,electronics,Hà Nội,"AKA, Trục chính khu đô thị Smart City, Vinhomes Smart City, Phường Tây Mỗ, Thành phố Hà Nội, 10070, Việt Nam",None,None,electronics,21.0059599,105.7541451
Long Beach Pearl,jewelry,Hà Nội,"Yakihouse BBQ, Trục chính khu đô thị Smart City, Vinhomes Smart City, Phường Tây Mỗ, Thành phố Hà Nội, 10070, Việt Nam",None,None,jewelry,21.0059207,105.7542382
Himalaya,perfumery,Hà Nội,"Vincom Mega Mall Smart City, Trục chính khu đô thị Smart City, Vinhomes Smart City, Phường Tây Mỗ, Thành phố Hà Nội, 10070, Việt Nam",None,None,perfumery,21.0058763,105.754308
Doji,jewelry,Hà Nội,"Vincom Mega Mall Smart City, Trục chính khu đô thị Smart City, Vinhomes Smart City, Phường Tây Mỗ, Thành phố Hà Nội, 10070, Việt Nam",None,None,jewelry,21.0058541,105.7543879
Thế giới Kim Cương,jewelry,Hà Nội,"Thế giới Kim Cương, Trục chính khu đô thị Smart City, Vinhomes Smart City, Phường Tây Mỗ, Thành phố Hà Nội, 10070, Việt Nam",None,None,jewelry,21.0058593,105.7540869
Sâm Ngọc Linh,deli,Hà Nội,"Vincom Mega Mall Smart City, Trục chính khu đô thị Smart City, Vinhomes Smart City, Phường Tây Mỗ, Thành phố Hà Nội, 10070, Việt Nam",None,None,deli,21.0058009,105.754205
Sasana,perfumery,Hà Nội,"Vincom Mega Mall Smart City, Trục chính khu đô thị Smart City, Vinhomes Smart City, Phường Tây Mỗ, Thành phố Hà Nội, 10070, Việt Nam",None,None,perfumery,21.0057797,105.7542683
Kohnan,department_store,Hà Nội,"Lucifer Fitness, Trục chính khu đô thị Smart City, Vinhomes Smart City, Phường Tây Mỗ, Thành phố Hà Nội, 10070, Việt Nam",None,None,department_store,21.0060954,105.7533516
Sahiba,fabric,Hà Nội,"Vincom Mega Mall Smart City, Trục chính khu đô thị Smart City, Vinhomes Smart City, Phường Tây Mỗ, Thành phố Hà Nội, 10070, Việt Nam",None,None,fabric,21.0062806,105.7537498
Forever,bed,Hà Nội,"Sammi Shop, Trục chính khu đô thị Smart City, Vinhomes Smart City, Phường Tây Mỗ, Thành phố Hà Nội, 10070, Việt Nam",None,None,bed,21.006253,105.7538402
Lock & Lock,houseware,Hà Nội,"Lock & Lock, Trục chính khu đô thị Smart City, Vinhomes Smart City, Phường Tây Mỗ, Thành phố Hà Nội, 10070, Việt Nam",None,None,houseware,21.0061754,105.753979
AKA,furniture,Hà Nội,"AKA, Trục chính khu đô thị Smart City, Vinhomes Smart City, Phường Tây Mỗ, Thành phố Hà Nội, 10070, Việt Nam",None,None,furniture,21.0061643,105.7541824
Kim's Full House,furniture,Hà Nội,"Vincom Mega Mall Smart City, Trục chính khu đô thị Smart City, Vinhomes Smart City, Phường Tây Mỗ, Thành phố Hà Nội, 10070, Việt Nam",None,None,furniture,21.0058108,105.7547443
Fahasa,books,Hà Nội,"Phở Cuốn Hương Mai, Trục chính khu đô thị Smart City, Vinhomes Smart City, Phường Tây Mỗ, Thành phố Hà Nội, 10070, Việt Nam",None,None,books,21.0058628,105.7548904
My Kingdom,toys,Hà Nội,"My Kingdom, Trục chính khu đô thị Smart City, Vinhomes Smart City, Phường Tây Mỗ, Thành phố Hà Nội, 10070, Việt Nam",None,None,toys,21.005851,105.755003
BTP Store,appliance,Hà Nội,"Samsonite, Trục chính khu đô thị Smart City, Vinhomes Smart City, Phường Tây Mỗ, Thành phố Hà Nội, 10070, Việt Nam",None,None,appliance,21.0058459,105.7551244
Sen Tài Thu,herbalist,Hà Nội,"Bể bơi Vinhomes, Hầm chui nút giao đại học Tây Nam, Vinhomes Smart City, Phường Tây Mỗ, Thành phố Hà Nội, 10070, Việt Nam",None,None,herbalist,21.0058855,105.7552624
Kymdan,bed,Hà Nội,"D'Maris, Trục chính khu đô thị Smart City, Vinhomes Smart City, Phường Tây Mỗ, Thành phố Hà Nội, 10070, Việt Nam",None,None,bed,21.0055471,105.7553157
Pantio,clothes,Hà Nội,"Vincom Mega Mall Smart City, Trục chính khu đô thị Smart City, Vinhomes Smart City, Phường Tây Mỗ, Thành phố Hà Nội, 10070, Việt Nam",None,None,clothes,21.0053502,105.7550074
Vietbrothers,clothes,Hà Nội,"Vietbrothers, Trục chính khu đô thị Smart City, Vinhomes Smart City, Phường Tây Mỗ, Thành phố Hà Nội, 10070, Việt Nam",None,None,clothes,21.0053991,105.7548714
Lamer,clothes,Hà Nội,"Hoang Phuc, Trục chính khu đô thị Smart City, Vinhomes Smart City, Phường Tây Mỗ, Thành phố Hà Nội, 10070, Việt Nam",None,None,clothes,21.0054893,105.7547144
Aristino,clothes,Hà Nội,"Vincom Mega Mall Smart City, Trục chính khu đô thị Smart City, Vinhomes Smart City, Phường Tây Mỗ, Thành phố Hà Nội, 10070, Việt Nam",None,None,clothes,21.0055129,105.7545066
Exull,clothes,Hà Nội,"Exull, Trục chính khu đô thị Smart City, Vinhomes Smart City, Phường Tây Mỗ, Thành phố Hà Nội, 10070, Việt Nam",None,None,clothes,21.0055535,105.754407
Vincy,clothes,Hà Nội,"Vincom Mega Mall Smart City, Trục chính khu đô thị Smart City, Vinhomes Smart City, Phường Tây Mỗ, Thành phố Hà Nội, 10070, Việt Nam",None,None,clothes,21.0056004,105.7543272
Scorpion,shoes,Hà Nội,"Scorpion, Trục chính khu đô thị Smart City, Vinhomes Smart City, Phường Tây Mỗ, Thành phố Hà Nội, 10070, Việt Nam",None,None,shoes,21.0056364,105.7542551
Lemino,bag,Hà Nội,"Lemino, Trục chính khu đô thị Smart City, Vinhomes Smart City, Phường Tây Mỗ, Thành phố Hà Nội, 10070, Việt Nam",None,None,bag,21.0056759,105.7541614
Wacoal,clothes,Hà Nội,"Wacoal, Trục chính khu đô thị Smart City, Vinhomes Smart City, Phường Tây Mỗ, Thành phố Hà Nội, 10070, Việt Nam",None,None,clothes,21.005767,105.7540368
Ant Bedding,bed,Hà Nội,"Levi's, Trục chính khu đô thị Smart City, Vinhomes Smart City, Phường Tây Mỗ, Thành phố Hà Nội, 10070, Việt Nam",None,None,bed,21.0058192,105.7537904
Livan Sport,sports,Hà Nội,"Dooki, Trục chính khu đô thị Smart City, Vinhomes Smart City, Phường Tây Mỗ, Thành phố Hà Nội, 10070, Việt Nam",None,None,sports,21.0058221,105.7536961
Elmich,houseware,Hà Nội,"Dooki, Trục chính khu đô thị Smart City, Vinhomes Smart City, Phường Tây Mỗ, Thành phố Hà Nội, 10070, Việt Nam",None,None,houseware,21.0058527,105.7535989
Chelle,clothes,Hà Nội,"Raimu, Trục chính khu đô thị Smart City, Vinhomes Smart City, Phường Tây Mỗ, Thành phố Hà Nội, 10070, Việt Nam",None,None,clothes,21.0059488,105.7538445
Oppo,mobile_phone,Hà Nội,"Vincom Mega Mall Smart City, Trục chính khu đô thị Smart City, Vinhomes Smart City, Phường Tây Mỗ, Thành phố Hà Nội, 10070, Việt Nam",None,None,mobile_phone,21.0057671,105.7543097
Baby Point,clothes,Hà Nội,"Baby Point, Trục chính khu đô thị Smart City, Vinhomes Smart City, Phường Tây Mỗ, Thành phố Hà Nội, 10070, Việt Nam",None,None,clothes,21.0056751,105.7546723
Pierre Cardin,clothes,Hà Nội,"Hoang Phuc, Trục chính khu đô thị Smart City, Vinhomes Smart City, Phường Tây Mỗ, Thành phố Hà Nội, 10070, Việt Nam",None,None,clothes,21.0055726,105.7548164
Lizd,bed,Hà Nội,"Lizd, Trục chính khu đô thị Smart City, Vinhomes Smart City, Phường Tây Mỗ, Thành phố Hà Nội, 10070, Việt Nam",None,None,bed,21.0055615,105.75491
Woa Store,toys,Hà Nội,"Woa Store, Trục chính khu đô thị Smart City, Vinhomes Smart City, Phường Tây Mỗ, Thành phố Hà Nội, 10070, Việt Nam",None,None,toys,21.0060595,105.7535545
WinMart,supermarket,Hà Nội,"WinMart, Đường Số 4, Vinhomes Times City, Phường Vĩnh Tuy, Thành phố Hà Nội, 11622, Việt Nam",None,None,supermarket,20.9938892,105.8695724
Annam Gourmet,deli,Hà Nội,"Annam Gourmet, Đường Số 7 Times City, Vinhomes Times City, Phường Vĩnh Tuy, Thành phố Hà Nội, 11622, Việt Nam",None,None,deli,20.9934043,105.8686426
Lock & Lock,houseware,Hà Nội,"Lock & Lock, Đường Số 7 Times City, Vinhomes Times City, Phường Vĩnh Tuy, Thành phố Hà Nội, 11622, Việt Nam",None,None,houseware,20.9934049,105.8688394
Nhà sách Tân Việt,books,Hà Nội,"Nhà sách Tân Việt, Đường Số 4, Vinhomes Times City, Phường Vĩnh Tuy, Thành phố Hà Nội, 11622, Việt Nam",None,None,books,20.993405,105.8690495
May 10,clothes,Hà Nội,"May 10, Đường Số 4, Vinhomes Times City, Phường Vĩnh Tuy, Thành phố Hà Nội, 11622, Việt Nam",None,None,clothes,20.9947651,105.8683149
Crocs,shoes,Hà Nội,"Crocs, Đường Số 4, Vinhomes Times City, Phường Vĩnh Tuy, Thành phố Hà Nội, 11622, Việt Nam",None,None,shoes,20.9948353,105.8683152
Guardian,chemist,Hà Nội,"Guardian, Đường Số 4, Vinhomes Times City, Phường Vĩnh Tuy, Thành phố Hà Nội, 11622, Việt Nam",None,None,chemist,20.9943849,105.8692689
Seoul Made,cosmetics,Hà Nội,"Đường Số 2 Times City, Vinhomes Times City, Phường Vĩnh Tuy, Thành phố Hà Nội, 11622, Việt Nam",None,None,cosmetics,20.9950246,105.8680126
Blue Exchange,clothes,Hà Nội,"Đường Số 2 Times City, Vinhomes Times City, Phường Vĩnh Tuy, Thành phố Hà Nội, 11622, Việt Nam",None,None,clothes,20.9957472,105.8680126
Decathlon,sports,Hà Nội,"Decathlon, Đường Số 5 Times City, Vinhomes Times City, Phường Vĩnh Tuy, Thành phố Hà Nội, 11622, Việt Nam",None,None,sports,20.9946061,105.8696172
Vascara,shoes,Hà Nội,"Vascara, Đường Số 4, Vinhomes Times City, Phường Vĩnh Tuy, Thành phố Hà Nội, 11622, Việt Nam",None,None,shoes,20.9944693,105.8692296
Nine West,shoes,Hà Nội,"Nine West, Đường Số 4, Vinhomes Times City, Phường Vĩnh Tuy, Thành phố Hà Nội, 11622, Việt Nam",None,None,shoes,20.9965527,105.8688972
Six Do,clothes,Hà Nội,"Six Do, Đường Số 4, Vinhomes Times City, Phường Vĩnh Tuy, Thành phố Hà Nội, 11622, Việt Nam",None,None,clothes,20.9965162,105.8688969
Aldo,shoes,Hà Nội,"Aldo, Đường Số 4, Vinhomes Times City, Phường Vĩnh Tuy, Thành phố Hà Nội, 11622, Việt Nam",None,None,shoes,20.9947516,105.8692568
Kagoo,bed,Hà Nội,"Kagoo, Đường Số 4, Vinhomes Times City, Phường Vĩnh Tuy, Thành phố Hà Nội, 11622, Việt Nam",None,None,bed,20.9943054,105.8693082
Douyi,clothes,Hà Nội,"Douyi, Đường Số 4, Vinhomes Times City, Phường Vĩnh Tuy, Thành phố Hà Nội, 11622, Việt Nam",None,None,clothes,20.9960862,105.8688954
Aristino,clothes,Hà Nội,"Aristino, Đường Số 4, Vinhomes Times City, Phường Vĩnh Tuy, Thành phố Hà Nội, 11622, Việt Nam",None,None,clothes,20.995961,105.8689198
JM Dress,clothes,Hà Nội,"JM Dress, Đường Số 4, Vinhomes Times City, Phường Vĩnh Tuy, Thành phố Hà Nội, 11622, Việt Nam",None,None,clothes,20.9959609,105.8690671
Valentino,clothes,Hà Nội,"Valentino, Đường Số 4, Vinhomes Times City, Phường Vĩnh Tuy, Thành phố Hà Nội, 11622, Việt Nam",None,None,clothes,20.9958491,105.8689196
JAAN,clothes,Hà Nội,"JAAN, Đường Số 4, Vinhomes Times City, Phường Vĩnh Tuy, Thành phố Hà Nội, 11622, Việt Nam",None,None,clothes,20.9958877,105.8690666
Giovanni,clothes,Hà Nội,"Giovanni, Đường Số 4, Vinhomes Times City, Phường Vĩnh Tuy, Thành phố Hà Nội, 11622, Việt Nam",None,None,clothes,20.9958107,105.8690443
Scorpion,shoes,Hà Nội,"Scorpion, Đường Số 4, Vinhomes Times City, Phường Vĩnh Tuy, Thành phố Hà Nội, 11622, Việt Nam",None,None,shoes,20.9957471,105.8692573
Metagent,clothes,Hà Nội,"Metagent, Đường Số 4, Vinhomes Times City, Phường Vĩnh Tuy, Thành phố Hà Nội, 11622, Việt Nam",None,None,clothes,20.9956752,105.869264
Samsonite,bag,Hà Nội,"Samsonite, Đường Số 4, Vinhomes Times City, Phường Vĩnh Tuy, Thành phố Hà Nội, 11622, Việt Nam",None,None,bag,20.9955935,105.8692583
Ao Kang,shoes,Hà Nội,"Ao Kang, Đường Số 4, Vinhomes Times City, Phường Vĩnh Tuy, Thành phố Hà Nội, 11622, Việt Nam",None,None,shoes,20.9955318,105.8692579
Lemino,shoes,Hà Nội,"Lemino, Đường Số 4, Vinhomes Times City, Phường Vĩnh Tuy, Thành phố Hà Nội, 11622, Việt Nam",None,None,shoes,20.9954599,105.8692573
G2000,clothes,Hà Nội,"G2000, Đường Số 4, Vinhomes Times City, Phường Vĩnh Tuy, Thành phố Hà Nội, 11622, Việt Nam",None,None,clothes,20.9951622,105.8692323
Supersports,sports,Hà Nội,"Supersports, Đường Số 4, Vinhomes Times City, Phường Vĩnh Tuy, Thành phố Hà Nội, 11622, Việt Nam",None,None,sports,20.9950427,105.8693729
Elise,clothes,Hà Nội,"Elise, Đường Số 4, Vinhomes Times City, Phường Vĩnh Tuy, Thành phố Hà Nội, 11622, Việt Nam",None,None,clothes,20.995674,105.8689193
Up to Seconds,clothes,Hà Nội,"Up to Seconds, Đường Số 4, Vinhomes Times City, Phường Vĩnh Tuy, Thành phố Hà Nội, 11622, Việt Nam",None,None,clothes,20.995597,105.868919
Owen,clothes,Hà Nội,"Owen, Đường Số 4, Vinhomes Times City, Phường Vĩnh Tuy, Thành phố Hà Nội, 11622, Việt Nam",None,None,clothes,20.9956841,105.8690667
Beverly Hills,clothes,Hà Nội,"Beverly Hills, Đường Số 4, Vinhomes Times City, Phường Vĩnh Tuy, Thành phố Hà Nội, 11622, Việt Nam",None,None,clothes,20.9956077,105.8690665
Ivy Moda,clothes,Hà Nội,"Ivy Moda, Đường Số 4, Vinhomes Times City, Phường Vĩnh Tuy, Thành phố Hà Nội, 11622, Việt Nam",None,None,clothes,20.9955511,105.8689875
Giordano,clothes,Hà Nội,"Giordano, Đường Số 4, Vinhomes Times City, Phường Vĩnh Tuy, Thành phố Hà Nội, 11622, Việt Nam",None,None,clothes,20.9954702,105.8689193
LYN,clothes,Hà Nội,"LYN, Đường Số 4, Vinhomes Times City, Phường Vĩnh Tuy, Thành phố Hà Nội, 11622, Việt Nam",None,None,clothes,20.995401,105.868919
HLA,clothes,Hà Nội,"HLA, Đường Số 4, Vinhomes Times City, Phường Vĩnh Tuy, Thành phố Hà Nội, 11622, Việt Nam",None,None,clothes,20.9954227,105.8690663
Sixdo,clothes,Hà Nội,"Sixdo, Đường Số 4, Vinhomes Times City, Phường Vĩnh Tuy, Thành phố Hà Nội, 11622, Việt Nam",None,None,clothes,20.9953073,105.8689442
Benjamin Barker,clothes,Hà Nội,"Benjamin Barker, Đường Số 4, Vinhomes Times City, Phường Vĩnh Tuy, Thành phố Hà Nội, 11622, Việt Nam",None,None,clothes,20.9952968,105.8690431
Charles & Keith,shoes,Hà Nội,"Charles & Keith, Đường Số 4, Vinhomes Times City, Phường Vĩnh Tuy, Thành phố Hà Nội, 11622, Việt Nam",None,None,shoes,20.9951421,105.8689454
Genviet,clothes,Hà Nội,"Charles & Keith, Đường Số 4, Vinhomes Times City, Phường Vĩnh Tuy, Thành phố Hà Nội, 11622, Việt Nam",None,None,clothes,20.9951421,105.8690393
Fila,clothes,Hà Nội,"Fila, Đường Số 4, Vinhomes Times City, Phường Vĩnh Tuy, Thành phố Hà Nội, 11622, Việt Nam",None,None,clothes,20.9950433,105.8690715
Ecco,shoes,Hà Nội,"Ecco, Đường Số 4, Vinhomes Times City, Phường Vĩnh Tuy, Thành phố Hà Nội, 11622, Việt Nam",None,None,shoes,20.9950433,105.8689896
Pedro,shoes,Hà Nội,"Pedro, Đường Số 4, Vinhomes Times City, Phường Vĩnh Tuy, Thành phố Hà Nội, 11622, Việt Nam",None,None,shoes,20.9950434,105.8688968
Mango,clothes,Hà Nội,"Mango, Đường Số 4, Vinhomes Times City, Phường Vĩnh Tuy, Thành phố Hà Nội, 11622, Việt Nam",None,None,clothes,20.9945887,105.8689473
Levi's,clothes,Hà Nội,"Levi's, Đường Số 4, Vinhomes Times City, Phường Vĩnh Tuy, Thành phố Hà Nội, 11622, Việt Nam",None,None,clothes,20.9946313,105.8690806
Fitflop,shoes,Hà Nội,"Fitflop, Đường Số 4, Vinhomes Times City, Phường Vĩnh Tuy, Thành phố Hà Nội, 11622, Việt Nam",None,None,shoes,20.9945409,105.8690856
Nike,clothes,Hà Nội,"Nike, Đường Số 4, Vinhomes Times City, Phường Vĩnh Tuy, Thành phố Hà Nội, 11622, Việt Nam",None,None,clothes,20.9945407,105.8689194
Anta,sports,Hà Nội,"Anta, Đường Số 4, Vinhomes Times City, Phường Vĩnh Tuy, Thành phố Hà Nội, 11622, Việt Nam",None,None,sports,20.9944544,105.868979
Skechers,shoes,Hà Nội,"Skechers, Đường Số 4, Vinhomes Times City, Phường Vĩnh Tuy, Thành phố Hà Nội, 11622, Việt Nam",None,None,shoes,20.9943648,105.868898
Matsukiyo,chemist,Hà Nội,"Matsukiyo, Đường Số 4, Vinhomes Times City, Phường Vĩnh Tuy, Thành phố Hà Nội, 11622, Việt Nam",None,None,chemist,20.9943646,105.8690361
Xtep,sports,Hà Nội,"Nhà Hàng Gia An, Đường Số 4, Vinhomes Times City, Phường Vĩnh Tuy, Thành phố Hà Nội, 11622, Việt Nam",None,None,sports,20.9941984,105.8689096
Sammi Shop,cosmetics,Hà Nội,"Sammi Shop, Đường Số 4, Vinhomes Times City, Phường Vĩnh Tuy, Thành phố Hà Nội, 11622, Việt Nam",None,None,cosmetics,20.9942341,105.8690479
Beauty Box,cosmetics,Hà Nội,"Beauty Box, Đường Số 4, Vinhomes Times City, Phường Vĩnh Tuy, Thành phố Hà Nội, 11622, Việt Nam",None,None,cosmetics,20.9949154,105.8689552
Yves Rochers,cosmetics,Hà Nội,"Yves Rochers, Đường Số 4, Vinhomes Times City, Phường Vĩnh Tuy, Thành phố Hà Nội, 11622, Việt Nam",None,None,cosmetics,20.9948576,105.8689943
Pandora,jewelry,Hà Nội,"Pandora, Đường Số 4, Vinhomes Times City, Phường Vĩnh Tuy, Thành phố Hà Nội, 11622, Việt Nam",None,None,jewelry,20.9947783,105.8690918
The Face Shop,cosmetics,Hà Nội,"The Face Shop, Đường Số 4, Vinhomes Times City, Phường Vĩnh Tuy, Thành phố Hà Nội, 11622, Việt Nam",None,None,cosmetics,20.9947423,105.8688662
VinFast,car,Hà Nội,"VinFast, Đường Số 4, Vinhomes Times City, Phường Vĩnh Tuy, Thành phố Hà Nội, 11622, Việt Nam",None,None,car,20.9948325,105.868733
ATZ,perfumery,Hà Nội,"ATZ, Đường Số 4, Vinhomes Times City, Phường Vĩnh Tuy, Thành phố Hà Nội, 11622, Việt Nam",None,None,perfumery,20.9947523,105.8689327
Top & Top,shoes,Hà Nội,"Đường Số 4, Vinhomes Times City, Phường Vĩnh Tuy, Thành phố Hà Nội, 11622, Việt Nam",None,None,shoes,20.9961213,105.8686503
Vera - Jockey,clothes,Hà Nội,"Vera - Jockey, Đường Số 4, Vinhomes Times City, Phường Vĩnh Tuy, Thành phố Hà Nội, 11622, Việt Nam",None,None,clothes,20.9960682,105.8686503
Sabrina,clothes,Hà Nội,"Đường Số 4, Vinhomes Times City, Phường Vĩnh Tuy, Thành phố Hà Nội, 11622, Việt Nam",None,None,clothes,20.9960849,105.8685823
Bon Bon,clothes,Hà Nội,"Đường Số 4, Vinhomes Times City, Phường Vĩnh Tuy, Thành phố Hà Nội, 11622, Việt Nam",None,None,clothes,20.9961268,105.8684736
Canifa,clothes,Hà Nội,"Canifa, Đường Số 4, Vinhomes Times City, Phường Vĩnh Tuy, Thành phố Hà Nội, 11622, Việt Nam",None,None,clothes,20.9958837,105.8685601
H&M,clothes,Hà Nội,"Nhà Hàng Long Hà, Đường Số 4, Vinhomes Times City, Phường Vĩnh Tuy, Thành phố Hà Nội, 11622, Việt Nam",None,None,clothes,20.9953508,105.8685643
Casio,watches,Hà Nội,"Casio, Đường Số 4, Vinhomes Times City, Phường Vĩnh Tuy, Thành phố Hà Nội, 11622, Việt Nam",None,None,watches,20.9946714,105.8685795
Galle Watch,watches,Hà Nội,"Galle Watch, Đường Số 4, Vinhomes Times City, Phường Vĩnh Tuy, Thành phố Hà Nội, 11622, Việt Nam",None,None,watches,20.9946715,105.8686587
Delta Sport,sports,Hà Nội,"Delta Sport, Đường Số 4, Vinhomes Times City, Phường Vĩnh Tuy, Thành phố Hà Nội, 11622, Việt Nam",None,None,sports,20.9959708,105.8687702
Oppo,mobile_phone,Hà Nội,"Oppo, Đường Số 4, Vinhomes Times City, Phường Vĩnh Tuy, Thành phố Hà Nội, 11622, Việt Nam",None,None,mobile_phone,20.9955351,105.8687696
Adidas,sports,Hà Nội,"Adidas, Đường Số 4, Vinhomes Times City, Phường Vĩnh Tuy, Thành phố Hà Nội, 11622, Việt Nam",None,None,sports,20.994525,105.8686338
Boo,clothes,Hà Nội,"Boo, Đường Số 4, Vinhomes Times City, Phường Vĩnh Tuy, Thành phố Hà Nội, 11622, Việt Nam",None,None,clothes,20.9944088,105.8685122
Li-Ning,sports,Hà Nội,"Li-Ning, Đường Số 4, Vinhomes Times City, Phường Vĩnh Tuy, Thành phố Hà Nội, 11622, Việt Nam",None,None,sports,20.9943877,105.8686495
PNJ,jewelry,Hà Nội,"PNJ, Đường Số 4, Vinhomes Times City, Phường Vĩnh Tuy, Thành phố Hà Nội, 11622, Việt Nam",None,None,jewelry,20.99459,105.8687699
Doji,jewelry,Hà Nội,"Doji, Đường Số 4, Vinhomes Times City, Phường Vĩnh Tuy, Thành phố Hà Nội, 11622, Việt Nam",None,None,jewelry,20.9944796,105.8687696
Thế Giới Kim Cương,jewelry,Hà Nội,"Thế Giới Kim Cương, Đường Số 4, Vinhomes Times City, Phường Vĩnh Tuy, Thành phố Hà Nội, 11622, Việt Nam",None,None,jewelry,20.9943663,105.868769
Miniso,variety_store,Hà Nội,"Miniso, Đường Số 4, Vinhomes Times City, Phường Vĩnh Tuy, Thành phố Hà Nội, 11622, Việt Nam",None,None,variety_store,20.9941951,105.868508
Tefal,houseware,Hà Nội,"Tefal, Đường Số 4, Vinhomes Times City, Phường Vĩnh Tuy, Thành phố Hà Nội, 11622, Việt Nam",None,None,houseware,20.9940899,105.8690474
Mothercare,baby_goods,Hà Nội,"Mothercare, Đường Số 4, Vinhomes Times City, Phường Vĩnh Tuy, Thành phố Hà Nội, 11622, Việt Nam",None,None,baby_goods,20.9939845,105.8689089
Kids Plaza,baby_goods,Hà Nội,"Kids Plaza, Đường Số 4, Vinhomes Times City, Phường Vĩnh Tuy, Thành phố Hà Nội, 11622, Việt Nam",None,None,baby_goods,20.9940243,105.8690473
Hobiverse,toys,Hà Nội,"Hobiverse, Đường Số 4, Vinhomes Times City, Phường Vĩnh Tuy, Thành phố Hà Nội, 11622, Việt Nam",None,None,toys,20.9938816,105.8689088
Akemi Uchi,bed,Hà Nội,"Akemi Uchi, Đường Số 4, Vinhomes Times City, Phường Vĩnh Tuy, Thành phố Hà Nội, 11622, Việt Nam",None,None,bed,20.993882,105.8690467
Dunlopillo,bed,Hà Nội,"Dunlopillo, Đường Số 4, Vinhomes Times City, Phường Vĩnh Tuy, Thành phố Hà Nội, 11622, Việt Nam",None,None,bed,20.9938113,105.8689083
SDHome,furniture,Hà Nội,"SDHome, Đường Số 4, Vinhomes Times City, Phường Vĩnh Tuy, Thành phố Hà Nội, 11622, Việt Nam",None,None,furniture,20.9937368,105.8688871
Ant,bed,Hà Nội,"Ant, Đường Số 4, Vinhomes Times City, Phường Vĩnh Tuy, Thành phố Hà Nội, 11622, Việt Nam",None,None,bed,20.9937368,105.869025
Đồ Chơi Thông Minh,toys,Hà Nội,"Đồ Chơi Thông Minh, Đường Số 4, Vinhomes Times City, Phường Vĩnh Tuy, Thành phố Hà Nội, 11622, Việt Nam",None,None,toys,20.9936625,105.8690856
Hanvico,bed,Hà Nội,"Hanvico, Đường Số 4, Vinhomes Times City, Phường Vĩnh Tuy, Thành phố Hà Nội, 11622, Việt Nam",None,None,bed,20.9940262,105.8686082
Forever,bed,Hà Nội,"Forever, Đường Số 4, Vinhomes Times City, Phường Vĩnh Tuy, Thành phố Hà Nội, 11622, Việt Nam",None,None,bed,20.9939542,105.8686309
Grand Bois,furniture,Hà Nội,"Grand Bois, Đường Số 4, Vinhomes Times City, Phường Vĩnh Tuy, Thành phố Hà Nội, 11622, Việt Nam",None,None,furniture,20.9938829,105.868559
Coway,appliance,Hà Nội,"Coway, Đường Số 4, Vinhomes Times City, Phường Vĩnh Tuy, Thành phố Hà Nội, 11622, Việt Nam",None,None,appliance,20.9936626,105.8688714
ADream,bed,Hà Nội,"ADream, Đường Số 4, Vinhomes Times City, Phường Vĩnh Tuy, Thành phố Hà Nội, 11622, Việt Nam",None,None,bed,20.9938038,105.8687697
Maiko,clothes,Hà Nội,"Maiko, Đường Số 4, Vinhomes Times City, Phường Vĩnh Tuy, Thành phố Hà Nội, 11622, Việt Nam",None,None,clothes,20.9937526,105.8687695
Sanaa,interior_decoration,Hà Nội,"Đường Số 4, Vinhomes Times City, Phường Vĩnh Tuy, Thành phố Hà Nội, 11622, Việt Nam",None,None,interior_decoration,20.9936848,105.8687706
Kagoo,bed,Hà Nội,"Kagoo, Đường Số 4, Vinhomes Times City, Phường Vĩnh Tuy, Thành phố Hà Nội, 11622, Việt Nam",None,None,bed,20.9938019,105.8686566
My Kingdom,toys,Hà Nội,"My Kingdom, Đường Số 4, Vinhomes Times City, Phường Vĩnh Tuy, Thành phố Hà Nội, 11622, Việt Nam",None,None,toys,20.9937382,105.8685593
Hiếu Lego Hobby Shop,toys,Hà Nội,"Hiếu Lego Hobby Shop, Ngõ 94 Phố Ngọc Khánh, Phường Giảng Võ, Thành phố Hà Nội, 10067, Việt Nam",None,None,toys,21.0265918,105.8164173
Toyota Thái Hòa Từ Liêm,car,Hà Nội,"Toyota Thái Hòa Từ Liêm, Phố Tố Hữu, Thành phố Hà Nội, 10070, Việt Nam",None,None,car,20.9874891,105.7794994
Thế Giới Di Động,mobile_phone,Hà Nội,Đường Võ Văn Kiệt,None,None,mobile_phone,21.1941002,105.7809364
Điện máy Xanh,electronics,Hà Nội,Đường Võ Văn Kiệt,None,None,electronics,21.1942229,105.7810218
Media Mart Quang Minh,electronics,Hà Nội,Đường Quang Minh,None,None,electronics,21.1944368,105.7805044
Hanvico,bed,Hà Nội,Quốc lộ 32,None,None,bed,21.2072935,105.4158453
Kiot HVNH,kiosk,Hà Nội,"12, Phố Chùa Bộc",None,None,kiosk,21.0105158,105.8287658
FPT Shop,mobile_phone,Bắc Ninh,"142, Đường Trần Hưng Đạo, Bắc Ninh",None,None,mobile_phone,21.1535467,106.1510747
Chợ Văn Môn,supermarket,Bắc Ninh,"Chợ Văn Môn, Đường tỉnh 277, Văn Môn, Trung Bạn, Xã Văn Môn, Chờ, Tỉnh Bắc Ninh, 16000, Việt Nam",None,None,supermarket,21.169101,105.9291563
"Laptop Bắc Giang, Chợ Quán Thành",electronics,Bắc Ninh,"Laptop Bắc Giang, Chợ Quán Thành, Đường Xương Giang, Phường Bắc Giang, Tỉnh Bắc Ninh, 26000, Việt Nam",None,None,electronics,21.2944362,106.2159857
KIA Bắc Ninh,car,Bắc Ninh,"9, Đường Lê Thái Tổ, Bắc Ninh",None,None,car,21.1694394,106.0585473
Chevrolet Bắc Ninh,car,Bắc Ninh,"9, Lê Thái Tổ, Bắc Ninh",None,None,car,21.1700552,106.0590985
Thuý Hoà Spa,beauty,Bắc Ninh,"71, Minh Khai, Tương Giang, Từ Sơn, Bắc Ninh, 222160",None,None,beauty,21.132609,105.9959535
MINH THU,department_store,Bắc Ninh,Tỉnh lộ 286,None,None,department_store,21.1988486,105.9258549
Công ty TNHH Quảng Quyên 68,furniture,Bắc Ninh,TL 287,None,None,furniture,21.1157441,105.9735025
None,furniture,Bắc Ninh,"Phố Mai Động 3, Mai Động, Phường Phù Khê, Từ Sơn, Tỉnh Bắc Ninh, 16000, Việt Nam",None,None,furniture,21.1527806,105.9449141
None,electronics,Bắc Ninh,"Đường tỉnh 287, Thôn Đoài, Xã Đại Đồng, Tỉnh Bắc Ninh, 16300, Việt Nam",None,None,electronics,21.1007066,106.0019873
ngã ba đồng xép xã hoàn sơn huyện tiên du tỉnh bắc ninh,department_store,Bắc Ninh,"ngã ba đồng xép xã hoàn sơn huyện tiên du tỉnh bắc ninh, Đường tỉnh 287, Thôn Đoài, Xã Đại Đồng, Tỉnh Bắc Ninh, 16300, Việt Nam",None,None,department_store,21.1101077,105.9952604
Qhome,electronics,Bắc Ninh,hố chucs,None,None,electronics,21.1932091,106.3626772
Hữu phương,alcohol,Bắc Ninh,"Hữu phương, Ngõ 90 Đường Hoàng Mai, Phường Nếnh, Bắc Ninh, Tỉnh Bắc Ninh, Việt Nam",None,None,alcohol,21.2492485,106.1094856
Tuyến Bắc Giang Lai,hardware,Bắc Ninh,"Tuyến Bắc Giang Lai, Quốc lộ 31, Xã Tân Dĩnh, Thái Đào, Tỉnh Bắc Ninh, 26000, Việt Nam",None,None,hardware,21.29072,106.2614357
Photocopy Xuân Trường,copyshop,Bắc Ninh,"260, Ngô Gia Tự",None,None,copyshop,21.184617,106.0673838
Best VN,tyres,Bắc Ninh,"42-44, Đường Ngô Gia Tự, Bắc Ninh",None,None,tyres,21.1920217,106.0788764
Vinh Anh,tyres,Bắc Ninh,"578, Xương Giang",None,None,tyres,21.2887669,106.207816
Gara Hảo Chờ,car_repair,Bắc Ninh,"137, Đường tỉnh 295",None,None,car_repair,21.1987736,105.9561708
Gara Hảo Chờ,car,Bắc Ninh,"137, Đường tỉnh 295",None,None,car,21.1987009,105.9561612
None,motorcycle,Bắc Ninh,"Motorbike Mechanic, Đường Lý Thường Kiệt, Xã Sơn Động, An Châu, Tỉnh Bắc Ninh, Việt Nam",None,None,motorcycle,21.3337481,106.8502458
None,motorcycle,Bắc Ninh,"Motorbike Mechanic, Đường Võ Nguyên Giáp, Xã Sơn Động, An Châu, Tỉnh Bắc Ninh, Việt Nam",None,None,motorcycle,21.3333615,106.8500473
Quán bán hàng,yes,Bắc Ninh,"Quán bán hàng, Quốc lộ 37, Xã Bảo Đài, Tỉnh Bắc Ninh, Việt Nam",None,None,yes,21.3246481,106.3128212
Vien Thong A,electronics,Bắc Ninh,"Đường Minh Khai, Bắc Ninh",None,None,electronics,21.1236787,105.9708756
Media Mart,supermarket,Bắc Ninh,"Đường Lý Thái Tổ, Bắc Ninh",None,None,supermarket,21.1723934,106.0628219
SIÊU THỊ TRƯỜNG GIANG,supermarket,Bắc Ninh,Nguyễn Văn Cừ,None,None,supermarket,21.1487127,105.9280329
PNJ,jewelry,Bắc Ninh,"Đường Trần Phú, Bắc Ninh",None,None,jewelry,21.119491,105.96231
PNJ,jewelry,Bắc Ninh,"448, Đường Ngô Gia Tự, Bắc Ninh",None,None,jewelry,21.1824634,106.0644336
the cofee cc,coffee,Bắc Ninh,"34, DT 295, Tân Dĩnh, Lạng Giang fake",None,None,coffee,21.3139916,106.2432578
MediaMart,electronics,Bắc Ninh,"MediaMart, Đường Trần Hưng Đạo, Mao Trung, Phường Phương Liễu, Quế Võ, Tỉnh Bắc Ninh, Việt Nam",None,None,electronics,21.1549835,106.1396277
Kho Hàng sieuthitranh.net,supermarket,Bắc Ninh,"Kho Hàng sieuthitranh.net, Ngõ 168 Đường Lê Quang Đạo, Xuân Thụ, Phường Từ Sơn, Từ Sơn, Tỉnh Bắc Ninh, 16300, Việt Nam",None,None,supermarket,21.1206202,105.9675955
Cửa hàng bánh ngọt Singapore,bakery,Bắc Ninh,"Cửa hàng bánh ngọt Singapore, Đường Trần Phú, Chùa Dận, Phường Từ Sơn, Từ Sơn, Tỉnh Bắc Ninh, 10165, Việt Nam",None,None,bakery,21.1149286,105.9535467
WinMart+,convenience,Bắc Ninh,"23, Phố Nguyễn Văn Trỗi, Bắc Ninh",None,None,convenience,21.1122206,105.951156
Cửa hàng Đồng Hồ Thanh Nga,yes,Bắc Ninh,"Cửa hàng Đồng Hồ Thanh Nga, Đường Ngô Gia Tự, Đọ Xá, Phường Kinh Bắc, Bắc Ninh, Tỉnh Bắc Ninh, Việt Nam",None,None,yes,21.1805446,106.0624386
Cửa hàng Vật tư Kim khí Tiến Thìn,yes,Bắc Ninh,"Đường Ngô Gia Tự, Bắc Ninh",None,None,yes,21.1809258,106.0629584
WinMart+,convenience,Bắc Ninh,"3, Đường Thiên Đức, Bắc Ninh",None,None,convenience,21.1811139,106.0623285
Tiệm Vàng Bạc Đá Quý Quang Trung,yes,Bắc Ninh,"Đường Ngô Gia Tự, Bắc Ninh",None,None,yes,21.181137,106.0628452
Cửa Hàng Điện Tử Yên Vĩnh - Đại Lý VTC Digital,yes,Bắc Ninh,"744, Đường Ngô Gia Tự, Bắc Ninh",None,None,yes,21.1813548,106.0631142
Viettel Store,mobile_phone,Bắc Ninh,"Viettel Store, Đường Nguyễn Văn Cừ, Hòa Đình, Phường Kinh Bắc, Bắc Ninh, Tỉnh Bắc Ninh, Việt Nam",None,None,mobile_phone,21.178186,106.0587861
Nội thất ô tô Minh Tân,furniture,Bắc Ninh,"138, Lê Quang Đạo, 16300",None,None,furniture,21.1195307,105.9679811
Chìa khoá ô tô bắc ninh,car_repair,Bắc Ninh,"143, Lê Quang Đạo, 16300",None,None,car_repair,21.1195342,105.9678958
Big C,supermarket,Bắc Ninh,"Big C, Đường Lê Thanh Nghị 2, Phường Tân Tiến, Tỉnh Bắc Ninh, 26000, Việt Nam",None,None,supermarket,21.2667101,106.2083852
DABACO QUẾ VÕ,supermarket,Bắc Ninh,"DABACO QUẾ VÕ, Đường Trần Hưng Đạo, Khu công nghiệp Quế Võ, Mao Trung, Phường Phương Liễu, Quế Võ, Tỉnh Bắc Ninh, Việt Nam",None,None,supermarket,21.1552143,106.144386
DABACO GIA BÌNH,supermarket,Bắc Ninh,"DABACO GIA BÌNH, Phố Nguyễn Thanh Bình, Xã Gia Bình, Tỉnh Bắc Ninh, Việt Nam",None,None,supermarket,21.0517865,106.1733227
WinMart,supermarket,Bắc Ninh,"Đường Trần Hưng Đạo, Bắc Ninh",None,None,supermarket,21.1693485,106.1030406
Cửa hàng Gia dụng,appliance,Bắc Ninh,"Quan Độ, 16000",None,None,appliance,21.1667018,105.9294019
Vincom Bắc Ninh,supermarket,Bắc Ninh,"Đường Lý Thái Tổ, Bắc Ninh",None,None,supermarket,21.178488,106.0720107
TotalEnergies,convenience,Bắc Ninh,"TotalEnergies, Phố Bà La, Ao Sen, Cao Lâm, Phường Từ Sơn, Từ Sơn, Tỉnh Bắc Ninh, 10165, Việt Nam",None,None,convenience,21.0922205,105.9606164
WinMart,supermarket,Bắc Ninh,"WinMart, Phố Lửa Hồng, Khu Tiền An, Phường Kinh Bắc, Bắc Ninh, Tỉnh Bắc Ninh, Việt Nam",None,None,supermarket,21.1803464,106.0659177
WinMart,supermarket,Bắc Ninh,"125, Đường Trần Hưng Đạo, Bắc Ninh",None,None,supermarket,21.1801905,106.0660257
WinMart,supermarket,Bắc Ninh,"WinMart, Đường Ngọc Hân Công Chúa, Bồ Sơn, Phường Kinh Bắc, Bắc Ninh, Tỉnh Bắc Ninh, Việt Nam",None,None,supermarket,21.1776756,106.0673718
WinMart,supermarket,Bắc Ninh,"WinMart, Đường Hai Bà Trưng, Khu 2 - Tiền An, Phường Kinh Bắc, Bắc Ninh, Tỉnh Bắc Ninh, Việt Nam",None,None,supermarket,21.1836703,106.0734533
WinMart,supermarket,Bắc Ninh,"WinMart, Đường Nguyễn Trãi, Bồ Sơn, Phường Võ Cường, Bắc Ninh, Tỉnh Bắc Ninh, Việt Nam",None,None,supermarket,21.1676063,106.0643944
WinMart,supermarket,Bắc Ninh,"WinMart, Đường Âu Cơ, Hồ Ngọc Lân, Phường Kinh Bắc, Bắc Ninh, Tỉnh Bắc Ninh, Việt Nam",None,None,supermarket,21.1952341,106.0648588
WinMart,supermarket,Bắc Ninh,"WinMart, Ngõ 324 Đường Nguyễn Trãi, Bồ Sơn, Phường Võ Cường, Bắc Ninh, Tỉnh Bắc Ninh, Việt Nam",None,None,supermarket,21.1706917,106.0627031
WinMart+,convenience,Bắc Ninh,"48, Đường Lý Anh Tông, Bắc Ninh",None,None,convenience,21.1691673,106.0542228
WinMart,supermarket,Bắc Ninh,"36, Đường Âu Cơ, Bắc Ninh",None,None,supermarket,21.1870919,106.0677958
WinMart,supermarket,Bắc Ninh,"WinMart, Đường Huyền Quang, Đọ Xá, Phường Kinh Bắc, Bắc Ninh, Tỉnh Bắc Ninh, Việt Nam",None,None,supermarket,21.1786482,106.0612812
Thúy Spa,beauty,Bắc Ninh,"Thúy Spa, Đường tỉnh 295, Xã Xuân Cẩm, Châu Minh, Tỉnh Bắc Ninh, Việt Nam",None,None,beauty,21.2258644,105.9719142
Bảo Ngọc Auto,car_repair,Bắc Ninh,"142,144,146,148, Nguyễn Thị Minh Khai, 230000",None,None,car_repair,21.2832008,106.2076794
ND Solar Bắc Giang - Điện mặt trời chính hãng,supermarket,Bắc Ninh,"Cụm dân cư số 1, Quốc lộ 31, Huyện Lục Ngạn, 230000",None,None,supermarket,21.3820872,106.587715
Bánh mì bà Tuyết,pastry,Bắc Ninh,"426, Đường Hoàng Hoa Thám, bắc giang",None,None,pastry,21.2733318,106.1007564
Tiệm Vàng Long Bắc,jewelry,Bắc Ninh,"432, Đường Thân Nhân Trung, Bích Động",None,None,jewelry,21.2733616,106.1002424
Lan Anh shop,clothes,Bắc Ninh,"424, Đường Hoàng Hoa Thám, bắc giang",None,None,clothes,21.2734262,106.1005726
điện máy xanh,mobile_phone,Bắc Ninh,"388, QL37, bắc giang",None,None,mobile_phone,21.2723701,106.101412
VNPT - Vinaphone,radiotechnics,Bắc Ninh,"73FX+CQG, Đường Thân Nhân Trung, bắc giang",None,None,radiotechnics,21.2736995,106.0993937
FPT shop,mobile_phone,Bắc Ninh,"412, Đường Thân Nhân Trung, bắc giang",None,None,mobile_phone,21.2727038,106.1010086
Đại Lý Sơn Tiến Thành,paint,Bắc Ninh,"448, Đường Hoàng Hoa Thám, Bích Động",None,None,paint,21.2720413,106.1001628
"Vietlott Ngã Tư Bích Động, Việt Yên, Bắc Giang",lottery,Bắc Ninh,"74F2+452, bắc giang",None,None,lottery,21.2727032,106.1003024
F88,pawnbroker,Bắc Ninh,"235, Đường Thân Nhân Trung, bắc giang",None,None,pawnbroker,21.2726,106.1003106
Cửa Hàng Đồng Hồ Mắt Kính Huân Hạnh,optician,Bắc Ninh,"422, Đường Thân Nhân Trung, bắc giang",None,None,optician,21.2732173,106.1004456
quán nước,beverages,Bắc Ninh,"quán nước, Đường Cả Trọng, Hoàng Văn Thụ, Phường Bắc Giang, Tỉnh Bắc Ninh, 26000, Việt Nam",None,None,beverages,21.2738576,106.2078459
YADEA BÌNH MINH Bắc Giang,motorcycle,Bắc Ninh,"904A, Đường Lê Lợi, Bắc Giang, 26000",None,None,motorcycle,21.2815182,106.2158236
None,jewelry,Bắc Ninh,"Đường Ngô Gia Tự, Khu 2 - Suối Hoa, Phường Kinh Bắc, Bắc Ninh, Tỉnh Bắc Ninh, Việt Nam",None,None,jewelry,21.1875171,106.0717193
None,gift,Bắc Ninh,"Coffee ＆Toast, Đường Nguyễn Cao, Khả Lễ, Phường Võ Cường, Bắc Ninh, Tỉnh Bắc Ninh, Việt Nam",None,None,gift,21.1736937,106.0576173
Tới Thuần Chuyên Cung Cấp Cá Giống,farm,Bắc Ninh,Xóm Táo,None,None,farm,21.0632728,106.1224427
Cửa Hàng Phân bón Chuyển Xoa,agrarian,Bắc Ninh,"Thôn Liễu Khê, Thuận Thành",None,None,agrarian,21.003831,106.0181399
Tạp hóa Hồng Dung,convenience,Bắc Ninh,"241, Phố Lương Định Của, Bắc Ninh",None,None,convenience,21.1663045,106.1369392
Tạp hóa Bình Tuyết,convenience,Bắc Ninh,"247, Phố Lương Định Của, Bắc Ninh",None,None,convenience,21.1662977,106.13656
Siêu thị Điện máy Media Mart,electronics,Bắc Ninh,"Siêu thị Điện máy Media Mart, Đường Trần Hưng Đạo, Khu 1 - Phố Mới, Phường Quế Võ, Quế Võ, Tỉnh Bắc Ninh, Việt Nam",None,None,electronics,21.1529523,106.1561362
WinMart,supermarket,Bắc Ninh,"Đường Lý Thái Tổ, Bắc Ninh",None,None,supermarket,21.1783237,106.072464
Honda,car,Bắc Ninh,"Đường Lê Thái Tổ, Bắc Ninh",None,None,car,21.1672993,106.0490169
Toyota,car,Bắc Ninh,"Đường Lê Thái Tổ, Bắc Ninh",None,None,car,21.1662037,106.0486111
Hyundai,car,Bắc Ninh,"Đường Lê Thái Tổ, Bắc Ninh",None,None,car,21.1667071,106.051652
Canifa,clothes,Bắc Ninh,"185, Đường Trần Hưng Đạo, Bắc Ninh",None,None,clothes,21.1799705,106.0668569
KRIK,clothes,Bắc Ninh,"148, Đường Trần Hưng Đạo, Bắc Ninh",None,None,clothes,21.1798291,106.0665882
Nhà Thuốc Hà Bắc,chemist,Bắc Ninh,"242, Đường Trần Hưng Đạo, Bắc Ninh",None,None,chemist,21.1790764,106.06831
Kính Mắt Anna - Bắc Ninh,optician,Bắc Ninh,"Đường Trần Hưng Đạo, Bắc Ninh",None,None,optician,21.1785421,106.0696652
Biti's Bắc Ninh,shoes,Bắc Ninh,"Biti's Bắc Ninh, Đường Nguyễn Cao, Khả Lễ, Phường Kinh Bắc, Bắc Ninh, Tỉnh Bắc Ninh, Việt Nam",None,None,shoes,21.1774542,106.0634431
Siêu thị điện máy HC Bắc Ninh,electronics,Bắc Ninh,"Siêu thị điện máy HC Bắc Ninh, Đường Lê Thái Tổ, Bồ Sơn, Phường Võ Cường, Bắc Ninh, Tỉnh Bắc Ninh, Việt Nam",None,None,electronics,21.1698426,106.0588969
Siêu thị Thế Giới Di Động,mobile_phone,Bắc Ninh,"Đường Trần Hưng Đạo, Bắc Ninh",None,None,mobile_phone,21.1765166,106.0743972
TopZone - Cửa hàng Apple chính hãng,mobile_phone,Bắc Ninh,"Đường Trần Hưng Đạo, Bắc Ninh",None,None,mobile_phone,21.1765075,106.0743793
Viettel Store,mobile_phone,Bắc Ninh,"Viettel Store, Phố Vũ Miên, Khu 10 - Đại Phúc, Phường Võ Cường, Bắc Ninh, Tỉnh Bắc Ninh, Việt Nam",None,None,mobile_phone,21.1770433,106.0731092
K-MARKET,supermarket,Bắc Ninh,"66, Đường Lý Thái Tổ, Bắc Ninh",None,None,supermarket,21.1751187,106.0656239
Circle K,convenience,Bắc Ninh,"125, Đường Trần Hưng Đạo, Bắc Ninh",None,None,convenience,21.1803682,106.0659139
Circle K,convenience,Bắc Ninh,"235, Đường Nguyễn Gia Thiều, Bắc Ninh",None,None,convenience,21.1815884,106.0668504
Circle K,convenience,Bắc Ninh,"2, Đường Hồ Ngọc Lân, Bắc Ninh",None,None,convenience,21.1877103,106.0674969
Phúc Hưng Computer Máy tính - Máy in - Photocopy,copyshop,Bắc Ninh,Đường Quang Trung,None,None,copyshop,21.1616588,106.1503128
Nhà thuốc Long Châu,chemist,Bắc Ninh,"246-248, Đường Trần Hưng Đạo, Bắc Ninh",None,None,chemist,21.1788659,106.0688528
Cửa Hàng Thời Trang Format,clothes,Bắc Ninh,"252, Đường Trần Hưng Đạo, Bắc Ninh",None,None,clothes,21.1789011,106.0687969
TOKYOLIFE Bắc Ninh,yes,Bắc Ninh,"250, Đường Trần Hưng Đạo, Bắc Ninh",None,None,yes,21.1789224,106.0687347
Nhà sách 240,books,Bắc Ninh,"240, Đường Trần Hưng Đạo, Bắc Ninh",None,None,books,21.1791159,106.0682608
Nhà Thuốc FPT Long Châu,chemist,Bắc Ninh,"19, Đường Trần Lựu, Bắc Ninh",None,None,chemist,21.1968153,106.0880726
Tạp hóa Phương Hòa,convenience,Bắc Ninh,"195, Phố Lương Định Của, Bắc Ninh",None,None,convenience,21.1663534,106.1398334
Quầy thuốc Nguyễn Thị Thu,chemist,Bắc Ninh,"218, Phố Lương Định Của, Bắc Ninh",None,None,chemist,21.1665346,106.1394143
PNJ,jewelry,Bắc Ninh,"Đường Lý Thái Tổ, Bắc Ninh",None,None,jewelry,21.1784739,106.0721193
Nhà Máy Thức Ăn Chăn Nuôi Cao Cấp Dabaco,agrarian,Bắc Ninh,"Nhà Máy Thức Ăn Chăn Nuôi Cao Cấp Dabaco, Đường Nguyễn Trãi, Cụm công nghiệp Khắc Niệm, Tiên Xá, Phường Hạp Lĩnh, Bắc Ninh, Tỉnh Bắc Ninh, Việt Nam",None,None,agrarian,21.1509238,106.0728411
Aldo,shoes,Bắc Ninh,"Đường Lý Thái Tổ, Bắc Ninh",None,None,shoes,21.1787106,106.0724037
Anta,shoes,Bắc Ninh,"Đường Lý Thái Tổ, Bắc Ninh",None,None,shoes,21.1786048,106.0723248
Aokang,clothes,Bắc Ninh,"Đường Lý Thái Tổ, Bắc Ninh",None,None,clothes,21.1785612,106.0724653
BOO,clothes,Bắc Ninh,"Đường Lý Thái Tổ, Bắc Ninh",None,None,clothes,21.1783382,106.072315
Nhà sách FAHASA,books,Bắc Ninh,"Đường Lý Thái Tổ, Bắc Ninh",None,None,books,21.178611,106.0722416
Li-Ning,department_store,Bắc Ninh,"Đường Lý Thái Tổ, Bắc Ninh",None,None,department_store,21.1783009,106.0722631
Erke,department_store,Bắc Ninh,"Đường Lý Thái Tổ, Bắc Ninh",None,None,department_store,21.178547,106.0722416
YODY Quế Võ,clothes,Bắc Ninh,"YODY Quế Võ, Đường Quang Trung, Liễn Thượng, Phường Quế Võ, Quế Võ, Tỉnh Bắc Ninh, Việt Nam",None,None,clothes,21.1538267,106.1518363
Sửa chữa - bảo dưỡng xe máy Bắc Tám,motorcycle_repair,Bắc Ninh,"230, Phố Lương Định Của, Bắc Ninh",None,None,motorcycle_repair,21.1665165,106.1385778
WinMart+,convenience,Bắc Ninh,Đường Lý Thường Kiệt,None,None,convenience,21.1385519,106.0134549
WinMart+,convenience,Bắc Ninh,"203, Đường Nguyễn Văn Cừ, Bắc Ninh",None,None,convenience,21.1730833,106.0534878
WinMart+,convenience,Bắc Ninh,"679, Đường Nguyễn Văn Cừ, Bắc Ninh",None,None,convenience,21.1570222,106.0362824
WinMart+,convenience,Bắc Ninh,"400, Đường Minh Khai, Bắc Ninh",None,None,convenience,21.1246855,105.9712575
Cửa hàng bánh Origato,bakery,Bắc Ninh,"114, Đường Trần Hưng Đạo, Bắc Ninh",None,None,bakery,21.1801957,106.065589
Kính mắt Việt Tin,optician,Bắc Ninh,"Đường Trần Hưng Đạo, Bắc Ninh",None,None,optician,21.1751757,106.0790667
SamStore - Cửa hàng bán lẻ trực tiếp Samsung,mobile_phone,Bắc Ninh,"109, Đường Trần Hưng Đạo, Bắc Ninh",None,None,mobile_phone,21.1753195,106.0785434
Kính Mắt Lily,optician,Bắc Ninh,"167, Đường Trần Hưng Đạo, Bắc Ninh",None,None,optician,21.1801169,106.0665065
5S Fashion Bắc Ninh,fashion_accessories,Bắc Ninh,"161-163, Đường Trần Hưng Đạo, Bắc Ninh",None,None,fashion_accessories,21.1800486,106.0666902
Siêu thị Cát Tường,supermarket,Bắc Ninh,"Siêu thị Cát Tường, Đường Lê Thái Tổ, Hòa Đình, Phường Võ Cường, Bắc Ninh, Tỉnh Bắc Ninh, Việt Nam",None,None,supermarket,21.1672063,106.0534379
Cing's House,tea,Bắc Ninh,"91, Đường Trần Hưng Đạo, Bắc Ninh",None,None,tea,21.1806791,106.0651494
Nhà Thuốc FPT Long Châu,chemist,Bắc Ninh,"57, Đường Trần Hưng Đạo, Bắc Ninh",None,None,chemist,21.1808986,106.0645359
Hasaki Beauty & Clinic,beauty,Bắc Ninh,"122-124, Đường Trần Hưng Đạo, Bắc Ninh",None,None,beauty,21.1801112,106.0658817
TOKYOLIFE Bắc Ninh,clothes,Bắc Ninh,"463, Đường Ngô Gia Tự, Bắc Ninh",None,None,clothes,21.181655,106.0638743
WinMart,supermarket,Bắc Ninh,"73, Đường Trần Hưng Đạo, Bắc Ninh",None,None,supermarket,21.175648,106.0774517
WinMart,supermarket,Bắc Ninh,"Đường Nguyễn Phong Sắc, Bắc Ninh",None,None,supermarket,21.1531733,106.1395448
WinMart+,convenience,Bắc Ninh,"695, Đường Thiên Đức, Bắc Ninh",None,None,convenience,21.1934141,106.0502612
WinMart+,convenience,Bắc Ninh,"38, Đường Thành Bắc, Bắc Ninh",None,None,convenience,21.1787702,106.0568817
WinMart+,convenience,Bắc Ninh,"5, Đường Trần Hưng Đạo, Bắc Ninh",None,None,convenience,21.1538682,106.1470006
WinMart+,convenience,Bắc Ninh,"898, Đường Quang Trung, Bắc Ninh",None,None,convenience,21.1500043,106.1509768
WinMart+,convenience,Bắc Ninh,"Phố Nguyễn Bỉnh Trục, Bắc Ninh",None,None,convenience,21.1600374,106.1262784
WinMart+,convenience,Bắc Ninh,"60, Đường Trần Quốc Toản, Bắc Ninh",None,None,convenience,21.1769418,106.0651391
WinMart+,convenience,Bắc Ninh,"144, Đường Hai Bà Trưng, Bắc Ninh",None,None,convenience,21.1801411,106.0689575
WinMart+,convenience,Bắc Ninh,"69, Đường Hồ Ngọc Lân, Bắc Ninh",None,None,convenience,21.1901473,106.0712672
WinMart+,convenience,Bắc Ninh,"85, N22 Khu đô thị mới Đường Lê Thái Tổ, Bắc Ninh",None,None,convenience,21.1652227,106.0584794
WinMart+,convenience,Bắc Ninh,"364, Đường Trần Lựu, Bắc Ninh",None,None,convenience,21.1969772,106.0904965
WinMart+,convenience,Bắc Ninh,Bắc Ninh,None,None,convenience,21.1521547,106.1028422
WinMart+,convenience,Bắc Ninh,"11, Đường Đàm Văn Lễ, Bắc Ninh",None,None,convenience,21.1490542,106.1118439
Siêu thị Điện máy XANH,electronics,Bắc Ninh,"Đường Trần Hưng Đạo, Bắc Ninh",None,None,electronics,21.1545186,106.1419451
Kim Nguyễn Hair Salon,hairdresser,Bắc Ninh,"34, Phố Phạm Bá Thiều, Bắc Ninh",None,None,hairdresser,21.1558218,106.149868
Tiệm Vàng Sinh Diễn,gold_buyer,Bắc Ninh,"91, Đường Trần Hưng Đạo, Bắc Ninh",None,None,gold_buyer,21.1535141,106.1489675
Nhà Thuốc FPT Long Châu,chemist,Bắc Ninh,"141-143, Đường Trần Hưng Đạo, Bắc Ninh",None,None,chemist,21.1533986,106.1497645
Hoàng Hà Mobile,mobile_phone,Bắc Ninh,"155, Đường Trần Hưng Đạo, Bắc Ninh",None,None,mobile_phone,21.1533682,106.1500854
LisadoFoods Viet Nam,agrarian,Bắc Ninh,"LisadoFoods Viet Nam, Đường Quang Trung, Liễn Thượng, Phường Nhân Hòa, Quế Võ, Tỉnh Bắc Ninh, Việt Nam",None,None,agrarian,21.1846243,106.1313337
Gara ô tô Hiệp Uyên,car_repair,Bắc Ninh,"Đường Quang Trung, Bắc Ninh",None,None,car_repair,21.1712281,106.147213
Gara ô tô Thanh Tùng,car_repair,Bắc Ninh,"Đường Quang Trung, Bắc Ninh",None,None,car_repair,21.1709877,106.1473017
MiuMiu Pet,pet,Bắc Ninh,"Đường Quang Trung, Bắc Ninh",None,None,pet,21.1645153,106.1490513
Trung Dice Bánh Mỳ Đặc Ruột,bakery,Bắc Ninh,"Phố Lương Định Của, Bắc Ninh",None,None,bakery,21.1642898,106.1477454
Quế Võ AUTO,car_repair,Bắc Ninh,"Đường Trương Định, Bắc Ninh",None,None,car_repair,21.1618726,106.1470379
Giặt Là Dung Sơn - Quế Võ,laundry,Bắc Ninh,"Đường Trương Định, Bắc Ninh",None,None,laundry,21.1606246,106.1463648
Hệ thống xe máy Sang Hiển Quế Võ,motorcycle,Bắc Ninh,"347, Đường Trần Hưng Đạo, Bắc Ninh",None,None,motorcycle,21.1565217,106.1339056
Photocopy - Ảnh Thẻ Mạnh Hùng,copyshop,Bắc Ninh,"Phố Dương Giai, Bắc Ninh",None,None,copyshop,21.1580489,106.1289565
Salon: Thu Nhường Tóc Mi & Nail,hairdresser,Bắc Ninh,"Phố Nguyễn Đức Trung, Bắc Ninh",None,None,hairdresser,21.1581815,106.125367
J&T Express - Phương Liễu,wholesale,Bắc Ninh,Bắc Ninh,None,None,wholesale,21.15993,106.1246494
Kho Sagawa Bắc Ninh,wholesale,Bắc Ninh,"Kho Sagawa Bắc Ninh, Đường số 6, Khu công nghiệp VSIP Bắc Ninh, Rích Gạo, Phường Từ Sơn, Từ Sơn, Tỉnh Bắc Ninh, 16300, Việt Nam",None,None,wholesale,21.0804761,105.975995
Mapletree,wholesale,Bắc Ninh,"Mapletree, Đường số 6, Khu công nghiệp VSIP Bắc Ninh, Rích Gạo, Phường Từ Sơn, Từ Sơn, Tỉnh Bắc Ninh, 16300, Việt Nam",None,None,wholesale,21.0793901,105.9754992
Kho ITL Bắc Ninh Block 14,wholesale,Bắc Ninh,"Kho ITL Bắc Ninh Block 14, Đường Hữu Nghị, Phường Từ Sơn, Từ Sơn, Tỉnh Bắc Ninh, 10165, Việt Nam",None,None,wholesale,21.0785312,105.9720806
Kho hàng ACFC Bắc Ninh,wholesale,Bắc Ninh,"Kho hàng ACFC Bắc Ninh, Đường Hữu Nghị, Phường Từ Sơn, Từ Sơn, Tỉnh Bắc Ninh, 10165, Việt Nam",None,None,wholesale,21.0788954,105.9719993
Kho Decathlon - VSIP Bắc Ninh,wholesale,Bắc Ninh,"Kho Decathlon - VSIP Bắc Ninh, Đường Hữu Nghị, Phường Từ Sơn, Từ Sơn, Tỉnh Bắc Ninh, 10165, Việt Nam",None,None,wholesale,21.0794448,105.9740322
Maersk Distribution Center,wholesale,Bắc Ninh,"Maersk Distribution Center, Đường Hữu Nghị, Phường Từ Sơn, Từ Sơn, Tỉnh Bắc Ninh, 10165, Việt Nam",None,None,wholesale,21.0784189,105.9738045
ITL VSIP Bắc Ninh,wholesale,Bắc Ninh,"ITL VSIP Bắc Ninh, Đường Lý Thái Tổ, Rích Gạo, Phường Từ Sơn, Từ Sơn, Tỉnh Bắc Ninh, 10165, Việt Nam",None,None,wholesale,21.0794397,105.9699832
BEST EXPRESS,wholesale,Bắc Ninh,"BEST EXPRESS, Đường Lý Thái Tổ, Rích Gạo, Phường Từ Sơn, Từ Sơn, Tỉnh Bắc Ninh, 10165, Việt Nam",None,None,wholesale,21.0805797,105.9699421
Anh Minh Logistics,wholesale,Bắc Ninh,"Anh Minh Logistics, Đường Lý Thái Tổ, Rích Gạo, Phường Từ Sơn, Từ Sơn, Tỉnh Bắc Ninh, 10165, Việt Nam",None,None,wholesale,21.0817441,105.9703307
Quán bia hơi Hà Nội - Nhà hàng Phú Sơn,alcohol,Bắc Ninh,"Đường Phù Đổng Thiên Vương, Bắc Ninh",None,None,alcohol,21.1832462,106.0791558
SIÊU THỊ HMART,supermarket,Bắc Ninh,"Khu đô thị Him Lam Green Park, Bắc Ninh",None,None,supermarket,21.1692029,106.0919866
Quốc Giang Auto,car_repair,Bắc Ninh,"Đường Trương Định, Bắc Ninh",None,None,car_repair,21.1557347,106.1454061
Tạp hóa Phạm Hạnh,variety_store,Bắc Ninh,"Tạp hóa Phạm Hạnh, Đường đê Hữu Sông Cầu, Đoàn Kết, Xã Phù Lãng, Tỉnh Bắc Ninh, Việt Nam",None,None,variety_store,21.15479,106.2533195
Gốm sứ Liên Bắc,pottery,Bắc Ninh,"Gốm sứ Liên Bắc, Đường đê Hữu Sông Cầu, Đoàn Kết, Xã Phù Lãng, Tỉnh Bắc Ninh, Việt Nam",None,None,pottery,21.155236,106.2534449
Tạp hóa Thủy Trọng,variety_store,Bắc Ninh,"Tạp hóa Thủy Trọng, Đường đê Hữu Sông Cầu, Đoàn Kết, Xã Phù Lãng, Tỉnh Bắc Ninh, Việt Nam",None,None,variety_store,21.1582705,106.2504055
Gốm Ngọc,pottery,Bắc Ninh,"Gốm Ngọc, Đường đê Hữu Sông Cầu, chợ Lãng, Phù Lãng, Xã Phù Lãng, Tỉnh Bắc Ninh, Việt Nam",None,None,pottery,21.1496117,106.2545468
Gốm Bảy xá,pottery,Bắc Ninh,"Gốm Bảy xá, Đường đê Hữu Sông Cầu, chợ Lãng, Phù Lãng, Xã Phù Lãng, Tỉnh Bắc Ninh, Việt Nam",None,None,pottery,21.1436095,106.2525403
Kính mắt Tràng Tiền - Đức Cường,optician,Bắc Ninh,"55, Đường Trần Hưng Đạo, Bắc Ninh",None,None,optician,21.1537962,106.1477066
5S Fashion - Quế Võ,clothes,Bắc Ninh,"32, Đường Trần Hưng Đạo, Bắc Ninh",None,None,clothes,21.1540829,106.1476711
Kho GHN,wholesale,Bắc Ninh,"Đường Trần Hưng Đạo, Bắc Ninh",None,None,wholesale,21.1541693,106.1474077
FPT Shop,mobile_phone,Bắc Ninh,"Đường Trần Hưng Đạo, Bắc Ninh",None,None,mobile_phone,21.1542379,106.1449263
Thế Giới Di Động,mobile_phone,Bắc Ninh,"Đường Trần Hưng Đạo, Bắc Ninh",None,None,mobile_phone,21.154183,106.1452661
Nhà Thuốc Ngọc Hà,chemist,Bắc Ninh,"Đường Trần Hưng Đạo, Bắc Ninh",None,None,chemist,21.1539228,106.1462848
Nhà Thuốc Đàm Tuân 1,chemist,Bắc Ninh,"Đường Trần Hưng Đạo, Bắc Ninh",None,None,chemist,21.1539426,106.1460526
TOKYOLIFE Quế Võ,clothes,Bắc Ninh,"Đường Trần Hưng Đạo, Bắc Ninh",None,None,clothes,21.1540548,106.1457667
Savani Quế Võ - Bắc Ninh,clothes,Bắc Ninh,"Đường Trần Hưng Đạo, Bắc Ninh",None,None,clothes,21.1543465,106.1465048
Hair Salon Thúy Tạo Mẫu Tóc,hairdresser,Bắc Ninh,"Phố Vũ Huy Dực, Bắc Ninh",None,None,hairdresser,21.1537841,106.146829
Nhà Thuốc Tú Hồng,chemist,Bắc Ninh,"76, Bắc Ninh",None,None,chemist,21.1530188,106.1497996
Nhà Thuốc Thiên Ân,chemist,Bắc Ninh,"76, Bắc Ninh",None,None,chemist,21.1529536,106.1500988
SAYME,clothes,Bắc Ninh,"128, Đường Trần Hưng Đạo, Bắc Ninh",None,None,clothes,21.153642,106.1506591
Kính Mắt Quang Nhan,optician,Bắc Ninh,"126, Đường Trần Hưng Đạo, Bắc Ninh",None,None,optician,21.1536512,106.1506086
Công Ty Dược Phẩm Bắc Ninh - Quầy Thuốc Số 10,chemist,Bắc Ninh,"Đường Trần Hưng Đạo, Bắc Ninh",None,None,chemist,21.1532309,106.153045
Circle K,convenience,Bắc Ninh,"341, Đường Nguyễn Cao, Bắc Ninh",None,None,convenience,21.1723207,106.0557344
Gốm Việt Hà,pottery,Bắc Ninh,"Gốm Việt Hà, Đường đê Hữu Sông Cầu, Đoàn Kết, Xã Phù Lãng, Tỉnh Bắc Ninh, Việt Nam",None,None,pottery,21.15521,106.2546458
Gốm Thiều,pottery,Bắc Ninh,"Gốm Thiều, Đường đê Hữu Sông Cầu, chợ Lãng, Phù Lãng, Xã Phù Lãng, Tỉnh Bắc Ninh, Việt Nam",None,None,pottery,21.1470686,106.2542954
"Tiểu quách, sành sứ Trường Hải",pottery,Bắc Ninh,"Tiểu quách, sành sứ Trường Hải, Đường đê Hữu Sông Cầu, Đoàn Kết, Xã Phù Lãng, Tỉnh Bắc Ninh, Việt Nam",None,None,pottery,21.1539433,106.253205
Gốm Khải Hiền,pottery,Bắc Ninh,"Gốm Khải Hiền, Đường đê Hữu Sông Cầu, Thủ Công, Xã Phù Lãng, Tỉnh Bắc Ninh, Việt Nam",None,None,pottery,21.161852,106.2551571
Thế Giới Giày - Tùng Moscow,shoes,Bắc Ninh,"351, Đường Trần Hưng Đạo, Bắc Ninh",None,None,shoes,21.1785989,106.0702509
Giao hàng tiết kiệm BC Bắc Ninh,wholesale,Bắc Ninh,"Giao hàng tiết kiệm BC Bắc Ninh, Đường Đại Phúc 5, Khu 10 - Đại Phúc, Phường Võ Cường, Bắc Ninh, Tỉnh Bắc Ninh, Việt Nam",None,None,wholesale,21.1767128,106.0706579
Toà nhà Vĩnh Cát,motorcycle,Bắc Ninh,"39, Đường Lý Thái Tổ, Bắc Ninh",None,None,motorcycle,21.1721237,106.0624487
Tạp hóa,convenience,Bắc Ninh,"Tạp hóa, Phố Trần Bình Trọng, Phương Cầu, Phường Phương Liễu, Bắc Ninh, Tỉnh Bắc Ninh, Việt Nam",None,None,convenience,21.175063,106.1056077
Thế giới xe điện Phạm Hùng,motorcycle,Bắc Ninh,"Thế giới xe điện Phạm Hùng, Đường đê Hữu Sông Cầu, Đoàn Kết, Xã Phù Lãng, Tỉnh Bắc Ninh, Việt Nam",None,None,motorcycle,21.15478,106.2531219
Gốm Kỳ Phong,pottery,Bắc Ninh,"Gốm Kỳ Phong, Đường đê Hữu Sông Cầu, chợ Lãng, Phù Lãng, Xã Phù Lãng, Tỉnh Bắc Ninh, Việt Nam",None,None,pottery,21.1491636,106.2554798
Gốm Đô,pottery,Bắc Ninh,"Gốm Đô, Đường đê Hữu Sông Cầu, chợ Lãng, Phù Lãng, Xã Phù Lãng, Tỉnh Bắc Ninh, Việt Nam",None,None,pottery,21.1502552,106.2542339
Thảo Beauty,beauty,Bắc Ninh,"Thảo Beauty, Đường đê Hữu Sông Cầu, Đoàn Kết, Xã Phù Lãng, Tỉnh Bắc Ninh, Việt Nam",None,None,beauty,21.1570366,106.2535402
None,hairdresser,Bắc Ninh,"Đường đê Hữu Sông Cầu, Thủ Công, Xã Phù Lãng, Tỉnh Bắc Ninh, Việt Nam",None,None,hairdresser,21.1575988,106.2488351
"Trung tâm thương mại quốc tế Trung Việt Trung, Trung tâm thương mại Hồng Kông",mall,Bắc Ninh,"Đường Trần Phú, Bắc Ninh",None,None,mall,21.1147399,105.9545261
WinMart,supermarket,Bắc Ninh,"Đường Lê Thái Tổ, Bắc Ninh",None,None,supermarket,21.167377,106.0483601
Nhà Thuốc Lợi Sáng,chemist,Bắc Ninh,"168, Đường Lê Phụng Hiểu, Bắc Ninh",None,None,chemist,21.1864188,106.0583123
Nhà Thuốc FPT Long Châu,chemist,Bắc Ninh,"408, Đường Thiên Đức, Bắc Ninh",None,None,chemist,21.1866977,106.0584463
Teelab Bắc Ninh,clothes,Bắc Ninh,"205, Đường Nguyễn Gia Thiều, Bắc Ninh",None,None,clothes,21.1820804,106.0675372
The Change Hair Salon,hairdresser,Bắc Ninh,"223, Đường Nguyễn Gia Thiều, Bắc Ninh",None,None,hairdresser,21.1818942,106.0672797
Tiệm Sửa Xe Máy Phương Bình,motorcycle_repair,Bắc Ninh,"282, Đường Nguyễn Gia Thiều, Bắc Ninh",None,None,motorcycle_repair,21.1810433,106.0657406
Shop 256 Liên,clothes,Bắc Ninh,"256, Đường Nguyễn Gia Thiều, Bắc Ninh",None,None,clothes,21.1820163,106.0670288
Mỹ Phẩm Thế Giới,cosmetics,Bắc Ninh,"204, Đường Nguyễn Gia Thiều, Bắc Ninh",None,None,cosmetics,21.1827229,106.0679964
Trà Chanh Vinh Mạnh,beverages,Bắc Ninh,"15, Phố Nguyễn Hữu Nghiêm, Bắc Ninh",None,None,beverages,21.1829686,106.0678452
An Ú - Hệ Thống Mẹ Bầu Và Em Bé,baby_goods,Bắc Ninh,"10, Đường Nguyễn Đăng Đạo, Bắc Ninh",None,None,baby_goods,21.1828367,106.0688093
Garden Fruits,farm,Bắc Ninh,"169, Đường Nguyễn Gia Thiều, Bắc Ninh",None,None,farm,21.1836412,106.069619
Nhà thuốc Hà Bắc,chemist,Bắc Ninh,"129, Phố Lê Quý Đôn, Bắc Ninh",None,None,chemist,21.1840434,106.0693158
Mykingdom Bắc Ninh,toys,Bắc Ninh,"310, Đường Ngô Gia Tự, Bắc Ninh",None,None,toys,21.1841587,106.0666568
Cửa Hàng Viettel,telecommunication,Bắc Ninh,"387, Đường Ngô Gia Tự, Bắc Ninh",None,None,telecommunication,21.1838551,106.0667956
Cửa hàng Photo In Thiện Thành,copyshop,Bắc Ninh,"292, Đường Ngô Gia Tự, Bắc Ninh",None,None,copyshop,21.1843739,106.0669598
Hoàng Hà Mobile,mobile_phone,Bắc Ninh,"258, Đường Ngô Gia Tự, Bắc Ninh",None,None,mobile_phone,21.1845578,106.0671681
YODY Bắc Ninh,clothes,Bắc Ninh,"363, Đường Ngô Gia Tự, Bắc Ninh",None,None,clothes,21.1842279,106.0673671
Sửa Chữa Laptop 24h.com,computer,Bắc Ninh,"254, Đường Ngô Gia Tự, Bắc Ninh",None,None,computer,21.1847723,106.0674486
Phong Vũ,computer,Bắc Ninh,"234, Đường Ngô Gia Tự, Bắc Ninh",None,None,computer,21.184907,106.0676749
FPT Shop,mobile_phone,Bắc Ninh,"397, Đường Ngô Gia Tự, Bắc Ninh",None,None,mobile_phone,21.1826999,106.0652598
Cửa Hàng Tạp Hóa Đức Anh,supermarket,Bắc Ninh,"23, Đường Bà Chúa Kho, Bắc Ninh",None,None,supermarket,21.1964178,106.0837566
Garage Nice Car,car_repair,Bắc Ninh,Bắc Ninh,None,None,car_repair,21.175549,106.083973
F88,yes,Bắc Ninh,"146, Đường Trần Hưng Đạo, Bắc Ninh",None,None,yes,21.1745814,106.0800511
None,mobile_phone,Bắc Ninh,"12, Đường Trần Hưng Đạo, Bắc Ninh",None,None,mobile_phone,21.1755796,106.0776784
Sửa Máy In - Máy Photo Bắc Ninh,copyshop,Bắc Ninh,"46, Đường Trần Hưng Đạo, Bắc Ninh",None,None,copyshop,21.1755611,106.0777491
褚香 越南特产店,yes,Bắc Ninh,"95, Đường Trần Hưng Đạo, Bắc Ninh",None,None,yes,21.1754661,106.0780832
Oppo,mobile_phone,Bắc Ninh,"3, Đường Bình Than, Bắc Ninh",None,None,mobile_phone,21.1763513,106.0742717
"Ghế Massage, Máy Chạy Bộ Toshiko",yes,Bắc Ninh,"10, Đường Trần Hưng Đạo, Bắc Ninh",None,None,yes,21.1761296,106.0754694
An Phát Computer Bắc Ninh,computer,Bắc Ninh,"51, Đường Trần Hưng Đạo, Bắc Ninh",None,None,computer,21.1760675,106.0764462
Momo Pet,pet,Bắc Ninh,"60, Đường Trần Hưng Đạo, Bắc Ninh",None,None,pet,21.1754355,106.0772788
Mia Lala,clothes,Bắc Ninh,"187, Đường Trần Hưng Đạo, Bắc Ninh",None,None,clothes,21.1799653,106.0669282
Giày dép Liên Liên,shoes,Bắc Ninh,"189, Đường Trần Hưng Đạo, Bắc Ninh",None,None,shoes,21.1799528,106.0669845
Calie,clothes,Bắc Ninh,"191-193, Đường Trần Hưng Đạo, Bắc Ninh",None,None,clothes,21.1799203,106.0670435
Adore Dress,clothes,Bắc Ninh,"150, Đường Trần Hưng Đạo, Bắc Ninh",None,None,clothes,21.1798181,106.0666188
G9 Moza,clothes,Bắc Ninh,"156, Đường Trần Hưng Đạo, Bắc Ninh",None,None,clothes,21.179784,106.0667132
WinMart,supermarket,Bắc Ninh,"3, Đường Nguyễn Gia Thiều, Bắc Ninh",None,None,supermarket,21.1879722,106.0758808
Cháy Flower,florist,Bắc Ninh,"522, Đường Ngô Gia Tự, Bắc Ninh",None,None,florist,21.1816271,106.0634079
Vàng Sinh Diễn,gold_buyer,Bắc Ninh,"466, Đường Ngô Gia Tự, Bắc Ninh",None,None,gold_buyer,21.1823435,106.0643263
Hương Giang Bakery,bakery,Bắc Ninh,"106, Đường Vũ Ninh, Bắc Ninh",None,None,bakery,21.1914778,106.0790133
Xe máy Tiếp Bảo,motorcycle_repair,Bắc Ninh,"89, Đường Ngô Gia Tự, Bắc Ninh",None,None,motorcycle_repair,21.1915018,106.078768
Thiết bị thể thao chuyên nghiệp - Phú Cường Store,sports,Bắc Ninh,"139, Đường Ngô Gia Tự, Bắc Ninh",None,None,sports,21.1906276,106.0768628
WinMart+,convenience,Bắc Ninh,"53, Đường Đấu Mã, Bắc Ninh",None,None,convenience,21.1914531,106.0868496
WinMart+,convenience,Bắc Ninh,"112, Phố Cổ Pháp, Bắc Ninh",None,None,convenience,21.1089767,105.9546028
WinMart+,convenience,Bắc Ninh,"628, Đường Nguyễn Trãi, Bắc Ninh",None,None,convenience,21.1591272,106.0675524
WinMart+,convenience,Bắc Ninh,"429, Đường Lý Thường Kiệt, Bắc Ninh",None,None,convenience,21.1227871,105.9220229
"Đại lý Hùng Cường - Bán buôn, bán lẻ",bicycle,Bắc Ninh,"108, Đường Trần Hưng Đạo, Bắc Ninh",None,None,bicycle,21.1531341,106.1536548
Kính mắt Quang Nhãn,optician,Bắc Ninh,"2, Đường Trương Định, Bắc Ninh",None,None,optician,21.1545012,106.1456458
ERKE,clothes,Bắc Ninh,"Đường Trần Hưng Đạo, Bắc Ninh",None,None,clothes,21.1544655,106.1457067
WinMart+,convenience,Bắc Ninh,"Đường Nguyễn Quốc Ích, Bắc Ninh",None,None,convenience,21.1648423,106.0358305
Happy Gift,gift,Bắc Ninh,"91, Đường Trần Hưng Đạo, Bắc Ninh",None,None,gift,21.1806572,106.0652348
Mazda,car,Bắc Ninh,"Đường Lê Thái Tổ, Bắc Ninh",None,None,car,21.1678213,106.0477003
Peugeot,car,Bắc Ninh,"Đường Lê Thái Tổ, Bắc Ninh",None,None,car,21.1679558,106.0475631
BMW,car,Bắc Ninh,"Đường Lê Thái Tổ, Bắc Ninh",None,None,car,21.168181,106.0475392
WinMart+,convenience,Bắc Ninh,"Đường Nguyễn Thủ Tiệp, Bắc Ninh",None,None,convenience,21.1390844,106.0555874
WinMart+,convenience,Bắc Ninh,"1170, Đường Quang Trung, Bắc Ninh",None,None,convenience,21.1179171,106.1577437
WinMart+,convenience,Bắc Ninh,"74, Đường Nguyễn Đăng Đạo, Bắc Ninh",None,None,convenience,21.1429629,106.0198617
Đình Thiên Barber shop,hairdresser,Bắc Ninh,"Đình Thiên Barber shop, Đường đê Hữu Sông Cầu, Phúc Lộc, Xã Phù Lãng, Tỉnh Bắc Ninh, 03500, Việt Nam",None,None,hairdresser,21.1270993,106.2797281
Gara Trọng Đại,car_repair,Bắc Ninh,"Gara Trọng Đại, Quốc lộ 18, Kiều Lương, Xã Phù Lãng, Tỉnh Bắc Ninh, 03500, Việt Nam",None,None,car_repair,21.1201169,106.2492833
Nhà Thuốc Vũ Tuyết,chemist,Bắc Ninh,"Phố Phan Kế Bính, Bắc Ninh",None,None,chemist,21.1582409,106.1264977
Nhà Thuốc Hương Nam,chemist,Bắc Ninh,"Phố Phan Kế Bính, Bắc Ninh",None,None,chemist,21.1583258,106.12654
Trung tâm đồng hồ - kính mắt số 1 - Tiếp Khiên,optician,Bắc Ninh,"984, Đường Quang Trung, Bắc Ninh",None,None,optician,21.1512642,106.1510236
Tạp hóa Kiên Thơm,convenience,Bắc Ninh,"223, Phố Lương Định Của, Bắc Ninh",None,None,convenience,21.166328,106.1381257
None,variety_store,Bắc Ninh,"Trail, Đồng Sài, Xã Phù Lãng, Tỉnh Bắc Ninh, Việt Nam",None,None,variety_store,21.1477993,106.2300848
Tạp hoá Quang Trung,variety_store,Bắc Ninh,"Tạp hoá Quang Trung, Trail, Đồng Sài, Xã Phù Lãng, Tỉnh Bắc Ninh, Việt Nam",None,None,variety_store,21.1475053,106.229802
None,health_food,Bắc Ninh,"Trail, Đồng Sài, Xã Phù Lãng, Tỉnh Bắc Ninh, Việt Nam",None,None,health_food,21.147289,106.2298149
None,doityourself,Bắc Ninh,"Trail, Đồng Sài, Xã Phù Lãng, Tỉnh Bắc Ninh, Việt Nam",None,None,doityourself,21.1475758,106.2300379
None,beauty,Bắc Ninh,"Trail, Đồng Sài, Xã Phù Lãng, Tỉnh Bắc Ninh, Việt Nam",None,None,beauty,21.1476315,106.2298436
Xiaomi,mobile_phone,Bắc Ninh,"Đường Nguyễn Cao, Bắc Ninh",None,None,mobile_phone,21.1730294,106.0562845
Gara ô tô Văn Sao,car_repair,Bắc Ninh,"Gara ô tô Văn Sao, Đường đê Hữu Sông Cầu, Đoàn Kết, Xã Phù Lãng, Tỉnh Bắc Ninh, Việt Nam",None,None,car_repair,21.1522708,106.2433816
Sua Xe,motorcycle_repair,Bắc Ninh,"Sua Xe, Đường Chu Văn An, Tân Thịnh, Xã Kép, Tỉnh Bắc Ninh, Việt Nam",None,None,motorcycle_repair,21.4104692,106.2767945
WinMart,supermarket,Bắc Ninh,"WinMart, Cầu Bình Than, Châu Cầu, Xã Phù Lãng, Tỉnh Bắc Ninh, Việt Nam",None,None,supermarket,21.1279223,106.2448315
None,pottery,Bắc Ninh,"Đường đê Hữu Sông Cầu, Phúc Lộc, Xã Phù Lãng, Tỉnh Bắc Ninh, 03500, Việt Nam",None,None,pottery,21.1489599,106.2581583
Tạp hoá Lanh Đỗ,variety_store,Bắc Ninh,"Tạp hoá Lanh Đỗ, Trail, Phường Đào Viên, Tỉnh Bắc Ninh, Việt Nam",None,None,variety_store,21.1314336,106.2448686
Ảnh viện áo cưới Ngọc Studio,clothes,Bắc Ninh,"Ảnh viện áo cưới Ngọc Studio, Trail, Phường Đào Viên, Tỉnh Bắc Ninh, Việt Nam",None,None,clothes,21.1313886,106.244778
Nhà sách Quang Lâm,books,Bắc Ninh,"Nhà sách Quang Lâm, Trail, Phường Đào Viên, Tỉnh Bắc Ninh, Việt Nam",None,None,books,21.1311667,106.2446558
None,beauty,Bắc Ninh,"Trail, Phường Đào Viên, Tỉnh Bắc Ninh, Việt Nam",None,None,beauty,21.1312236,106.2446659
None,variety_store,Bắc Ninh,"Trail, Phường Đào Viên, Tỉnh Bắc Ninh, Việt Nam",None,None,variety_store,21.1310907,106.2446082
None,beauty,Bắc Ninh,"Trail, Phường Đào Viên, Tỉnh Bắc Ninh, Việt Nam",None,None,beauty,21.1309253,106.244586
None,interior_decoration,Bắc Ninh,"Trail, Phường Đào Viên, Tỉnh Bắc Ninh, Việt Nam",None,None,interior_decoration,21.1309735,106.2445951
None,variety_store,Bắc Ninh,"Trail, Phường Đào Viên, Tỉnh Bắc Ninh, Việt Nam",None,None,variety_store,21.1308722,106.2445754
Nhà sách Quý Gia,books,Bắc Ninh,"Nhà sách Quý Gia, Trail, Phường Đào Viên, Tỉnh Bắc Ninh, Việt Nam",None,None,books,21.1307959,106.2445725
None,houseware,Bắc Ninh,"Trail, Phường Đào Viên, Tỉnh Bắc Ninh, Việt Nam",None,None,houseware,21.1308447,106.2447649
Salon Thanh Mai,hairdresser,Bắc Ninh,"Salon Thanh Mai, Trail, Phường Đào Viên, Tỉnh Bắc Ninh, Việt Nam",None,None,hairdresser,21.1307744,106.244765
None,chemist,Bắc Ninh,"Cầu Bình Than, Châu Cầu, Xã Phù Lãng, Tỉnh Bắc Ninh, Việt Nam",None,None,chemist,21.1225865,106.2440646
None,interior_decoration,Bắc Ninh,"Cầu Bình Than, Châu Cầu, Xã Phù Lãng, Tỉnh Bắc Ninh, Việt Nam",None,None,interior_decoration,21.1234733,106.2442758
None,chemist,Bắc Ninh,"Cầu Bình Than, Châu Cầu, Xã Phù Lãng, Tỉnh Bắc Ninh, Việt Nam",None,None,chemist,21.1232648,106.2442351
None,gold_buyer,Bắc Ninh,"Cầu Bình Than, Châu Cầu, Xã Phù Lãng, Tỉnh Bắc Ninh, Việt Nam",None,None,gold_buyer,21.1232247,106.2442281
None,chemist,Bắc Ninh,"Cầu Bình Than, Châu Cầu, Xã Phù Lãng, Tỉnh Bắc Ninh, Việt Nam",None,None,chemist,21.1230111,106.244196
Nhà của Sóc,baby_goods,Bắc Ninh,"279, Đường Trần Hưng Đạo, Bắc Ninh",None,None,baby_goods,21.1792185,106.0685985
Tạp hóa Lâm Giang,convenience,Bắc Ninh,"215, Phố Lương Định Của, Bắc Ninh",None,None,convenience,21.1663629,106.1386188
TATA Cake Shop,bakery,Bắc Ninh,"215, Phố Lương Định Của, Bắc Ninh",None,None,bakery,21.1663789,106.1385744
Cửa hàng tạp hóa Giang Thùy,convenience,Bắc Ninh,"217, Phố Lương Định Của, Bắc Ninh",None,None,convenience,21.1663732,106.1384881
Quầy thuốc Hà Giang,chemist,Bắc Ninh,"252, Phố Lương Định Của, Bắc Ninh",None,None,chemist,21.1664306,106.1375643
Trang Spa,beauty,Bắc Ninh,"252, Phố Lương Định Của, Bắc Ninh",None,None,beauty,21.1664439,106.1375226
Long Hà - Bán và cho thuê trang phục biểu diễn,clothes,Bắc Ninh,"1115B, Đường Quang Trung, Bắc Ninh",None,None,clothes,21.1564678,106.1517545
Thiết bị điện nước Thanh Thảo,electrical,Bắc Ninh,"Thiết bị điện nước Thanh Thảo, Đường đê Hữu Sông Cầu, chợ Lãng, Phù Lãng, Xã Phù Lãng, Tỉnh Bắc Ninh, Việt Nam",None,None,electrical,21.1398639,106.2559264
Chuyển phát nhanh J&T Express - MKD Võ Cường,wholesale,Bắc Ninh,Bắc Ninh,None,None,wholesale,21.1560011,106.0403747
BYD Trung Thành Bắc Ninh,car,Bắc Ninh,"Đường Lê Thái Tổ, Bắc Ninh",None,None,car,21.1666842,106.0522147
Vinfast Minh Đạo Bắc Ninh,car,Bắc Ninh,"Đường Lê Thái Tổ, Bắc Ninh",None,None,car,21.1670827,106.053092
K-Market,supermarket,Bắc Ninh,"68, Đường Lý Thái Tổ, Bắc Ninh",None,None,supermarket,21.172827,106.0622853
Thế giới di động,mobile_phone,Bắc Ninh,"248-250, Đường Minh Khai, Bắc Ninh",None,None,mobile_phone,21.1231089,105.9684718
Điện Máy Xanh,electronics,Bắc Ninh,"Đường Nguyễn Văn Cừ, Bắc Ninh",None,None,electronics,21.1392037,105.9388853
WinMart+,convenience,Bắc Ninh,"Đường Đa Cấu, Bắc Ninh",None,None,convenience,21.1470786,106.1190818
WinMart+,convenience,Bắc Ninh,"8-10, Ngõ 2 Đường Minh Khai, Bắc Ninh",None,None,convenience,21.1220939,105.9663204
Vàng bạc Kim Thành,jewelry,Bắc Ninh,"126, Đường Minh Khai, Bắc Ninh",None,None,jewelry,21.121774,105.9661123
Nhà Thuốc FPT Long Châu,chemist,Bắc Ninh,"Đường tỉnh 284, Bắc Ninh",None,None,chemist,21.0401229,106.1487853
WinMart+,convenience,Bắc Ninh,"Đường tỉnh 284, Bắc Ninh",None,None,convenience,21.040005,106.1490325
Chợ Giầu,mall,Bắc Ninh,"Chợ Giầu, Phố Ngoại Thương, Lê Hồng Phong, Phường Từ Sơn, Từ Sơn, Tỉnh Bắc Ninh, 16300, Việt Nam",None,None,mall,21.1163176,105.9600482
Siêu thị Từ Sơn,mall,Bắc Ninh,"Đường Minh Khai, Bắc Ninh",None,None,mall,21.1234116,105.9705075
Dabaco Mart,supermarket,Bắc Ninh,"Đường Lý Thái Tổ, Bắc Ninh",None,None,supermarket,21.173112,106.0647303
Trung tâm thương mại Dabaco Mart Từ Sơn,mall,Bắc Ninh,"Đường Lý Thái Tổ, Bắc Ninh",None,None,mall,21.1027932,105.9619767
Chợ Lim,mall,Bắc Ninh,"Chợ Lim, Ngõ 188 Đường Lý Thường Kiệt, Xóm Đông, Duệ Đông, Xã Tiên Du, Lim, Tỉnh Bắc Ninh, Việt Nam",None,None,mall,21.1418621,106.0155103
Handicapped Center,gift,Bắc Ninh,"Handicapped Center, Quốc lộ 18, Kiều Lương, Xã Phù Lãng, Tỉnh Bắc Ninh, 03500, Việt Nam",None,None,gift,21.1201934,106.2568588
Siêu Thị điện máy Anh Đức,supermarket,Bắc Ninh,"Siêu Thị điện máy Anh Đức, Đường Lý Thánh Tông, Dương Lôi, Phường Từ Sơn, Từ Sơn, Tỉnh Bắc Ninh, 16300, Việt Nam",None,None,supermarket,21.1187216,105.9754443
Vincom Plaza Lý Thái Tổ,mall,Bắc Ninh,"Đường Trần Hưng Đạo, Bắc Ninh",None,None,mall,21.1785274,106.0724399
HONDA HEAD ĐÔNG NAM MOTOR,motorcycle,Bắc Ninh,"74F2+27J, bắc giang",None,None,motorcycle,21.2724576,106.1007489
HEAD Vĩnh Cát 2,motorcycle,Bắc Ninh,"Đường Trần Hưng Đạo, Bắc Ninh",None,None,motorcycle,21.153519,106.1519062
Trung tâm thương mại Dabaco Quế Võ,mall,Bắc Ninh,"Trung tâm thương mại Dabaco Quế Võ, Đường Trương Định, Mao Trung, Phường Phương Liễu, Quế Võ, Tỉnh Bắc Ninh, Việt Nam",None,None,mall,21.155142,106.14455
Nhà Thuốc FPT Long Châu,chemist,Bắc Ninh,"141, Đường Trần Hưng Đạo, Bắc Ninh",None,None,chemist,21.153397,106.1497611
Thanh Tùng Quán,alcohol,Bắc Ninh,"1225, Đường Quang Trung, Bắc Ninh",None,None,alcohol,21.1512656,106.1513658
ABi Fruits,farm,Bắc Ninh,"1223, Đường Quang Trung, Bắc Ninh",None,None,farm,21.151344,106.1513731
Honda Bắc Ninh,car,Bắc Ninh,"Honda, Đường Lê Thái Tổ, Hòa Đình, Phường Võ Cường, Bắc Ninh, Tỉnh Bắc Ninh, Việt Nam",None,None,car,21.1672994,106.0490215
Hyundai Bắc Ninh,car,Bắc Ninh,"Đường Lê Thái Tổ, Bắc Ninh",None,None,car,21.1666817,106.0516657
Toyota Bắc Ninh,car,Bắc Ninh,"Đường Lê Thái Tổ, Bắc Ninh",None,None,car,21.1661823,106.0486101
Bệnh Viện Mắt Sông Cầu,optician,Bắc Ninh,"221, Đường Ngô Gia Tự, Bắc Ninh",None,None,optician,21.1873527,106.071707
Kia Bắc Ninh,car,Bắc Ninh,"9, Đường Lê Thái Tổ, Bắc Ninh",None,None,car,21.169469,106.058532
Mitsubishi,car,Bắc Ninh,"Mitsubishi, Đường Lê Thái Tổ, Bồ Sơn, Phường Võ Cường, Bắc Ninh, Tỉnh Bắc Ninh, Việt Nam",None,None,car,21.169924,106.0592443
THACO AUTO BẮC NINH,car_repair,Bắc Ninh,"Đường Nguyễn Văn Cừ, Bắc Ninh",None,None,car_repair,21.164571,106.0447822
WinMart,supermarket,Bắc Ninh,"3, Đường Nguyễn Gia Thiều, Bắc Ninh",None,None,supermarket,21.1879346,106.0759071
HEAD Việt Long 1,motorcycle,Bắc Ninh,"15A, Đường Nguyễn Văn Cừ, Bắc Ninh",None,None,motorcycle,21.1775669,106.0588536
FPT Shop,mobile_phone,Bắc Ninh,"205, Đường Ngô Gia Tự, Bắc Ninh",None,None,mobile_phone,21.1896902,106.0753495
Toyota Từ Sơn,car,Bắc Ninh,"Đường Lý Thánh Tông, Bắc Ninh",None,None,car,21.1103062,105.9830744
Kia Từ Sơn,car,Bắc Ninh,"578, Đường Trần Phú, Bắc Ninh",None,None,car,21.1118923,105.9475445
WinMart+,convenience,Bắc Ninh,"898, Đường Quang Trung, Bắc Ninh",None,None,convenience,21.1499949,106.1509524
Nhà Thuốc FPT Long Châu,chemist,Bắc Ninh,"26, Phố Nguyễn Đình Trạch, Bắc Ninh",None,None,chemist,21.1535869,106.1377155
None,kiosk,Bắc Ninh,"Đường Nguyễn Công Hãng, Bắc Ninh",None,None,kiosk,21.1849494,106.066772
Siêu thị nội thất Đắc Bình,antiques,Bắc Ninh,"102, Đường Trần Hưng Đạo, Bắc Ninh",None,None,antiques,21.1538236,106.1498051
Him Lam Computer,computer,Bắc Ninh,"98, Đường Trần Hưng Đạo, Bắc Ninh",None,None,computer,21.15383,106.1496215
WinMart+,convenience,Bắc Ninh,"Đường Nguyễn Quốc Ích, Bắc Ninh",None,None,convenience,21.1648338,106.0358165
WinMart+,convenience,Bắc Ninh,"1170, Đường Quang Trung, Bắc Ninh",None,None,convenience,21.1179188,106.1577383
Hyundai Bắc Ninh - Chi nhánh Từ Sơn,car,Bắc Ninh,"Đường Lý Thái Tổ, Bắc Ninh",None,None,car,21.1099488,105.9602318
Điện Máy Xanh,electronics,Bắc Ninh,"Đường Lý Thái Tổ, Bắc Ninh",None,None,electronics,21.1101186,105.9597425
An Ú - Hệ Thống Mẹ Bầu Và Em Bé,baby_goods,Bắc Ninh,"168, Đường Lê Quang Đạo, Bắc Ninh",None,None,baby_goods,21.1197228,105.9675553
Siêu thị Lan Chi,supermarket,Bắc Ninh,"Đường Kinh Dương Vương, Bắc Ninh",None,None,supermarket,21.0405736,106.0939532
HONDA Khánh Thao 2,motorcycle,Bắc Ninh,"44, Đường Trần Hưng Đạo, Bắc Ninh",None,None,motorcycle,21.1557707,106.1347324
Siêu thị Lan Chi,supermarket,Hà Nam,"Siêu thị Lan Chi, Đường Nguyễn Hữu Tiến, Phường Đồng Văn, Tỉnh Ninh Bình, 03513, Việt Nam",None,None,supermarket,20.6439596,105.9247533
Huệ Lĩnh,variety_store,Hà Nam,"Đê sông hồng, Lý nhân",None,None,variety_store,20.553877,106.1498708
VLXD XuânƯớc - Showroom 2,supermarket,Hà Nam,"Lô 1, Quốc lộ 38, Hà Nam, 0351",None,None,supermarket,20.6430587,105.9126841
GạchỐp Lát XuânƯớc - Showroom 1,supermarket,Hà Nam,"90, Phạm Ngọc Nhị, Hà Nam, 03513",None,None,supermarket,20.6407287,105.9156643
Hiệu sách Kubu,books,Hà Nam,"49, Đề Yêm, Phủ Lý",None,None,books,20.5404524,105.9009017
None,mobile_phone,Hà Nam,"Đường Đinh Công Tráng, Kiện Khê, Phường Châu Sơn, Tỉnh Ninh Bình, Việt Nam",None,None,mobile_phone,20.5210751,105.9101735
None,furniture,Hà Nam,"Phố Tô Vĩnh Diện, Phường Phủ Lý, Tỉnh Ninh Bình, Việt Nam",None,None,furniture,20.5262195,105.9223312
Tuấn Thành,tyres,Hà Nam,"11B, Đình Tiên Hoàng",None,None,tyres,20.5325665,105.9187942
Tin Tin Au Vietnam Tourist Shop,convenience,Hà Nam,"Tin Tin Au Vietnam Tourist Shop, Lê Đức Thọ, Thôn Ứng Liêm, Xã Thanh Hà, Xã Liêm Hà, Tỉnh Ninh Bình, Việt Nam",None,None,convenience,20.4980698,105.9197658
Điện Mặt Trời Hà Nam ( dienmattroihanam.com ),electronics,Hà Nam,"Phố Chuông, Hà Nam, 40000",None,None,electronics,20.6390957,105.9109163
Máy Tính Quang Linh (maytinhdongvan.com),computer,Hà Nam,"Phố Chuông, Hà Nam, 40000",None,None,computer,20.6390443,105.9109297
None,hardware,Hà Nam,"Quốc lộ 1, Xã Thanh Liêm, Tỉnh Ninh Bình, Việt Nam",None,None,hardware,20.4167418,105.918459
None,convenience,Hà Nam,"Phố Trần Văn Chuông, Phường Phù Vân, Tỉnh Ninh Bình, Việt Nam",None,None,convenience,20.5371906,105.9014499
Tiệm Nhà Hiền CN Đồng Văn Xanh,supermarket,Hà Nam,"LK25/27, Phố Đào Duy Từ, Hà Nam",None,None,supermarket,20.6416124,105.9085245
None,convenience,Hà Nam,"Quốc lộ 21B, Xã Bình Giang, Tỉnh Ninh Bình, Việt Nam",None,None,convenience,20.4640335,106.0792371
Mixue,beverages,Hà Nam,"139, Đường Nguyễn Văn Trỗi",None,None,beverages,20.5406834,105.9151921
None,clothes,Hà Nam,"Đường Nguyễn Văn Trỗi, Châu Cầu, Phường Phủ Lý, Tỉnh Ninh Bình, Việt Nam",None,None,clothes,20.5407583,105.915072
WinMart+,convenience,Hà Nam,"WinMart+, Đường Nguyễn Văn Trỗi, Châu Cầu, Phường Phủ Lý, Tỉnh Ninh Bình, Việt Nam",None,None,convenience,20.5403214,105.9149816
Toyota Hà Nam,car,Hà Nam,"Toyota Hà Nam, Quốc lộ 1A cũ, Phường Hà Nam, Tỉnh Ninh Bình, 03513, Việt Nam",None,None,car,20.600305,105.9271714
Áo Cưới VIP,clothes,Nam Định,"0945555383, Nam Định, 0350",None,None,clothes,20.2617079,106.4918532
Chợ Hồng Thuận,convenience,Nam Định,"Chợ Hồng Thuận, 489, Giao Thiện, Xã Giao Hòa, Tỉnh Ninh Bình, Việt Nam",None,None,convenience,20.2646066,106.4877333
thôngmobile,mobile_phone,Nam Định,"thôngmobile, Đường tỉnh 489, Hải Nam, Xã Hải Hưng, Tỉnh Ninh Bình, Việt Nam",None,None,mobile_phone,20.2276723,106.3366048
Vu truong,convenience,Nam Định,"108, 489, 123",None,None,convenience,20.2766777,106.3575854
None,computer,Nam Định,"Internet café, Quốc lộ 10, Gôi, Xã Vụ Bản, Tỉnh Ninh Bình, Việt Nam",None,None,computer,20.3323337,106.0761435
shopbinhnhung,shoes,Nam Định,đường Đen,None,None,shoes,20.3070369,106.2631804
Linh sa,department_store,Nam Định,"168, N6",None,None,department_store,20.4175214,106.146313
Linh sa,department_store,Nam Định,N6,None,None,department_store,20.4177108,106.1461192
Linh sa,department_store,Nam Định,N6,None,None,department_store,20.4391909,106.1717206
cửa hành Minh Khanh,confectionery,Nam Định,"34, Mạc Thị Bưởi",None,None,confectionery,20.4365955,106.1736765
Linh sa,convenience,Nam Định,Quoc lo 10,None,None,convenience,20.4175952,106.146102
Linh saa,convenience,Nam Định,N6,None,None,convenience,20.4175885,106.1461308
Linh sa,department_store,Nam Định,Quốc lộ 10,None,None,department_store,20.4175764,106.1461472
Cửa hàng Được Huyền,department_store,Nam Định,"69, Tức Mạc",None,None,department_store,20.4461159,106.1666546
Cửa hàng Dũng Huyền,department_store,Nam Định,"74, tức mạc",None,None,department_store,20.4418533,106.1716244
Cửa hàng Vinh The,department_store,Nam Định,"129, Vĩnh Mạc",None,None,department_store,20.4481718,106.1653146
CH Vinh The,department_store,Nam Định,"129, Vĩnh Mạc",None,None,department_store,20.4479757,106.1653735
Huệ cúc,department_store,Nam Định,"kiot 1 ga ND, trần đăng ninh",None,None,department_store,20.4217692,106.1644613
Cửa hàng Cường Linh,department_store,Nam Định,"92, Mạc Thị Bưởi",None,None,department_store,20.4346803,106.1749155
Cửa hàng Hà Vân,department_store,Nam Định,"39, Hưng Yên",None,None,department_store,20.431919,106.1723879
Cửa hàng Chung Thảo,department_store,Nam Định,"169, Hưng Yên",None,None,department_store,20.4339203,106.1730872
Cửa hàng Thanh Hiền,department_store,Nam Định,"323, Hoàng Văn Thụ",None,None,department_store,20.4300519,106.1739304
None,department_store,Nam Định,"Đường Mỹ Xá, Phường Thành Nam, Tỉnh Ninh Bình, 42000, Việt Nam",None,None,department_store,20.4150264,106.1536243
CH Tuấn Phương,department_store,Nam Định,"84, Nguyễn Đức Thuận",None,None,department_store,20.4394307,106.1786404
CH Huyền Đức,department_store,Nam Định,"527, Trường Chinh",None,None,department_store,20.4372177,106.1797128
Diệp hương,convenience,Nam Định,thông mậu  lực  Yên cường  ý  Yên,None,None,convenience,20.2904347,106.0985434
Cửa hàng Luật Hiền,department_store,Nam Định,57A thị trấn Lâm,None,None,department_store,20.3265204,106.0122474
Bánh sinh nhật Vân Anh,bakery,Nam Định,57A,None,None,bakery,20.3286111,106.0097484
CH bác Khuyến,confectionery,Nam Định,"132, Trần Thánh Tông",None,None,confectionery,20.4408028,106.1804035
Hương  chí,department_store,Nam Định,60 trung  cường  Yên  cường  ý  Yên,None,None,department_store,20.2879042,106.0837186
CH anh Long - Khánh,confectionery,Nam Định,"25, Lã Xuân Oai",None,None,confectionery,20.4416109,106.1795905
Cửa hàng Huỳnh Phương,department_store,Nam Định,57A,None,None,department_store,20.3327142,106.0051843
"CH Hà Nhung, đối diện trường THCS Trần Đăng Ninh",stationery,Nam Định,Nguyễn Thị Trinh,None,None,stationery,20.443203,106.1796278
Hương  chí,department_store,Nam Định,"60, trung cường  Yên  cường  ý  Yên",None,None,department_store,20.2878872,106.0837962
Cửa hàng Sáng Phi,department_store,Nam Định,38B,None,None,department_store,20.3222175,105.98591
CH Liên Mơ,department_store,Nam Định,"605, Trường Chinh",None,None,department_store,20.4384909,106.1811407
CH Quý Ngọ,department_store,Nam Định,"22, Thái Bình",None,None,department_store,20.4403881,106.1883201
CH Nam Quyên,department_store,Nam Định,"49, 19/5",None,None,department_store,20.439494,106.1898932
CH Chút Chít,confectionery,Nam Định,"412, Trần Hưng Đạo",None,None,confectionery,20.431826,106.171421
Cửa hàng Hoán Hoa,department_store,Nam Định,Minh Tan road,None,None,department_store,20.3713899,106.0705532
Cửa hàng cô Dung,department_store,Nam Định,38B,None,None,department_store,20.381803,106.0874442
CH Bình Nga,department_store,Nam Định,"465, Trần Hưng Đạo",None,None,department_store,20.4329944,106.1703769
CH Tuyết Linh,confectionery,Nam Định,"188, Hai Bà Trưng",None,None,confectionery,20.4288777,106.1741108
CH Nga Sỹ,department_store,Nam Định,"205, Hàn Thuyên",None,None,department_store,20.4353747,106.1819112
CH Tuấn Hường,department_store,Nam Định,"235B, Mịnh Khai",None,None,department_store,20.4345196,106.1828083
CH Hoàng Trung,department_store,Nam Định,"153, Hùng Vương",None,None,department_store,20.4348147,106.1827881
CH Marina,department_store,Nam Định,"66, Hàng Cấp",None,None,department_store,20.4320269,106.1780121
CH Dung Tình,department_store,Nam Định,"196, Quang Trung",None,None,department_store,20.4312118,106.1758305
Cửa hàng Mai Tuyền,department_store,Nam Định,"34, Cầu Bùi",None,None,department_store,20.4557083,106.1596509
Cửa hàng Hà Anh,department_store,Nam Định,Quốc lộ 10,None,None,department_store,20.4565045,106.1586746
CH Chiến Hà,department_store,Nam Định,"6, Phan Chu Trinh",None,None,department_store,20.42461,106.1808807
CH Trường Sinh,department_store,Nam Định,"48, Phan Đình Phùng",None,None,department_store,20.4244814,106.1789593
CH Quyền Nguyên,confectionery,Nam Định,"175, Hoàng Văn Thụ",None,None,confectionery,20.4269287,106.1769249
CH bách hoá,department_store,Nam Định,"52, Minh Khai",None,None,department_store,20.4308256,106.17795
shop Lan,confectionery,Nam Định,"171, Nguyễn Trãi",None,None,confectionery,20.4277522,106.179453
CH Thu Hiền,department_store,Nam Định,"100, Nguyễn Trãi",None,None,department_store,20.428009,106.1830893
CH Minh Hạnh,department_store,Nam Định,"149, Phan Đình Phùng",None,None,department_store,20.4263201,106.1811025
CH Kiên Huyền,department_store,Nam Định,"5, Hồ Tùng Mâuj",None,None,department_store,20.4258599,106.1788544
CH Loan Nhật,department_store,Nam Định,"34, Bến Ngự",None,None,department_store,20.4263611,106.1786865
CH Hoàng Hà,department_store,Nam Định,"32, Bến Ngự",None,None,department_store,20.426296,106.1786914
CH Loan Nhật,department_store,Nam Định,"34, Bến Ngự",None,None,department_store,20.4261425,106.1787407
CH Tuấn Nhung,department_store,Nam Định,"111, Bến Ngự",None,None,department_store,20.4262197,106.1788922
CH Tuấn Nhung,department_store,Nam Định,"111, Bến Ngự",None,None,department_store,20.4261643,106.1794579
CH Thắng Thơm,confectionery,Nam Định,"61, Bắc Ninh",None,None,confectionery,20.428181,106.1766099
CH Trung Thành,department_store,Nam Định,"71, Hàng Sắt",None,None,department_store,20.4283391,106.1768724
CH Thanh Hiền,department_store,Nam Định,"3, Lê Quý Đôn",None,None,department_store,20.4392315,106.1793756
Cửa hàng Lý Kỳ,department_store,Nam Định,"49, Phù Nghĩa",None,None,department_store,20.441662,106.1853154
CH Cô Hương,department_store,Nam Định,"18, Lê Quý Đôn",None,None,department_store,20.4379434,106.179756
CH Toàn Nhạn,department_store,Nam Định,"5, Nguyễn Thi",None,None,department_store,20.4391933,106.1797485
quán bia Quang Thuỵ,department_store,Nam Định,"ngã 4, Võ Nguyên Giáp",None,None,department_store,20.4370333,106.1751859
CH Hoà Nga,department_store,Nam Định,"239, Trường Chinh",None,None,department_store,20.4325546,106.17347
CH Bảo Ngọc,department_store,Nam Định,"216, Trường Chinh",None,None,department_store,20.4332258,106.1744446
CH Hưng Tiến,department_store,Nam Định,"16, Hùng Vương",None,None,department_store,20.4303975,106.1868915
CH chị Dương,department_store,Nam Định,"115, Hoàng Văn Thụ",None,None,department_store,20.4258916,106.1780323
CH Lê Ngà,department_store,Nam Định,"118, Nguyễn Trãi",None,None,department_store,20.4280336,106.182471
CH Cường Linh,department_store,Nam Định,"92, Mạc Thị Bưởi",None,None,department_store,20.43468,106.1747819
CH chú Đài,department_store,Nam Định,"77, Trần Thái Tông",None,None,department_store,20.4377339,106.173309
Ch chị Liên,department_store,Nam Định,"108, Trần Thái Tông",None,None,department_store,20.4386378,106.1729789
CH 116 Vĩnh Mạc,department_store,Nam Định,"116, Vĩnh Mạc",None,None,department_store,20.4427503,106.1703062
Ch Thanh Trang,department_store,Nam Định,"134, Vĩnh Mạc",None,None,department_store,20.4431183,106.1700032
CH Thanh Doanh,department_store,Nam Định,"122, Trường Chinh",None,None,department_store,20.4320086,106.1728899
CH cô Yến,department_store,Nam Định,"101, Hàng Cấp",None,None,department_store,20.4323613,106.1785403
CH Cường Huyền,department_store,Nam Định,"9, Hàng Cấp",None,None,department_store,20.4312724,106.1772767
CH Tiên Giang,department_store,Nam Định,"227, Hàn Thuyên",None,None,department_store,20.4359689,106.1822154
CH Thanh Thuỷ,department_store,Nam Định,"482, Trường Chinh",None,None,department_store,20.4404861,106.1842063
CH cô Hạnh,department_store,Nam Định,"471, Thái Bình",None,None,department_store,20.4458284,106.2010641
CH Quyết Tâm,department_store,Nam Định,"ngã 3, ngã 3 chợ Quán Chuột",None,None,department_store,20.4455401,106.2034569
CH Hoài Thu,department_store,Nam Định,"173, Thái Bình",None,None,department_store,20.4425813,106.1928008
CH Tùng Lâm,department_store,Nam Định,"175, Thái Bình",None,None,department_store,20.4425928,106.1928435
CH bác Thìn - Thuyết,department_store,Nam Định,"184, Thái Bình",None,None,department_store,20.4415417,106.1908679
CH cô Tính - Tuyên,department_store,Nam Định,"59, Lương Văn Can",None,None,department_store,20.4426544,106.18704
CH Vũ Quế,department_store,Nam Định,"331, Giải Phóng",None,None,department_store,20.4258635,106.1592805
CH chị Liên,department_store,Nam Định,"302, Hùng Vương",None,None,department_store,20.4361536,106.1812274
CH bác Hùng,department_store,Nam Định,"347, Giải Phóng",None,None,department_store,20.4255754,106.1591677
CH Thắng Trang,department_store,Nam Định,"60, Giải Phóng",None,None,department_store,20.429507,106.1610553
CH Hùng Thu,department_store,Nam Định,"342, Giải Phóng",None,None,department_store,20.4232333,106.1587541
CH Hùng Mạnh,department_store,Nam Định,"471, Giải Phóng",None,None,department_store,20.4223832,106.1591645
CH chị Lan,department_store,Nam Định,"58/192, Trần Huy Liệu",None,None,department_store,20.4197613,106.1617658
CH Minh Tân,department_store,Nam Định,cổng Chợ Chùa - Nam Giang- Nam Trưcj,None,None,department_store,20.33618,106.1803172
Pampi,department_store,Nam Định,"32, Phù Nghĩa",None,None,department_store,20.4420849,106.1848928
Hương xuân,convenience,Nam Định,đường 21A,None,None,convenience,20.4412265,106.0958206
Cửa hàng Hoàn Xuyến,department_store,Nam Định,Quốc lộ 21A,None,None,department_store,20.4479532,106.1139939
Cửa hàng Nga Tính,department_store,Nam Định,Quốc lộ 21A,None,None,department_store,20.4482092,106.1131535
CH Sơn Lam,department_store,Nam Định,"116, Tam Thôn - Nghĩa Thái - Nghĩa Hưng",None,None,department_store,20.2433809,106.1798612
CH Thanh Bình,department_store,Nam Định,"đội 12, Chợ Đào Khê- đội 12 Nghĩa Châu, Nghĩa Hưng",None,None,department_store,20.2370676,106.1347086
CH Hương Biên,department_store,Nam Định,khu Thị Tứ xã Nghĩa Thais,None,None,department_store,20.2458758,106.1610547
CH Hải Yến,department_store,Nam Định,"Phố Mới, Nghĩa Minh, Nghĩa Hưng",None,None,department_store,20.2541396,106.1215697
CH Hoàn Hảo,department_store,Nam Định,xóm 11,None,None,department_store,20.2448685,106.1662255
Cửa hàng Hoàn Thu,department_store,Nam Định,xóm thát mỹ thắng,None,None,department_store,20.4577305,106.1324801
Cửa hàng Phương Thoa,department_store,Nam Định,chợ sắc mỹ thắng,None,None,department_store,20.4615448,106.1377275
Cửa hàng Thanh Hà,department_store,Nam Định,"chợ sét, mỹ hà",None,None,department_store,20.4837916,106.1380183
Country,supermarket,Nam Định,"khu 2, thị trấn Liễu Đề, Nghĩa Hưng",None,None,supermarket,20.2201525,106.1867113
Cửa hàng Lăng Thủy,department_store,Nam Định,"chợ sét, mỹ hà",None,None,department_store,20.4784686,106.1369636
Cửa hàng Thanh Hằng,department_store,Nam Định,chợ sét mỹ hà,None,None,department_store,20.4841803,106.1366442
CH Minh Hạnh,department_store,Nam Định,Tam Thôn - Nghĩa Hưng,None,None,department_store,20.2457822,106.1793182
CH Toan Chinh,department_store,Nam Định,xóm 8 Xuân Tiến,None,None,department_store,20.267087,106.3382181
CH Khánh Ly,department_store,Nam Định,"xóm 10, Xuân Tiến, Xuân Trươngf",None,None,department_store,20.2668446,106.3368718
CH Thẩm Ngân,department_store,Nam Định,"Xóm 4, Xuân Tiến, Xuân Trươngf",None,None,department_store,20.2692651,106.3417113
CH Mai Khánh,department_store,Nam Định,"xóm 4, Xuân Tiến, Xuân Trươngf",None,None,department_store,20.2696786,106.3417689
Ba huệ,convenience,Nam Định,thị trấn thịnh long,None,None,convenience,20.0281769,106.2089457
Ba huệ,convenience,Nam Định,thị trấn thịnh lonng,None,None,convenience,20.0284641,106.2093103
Thành nam,convenience,Nam Định,bãi 1 thịnh long,None,None,convenience,20.0248847,106.2182672
Vĩ toan,convenience,Nam Định,bãi 1 thịnh long,None,None,convenience,20.0354376,106.2183115
"siêu thị Mini Tân Hạnh, tổ 14 TT Xuân Trường",supermarket,Nam Định,đường 32,None,None,supermarket,20.2740797,106.3303666
siêu thị Mini Tân Hạnh,department_store,Nam Định,đường 32,None,None,department_store,20.2718963,106.3299346
CH chị Khuyên (gần nhà thờ),department_store,Nam Định,xóm 10 Xuân Tiến,None,None,department_store,20.2713151,106.3385141
CH Hà Huyền,department_store,Nam Định,"108, Chu Văn",None,None,department_store,20.4443548,106.1843969
CH Hải Yến,department_store,Nam Định,"106, Chu Văn",None,None,department_store,20.4445353,106.184393
CH Hạnh Vấn,department_store,Nam Định,"23, Bùi Huy Đáp",None,None,department_store,20.4438481,106.1834474
CH cô Hà,department_store,Nam Định,"25, Bùi Huy Đáp",None,None,department_store,20.443731,106.1832453
CH co Nga,clothes,Nam Định,"791, Vu Huu Loi",None,None,clothes,20.3980444,106.1802602
Cửa hàng chị Tươi,department_store,Nam Định,tt cát thành,None,None,department_store,20.2560184,106.2706381
CH Do Thi Lien,car_repair,Nam Định,"cho*. Duongf, Liem Hai, Truc Ninh_ duong 21",None,None,car_repair,20.2831097,106.3144692
CH Huong Thuy?,clothes,Nam Định,"dg 21, cho Duongf, Liem Hai, Truc Ninh",None,None,clothes,20.2837789,106.3129365
CH Thanhf Nam,department_store,Nam Định,"160, to 18, TT. Xuan Truong",None,None,department_store,20.2917351,106.3367199
CH Ngocj Thuy',department_store,Nam Định,"116, to 18 TT. Xuan Truong",None,None,department_store,20.291689,106.3360213
Cafe Moon,department_store,Nam Định,"137, Bến Thóc",None,None,department_store,20.4224869,106.1759395
Cửa hàng Bình Sen,department_store,Nam Định,"Cửa hàng Bình Sen, Đường Trần Hưng Đạo, Bình Hòa, Xã Giao Thủy, Tỉnh Ninh Bình, Việt Nam",None,None,department_store,20.2783332,106.4453513
Cửa hàng anh Sơn,convenience,Nam Định,"105, Nguyễn Trãi",None,None,convenience,20.4279774,106.1829828
Cửa hàng cô yến,convenience,Nam Định,"292, Vĩnh Mạc",None,None,convenience,20.4474849,106.1645664
Hoang hà,convenience,Nam Định,"32, Bến Ngự",None,None,convenience,20.42623,106.1786468
Trường thi nam định,convenience,Nam Định,"24, phúc tân",None,None,convenience,20.4434021,106.2092194
52 nguyễn,convenience,Nam Định,"52 nguyễn, Phạm Ngũ Lão, Khu công nghiệp Hoà Xá, Phường Thành Nam, Tỉnh Ninh Bình, 42000, Việt Nam",None,None,convenience,20.4224149,106.1527323
Cửa hàng anh namn,convenience,Nam Định,"55, hoang diệu",None,None,convenience,20.4194695,106.1699473
Tạp hóa cô Yến,convenience,Nam Định,"292, Vĩnh Mạc",None,None,convenience,20.4482376,106.1652872
Tạp hóa Quyên Minh,convenience,Nam Định,"205, Phù Nghĩa",None,None,convenience,20.4448598,106.1841578
Siêu thị Minh Hòa,department_store,Nam Định,"428, Van Cao Street",None,None,department_store,20.4130997,106.1615131
CH Trần Thu Hằng,department_store,Nam Định,"14, Nguyễn Thiện Thuật",None,None,department_store,20.4232636,106.1798369
Ch Bình Duật,department_store,Nam Định,"240, Điện Biên",None,None,department_store,20.4298837,106.1642983
CH Kim Liên,department_store,Nam Định,"49, Thành Chung",None,None,department_store,20.4287794,106.1698202
Cửa Hàng Chú Dương,department_store,Nam Định,"334, Điện Biên",None,None,department_store,20.4303873,106.1624357
Hồng Long,convenience,Nam Định,"116, song hào",None,None,convenience,20.4119902,106.16485
Mạnh Linh,convenience,Nam Định,Quốc lộ 21A,None,None,convenience,20.4516637,106.0851126
Toàn Hương,convenience,Nam Định,"Toàn Hương, Đường tỉnh 495, Phường Đông A, Tỉnh Ninh Bình, Việt Nam",None,None,convenience,20.4967385,106.1329234
CH Việt Xô,department_store,Nam Định,"284, Đặng Xuân Bảng",None,None,department_store,20.413018,106.1877913
CH Đức Cường,department_store,Nam Định,"91 Đ, Trần Thánh Tông",None,None,department_store,20.4420739,106.1822364
Mai Hoạt,convenience,Nam Định,"Mai Hoạt, Đại An - Đắc Lực, Thành Lợi, Phường Thành Nam, Tỉnh Ninh Bình, Việt Nam",None,None,convenience,20.3915881,106.1257222
Siêu thị Liễu Đề,supermarket,Nam Định,"Siêu thị Liễu Đề, Đường Phạm Văn Đồng, Liễu Đề, Xã Nghĩa Hưng, Tỉnh Ninh Bình, 07400, Việt Nam",None,None,supermarket,20.2198944,106.1816641
Mạnh Nga,convenience,Nam Định,"Mạnh Nga, Đường bộ ven biển Nam Định, Xã Quỹ Nhất, Tỉnh Ninh Bình, Việt Nam",None,None,convenience,20.050676,106.175508
Siêu Thị Nghĩa Bình,supermarket,Nam Định,"Siêu Thị Nghĩa Bình, Đường bộ ven biển Nam Định, Xã Quỹ Nhất, Tỉnh Ninh Bình, Việt Nam",None,None,supermarket,20.0580482,106.1882895
Chị Ngoan,convenience,Nam Định,"Chị Ngoan, Đường bộ ven biển Nam Định, Xã Rạng Đông, Tỉnh Ninh Bình, Việt Nam",None,None,convenience,20.0109218,106.1745407
Chị Ngoan,convenience,Nam Định,"Chị Ngoan, Đường tỉnh 490, Xã Rạng Đông, Tỉnh Ninh Bình, Việt Nam",None,None,convenience,20.0063192,106.1889818
CH Nguyễn Thị Dung,department_store,Nam Định,"38, khu 2, thị trấn Liễu Đêf",None,None,department_store,20.220104,106.1820071
Thanh Thủy,convenience,Nam Định,"Thanh Thủy, Quốc lộ 21, Phường Hồng Quang, Tỉnh Ninh Bình, Việt Nam",None,None,convenience,20.3846909,106.216252
Sửu Là,department_store,Nam Định,"Sửu Là, Quốc lộ 21, Bách Tính, Xã Nam Ninh, Tỉnh Ninh Bình, Việt Nam",None,None,department_store,20.3271763,106.259466
CH Tuân Huyền,department_store,Nam Định,"xóm 2, KM 5, QL 21, xóm 2 xã Nam Toanf",None,None,department_store,20.3963666,106.2030265
CH Quyết Thêu,department_store,Nam Định,"Thích Thế Long, thôn Đông Thượng, xã Trung Đông",None,None,department_store,20.315148,106.2693992
CH Thu Hiên,department_store,Nam Định,"28, đường Bệnh Viên",None,None,department_store,20.3195384,106.2683582
CH Thu Hải,department_store,Nam Định,"Xóm 12, Xuân Kiên, Xuân Trươngf",None,None,department_store,20.2655416,106.3320735
Hậu Cần,convenience,Nam Định,"Hậu Cần, Đường tỉnh 489, Xuân Vinh, Xã Xuân Hưng, Tỉnh Ninh Bình, Việt Nam",None,None,convenience,20.2902337,106.3672181
None,convenience,Nam Định,"Quốc lộ 21, Xuân Ninh, Xã Xuân Trường, Tỉnh Ninh Bình, Việt Nam",None,None,convenience,20.2429697,106.3241761
CH Thanh Hằng,department_store,Nam Định,"chợ Sắt, Mỹ Hà, Mỹ Lộc",None,None,department_store,20.482563,106.1372556
Tuấn Thủy,convenience,Nam Định,"Tuấn Thủy, Đại lộ Thiên Trường, Hưng Lộc, Phường Mỹ Lộc, Tỉnh Ninh Bình, 42000, Việt Nam",None,None,convenience,20.4520911,106.1148901
CH Hiệp Nga,department_store,Nam Định,"xóm 8, Điền Xá, Nam Trực",None,None,department_store,20.4000253,106.2237293
CH Hiền Khương,department_store,Nam Định,"xóm 12, Điền Xá, Nam Trực",None,None,department_store,20.3999638,106.2275676
CH chị Liên,beverages,Nam Định,"xóm 3, Điền Xá (đối diện trường C2 Điền Xá)",None,None,beverages,20.4012225,106.2303243
CH Kiên Thu,department_store,Nam Định,"Chợ Cống, Tân Thinhj",None,None,department_store,20.37838,106.2624257
CH Hưởng Là,department_store,Nam Định,"đường 21B, Ngoặc Kéo, Nam Hôngf",None,None,department_store,20.3345875,106.2528195
CH Quang Vinh,department_store,Nam Định,"khu phố Đạo Đường, TT. Ninh Cươngf",None,None,department_store,20.1993441,106.2060566
CH cô Dung,department_store,Nam Định,"xóm Khang Ninh, Trực Cươngf",None,None,department_store,20.2002483,106.2161783
CT Liên Tiến,department_store,Nam Định,"66-68, Quang Trung",None,None,department_store,20.4296395,106.1727467
CH Hồng Thọ,department_store,Nam Định,"84, Cầu Đò Quan",None,None,department_store,20.4172919,106.1825097
CH cô Hồng,department_store,Nam Định,"138, Vũ Hữu Lơij",None,None,department_store,20.4137801,106.1802989
Ch Oánh Mười,department_store,Nam Định,"89 Điện Biên, TT Cổ Lêx",None,None,department_store,20.3225124,106.2653365
CH Tâm Châu,department_store,Nam Định,"QL21, 282 Tân Giang, Nam Trực",None,None,department_store,20.3251739,106.2632942
CH cô Xuân,department_store,Nam Định,"480, Điện Biên",None,None,department_store,20.4317181,106.1572098
CH cô Giao,department_store,Nam Định,"1040, Điện Biên",None,None,department_store,20.4357266,106.1406877
CH cô May,department_store,Nam Định,"316, Trường Chinh",None,None,department_store,20.4381105,106.1805563
CH Cô Lương,department_store,Nam Định,"34, Mạc Thị Bưởi",None,None,department_store,20.4322452,106.1787322
CH Dung Bình,department_store,Nam Định,"CH Dung Bình, Trần Nhân Tông, Phường Nam Định, Tỉnh Ninh Bình, 42000, Việt Nam",None,None,department_store,20.4117372,106.1711598
CH Tài Chi,department_store,Nam Định,"120, Song Hào",None,None,department_store,20.4123278,106.1647845
CH chị Lan,department_store,Nam Định,"58, Ngõ Xuân Trình đường Giải Phongs",None,None,department_store,20.4197816,106.1616458
CH Bích Dũng,department_store,Nam Định,"106, Phạm Ngũ Laox",None,None,department_store,20.4238831,106.1543375
CH Bản Vân,department_store,Nam Định,"219, Trần Huy Liệu",None,None,department_store,20.4181583,106.1614094
CH cô Nhung,department_store,Nam Định,"69/192, Trần Huy Liệu",None,None,department_store,20.4212287,106.1617257
CH Phương Thủy,department_store,Nam Định,"455, Trần Huy Liệu",None,None,department_store,20.414998,106.1572251
Siêu Thị Minh Hoà,supermarket,Nam Định,"428, Văn Cao",None,None,supermarket,20.4166557,106.1653422
CH bác Đức,department_store,Nam Định,"62, Trần Bích San",None,None,department_store,20.4120297,106.167694
CH Kim Huế,department_store,Nam Định,"CH Kim Huế, Nguyễn Văn Trỗi, Phường Nam Định, Tỉnh Ninh Bình, 42000, Việt Nam",None,None,department_store,20.4155621,106.1692921
CH Nhẫn Điển,department_store,Nam Định,chợ Liên Bảo,None,None,department_store,20.3774416,106.1338452
SThi Family,supermarket,Nam Định,cầu Chuôis,None,None,supermarket,20.3553035,106.1203927
CH Bá Tuyết,department_store,Nam Định,"chợ Hầu, Liên Minh, Vụ Banr",None,None,department_store,20.3433216,106.1120182
CH Tuấn Hạnh,department_store,Nam Định,"Thị Tứ, Liên Minh",None,None,department_store,20.3429161,106.1121273
CH Hưng Thoa,department_store,Nam Định,Chợ Dần,None,None,department_store,20.3825272,106.0926973
CH Đức Suốt,department_store,Nam Định,"xóm Nhì, Trung Thanhf",None,None,department_store,20.3817509,106.089168
CH Thuý Cường,department_store,Nam Định,"835, Trần Huy Liệu",None,None,department_store,20.4101286,106.1470583
CH chị Linh,department_store,Nam Định,"1241, Trần Huy Liêuj",None,None,department_store,20.4047585,106.1356396
Hoán Hoa,department_store,Nam Định,ngã 4 Đồng Đôij,None,None,department_store,20.3713002,106.0705339
Nam Hiền,department_store,Nam Định,"phủ Chính, Phủ Dầy",None,None,department_store,20.3608143,106.0757739
Ân Nương,department_store,Nam Định,"136, TÂy Sơn, TT Gôi",None,None,department_store,20.3307566,106.0723469
Chung Tuyên,department_store,Nam Định,"QL 37B, TT Gôi, thôn Văn Côi",None,None,department_store,20.3305293,106.080896
CH Trang Lương,department_store,Nam Định,"44, Đoàn Trần Nghiêpj",None,None,department_store,20.425227,106.1661874
CH cô Nga - 791 Vũ Hữu Lợi,department_store,Nam Định,"791, Vũ Hữu Lợi",None,None,department_store,20.398055,106.1801629
CH Hùng Huế,department_store,Nam Định,"cuối đươngf Tô Hiến Thành, xóm 3 Mỹ Trọng",None,None,department_store,20.4163554,106.1493009
CH Đức Tân,department_store,Nam Định,"cầu Mắm, Trung Thành, Vụ Banr",None,None,department_store,20.3855986,106.0893192
CH Mạnh Linh,department_store,Nam Định,Quốc lộ 21A,None,None,department_store,20.4462842,106.0765912
CH Hồng Quang,department_store,Nam Định,"5, Bến Thóc",None,None,department_store,20.4203638,106.1775288
CH Cường Thuận,department_store,Nam Định,"CH Cường Thuận, Cửa Trường, Phường Nam Định, Tỉnh Ninh Bình, 42000, Việt Nam",None,None,department_store,20.4204965,106.1761056
CH Lan Thanh,department_store,Nam Định,"1/166, Trần Quang Khải",None,None,department_store,20.4181111,106.1715162
CH Bích Thể,department_store,Nam Định,"57, Tràng Thi",None,None,department_store,20.4201542,106.165067
CH Hiền Ái,department_store,Nam Định,"Xóm 1 Lương Xá, Điện Biên",None,None,department_store,20.4311316,106.1351155
CH Huyền Hường,department_store,Nam Định,"xóm Hạnh Lâm, Hiển Khánh, Vụ Banr",None,None,department_store,20.4016827,106.0646085
CH Tuấn Hoà,department_store,Nam Định,"xóm Hội, Vụ Banr",None,None,department_store,20.3765325,106.0957089
CH Mai Hoạt,department_store,Nam Định,"xóm Tây Đại Đê, Vụ Banr",None,None,department_store,20.3915145,106.1256917
CH Hồng Xuân,department_store,Nam Định,"686, Lạc Long Quân",None,None,department_store,20.4199783,106.1827982
bà Thêu,department_store,Nam Định,ngã 4 Đặng Xuân Bangr,None,None,department_store,20.397539,106.2023894
CH cô Tám,department_store,Nam Định,"xóm Trại, đương Văn Cao",None,None,department_store,20.4104783,106.1592345
CH Thắm Hường,department_store,Nam Định,"34, Song Hào",None,None,department_store,20.4103824,106.1669143
PNJ,jewelry,Nam Định,"PNJ, Quang Trung, Phường Nam Định, Tỉnh Ninh Bình, 42000, Việt Nam",None,None,jewelry,20.42995,106.173692
Tiệm bánh thuỳ dương,confectionery,Nam Định,"Tiệm bánh thuỳ dương, Quốc lộ 38B, Xã Hiển Khánh, Tỉnh Ninh Bình, Việt Nam",None,None,confectionery,20.3812356,106.0870925
Áo Cưới Hà Tâm,photo,Nam Định,"Áo Cưới Hà Tâm, daithang, Xã Liên Minh, Tỉnh Ninh Bình, 00000, Việt Nam",None,None,photo,20.3315122,106.1167879
Dức Huy Bike,bicycle,Nam Định,"Dức Huy Bike, Trần Đăng Ninh, Phường Nam Định, Tỉnh Ninh Bình, 42000, Việt Nam",None,None,bicycle,20.4235969,106.1657378
None,bicycle,Nam Định,"Trần Hưng Đạo, Phường Nam Định, Tỉnh Ninh Bình, 42000, Việt Nam",None,None,bicycle,20.4293827,106.1733045
Đức Nghĩa,bicycle,Nam Định,"Đức Nghĩa, Hưng Yên, Phường Nam Định, Tỉnh Ninh Bình, 42000, Việt Nam",None,None,bicycle,20.4334725,106.1727461
Giant,bicycle,Nam Định,"Giant, Hùng Vương, Phường Nam Định, Tỉnh Ninh Bình, 42000, Việt Nam",None,None,bicycle,20.4360391,106.1810766
None,furniture,Nam Định,"Quốc lộ 10, Xã Vạn Thắng, Tỉnh Ninh Bình, Việt Nam",None,None,furniture,20.3057802,106.0367654
Nguyenkim,electronics,Nam Định,"Nguyenkim, Đại lộ Thiên Trường, Phường Đông A, Tỉnh Ninh Bình, 42000, Việt Nam",None,None,electronics,20.4381798,106.1529213
thegioididong.com,electronics,Nam Định,"thegioididong.com, Đại lộ Thiên Trường, Phường Đông A, Tỉnh Ninh Bình, 42000, Việt Nam",None,None,electronics,20.4390546,106.1537898
thegioididong.com,electronics,Nam Định,"thegioididong.com, Đường Kênh, Phường Nam Định, Tỉnh Ninh Bình, 42000, Việt Nam",None,None,electronics,20.434888,106.1630618
Mediamart,electronics,Nam Định,"Mediamart, Đường Trương Hán Siêu, Phường Đông A, Tỉnh Ninh Bình, 42000, Việt Nam",None,None,electronics,20.4365619,106.1555999
Vinamart,supermarket,Nam Định,"Vinamart, Nguyễn Công Trứ, Phường Đông A, Tỉnh Ninh Bình, 42000, Việt Nam",None,None,supermarket,20.4328216,106.1550683
WinMart,supermarket,Nam Định,"WinMart, Đông A, Phường Nam Định, Tỉnh Ninh Bình, 42000, Việt Nam",None,None,supermarket,20.435399,106.1608734
None,DIY,Nam Định,"Quốc lộ 10, Xã Liên Minh, Tỉnh Ninh Bình, 00000, Việt Nam",None,None,DIY,20.3444877,106.111856
None,bicycle,Nam Định,"Quốc lộ 10, Xã Liên Minh, Tỉnh Ninh Bình, 00000, Việt Nam",None,None,bicycle,20.345094,106.111708
thegioididong.com,electronics,Nam Định,"thegioididong.com, Quốc lộ 10, Gôi, Xã Vụ Bản, Tỉnh Ninh Bình, Việt Nam",None,None,electronics,20.3313588,106.0737238
thegioididong.com,electronics,Nam Định,"thegioididong.com, Quốc lộ 10, Gôi, Xã Vụ Bản, Tỉnh Ninh Bình, Việt Nam",None,None,electronics,20.3315323,106.0742709
None,bicycle,Nam Định,"Quốc lộ 10, Gôi, Xã Vụ Bản, Tỉnh Ninh Bình, Việt Nam",None,None,bicycle,20.3305565,106.0714117
Mediamart,electronics,Nam Định,"Mediamart, Quốc lộ 10, Gôi, Xã Vụ Bản, Tỉnh Ninh Bình, Việt Nam",None,None,electronics,20.3321386,106.0766743
Thế giới di động,supermarket,Nam Định,"258, Hàn Thuyên",None,None,supermarket,20.438763,106.1858259
Bánh kẹo Đức Việt,confectionery,Nam Định,"162, Minh Khai",None,None,confectionery,20.4327128,106.1798371
Chợ Nhân Hậu,supermarket,Nam Định,"Chợ Nhân Hậu, CT.08, Xã Nghĩa Hưng, Tỉnh Ninh Bình, 07400, Việt Nam",None,None,supermarket,20.2444518,106.1612372
QuynhBio Shop,cosmetics,Nam Định,"12/200, Trần Thánh Tông",None,None,cosmetics,20.4418857,106.1821006
Cửa hàng quần áo,supermarket,Nam Định,"Cửa hàng quần áo, Đường tỉnh 488C, Cồn, Xã Hải Hậu, Tỉnh Ninh Bình, Việt Nam",None,None,supermarket,20.1136373,106.2600188
Tạp hóa cô Hằng,variety_store,Nam Định,"Tạp hóa cô Hằng, Đường bộ ven biển Nam Định, Hải Quang, Xã Hải Hậu, Tỉnh Ninh Bình, Việt Nam",None,None,variety_store,20.1248056,106.3001806
Hoàng Điệp MoBile Bán Trả góp- Đối diện uỷ ban Xã Trực Cường,mobile_phone,Nam Định,"1, Quốc lộ 37B, Nam Định, 07618",None,None,mobile_phone,20.2001545,106.2161492
Chợ Viềng,supermarket,Nam Định,"Trung Thành, Vụ Bản.",None,None,supermarket,20.3791898,106.083712
GO! Nam Định,mall,Nam Định,"GO! Nam Định, Quốc lộ 10, Phường Đông A, Tỉnh Ninh Bình, 42000, Việt Nam",None,None,mall,20.4379397,106.1521773
Thuốc gia truyền,herbalist,Nam Định,"Thuốc gia truyền, D.Nam Hòa, Xã Trực Tuấn, Xã Cổ Lễ, Tỉnh Ninh Bình, Việt Nam",None,None,herbalist,20.2737776,106.277973
None,None,Ninh Bình,None,None,None,None,None,None
Chợ Thẫm,supermarket,Thái Bình,"Chợ Thẫm, Đường Hùng Vương, Xã Vũ Thư, Tỉnh Hưng Yên, 06000, Việt Nam",None,None,supermarket,20.4368297,106.2898302
Chi Nhánh Điện Vũ Thư- Thái Bình,outdoor,Thái Bình,"Chi Nhánh Điện Vũ Thư- Thái Bình, Đường Hùng Vương, Xã Vũ Thư, Tỉnh Hưng Yên, 06000, Việt Nam",None,None,outdoor,20.435468,106.279361
Sim Thẻ Điện Thoại Hoài Nam,electronics,Thái Bình,"Sim Thẻ Điện Thoại Hoài Nam, ĐT.454, Xã Thư Trì, Tỉnh Hưng Yên, Việt Nam",None,None,electronics,20.474395,106.228514
Đồ điện MINH THI,electronics,Thái Bình,"148, Lê Quý Đôn",None,None,electronics,20.4517219,106.3406688
Shop hàng thái lan,supermarket,Thái Bình,"315, Trần Nhân Tông, Thái Bình, 0363",None,None,supermarket,20.4492702,106.3395381
chợ Bo (Thái Bình),supermarket,Thái Bình,Lê Thánh Tông,None,None,supermarket,20.4531587,106.3387299
"P. Đề thám, TP Thái bình",travel_agency,Thái Bình,"30/3, Lê lợi, 00000",None,None,travel_agency,20.4484904,106.3410838
"Nguyên xá, Đông hưng, Thái bình",travel_agency,Thái Bình,"QL 39, 00000",None,None,travel_agency,20.5560224,106.3491844
Chợ Lụ,supermarket,Thái Bình,"Xã Lê Lợi, Kiến Xương, Thái Binhf",None,None,supermarket,20.4441831,106.4621494
Sieu thi Hoang Dũng,wine,Thái Bình,"Sieu thi Hoang Dũng, 216, Xã A Sào, Tỉnh Hưng Yên, Việt Nam",None,None,wine,20.6979568,106.3860137
None,electronics,Thái Bình,"Quốc lộ 37B, Xã Tiền Hải, Tỉnh Hưng Yên, Việt Nam",None,None,electronics,20.3818974,106.4876833
Đóa Huệ,department_store,Thái Bình,Phố Cổ Rồng,None,None,department_store,20.3883429,106.4927457
Ch Hoa Hoá,department_store,Thái Bình,chợ Chùa - xã Đông As,None,None,department_store,20.5036161,106.3993459
CH Mỹ Tho,department_store,Thái Bình,xóm Chùa (mặt đường 39A). xã Đông As,None,None,department_store,20.5030616,106.3986634
CH Trung Hương,department_store,Thái Bình,"QL 10, xóm 3, xã Đông Hợp, Đông Hưng, Thái Binhf",None,None,department_store,20.5454753,106.3577537
CH Thao Hoa,department_store,Thái Bình,"67, Bùi Sỹ Tiêm",None,None,department_store,20.5562474,106.3550534
Thành Lụa,department_store,Thái Bình,"27, Bùi Sỹ Tiêm",None,None,department_store,20.5572089,106.3551325
Long Nhung,convenience,Thái Bình,Cầu Nhất,None,None,convenience,20.4390842,106.2389406
CH Thanh Tùng,department_store,Thái Bình,thôn Quyết Thăngs,None,None,department_store,20.4318308,106.2873181
CH Dự Thảo,department_store,Thái Bình,"xã Song An, huyện Vũ Thuw",None,None,department_store,20.4107101,106.2993292
Siêu thị Mini Market,supermarket,Thái Bình,"Cầu Cân, thôn Thái, Nguyên Xá, Vũ Thuw",None,None,supermarket,20.3880168,106.3019427
NPP,convenience,Thái Bình,"10, Lý Bôn",None,None,convenience,20.46011,106.3304445
Abc,convenience,Thái Bình,Lý Bôn,None,None,convenience,20.4599954,106.3306429
CH Vinh Thơm,department_store,Thái Bình,"98, Phố Tiểu Hoàng",None,None,department_store,20.4042671,106.502907
CH Bộ Tứ,department_store,Thái Bình,"thôn Công Bồi, xóm 3 xã Phương Công",None,None,department_store,20.3788611,106.4852143
CH Xuân Miến,department_store,Thái Bình,Cầu Các Giaf,None,None,department_store,20.3875728,106.5071029
CH Len Phong,department_store,Thái Bình,"Xóm 1, Tây Phong",None,None,department_store,20.3771446,106.5070818
None,department_store,Thái Bình,"QL 10, Đông La, Xã Đông Hưng, Tỉnh Hưng Yên, Việt Nam",None,None,department_store,20.5647818,106.3576311
None,department_store,Thái Bình,"QL 10, Đông La, Xã Đông Hưng, Tỉnh Hưng Yên, Việt Nam",None,None,department_store,20.5648153,106.3576755
Đông Nụ Plaza,department_store,Thái Bình,"Đông Nụ Plaza, Quốc lộ 39, Xã Tiên Hưng, Tỉnh Hưng Yên, Việt Nam",None,None,department_store,20.5525714,106.2781423
CH Phạm Văn Mậu,department_store,Thái Bình,"Xóm 6, Nam Hôngf",None,None,department_store,20.3346895,106.5252626
None,convenience,Thái Bình,"Lý Bôn, Phường Trần Hưng Đạo, Tỉnh Hưng Yên, 06118, Việt Nam",None,None,convenience,20.4601906,106.3305838
Npp,convenience,Thái Bình,Lý Bôn,None,None,convenience,20.4601748,106.3305466
Nop,department_store,Thái Bình,"1, Lý Bôn",None,None,department_store,20.460238,106.3305913
None,convenience,Thái Bình,Lý Bôn,None,None,convenience,20.4600887,106.3306217
Khanh thắm,convenience,Thái Bình,RAI_20_TT_022,None,None,convenience,20.509447,106.5020726
Thúy thiện,convenience,Thái Bình,RAI_20_TT_022,None,None,convenience,20.5099603,106.5012093
Khu 8 TT Diem Dien,convenience,Thái Bình,"Khu 8 TT Diem Dien, Đường 3 Tháng 2, Diêm Điền, Xã Thái Thụy, Tỉnh Hưng Yên, Việt Nam",None,None,convenience,20.5637231,106.5704444
None,convenience,Thái Bình,"Cầu Thái Bình, Xã Chấn Hưng, Xã Đông Thụy Anh, Tỉnh Hưng Yên, Việt Nam",None,None,convenience,20.6263351,106.6016302
Xom 4 Thuy Xan,convenience,Thái Bình,"Xom 4 Thuy Xan, Đường tỉnh 461, Xã Đông Thụy Anh, Tỉnh Hưng Yên, Việt Nam",None,None,convenience,20.5955056,106.6073745
None,convenience,Thái Bình,"Đường bộ ven biển Thái Bình, Diêm Điền, Xã Đông Thụy Anh, Tỉnh Hưng Yên, Việt Nam",None,None,convenience,20.5964128,106.6047376
Đông Nguyệt Xóm 2 Đông Dương,convenience,Thái Bình,"Đông Nguyệt Xóm 2 Đông Dương, Quốc lộ 10, Phường Trà Lý, Tỉnh Hưng Yên, 06100, Việt Nam",None,None,convenience,20.4984199,106.3508406
Cô Tươi Xóm 9 Xã Đông Thọ,convenience,Thái Bình,"Cô Tươi Xóm 9 Xã Đông Thọ, Quốc lộ 10, Cầu Nhân, Phường Trà Lý, Tỉnh Hưng Yên, 06100, Việt Nam",None,None,convenience,20.488553,106.337439
Phú Mạnh Xóm 12 Xã Đông Thọ,convenience,Thái Bình,"Phú Mạnh Xóm 12 Xã Đông Thọ, Quốc lộ 10, Cầu Nhân, Phường Trà Lý, Tỉnh Hưng Yên, 06100, Việt Nam",None,None,convenience,20.4945085,106.3395089
Thuân Hiên Xóm 4 Xã Đông Hòa,convenience,Thái Bình,"Thuân Hiên Xóm 4 Xã Đông Hòa, Quốc lộ 10, Cầu Nhân, Phường Trà Lý, Tỉnh Hưng Yên, 06100, Việt Nam",None,None,convenience,20.4821416,106.3395555
Hợi Tuyển Xóm 4 Xã Đông Hòa,convenience,Thái Bình,"Hợi Tuyển Xóm 4 Xã Đông Hòa, Quốc lộ 10, Cầu Nhân, Phường Trà Lý, Tỉnh Hưng Yên, 06100, Việt Nam",None,None,convenience,20.4797224,106.3398698
Chị Duyến Xóm 8 Xã Đông Hòa,convenience,Thái Bình,"Chị Duyến Xóm 8 Xã Đông Hòa, Long Hưng, Phường Trà Lý, Tỉnh Hưng Yên, 06100, Việt Nam",None,None,convenience,20.4684876,106.3432203
Tuấn Chinh Xóm 8 Xã Đông Hòa,convenience,Thái Bình,"Tuấn Chinh Xóm 8 Xã Đông Hòa, Long Hưng, Phường Trà Lý, Tỉnh Hưng Yên, 06100, Việt Nam",None,None,convenience,20.4677282,106.3432676
Cô Tư,convenience,Thái Bình,32 Nguyễn Đình Chính,None,None,convenience,20.44634,106.3484543
Shop Huyền Nguyễn 56 Lê Đại Hành,convenience,Thái Bình,"Shop Huyền Nguyễn 56 Lê Đại Hành, Lý Thái Tổ, Phường Trần Lãm, Tỉnh Hưng Yên, 06118, Việt Nam",None,None,convenience,20.4484911,106.3484554
Phương Linh 37 Lý Thường Kiệt,convenience,Thái Bình,"Phương Linh 37 Lý Thường Kiệt, Lê Thánh Tông, Phường Thái Bình, Tỉnh Hưng Yên, 06000, Việt Nam",None,None,convenience,20.4506109,106.3484869
Thanh Tâm 72 Đỗ Lý Khiêm,convenience,Thái Bình,"Thanh Tâm 72 Đỗ Lý Khiêm, Phố Bồ Xuyên, Phường Thái Bình, Tỉnh Hưng Yên, 06118, Việt Nam",None,None,convenience,20.4537558,106.342877
None,department_store,Thái Bình,"Lý Thái Tổ, Phường Trần Lãm, Tỉnh Hưng Yên, 06118, Việt Nam",None,None,department_store,20.4452453,106.3422846
None,department_store,Thái Bình,"Long Hưng, Phường Trà Lý, Tỉnh Hưng Yên, 06100, Việt Nam",None,None,department_store,20.478253,106.3633991
TH nhật vi,department_store,Thái Bình,võ nguyên Giáp,None,None,department_store,20.4754575,106.3601385
None,department_store,Thái Bình,"Long Hưng, Phường Trà Lý, Tỉnh Hưng Yên, 06100, Việt Nam",None,None,department_store,20.4750602,106.3597906
Phương vui,convenience,Thái Bình,"229, nguyễn trãi",None,None,convenience,20.4372357,106.3139108
Tuyết hạnh,convenience,Thái Bình,doãn khuê,None,None,convenience,20.4374907,106.3156041
Sỹ thìn,convenience,Thái Bình,doãn khuê,None,None,convenience,20.4344781,106.3196698
Linh linh huyền sỹ minh quang,convenience,Thái Bình,"Linh linh huyền sỹ minh quang, Quốc lộ 10, Phường Trần Hưng Đạo, Tỉnh Hưng Yên, 06000, Việt Nam",None,None,convenience,20.4490626,106.2988532
Hải long,convenience,Thái Bình,Phan Bá Vành,None,None,convenience,20.4315487,106.3234792
Mai hòa,convenience,Thái Bình,Phan Bá Vành,None,None,convenience,20.4310019,106.3220601
Minh quang,convenience,Thái Bình,"Minh quang, Chu Văn An, Phường Trần Hưng Đạo, Tỉnh Hưng Yên, 06000, Việt Nam",None,None,convenience,20.4371147,106.3241202
Phương mai,convenience,Thái Bình,chợ đêm,None,None,convenience,20.4370567,106.32748
Kem tươi,convenience,Thái Bình,Quang Trung,None,None,convenience,20.4388805,106.3293088
Hải yến 137 nguyễn danh đới,convenience,Thái Bình,"Hải yến 137 nguyễn danh đới, Đường tỉnh 458, Phường Trần Lãm, Tỉnh Hưng Yên, 06100, Việt Nam",None,None,convenience,20.4447429,106.3534857
CH Thái Hà,bakery,Thái Bình,"CH Thái Hà, Quốc lộ 39, Xã Bắc Thái Ninh, Tỉnh Hưng Yên, Việt Nam",None,None,bakery,20.5113501,106.4787879
CH Mạnh Cường TT Diêm Điền,department_store,Thái Bình,"CH Mạnh Cường TT Diêm Điền, Quốc lộ 39, Diêm Điền, Xã Thái Thụy, Tỉnh Hưng Yên, Việt Nam",None,None,department_store,20.5555686,106.555723
Trung oanh,convenience,Thái Bình,"Trung oanh, Ngô Thì Nhậm, Phường Trần Lãm, Tỉnh Hưng Yên, 06000, Việt Nam",None,None,convenience,20.437,106.33738
Nga long,convenience,Thái Bình,"Nga long, Đường số 18 Trần Hưng Đạo, Phường Trần Hưng Đạo, Tỉnh Hưng Yên, 06000, Việt Nam",None,None,convenience,20.4441554,106.3340542
Thúy thiện,convenience,Thái Bình,"Thúy thiện, Quốc lộ 37B, Thái Tân, Xã Đông Thái Ninh, Tỉnh Hưng Yên, Việt Nam",None,None,convenience,20.5065911,106.5474574
Khanh thắm,convenience,Thái Bình,"Khanh thắm, Quốc lộ 37B, Thái Tân, Xã Đông Thái Ninh, Tỉnh Hưng Yên, Việt Nam",None,None,convenience,20.5067783,106.5467634
Hiền Quyền Khu 1TT Diêm Điền,convenience,Thái Bình,"Hiền Quyền Khu 1TT Diêm Điền, Phố Bùi Quang Thận, Diêm Điền, Xã Thái Thụy, Tỉnh Hưng Yên, Việt Nam",None,None,convenience,20.5533058,106.5598234
Hà Xuyên 230 Khu5 TT Diêm Điền,convenience,Thái Bình,"Hà Xuyên 230 Khu5 TT Diêm Điền, Đường Nguyễn Đức Cảnh, Diêm Điền, Xã Thái Thụy, Tỉnh Hưng Yên, Việt Nam",None,None,convenience,20.5583102,106.5691167
Hồng gấm,convenience,Thái Bình,"Hồng gấm, Quốc lộ 37B, Thái Tân, Xã Thái Ninh, Tỉnh Hưng Yên, Việt Nam",None,None,convenience,20.5144281,106.5366493
Minh thùy,convenience,Thái Bình,"Minh thùy, Quốc lộ 37B, Thái Tân, Xã Đông Thái Ninh, Tỉnh Hưng Yên, Việt Nam",None,None,convenience,20.5042954,106.5449607
Ánh hồng,convenience,Thái Bình,"Ánh hồng, Quốc lộ 37B, Thái Tân, Xã Đông Thái Ninh, Tỉnh Hưng Yên, Việt Nam",None,None,convenience,20.4895271,106.5354232
TH Liễu Chư Xóm 4 Thụy Xuân,convenience,Thái Bình,"TH Liễu Chư Xóm 4 Thụy Xuân, Đường tỉnh 461, Xã Đông Thụy Anh, Tỉnh Hưng Yên, Việt Nam",None,None,convenience,20.5974235,106.6056084
Nhuần ước,convenience,Thái Bình,"Nhuần ước, Quốc lộ 37B, Thái Tân, Xã Đông Thái Ninh, Tỉnh Hưng Yên, Việt Nam",None,None,convenience,20.4893256,106.5350162
Hải Tám Xuân Bàng Thụy Xuâ,convenience,Thái Bình,"Hải Tám Xuân Bàng Thụy Xuâ, Đường tỉnh 461, Xã Đông Thụy Anh, Tỉnh Hưng Yên, Việt Nam",None,None,convenience,20.596874,106.6092344
Năm Hiếu Thôn Tri Chỉ Nam Thụy Trường,convenience,Thái Bình,"Năm Hiếu Thôn Tri Chỉ Nam Thụy Trường, Đường tỉnh 461, Xã Đông Thụy Anh, Tỉnh Hưng Yên, Việt Nam",None,None,convenience,20.6012754,106.6106713
Hải Tám Xuân Bàng Thụy Xuân,convenience,Thái Bình,"Hải Tám Xuân Bàng Thụy Xuân, Đường tỉnh 461, Xã Đông Thụy Anh, Tỉnh Hưng Yên, Việt Nam",None,None,convenience,20.5953155,106.6097418
Thành Khuyên Chợ Bàng Thụy Xuân,convenience,Thái Bình,"Thành Khuyên Chợ Bàng Thụy Xuân, Đường tỉnh 461, Xã Đông Thụy Anh, Tỉnh Hưng Yên, Việt Nam",None,None,convenience,20.5939249,106.6092889
Cô măng,convenience,Thái Bình,"Cô măng, Đường Phạm Ngũ Lão, Diêm Điền, Xã Thái Thụy, Tỉnh Hưng Yên, Việt Nam",None,None,convenience,20.551388,106.5600786
Thúy Đoàn Cầu An Bái Thụy Quỳnh,convenience,Thái Bình,"Thúy Đoàn Cầu An Bái Thụy Quỳnh, Đường tỉnh 461, Xã Bắc Thụy Anh, Tỉnh Hưng Yên, Việt Nam",None,None,convenience,20.5989193,106.5547722
Huế ân,convenience,Thái Bình,"Huế ân, Quốc lộ 37B, Thái Tân, Xã Nam Thái Ninh, Tỉnh Hưng Yên, Việt Nam",None,None,convenience,20.4790669,106.5218225
Hải châu,convenience,Thái Bình,"Hải châu, Quốc lộ 37B, Xã Nam Thái Ninh, Tỉnh Hưng Yên, Việt Nam",None,None,convenience,20.4767727,106.5162706
Hòa lan,convenience,Thái Bình,"Hòa lan, Quốc lộ 37B, Xã Nam Thái Ninh, Tỉnh Hưng Yên, Việt Nam",None,None,convenience,20.450545,106.513715
Ngọc khiên,convenience,Thái Bình,"Ngọc khiên, Quốc lộ 37B, Xã Nam Thái Ninh, Tỉnh Hưng Yên, Việt Nam",None,None,convenience,20.4486517,106.514025
Hà Thương Cầu Nguyễn Cũ Xã Đông La,convenience,Thái Bình,"Hà Thương Cầu Nguyễn Cũ Xã Đông La, Cầu Nguyễn (cũ), Xã Đông Hưng, Tỉnh Hưng Yên, Việt Nam",None,None,convenience,20.5611114,106.3550212
Phương Luân Xóm2 Xã Liên Giang ĐH,convenience,Thái Bình,"Phương Luân Xóm2 Xã Liên Giang ĐH, Ngõ 36 Nguyễn Hán Đình, Xã Đông Hưng, Tỉnh Hưng Yên, Việt Nam",None,None,convenience,20.5778978,106.3404278
Thục Thịnh Xóm14 Xã Phú Lương ĐH,convenience,Thái Bình,"Thục Thịnh Xóm14 Xã Phú Lương ĐH, Quốc lộ 39, Xã Đông Tiên Hưng, Tỉnh Hưng Yên, Việt Nam",None,None,convenience,20.5695023,106.3301214
Dũng Hồng Xóm 2 Đông La ĐH,convenience,Thái Bình,"Dũng Hồng Xóm 2 Đông La ĐH, Ngõ 36 Nguyễn Hán Đình, Xã Đông Hưng, Tỉnh Hưng Yên, Việt Nam",None,None,convenience,20.5722084,106.3485779
HƯƠNG GIANG ( CÔ MĂNG),convenience,Thái Bình,172,None,None,convenience,20.557275,106.5623617
Tình Thành Xóm1 Xã Liên Giang ĐH,convenience,Thái Bình,"Tình Thành Xóm1 Xã Liên Giang ĐH, Phố Đào Vũ Thường, Xã Đông Hưng, Tỉnh Hưng Yên, Việt Nam",None,None,convenience,20.5717305,106.3421537
Cồn đen,convenience,Thái Bình,"Cồn đen, Đường bộ ven biển Thái Bình, Xã Đông Thái Ninh, Tỉnh Hưng Yên, Việt Nam",None,None,convenience,20.4861953,106.6037015
Anh Oát Kim Châu2 Xã An Châu ĐH,convenience,Thái Bình,"Anh Oát Kim Châu2 Xã An Châu ĐH, Đường tỉnh 396B, Xã Quỳnh An, Tỉnh Hưng Yên, Việt Nam",None,None,convenience,20.5873149,106.3139613
Thương Chuyên Thôn Hữu Xã Mê Linh ĐH,convenience,Thái Bình,"Thương Chuyên Thôn Hữu Xã Mê Linh ĐH, Quốc lộ 39, Xã Đông Tiên Hưng, Tỉnh Hưng Yên, Việt Nam",None,None,convenience,20.5761422,106.3062254
Kiên Hương Xóm1 Thôn Minh Đức Xã Lô Giang ĐH,convenience,Thái Bình,"Kiên Hương Xóm1 Thôn Minh Đức Xã Lô Giang ĐH, Quốc lộ 39, Xã Tiên Hưng, Tỉnh Hưng Yên, Việt Nam",None,None,convenience,20.5801257,106.2842097
Khánh Linh Ngã4 Tiên Hưng Xã Minh Tân ĐH,convenience,Thái Bình,"Khánh Linh Ngã4 Tiên Hưng Xã Minh Tân ĐH, Quốc lộ 39, Xã Tiên Hưng, Tỉnh Hưng Yên, Việt Nam",None,None,convenience,20.552613,106.2783778
Yến Tuyết 216 Đường Long Hưng TP,convenience,Thái Bình,"Yến Tuyết 216 Đường Long Hưng TP, Long Hưng, Phường Trà Lý, Tỉnh Hưng Yên, 06100, Việt Nam",None,None,convenience,20.473818,106.3569043
Cường Oanh348 Đường Long Hưng TP,convenience,Thái Bình,"Cường Oanh348 Đường Long Hưng TP, Long Hưng, Phường Trà Lý, Tỉnh Hưng Yên, 06100, Việt Nam",None,None,convenience,20.4650353,106.3541966
Định Hồng Y Tế trung an,convenience,Thái Bình,"Định Hồng Y Tế trung an, Đường Vũ Phúc, Phường Vũ Phúc, Tỉnh Hưng Yên, 06000, Việt Nam",None,None,convenience,20.410043,106.3138257
Cô thuận,convenience,Thái Bình,"Cô thuận, Phạm Thế Hiển, Phường Trần Hưng Đạo, Tỉnh Hưng Yên, 06000, Việt Nam",None,None,convenience,20.4412852,106.3324679
Như ý,convenience,Thái Bình,"Như ý, Phố Trần Thái Tông, Phường Trần Hưng Đạo, Tỉnh Hưng Yên, 06000, Việt Nam",None,None,convenience,20.4451078,106.3276907
Dũng Dung Chợ Giá Quỳnh Hưng,convenience,Thái Bình,"Dũng Dung Chợ Giá Quỳnh Hưng, Đường tỉnh 396B, Xã Quỳnh Phụ, Tỉnh Hưng Yên, Việt Nam",None,None,convenience,20.6313444,106.3377332
Hương Chinh Tổ,convenience,Thái Bình,"Hương Chinh Tổ, Phố Đào Nguyên Phổ, Quỳnh Côi, Xã Quỳnh Phụ, Tỉnh Hưng Yên, Việt Nam",None,None,convenience,20.652616,106.3225137
Dung Thể Cầu Dầu Quỳnh Giao,convenience,Thái Bình,"Dung Thể Cầu Dầu Quỳnh Giao, Đường tỉnh 396B, Quỳnh Côi, Xã Minh Thọ, Tỉnh Hưng Yên, Việt Nam",None,None,convenience,20.668967,106.3064294
HOA THAM XÃ Đông Các ĐH,convenience,Thái Bình,"HOA THAM XÃ Đông Các ĐH, QL 39A, Đông Các, Xã Đông Hưng, Tỉnh Hưng Yên, Việt Nam",None,None,convenience,20.5310175,106.3614838
Trường giang,convenience,Thái Bình,"Trường giang, QL.10, Xã Đồng Bằng, Tỉnh Hưng Yên, Việt Nam",None,None,convenience,20.6499444,106.3811747
Ja ko mark Hòa Bình Vũ Thư,convenience,Thái Bình,"Ja ko mark Hòa Bình Vũ Thư, Nguyễn Trãi, Xã Vũ Thư, Tỉnh Hưng Yên, 06000, Việt Nam",None,None,convenience,20.4277406,106.2866014
Huy hoàng,convenience,Thái Bình,"Huy hoàng, ĐT454, Xã Thư Trì, Tỉnh Hưng Yên, Việt Nam",None,None,convenience,20.4793686,106.2715076
Thanh Tâm Xóm2 Xã Trung An Vũ Thư,convenience,Thái Bình,"Thanh Tâm Xóm2 Xã Trung An Vũ Thư, Nguyễn Trãi, Phường Vũ Phúc, Tỉnh Hưng Yên, 06000, Việt Nam",None,None,convenience,20.4223473,106.3096009
Thanh tẫm Xóm 2 Xã Trung An Vũ Thư,convenience,Thái Bình,"Thanh tẫm Xóm 2 Xã Trung An Vũ Thư, Nguyễn Trãi, Phường Vũ Phúc, Tỉnh Hưng Yên, 06000, Việt Nam",None,None,convenience,20.4223455,106.3096201
FaMyLyMart Xóm 5 Bồn Thôn Trung An,convenience,Thái Bình,"FaMyLyMart Xóm 5 Bồn Thôn Trung An, Đường Vũ Phúc, Phường Vũ Phúc, Tỉnh Hưng Yên, 06000, Việt Nam",None,None,convenience,20.4098555,106.3138487
Nam Nguyệt Xóm 7 Xã Vũ Phúc,convenience,Thái Bình,"Nam Nguyệt Xóm 7 Xã Vũ Phúc, Đường Vũ Phúc, Phường Vũ Phúc, Tỉnh Hưng Yên, 06000, Việt Nam",None,None,convenience,20.4202264,106.3258817
Tiến bộ,florist,Thái Bình,"Tiến bộ, Đường tỉnh 452, Độc Lập, Xã Lê Quý Đôn, Tỉnh Hưng Yên, Việt Nam",None,None,florist,20.5801888,106.1857589
Hoa Dương Thị Tứ Quang Trung,convenience,Thái Bình,"Hoa Dương Thị Tứ Quang Trung, Quốc lộ 37B, Xã Kiến Xương, Tỉnh Hưng Yên, Việt Nam",None,None,convenience,20.3686216,106.4541904
Tám hoàn,convenience,Thái Bình,"Tám hoàn, Phố Trần Thánh Tông, Xã Hưng Hà, Tỉnh Hưng Yên, Việt Nam",None,None,convenience,20.5924269,106.2245716
Hương Lúa Xóm 2 Xã Đông Hoàng TH,convenience,Thái Bình,"Hương Lúa Xóm 2 Xã Đông Hoàng TH, Đường tỉnh 464, Xã Đồng Châu, Tỉnh Hưng Yên, Việt Nam",None,None,convenience,20.4290395,106.5713492
Tưởng Thêu Xóm6 vũ lạc,convenience,Thái Bình,"Tưởng Thêu Xóm6 vũ lạc, Đường Vũ Lạc, Phường Trần Lãm, Tỉnh Hưng Yên, 06100, Việt Nam",None,None,convenience,20.4326788,106.3781598
Tưởng Thêu Xóm6 Vũ Lạc,convenience,Thái Bình,"Tưởng Thêu Xóm6 Vũ Lạc, Đường tỉnh 458, Xã Vũ Quý, Tỉnh Hưng Yên, 06100, Việt Nam",None,None,convenience,20.4233755,106.3726287
Thư Đán Xóm3 Thanh Tân KX,convenience,Thái Bình,"Thư Đán Xóm3 Thanh Tân KX, Đường cao tốc Ninh Bình - Hải Phòng, Xã Bình Nguyên, Tỉnh Hưng Yên, Việt Nam",None,None,convenience,20.4406459,106.4246022
Chú Hồi Xóm 7 Vũ Tây,convenience,Thái Bình,"Chú Hồi Xóm 7 Vũ Tây, Cầu Quảng trường Thái Bình, Phường Trần Lãm, Tỉnh Hưng Yên, 06100, Việt Nam",None,None,convenience,20.4668425,106.3950342
Cô Thủy 125 Trần Hưng Đạo,convenience,Thái Bình,"Cô Thủy 125 Trần Hưng Đạo, Trần Hưng Đạo, Phường Trần Hưng Đạo, Tỉnh Hưng Yên, 06000, Việt Nam",None,None,convenience,20.4477316,106.3393882
Mỹ Tho Xóm Chùa Đông Á,convenience,Thái Bình,"Mỹ Tho Xóm Chùa Đông Á, Quốc lộ 39, Xã Đông Quan, Tỉnh Hưng Yên, Việt Nam",None,None,convenience,20.5031202,106.398652
Thủy Hiệp Xóm12 Xã Vũ Chính,convenience,Thái Bình,"Thủy Hiệp Xóm12 Xã Vũ Chính, Đường Vũ Chính, Phường Trần Lãm, Tỉnh Hưng Yên, 06118, Việt Nam",None,None,convenience,20.4229777,106.3387751
Miền Tụ 549 Đường Trần Lãm TP TB,convenience,Thái Bình,"Miền Tụ 549 Đường Trần Lãm TP TB, ĐT.454, Phường Trần Lãm, Tỉnh Hưng Yên, 06000, Việt Nam",None,None,convenience,20.4287879,106.339244
Mai Huê 669 Lý Bôn TP TB,convenience,Thái Bình,"Mai Huê 669 Lý Bôn TP TB, Lý Bôn, Phường Trần Lãm, Tỉnh Hưng Yên, 06000, Việt Nam",None,None,convenience,20.4336299,106.3431904
Minimatk,convenience,Thái Bình,"Minimatk, Đường tỉnh 489, Xuân Châu, Xã Xuân Hồng, Tỉnh Ninh Bình, Việt Nam",None,None,convenience,20.3880642,106.3020072
Thúy nhài,convenience,Thái Bình,"Thúy nhài, Đường Hùng Vương, Xã Vũ Thư, Tỉnh Hưng Yên, 06000, Việt Nam",None,None,convenience,20.4361817,106.2896567
Sự vui,convenience,Thái Bình,"Sự vui, Nguyễn Trãi, Xã Vũ Thư, Tỉnh Hưng Yên, 06000, Việt Nam",None,None,convenience,20.432234,106.2874386
Thanh tùng,convenience,Thái Bình,"Thanh tùng, Nguyễn Trãi, Xã Vũ Thư, Tỉnh Hưng Yên, 06000, Việt Nam",None,None,convenience,20.4319576,106.2872057
Thanh tùng,convenience,Thái Bình,"Thanh tùng, Nguyễn Trãi, Xã Vũ Thư, Tỉnh Hưng Yên, 06000, Việt Nam",None,None,convenience,20.4319142,106.2872005
None,convenience,Thái Bình,"Quốc lộ 10, Xã Tân Thuận, Tỉnh Hưng Yên, Việt Nam",None,None,convenience,20.4378587,106.2390989
H mart,convenience,Thái Bình,"H mart, Old Thái Bình Rd, Xã Tân Thuận, Tỉnh Hưng Yên, Việt Nam",None,None,convenience,20.431245,106.2263767
Du thao,convenience,Thái Bình,"Du thao, Nguyễn Trãi, Phường Vũ Phúc, Tỉnh Hưng Yên, 06000, Việt Nam",None,None,convenience,20.4104625,106.2993829
Minimart,convenience,Thái Bình,"Minimart, Đường Vũ Phúc, Phường Vũ Phúc, Tỉnh Hưng Yên, 06000, Việt Nam",None,None,convenience,20.400273,106.3034637
Hòa ngát,convenience,Thái Bình,"Hòa ngát, Đường Hùng Vương, Xã Vũ Thư, Tỉnh Hưng Yên, 06000, Việt Nam",None,None,convenience,20.4356498,106.2809583
Vân nhân,convenience,Thái Bình,"Vân nhân, Cầu Tây, Quỳnh Côi, Xã Quỳnh Phụ, Tỉnh Hưng Yên, Việt Nam",None,None,convenience,20.6526013,106.32265
Vân đăng,convenience,Thái Bình,"Vân đăng, Đường Trần Hưng Đạo, Quỳnh Côi, Xã Quỳnh Phụ, Tỉnh Hưng Yên, Việt Nam",None,None,convenience,20.653663,106.3234436
Thiên quý,convenience,Thái Bình,"Thiên quý, Phố Đoàn Nguyễn Thục, Quỳnh Côi, Xã Quỳnh Phụ, Tỉnh Hưng Yên, Việt Nam",None,None,convenience,20.6621301,106.3283707
TH Anh Hữu,department_store,Thái Bình,"TH Anh Hữu, Đường Lý Nam Đế, Xã Hưng Hà, Tỉnh Hưng Yên, Việt Nam",None,None,department_store,20.5986845,106.2484232
CH Khả Ngạn,department_store,Thái Bình,"CH Khả Ngạn, Đường Lý Nam Đế, Xã Hưng Hà, Tỉnh Hưng Yên, Việt Nam",None,None,department_store,20.6217395,106.2505877
Hiếu hiền,convenience,Thái Bình,"Hiếu hiền, Đường tỉnh 458, Phường Trần Lãm, Tỉnh Hưng Yên, 06100, Việt Nam",None,None,convenience,20.4335794,106.3648675
WinMart+,convenience,Thái Bình,"68A, Trần Hưng Đạo",None,None,convenience,20.4564015,106.342592
WinMart+,convenience,Thái Bình,"WinMart+, Long Hưng, Phường Trà Lý, Tỉnh Hưng Yên, 06100, Việt Nam",None,None,convenience,20.4635586,106.3504026
WinMart+,convenience,Thái Bình,"115, Nguyễn Trãi",None,None,convenience,20.4381053,106.3156841
WinMart+,convenience,Thái Bình,"579, Lý Bôn",None,None,convenience,20.4403573,106.3398454
Vịnh Lý,department_store,Thái Bình,"Vịnh Lý, Quốc lộ 37B, Thái Tân, Xã Nam Thái Ninh, Tỉnh Hưng Yên, Việt Nam",None,None,department_store,20.4832175,106.5133066
WinMart,supermarket,Thái Bình,"WinMart, Lý Bôn, Phường Trần Hưng Đạo, Tỉnh Hưng Yên, 06000, Việt Nam",None,None,supermarket,20.4445731,106.3369849
None,car,Thái Bình,"KIA SHOWROOM, Đường Hùng Vương, Phường Vũ Phúc, Tỉnh Hưng Yên, 06000, Việt Nam",None,None,car,20.4384818,106.3193427
Vinh Quang,tyres,Thái Bình,Ngô Quyền,None,None,tyres,20.4412169,106.3452375
Cửa Hàng Mây Hinh,supermarket,Thái Bình,"Cửa Hàng Mây Hinh, Đường tỉnh 489, Xuân Châu, Xã Xuân Hồng, Tỉnh Ninh Bình, Việt Nam",None,None,supermarket,20.3841775,106.2919709
None,art,Thái Bình,"Đường tỉnh 489, Xuân Châu, Xã Xuân Hồng, Tỉnh Ninh Bình, Việt Nam",None,None,art,20.3842453,106.2924783
Spar,convenience,Thái Bình,"Spar, Trần Thái Tông, Phường Trần Hưng Đạo, Tỉnh Hưng Yên, 06000, Việt Nam",None,None,convenience,20.440739,106.3230039
Tuấn Ngoãn Thôn An Bình Xã Lô Giang ĐH,convenience,Thái Bình,"Tuấn Ngoãn Thôn An Bình Xã Lô Giang ĐH, Quốc lộ 39, Xã Tiên Hưng, Tỉnh Hưng Yên, Việt Nam",None,None,convenience,20.5756048,106.2877277
None,tea,Thái Bình,"Đường tỉnh 457, Xã Lê Lợi, Tỉnh Hưng Yên, Việt Nam",None,None,tea,20.4381996,106.4566341
Túi Xách Huyền Nguyễn,fashion_accessories,Thái Bình,"56, Lê Đại Hành, Thành Phố Thái Bình, 06100",None,None,fashion_accessories,20.448383,106.348455
Cửa hàng Điện Thoại Hiếu Tâm,mobile_phone,Thái Bình,"Cửa hàng Điện Thoại Hiếu Tâm, QL 10, Đông Hải, Xã Quỳnh An, Tỉnh Hưng Yên, Việt Nam",None,None,mobile_phone,20.6151926,106.3835556
Cửa hàng tạp hoá Lý Hanh,supermarket,Thái Bình,"thôn An Cúc Tây, Hưng Yên, 10000",None,None,supermarket,20.598794,106.5064164
Nam Nguyệt Xóm 7 Xã Vũ Phúc,convenience,Thái Bình,"Nam Nguyệt Xóm 7 Xã Vũ Phúc, Đường Vũ Phúc, Phường Vũ Phúc, Tỉnh Hưng Yên, 06000, Việt Nam",None,None,convenience,20.4202364,106.3258812
Vincom Plaza Lý Bôn,mall,Thái Bình,"WinMart, Lý Bôn, Phường Trần Hưng Đạo, Tỉnh Hưng Yên, 06000, Việt Nam",None,None,mall,20.4446661,106.3370192
None,None,Vĩnh Phúc,None,None,None,None,None,None
Nhà riêng,bookmaker,Hòa Bình,"1 ngõ 122 B, Hoàng Hoa Thám",None,None,bookmaker,20.7808176,105.3348404
None,bakery,Hòa Bình,"Phu Thuy Bakery, Đường Cù Chính Lan, Phương Lâm, Hòa Bình, Phường Hòa Bình, Tỉnh Phú Thọ, 36107, Việt Nam",None,None,bakery,20.8190284,105.3392317
None,car_repair,Hòa Bình,"Đường Trần Phú, Hàng Trạm, Xã Yên Thủy, Tỉnh Phú Thọ, Việt Nam",None,None,car_repair,20.4024607,105.6188063
None,bicycle,Hòa Bình,"Quốc lộ 15, Bản Lác, Xóm Khán, Xã Mai Hạ, Tỉnh Phú Thọ, 36400, Việt Nam",None,None,bicycle,20.568957,105.0134657
None,mobile_phone,Hòa Bình,"Quốc lộ 15, Bản Lác, Xóm Khán, Xã Mai Hạ, Tỉnh Phú Thọ, 36400, Việt Nam",None,None,mobile_phone,20.5690236,105.0136722
None,mobile_phone,Hòa Bình,"Quốc lộ 15, Bản Lác, Xóm Khán, Xã Mai Hạ, Tỉnh Phú Thọ, 36400, Việt Nam",None,None,mobile_phone,20.5691444,105.0135456
Thái Lúóng - Motorcycle repair,motorcycle_repair,Hòa Bình,"Thái Lúóng - Motorcycle repair, Quốc lộ 6, Mãn Đức, Xã Tân Lạc, Tỉnh Phú Thọ, Việt Nam",None,None,motorcycle_repair,20.6214014,105.2766352
Ngóg Cuong - Motorcycle repair,motorcycle_repair,Hòa Bình,"Ngóg Cuong - Motorcycle repair, Quốc lộ 6, Mãn Đức, Xã Tân Lạc, Tỉnh Phú Thọ, Việt Nam",None,None,motorcycle_repair,20.6214357,105.2768294
None,hairdresser,Hòa Bình,"Quốc lộ 6, Mãn Đức, Xã Tân Lạc, Tỉnh Phú Thọ, Việt Nam",None,None,hairdresser,20.6210271,105.2768447
Công ty TNHH MTV Hoàng Đức,travel_agency,Hòa Bình,"QL 6, Hòa Bình, 351541",None,None,travel_agency,20.9026367,105.3924063
None,car_repair,Hòa Bình,"Quốc lộ 15, Bản Lác, Xóm Khán, Xã Mai Châu, Tỉnh Phú Thọ, 36400, Việt Nam",None,None,car_repair,20.6580659,105.0826001
Vụ bản,convenience,Hòa Bình,Quốc Lộ 12B,None,None,convenience,20.4476802,105.4535562
Minh Hòa,tyres,Hòa Bình,"Minh Hòa, Quốc lộ 6, Cao Phong, Xã Cao Phong, Tỉnh Phú Thọ, Việt Nam",None,None,tyres,20.7497523,105.3324279
Best mechanic in town Honda and yamaha,motorcycle,Hòa Bình,"Best mechanic in town Honda and yamaha, Quốc lộ 15, Bản Lác, Xóm Khán, Xã Mai Châu, Tỉnh Phú Thọ, 36400, Việt Nam",None,None,motorcycle,20.6638567,105.0830017
Asia Outdoors Mai Chau,travel_agency,Hòa Bình,Quốc lộ 15,None,None,travel_agency,20.6540501,105.0784065
hai yen,confectionery,Hòa Bình,"hai yen, Đường Lý Quốc Sư, Hàng Trạm, Xã Yên Thủy, Tỉnh Phú Thọ, Việt Nam",None,None,confectionery,20.3950327,105.6230972
None,supermarket,Hòa Bình,"Organic Vegetable Store, QL.6, Xã Xuân Mai, Lương Sơn, Xã Lương Sơn, Tỉnh Phú Thọ, Việt Nam",None,None,supermarket,20.8710407,105.5287695
Hùng Giang,department_store,Hòa Bình,"Hùng Giang, Đường tỉnh 317, Phường Hòa Bình, Tỉnh Phú Thọ, 36107, Việt Nam",None,None,department_store,20.8438704,105.343422
Hải Thu,department_store,Hòa Bình,"Hải Thu, Phùng Hưng, Phường Hòa Bình, Tỉnh Phú Thọ, 36107, Việt Nam",None,None,department_store,20.840301,105.3426441
None,hairdresser,Hòa Bình,"Quốc lộ 15, Bản Lác, Xóm Khán, Xã Mai Châu, Tỉnh Phú Thọ, 36400, Việt Nam",None,None,hairdresser,20.6566771,105.0806604
None,convenience,Hòa Bình,"Quốc lộ 15, Bản Lác, Xóm Khán, Xã Mai Châu, Tỉnh Phú Thọ, 36400, Việt Nam",None,None,convenience,20.657094,105.0811287
Yamaha,motorcycle,Hòa Bình,"Yamaha, Quốc lộ 15, Bản Lác, Xóm Khán, Xã Mai Châu, Tỉnh Phú Thọ, 36400, Việt Nam",None,None,motorcycle,20.6567559,105.0807624
Vivo,mobile_phone,Hòa Bình,"Vivo, Quốc lộ 15, Bản Lác, Xóm Khán, Xã Mai Châu, Tỉnh Phú Thọ, 36400, Việt Nam",None,None,mobile_phone,20.6565861,105.0805803
None,supermarket,Hòa Bình,"Đường TSA, Xã Nật Sơn, Tỉnh Phú Thọ, Việt Nam",None,None,supermarket,20.7556234,105.4665561
None,bicycle,Hòa Bình,"Đường TSA, Xã Nật Sơn, Tỉnh Phú Thọ, Việt Nam",None,None,bicycle,20.7556026,105.4663874
None,confectionery,Hòa Bình,"Tiem Banh Bakery, Quốc lộ 15, Bản Lác, Xóm Khán, Xã Mai Châu, Tỉnh Phú Thọ, 36400, Việt Nam",None,None,confectionery,20.6591774,105.0827426
Lam Ha. Sua Chua,motorcycle,Hòa Bình,"Lam Ha. Sua Chua, Quốc lộ 15, Bản Lác, Xóm Khán, Xã Mai Châu, Tỉnh Phú Thọ, 36400, Việt Nam",None,None,motorcycle,20.6576007,105.0819855
None,massage,Hòa Bình,"Massage, Quốc lộ 15, Bản Lác, Xóm Khán, Xã Mai Châu, Tỉnh Phú Thọ, 36400, Việt Nam",None,None,massage,20.6544997,105.0731692
Khanh Thinh,gift,Hòa Bình,"Khanh Thinh, Quốc lộ 15, Bản Lác, Xóm Khán, Xã Mai Hạ, Tỉnh Phú Thọ, 36400, Việt Nam",None,None,gift,20.6526372,105.0717153
Tired,bicycle,Hòa Bình,"Tired, Đường Tăng Bạt Hổ, Hòa Bình, Phường Hòa Bình, Tỉnh Phú Thọ, 36107, Việt Nam",None,None,bicycle,20.8206249,105.3413704
Style Motorbike partner,motorcycle,Hòa Bình,"Style Motorbike partner, Quốc lộ 15, Bản Lác, Xóm Khán, Xã Mai Châu, Tỉnh Phú Thọ, 36400, Việt Nam",None,None,motorcycle,20.6580608,105.0822638
Tất Nụ,department_store,Hòa Bình,Phùng Hưng,None,None,department_store,20.8421252,105.3435412
Win Mart,convenience,Hòa Bình,"Win Mart, Quốc lộ 15, Bản Lác, Xóm Khán, Xã Mai Châu, Tỉnh Phú Thọ, 36400, Việt Nam",None,None,convenience,20.6615692,105.0831102
TuCu Mini market,convenience,Hòa Bình,"TuCu Mini market, Quốc lộ 15, Bản Lác, Xóm Khán, Xã Mai Hạ, Tỉnh Phú Thọ, 36400, Việt Nam",None,None,convenience,20.6509378,105.0768363
Ban Bakery & Tea,bakery,Hòa Bình,"Ban Bakery & Tea, Quốc lộ 15, Bản Lác, Xóm Khán, Xã Mai Châu, Tỉnh Phú Thọ, 36400, Việt Nam",None,None,bakery,20.6549019,105.0794162
Phuc Beauty Hair Salon,hairdresser,Hòa Bình,"Phuc Beauty Hair Salon, Quốc lộ 15, Bản Lác, Xóm Khán, Xã Mai Hạ, Tỉnh Phú Thọ, 36400, Việt Nam",None,None,hairdresser,20.6522999,105.0713646
None,hairdresser,Hòa Bình,"Quốc lộ 6, Mai Châu, Xã Mai Châu, Tỉnh Phú Thọ, 36420, Việt Nam",None,None,hairdresser,20.7292655,105.1121251
None,department_store,Hòa Bình,"Quốc lộ 6, Đồng Bảng, Xã Mai Châu, Tỉnh Phú Thọ, Việt Nam",None,None,department_store,20.7193375,105.0556403
None,convenience,Hòa Bình,"Quốc lộ 6, Mai Châu, Xã Mai Châu, Tỉnh Phú Thọ, 36420, Việt Nam",None,None,convenience,20.7323316,105.1116822
None,convenience,Hòa Bình,"Quốc lộ 6, Mai Châu, Xã Mai Châu, Tỉnh Phú Thọ, 36420, Việt Nam",None,None,convenience,20.7299049,105.112056
None,convenience,Hòa Bình,"Quốc lộ 6, Mai Châu, Xã Mai Châu, Tỉnh Phú Thọ, 36420, Việt Nam",None,None,convenience,20.7282624,105.1113926
None,convenience,Hòa Bình,"Quốc lộ 6, Mai Châu, Xã Mai Châu, Tỉnh Phú Thọ, 36420, Việt Nam",None,None,convenience,20.727252,105.1109571
None,convenience,Hòa Bình,"Quốc lộ 6, Mai Châu, Xã Mai Châu, Tỉnh Phú Thọ, 36420, Việt Nam",None,None,convenience,20.7169423,105.1154104
None,convenience,Hòa Bình,"Quốc lộ 6, Xã Mường Bi, Tỉnh Phú Thọ, Việt Nam",None,None,convenience,20.6352995,105.1811121
None,convenience,Hòa Bình,"Đường cao tốc Hòa Lạc – Hòa Bình, Phường Kỳ Sơn, Tỉnh Phú Thọ, Việt Nam",None,None,convenience,20.9138717,105.3940459
None,convenience,Hòa Bình,"Quốc lộ 6, Mai Châu, Xã Mai Châu, Tỉnh Phú Thọ, 36420, Việt Nam",None,None,convenience,20.73383,105.1113558
None,convenience,Hòa Bình,"Quốc lộ 6, Xã Mường Bi, Tỉnh Phú Thọ, Việt Nam",None,None,convenience,20.6425891,105.1731916
None,convenience,Hòa Bình,"Quốc lộ 6, Mai Châu, Xã Mai Châu, Tỉnh Phú Thọ, 36420, Việt Nam",None,None,convenience,20.726566,105.1106986
None,copyshop,Hòa Bình,"Quốc lộ 12B, Muong Pheo, Xã Tân Lạc, Tỉnh Phú Thọ, Việt Nam",None,None,copyshop,20.5846779,105.2951131
Sua Xe,motorcycle_repair,Hòa Bình,"Sua Xe, Đường Hồ Chí Minh, Hàng Trạm, Xã Đại Đồng, Tỉnh Phú Thọ, Việt Nam",None,None,motorcycle_repair,20.4088187,105.5519546
Cầm đồ Ngọc Hà,pawnbroker,Hòa Bình,"362, Đường Tôn Đức Thắng",None,None,pawnbroker,20.7851701,105.3525276
None,None,Sơn La,None,None,None,None,None,None
Intimex,supermarket,Nghệ An,"Intimex, Nguyễn Thiếp, Phường Trường Vinh, Tỉnh Nghệ An, Việt Nam",None,None,supermarket,18.6643627,105.6890298
None,supermarket,Nghệ An,"Quốc lộ 7, Xã Nhân Hòa, Tỉnh Nghệ An, Việt Nam",None,None,supermarket,19.0056616,104.9826043
None,supermarket,Nghệ An,"Quốc lộ 7, Khe Bố, Tam Quang, Xã Tam Quang, Tỉnh Nghệ An, Việt Nam",None,None,supermarket,19.1590263,104.6728359
None,supermarket,Nghệ An,"Quốc lộ 7, Xã Châu Khê, Tỉnh Nghệ An, Việt Nam",None,None,supermarket,19.1343273,104.747239
None,supermarket,Nghệ An,"Quốc lộ 7, Xã Mường Xén, Tỉnh Nghệ An, Việt Nam",None,None,supermarket,19.4039651,104.1412165
Metro,supermarket,Nghệ An,"Metro, Đường Dũng Quyết, Phường Trường Vinh, Tỉnh Nghệ An, Việt Nam",None,None,supermarket,18.6614899,105.7079587
MaxAudio,hifi,Nghệ An,"78, Nguyễn Thị Minh Khai, Vinh, 460000",None,None,hifi,18.6767456,105.6763909
None,motorcycle_repair,Nghệ An,"Nguyễn Du, Phường Trường Vinh, Tỉnh Nghệ An, Việt Nam",None,None,motorcycle_repair,18.6559047,105.6977671
abc,department_store,Nghệ An,"abc, Đội Cung, Phường Thành Vinh, Tỉnh Nghệ An, Việt Nam",None,None,department_store,18.6763176,105.666657
ch sự lê,department_store,Nghệ An,"ch sự lê, Quốc lộ 46, Xã Kim Liên, Kim Liên, Tỉnh Nghệ An, Việt Nam",None,None,department_store,18.6876755,105.5648915
None,convenience,Nghệ An,"Quốc lộ 46B, Xã Đại Đồng, Tỉnh Nghệ An, Việt Nam",None,None,convenience,18.7991212,105.334456
Big C Vinh,supermarket,Nghệ An,"Big C Vinh, Đường Trần Phú, Phường Thành Vinh, Tỉnh Nghệ An, Việt Nam",None,None,supermarket,18.6659743,105.6747966
Nội thất Trường An,furniture,Nghệ An,"55, Yên Dũng Thượng",None,None,furniture,18.6725278,105.7000452
Chợ Mý,supermarket,Nghệ An,TL 547,None,None,supermarket,18.5995676,105.6646391
Kho a Thân,bakery,Nghệ An,"Kho a Thân, Ngõ 2 Hồ Tông Thốc, Phường Vinh Phú, Tỉnh Nghệ An, Việt Nam",None,None,bakery,18.7051739,105.675123
Mini Mart,convenience,Nghệ An,"Mini Mart, Đường Hồ Chí Minh, Xã Tân Kỳ, Tỉnh Nghệ An, Việt Nam",None,None,convenience,19.0449918,105.2686169
Số 7 quang trung.phường quang trung.tp vinh,supermarket,Nghệ An,"07, Quang Trung",None,None,supermarket,18.6673623,105.6740172
None,bicycle,Nghệ An,"Quốc lộ 48C, Xã Quỳ Hợp, Tỉnh Nghệ An, 43900, Việt Nam",None,None,bicycle,19.3257466,105.1895033
Quảng Cáo Trung Danh,copyshop,Nghệ An,"1, Đỉnh Sơn, Anh Sơn",None,None,copyshop,19.0277376,104.96603
None,department_store,Nghệ An,"Quốc lộ 1, Xã Diễn Châu, Tỉnh Nghệ An, Việt Nam",None,None,department_store,18.9779135,105.6010362
MT Mart,department_store,Nghệ An,"MT Mart, Quốc lộ 1, Xã Diễn Châu, Tỉnh Nghệ An, Việt Nam",None,None,department_store,18.9779456,105.601005
Shop Hạnh Cọt Đồ Áo Thể Thao,clothes,Nghệ An,"Làng Vàng, Xóm 4A, Nghĩa Mai, Nguiax Đang, Nghệ An",None,None,clothes,19.4123739,105.3647975
None,supermarket,Nghệ An,"Quốc lộ 48E, Xã Đông Lộc, Tỉnh Nghệ An, 43212, Việt Nam",None,None,supermarket,18.7706437,105.6739724
Cửa hàng Spa thương hiệu Nhật Bản,department_store,Nghệ An,"68, Hồng Bàng",None,None,department_store,18.6703345,105.6764815
Ngôi nhà Đức,supermarket,Nghệ An,"36, Lý Thường Kiệt",None,None,supermarket,18.6811159,105.6656763
Văn Đô,tyres,Nghệ An,"24, Lê Lợi",None,None,tyres,18.6808104,105.6746514
Đình Cẩm,tyres,Nghệ An,"315, Lê Duẩn",None,None,tyres,18.6638678,105.6906134
Hoàng Tình,tyres,Nghệ An,"105, Nguyễn Cảnh Hoan",None,None,tyres,18.6918167,105.6732751
Anh Dưc,tyres,Nghệ An,"Anh Dưc, Quốc lộ 1, Xã Quỳnh Lưu, Tỉnh Nghệ An, Việt Nam",None,None,tyres,19.1375438,105.6223578
Anh Đại,tyres,Nghệ An,"Anh Đại, Đường Nguyễn Tất Thành, Quỳnh Thiện, Phường Hoàng Mai, Tỉnh Nghệ An, Việt Nam",None,None,tyres,19.2631808,105.7143395
Nội Thất Mạnh Hà,furniture,Nghệ An,"QL 48A, 470000",None,None,furniture,19.3514064,105.2878064
Big C - Shopping Mall and Foodcourd,supermarket,Nghệ An,"Big C - Shopping Mall and Foodcourd, Ngư Hải, Phường Thành Vinh, Tỉnh Nghệ An, Việt Nam",None,None,supermarket,18.6663264,105.6748756
Trananh,electronics,Nghệ An,"Trananh, Quang Trung, Phường Thành Vinh, Tỉnh Nghệ An, Việt Nam",None,None,electronics,18.6671809,105.6739721
K Market,supermarket,Nghệ An,"K Market, Nguyễn Thị Minh Khai, Phường Thành Vinh, Tỉnh Nghệ An, Việt Nam",None,None,supermarket,18.6741529,105.6789557
None,jewelry,Nghệ An,"Đường Trần Phú, Phường Thành Vinh, Tỉnh Nghệ An, Việt Nam",None,None,jewelry,18.6661581,105.6746009
Levi's,supermarket,Nghệ An,"Levi's, Nguyễn Thị Minh Khai, Phường Thành Vinh, Tỉnh Nghệ An, Việt Nam",None,None,supermarket,18.6730292,105.6804537
None,sports,Nghệ An,"Đường Trần Phú, Phường Thành Vinh, Tỉnh Nghệ An, Việt Nam",None,None,sports,18.6660833,105.6744121
Nike Outlet,supermarket,Nghệ An,"Nike Outlet, Nguyễn Thị Minh Khai, Phường Thành Vinh, Tỉnh Nghệ An, Việt Nam",None,None,supermarket,18.6714819,105.6823062
None,shoes,Nghệ An,"Ngư Hải, Phường Thành Vinh, Tỉnh Nghệ An, Việt Nam",None,None,shoes,18.6665514,105.6746883
Minimart,supermarket,Nghệ An,"Minimart, Phan Chu Trinh, Phường Thành Vinh, Tỉnh Nghệ An, Việt Nam",None,None,supermarket,18.6747226,105.6719971
Minimart - German Brands,supermarket,Nghệ An,"Minimart - German Brands, Phan Chu Trinh, Phường Thành Vinh, Tỉnh Nghệ An, Việt Nam",None,None,supermarket,18.6747149,105.6721319
None,motorcycle,Nghệ An,le Loi,None,None,motorcycle,18.6859241,105.6743639
None,motorcycle,Nghệ An,"78, Lệ Ninh",None,None,motorcycle,18.6939958,105.6661427
None,motorcycle,Nghệ An,"74, Lê Lợi",None,None,motorcycle,18.6863157,105.6748227
None,motorcycle,Nghệ An,"General Motorbike Mechanics, Lê Lợi, Phường Thành Vinh, Tỉnh Nghệ An, Việt Nam",None,None,motorcycle,18.6782336,105.6742309
None,convenience,Nghệ An,"Convenience Store, Lệ Ninh, Phường Vinh Hưng, Tỉnh Nghệ An, Việt Nam",None,None,convenience,18.69278,105.6663635
None,car,Nghệ An,"Mercedes-Benz, Mai Hắc Đế, Phường Vinh Hưng, Tỉnh Nghệ An, Việt Nam",None,None,car,18.6884917,105.6743562
None,hardware,Nghệ An,"125, Le Loi",None,None,hardware,18.6812053,105.6742855
Cho Ga Market,supermarket,Nghệ An,"Cho Ga Market, Trường Chinh, Phường Thành Vinh, Tỉnh Nghệ An, Việt Nam",None,None,supermarket,18.6872617,105.6656927
Minimart,supermarket,Nghệ An,"Minimart, Phan Bội Châu, Phường Thành Vinh, Tỉnh Nghệ An, Việt Nam",None,None,supermarket,18.686855,105.6705561
truemart,supermarket,Nghệ An,"truemart, Quang Trung, Phường Thành Vinh, Tỉnh Nghệ An, Việt Nam",None,None,supermarket,18.6760088,105.6741837
465 Mart,supermarket,Nghệ An,"465 Mart, Nguyễn Đình Chiểu, Phường Thành Vinh, Tỉnh Nghệ An, Việt Nam",None,None,supermarket,18.6869195,105.6685573
Photocopy,copyshop,Nghệ An,"Photocopy, Phan Bội Châu, Phường Thành Vinh, Tỉnh Nghệ An, Việt Nam",None,None,copyshop,18.6869069,105.6700455
None,massage,Nghệ An,"Phan Bội Châu, Phường Thành Vinh, Tỉnh Nghệ An, Việt Nam",None,None,massage,18.6868311,105.6704093
Intimex - Home and Food,supermarket,Nghệ An,"Intimex - Home and Food, Phan Bội Châu, Phường Thành Vinh, Tỉnh Nghệ An, Việt Nam",None,None,supermarket,18.6864259,105.6735909
Yamaha,motorcycle,Nghệ An,"Yamaha, Lê Lợi, Phường Thành Vinh, Tỉnh Nghệ An, Việt Nam",None,None,motorcycle,18.6855742,105.6744395
Honda,motorcycle,Nghệ An,"Honda, Lê Lợi, Phường Thành Vinh, Tỉnh Nghệ An, Việt Nam",None,None,motorcycle,18.6842902,105.6748392
Piaggio Vespa,motorcycle,Nghệ An,"Piaggio Vespa, Lê Lợi, Phường Thành Vinh, Tỉnh Nghệ An, Việt Nam",None,None,motorcycle,18.6836089,105.6747972
Thuý Toản,department_store,Nghệ An,"96, Lê Huân, 46000",None,None,department_store,18.6647331,105.6750398
Nội thất Ngọc Hải,furniture,Nghệ An,"52, Lý Thường Kiệt, 6400",None,None,furniture,18.6803857,105.6687694
Công Ty HTQ,computer,Nghệ An,"Công Ty HTQ, Phạm Kinh Vỹ, Phường Trường Vinh, Tỉnh Nghệ An, Việt Nam",None,None,computer,18.6603246,105.6995774
PNJ,jewelry,Nghệ An,"PNJ, Quang Trung, Phường Thành Vinh, Tỉnh Nghệ An, Việt Nam",None,None,jewelry,18.673558,105.674888
None,convenience,Nghệ An,"Đường Xô Viết Nghệ Tĩnh, Quỳnh Thiện, Phường Hoàng Mai, Tỉnh Nghệ An, Việt Nam",None,None,convenience,19.2689919,105.7163945
None,bakery,Nghệ An,"Hồ Tùng Mậu, Phường Thành Vinh, Tỉnh Nghệ An, Việt Nam",None,None,bakery,18.670823,105.68629
An Phước,clothes,Nghệ An,"99, Lê Lợi",None,None,clothes,18.6813185,105.6744922
An Phước,clothes,Nghệ An,"304, Nguyễn Văn Cừ",None,None,clothes,18.6832978,105.6830977
None,computer,Nghệ An,"40 computer repair shop, Nguyễn Thị Minh Khai, Phường Thành Vinh, Tỉnh Nghệ An, Việt Nam",None,None,computer,18.6728588,105.6806528
None,hairdresser,Nghệ An,"Hà Huy Tập, Phường Vinh Phú, Tỉnh Nghệ An, Việt Nam",None,None,hairdresser,18.6912288,105.6788223
None,florist,Nghệ An,"Roses Garden, Hà Huy Tập, Phường Vinh Phú, Tỉnh Nghệ An, Việt Nam",None,None,florist,18.6908632,105.678993
None,sports,Nghệ An,"cuong sport, Hà Huy Tập, Phường Vinh Phú, Tỉnh Nghệ An, Việt Nam",None,None,sports,18.6897984,105.6797714
None,supermarket,Nghệ An,"VinMart, Hà Huy Tập, Phường Vinh Phú, Tỉnh Nghệ An, Việt Nam",None,None,supermarket,18.6896063,105.6799002
None,computer,Nghệ An,"msi, Hà Huy Tập, Phường Vinh Phú, Tỉnh Nghệ An, Việt Nam",None,None,computer,18.6915946,105.6789254
None,hairdresser,Nghệ An,"Hà Huy Tập, Phường Vinh Phú, Tỉnh Nghệ An, Việt Nam",None,None,hairdresser,18.6905767,105.6791107
None,supermarket,Nghệ An,"Hà Huy Tập, Phường Vinh Phú, Tỉnh Nghệ An, Việt Nam",None,None,supermarket,18.6887358,105.6803147
None,bicycle,Nghệ An,"Giant, Hà Huy Tập, Phường Vinh Phú, Tỉnh Nghệ An, Việt Nam",None,None,bicycle,18.6874143,105.6807221
None,jewelry,Nghệ An,"Nguyễn Sỹ Sách, Phường Vinh Phú, Tỉnh Nghệ An, Việt Nam",None,None,jewelry,18.6867255,105.6804078
None,hairdresser,Nghệ An,"Hà Huy Tập, Phường Vinh Phú, Tỉnh Nghệ An, Việt Nam",None,None,hairdresser,18.6888587,105.6802633
None,shoes,Nghệ An,"Nguyễn Sỹ Sách, Phường Vinh Phú, Tỉnh Nghệ An, Việt Nam",None,None,shoes,18.6867403,105.6793638
None,hairdresser,Nghệ An,"Nguyễn Sỹ Sách, Phường Thành Vinh, Tỉnh Nghệ An, Việt Nam",None,None,hairdresser,18.6863685,105.6783459
None,laundry,Nghệ An,"Nguyễn Sỹ Sách, Phường Vinh Phú, Tỉnh Nghệ An, Việt Nam",None,None,laundry,18.6867869,105.6775868
None,toys,Nghệ An,"Kiddy Store, Hà Huy Tập, Phường Vinh Phú, Tỉnh Nghệ An, Việt Nam",None,None,toys,18.6904191,105.6793232
None,hairdresser,Nghệ An,"Hoàng Văn Thụ, Phường Vinh Phú, Tỉnh Nghệ An, Việt Nam",None,None,hairdresser,18.6917829,105.6776408
None,seafood,Nghệ An,"Hà Huy Tập, Phường Vinh Phú, Tỉnh Nghệ An, Việt Nam",None,None,seafood,18.6915136,105.6787422
None,supermarket,Nghệ An,"VinMart, Hà Huy Tập, Phường Vinh Phú, Tỉnh Nghệ An, Việt Nam",None,None,supermarket,18.6963096,105.6762537
None,supermarket,Nghệ An,"Hà Huy Tập, Phường Vinh Phú, Tỉnh Nghệ An, Việt Nam",None,None,supermarket,18.6939182,105.6775024
None,supermarket,Nghệ An,"G7 Mart, Hà Huy Tập, Phường Vinh Phú, Tỉnh Nghệ An, Việt Nam",None,None,supermarket,18.6925479,105.6783162
None,supermarket,Nghệ An,"Hà Huy Tập, Phường Vinh Phú, Tỉnh Nghệ An, Việt Nam",None,None,supermarket,18.6931572,105.6778666
None,supermarket,Nghệ An,"VinMart, Lê Hồng Phong, Phường Thành Vinh, Tỉnh Nghệ An, Việt Nam",None,None,supermarket,18.6760584,105.6847156
None,bakery,Nghệ An,"Artisan, Lê Hồng Phong, Phường Thành Vinh, Tỉnh Nghệ An, Việt Nam",None,None,bakery,18.6760617,105.6845436
None,mobile_phone,Nghệ An,"Hải Thượng Lãn Ông, Phường Vinh Phú, Tỉnh Nghệ An, Việt Nam",None,None,mobile_phone,18.6895766,105.6848006
Cửa hàng Xe đạp thể thao Anh Quân,bicycle,Nghệ An,"Cửa hàng Xe đạp thể thao Anh Quân, Hà Huy Tập, Phường Vinh Phú, Tỉnh Nghệ An, Việt Nam",None,None,bicycle,18.6872939,105.68078
None,bakery,Nghệ An,"Trang bakery, Quốc lộ 1, Xã An Châu, Tỉnh Nghệ An, Việt Nam",None,None,bakery,18.9236862,105.6087719
Thanh Võ Auto,car,Nghệ An,"18, Ngõ 223 Trần Hưng Đạo, vinh",None,None,car,18.675884,105.6628328
Mẹ Và Bé Dũng Nga,supermarket,Nghệ An,"Mẹ Và Bé Dũng Nga, Quốc lộ 48E, Xã Đông Lộc, Tỉnh Nghệ An, 43212, Việt Nam",None,None,supermarket,18.785055,105.6688906
Provision store,convenience,Nghệ An,"Provision store, Quốc lộ 1, Xã Diễn Châu, Tỉnh Nghệ An, Việt Nam",None,None,convenience,18.9851538,105.5993523
Provision store,convenience,Nghệ An,"Provision store, Quốc lộ 1, Xã Trung Lộc, Tỉnh Nghệ An, Việt Nam",None,None,convenience,18.8369972,105.6513473
Xanh mart,convenience,Nghệ An,"Xanh mart, Nguyễn Sỹ Sách, Phường Vinh Phú, Tỉnh Nghệ An, Việt Nam",None,None,convenience,18.6866825,105.677347
Laundry (move to to this street),laundry,Nghệ An,"Laundry (move to to this street), Nguyễn Sỹ Sách, Phường Vinh Phú, Tỉnh Nghệ An, Việt Nam",None,None,laundry,18.6866681,105.6774886
None,supermarket,Nghệ An,"Cầu Yên Xuân, Hưng Xá, Xã Thiên Nhẫn, Tỉnh Nghệ An, Việt Nam",None,None,supermarket,18.5968527,105.598408
thìn hải,department_store,Nghệ An,"thìn hải, Đường Liên Xã, Xã Quỳnh Văn, Tỉnh Nghệ An, Việt Nam",None,None,department_store,19.2223358,105.6422562
Nhà máy Ngũ cốc LoliFood,supermarket,Nghệ An,"Huyện Yên Thành, 43632",None,None,supermarket,19.1155723,105.515246
Honda VanMinh,motorcycle,Nghệ An,"Honda VanMinh, Quốc lộ 1, Xã Diễn Châu, Tỉnh Nghệ An, Việt Nam",None,None,motorcycle,18.9770349,105.600426
"PHU KIEN 88, place to buy sim card",mobile_phone,Nghệ An,Đường Quang Trung,None,None,mobile_phone,18.6659991,105.6749059
Honda Ôtô Vinh,car,Nghệ An,"V.I. Lê Nin, Vinh, 46000",None,None,car,18.6843493,105.6931699
Mixue,beverages,Nghệ An,"Mixue, Trương Văn Lĩnh, Phường Vinh Phú, Tỉnh Nghệ An, Việt Nam",None,None,beverages,18.6984419,105.6876663
Lotte Department Store,department_store,Nghệ An,"Lotte Department Store, V.I Lênin, Phường Vinh Phú, Tỉnh Nghệ An, Việt Nam",None,None,department_store,18.6939414,105.6891511
Điện Máy Nguyễn Kim,electronics,Nghệ An,"Điện Máy Nguyễn Kim, Tạ Công Luyện, Phường Trường Vinh, Tỉnh Nghệ An, Việt Nam",None,None,electronics,18.6652787,105.6737238
Mini Mart,supermarket,Nghệ An,"Mini Mart, Bùi Hiển, Phường Vinh Hưng, Tỉnh Nghệ An, Việt Nam",None,None,supermarket,18.7263267,105.6676505
Sua Xe,motorcycle_repair,Nghệ An,"Sua Xe, Đường tỉnh 558, Hưng Xá, Xã Hưng Nguyên Nam, Tỉnh Nghệ An, Việt Nam",None,None,motorcycle_repair,18.6290379,105.6157208
Sua Xe,motorcycle_repair,Nghệ An,"Sua Xe, Đường tỉnh 558, Xã Hưng Nguyên, Tỉnh Nghệ An, Việt Nam",None,None,motorcycle_repair,18.6597191,105.6308327
Yamaha town,motorcycle_repair,Nghệ An,"Yamaha town, Lê Lợi, Phường Thành Vinh, Tỉnh Nghệ An, Việt Nam",None,None,motorcycle_repair,18.6837289,105.6747892
Honda head,motorcycle_repair,Nghệ An,"Honda head, Nguyên Trãi, Phường Vinh Phú, Tỉnh Nghệ An, Việt Nam",None,None,motorcycle_repair,18.6991979,105.674959
Sua Xe,motorcycle_repair,Nghệ An,"Sua Xe, Quốc lộ 16, Bản Đô, Xã Quế Phong, Tỉnh Nghệ An, Việt Nam",None,None,motorcycle_repair,19.584208,104.8855819
Sua Xe,motorcycle_repair,Nghệ An,"Sua Xe, Đường Hồ Chí Minh, Xã Nghĩa Đồng, Tỉnh Nghệ An, Việt Nam",None,None,motorcycle_repair,19.1420466,105.3547271
Sua Xe,motorcycle_repair,Nghệ An,"Sua Xe, Quốc lộ 48D, Xã Mường Quàng, Tỉnh Nghệ An, Việt Nam",None,None,motorcycle_repair,19.5105128,104.8984797
Honda head,motorcycle_repair,Nghệ An,"Honda head, Quốc lộ 1, Xã Đức Châu, Tỉnh Nghệ An, Việt Nam",None,None,motorcycle_repair,19.006103,105.5891435
Sua Xe,motorcycle_repair,Nghệ An,"Sua Xe, Quốc lộ 48D, Châu Quang, Xã Quỳ Hợp, Tỉnh Nghệ An, 43900, Việt Nam",None,None,motorcycle_repair,19.3238183,105.1546047
Honda head,motorcycle_repair,Nghệ An,"Honda head, Nguyễn Sỹ Sách, Phường Vinh Phú, Tỉnh Nghệ An, Việt Nam",None,None,motorcycle_repair,18.6866534,105.6898225
Sua Xe,motorcycle_repair,Nghệ An,"Sua Xe, Quốc lộ 48D, Bản Piếu, Xã Mường Quàng, Tỉnh Nghệ An, Việt Nam",None,None,motorcycle_repair,19.5179906,104.8394508
Sua Xe,motorcycle_repair,Nghệ An,"Sua Xe, Quốc lộ 48D, Bản Cào, Xã Mường Quàng, Tỉnh Nghệ An, Việt Nam",None,None,motorcycle_repair,19.5033522,104.8709357
Sua Xe,motorcycle_repair,Nghệ An,"Sua Xe, Quốc lộ 48D, Xã Tân Phú, Tỉnh Nghệ An, Việt Nam",None,None,motorcycle_repair,19.1839307,105.2825355
Sua Xe,motorcycle_repair,Nghệ An,"Sua Xe, Quốc lộ 48D, Xã Minh Hợp, Tỉnh Nghệ An, Việt Nam",None,None,motorcycle_repair,19.2609585,105.2558782
Sua Xe,motorcycle_repair,Nghệ An,"Sua Xe, Đường Hồ Chí Minh, Xã Nghĩa Lộc, Tỉnh Nghệ An, Việt Nam",None,None,motorcycle_repair,19.1932274,105.4119064
Sua Xe,motorcycle_repair,Nghệ An,"Sua Xe, Quốc lộ 48D, Bản Ban, Xã Hùng Chân, Tỉnh Nghệ An, Việt Nam",None,None,motorcycle_repair,19.4518194,105.0252791
Sua Xe,motorcycle_repair,Nghệ An,"Sua Xe, Quốc lộ 16, Xã Quế Phong, Tỉnh Nghệ An, Việt Nam",None,None,motorcycle_repair,19.6064888,104.9222023
Sua Xe,motorcycle_repair,Nghệ An,"Sua Xe, Quốc lộ 48, Xã Tiền Phong, Tỉnh Nghệ An, Việt Nam",None,None,motorcycle_repair,19.7227565,104.9780632
Sua Xe,motorcycle_repair,Nghệ An,"Sua Xe, Quốc lộ 48, Xã Tiền Phong, Tỉnh Nghệ An, Việt Nam",None,None,motorcycle_repair,19.6540775,104.9605048
Sua Xe,motorcycle_repair,Nghệ An,"Sua Xe, Quốc lộ 16, Xã Quế Phong, Tỉnh Nghệ An, Việt Nam",None,None,motorcycle_repair,19.6107501,104.9236831
Sua Xe,motorcycle_repair,Nghệ An,"Sua Xe, Quốc lộ 16, Xã Quế Phong, Tỉnh Nghệ An, Việt Nam",None,None,motorcycle_repair,19.6063771,104.9221654
Yamaha town,motorcycle_repair,Nghệ An,"Yamaha town, Quốc lộ 16, Xã Quế Phong, Tỉnh Nghệ An, Việt Nam",None,None,motorcycle_repair,19.6191418,104.9298055
Honda head,motorcycle_repair,Nghệ An,"Honda head, Quốc lộ 16, Xã Quế Phong, Tỉnh Nghệ An, Việt Nam",None,None,motorcycle_repair,19.6180069,104.9287045
Sua Xe,motorcycle_repair,Nghệ An,"Sua Xe, Quốc lộ 48, Xã Thông Thụ, Tỉnh Nghệ An, Việt Nam",None,None,motorcycle_repair,19.7743372,104.9973052
Sua Xe,motorcycle_repair,Nghệ An,"Sua Xe, Quốc lộ 16, Xã Quế Phong, Tỉnh Nghệ An, Việt Nam",None,None,motorcycle_repair,19.6062595,104.922121
Sua Xe,motorcycle_repair,Nghệ An,"Sua Xe, Quốc lộ 48, Xã Tiền Phong, Tỉnh Nghệ An, Việt Nam",None,None,motorcycle_repair,19.6387972,104.9635891
Sua Xe,motorcycle_repair,Nghệ An,"Sua Xe, Đường Hồ Chí Minh, Xã Nghĩa Đàn, Tỉnh Nghệ An, Việt Nam",None,None,motorcycle_repair,19.3523475,105.4716071
Honda head,motorcycle_repair,Nghệ An,"Honda head, Quốc lộ 1, Xã Diễn Châu, Tỉnh Nghệ An, Việt Nam",None,None,motorcycle_repair,18.9770466,105.600544
None,fuel,Nghệ An,"Quốc lộ 7, Xã Diễn Châu, Tỉnh Nghệ An, Việt Nam",None,None,fuel,18.9655844,105.5699519
Sua Xe,motorcycle_repair,Nghệ An,"Sua Xe, Quốc lộ 7, Cao Sơn, Xã Vân Tụ, Tỉnh Nghệ An, Việt Nam",None,None,motorcycle_repair,18.9215199,105.4342558
Sua Xe,motorcycle_repair,Nghệ An,"Sua Xe, Quốc lộ 7, Cao Sơn, Xã Vân Tụ, Tỉnh Nghệ An, Việt Nam",None,None,motorcycle_repair,18.9199203,105.4299305
Sua Xe,motorcycle_repair,Nghệ An,"Sua Xe, Quốc lộ 7, Hòa Sơn, Xã Văn Hiến, Tỉnh Nghệ An, Việt Nam",None,None,motorcycle_repair,18.8953332,105.3570886
Yamaha town,motorcycle_repair,Nghệ An,"Yamaha town, Quốc lộ 46B, Xã Đại Đồng, Tỉnh Nghệ An, Việt Nam",None,None,motorcycle_repair,18.7798425,105.3344722
Sua Xe,motorcycle_repair,Nghệ An,"Sua Xe, Đường Hồ Chí Minh, Xã Bích Hào, Tỉnh Nghệ An, Việt Nam",None,None,motorcycle_repair,18.6202387,105.3781272
Điện Máy Nguyễn Kim,electronics,Nghệ An,"Điện Máy Nguyễn Kim, Tạ Công Luyện, Phường Trường Vinh, Tỉnh Nghệ An, Việt Nam",None,None,electronics,18.6652798,105.6737253
None,supermarket,Nghệ An,"Lotte Department Store, V.I Lênin, Phường Vinh Phú, Tỉnh Nghệ An, Việt Nam",None,None,supermarket,18.6940138,105.6890922
None,supermarket,Nghệ An,"V.I Lênin, Phường Vinh Phú, Tỉnh Nghệ An, Việt Nam",None,None,supermarket,18.6936231,105.6889408
Mini Mart,supermarket,Nghệ An,"Mini Mart, Bùi Hiển, Phường Vinh Hưng, Tỉnh Nghệ An, Việt Nam",None,None,supermarket,18.7263268,105.6676521
